
Gurobi 13.0.3 (linux64) logging started Fri Oct  2 01:56:33 2026

Set parameter LogFile to value "D2_10_gurobi.log"
Set parameter Threads to value 48
Set parameter NodefileStart to value 200
Set parameter NodefileDir to value "."
Set parameter SoftMemLimit to value 1000
Set parameter Cutoff to value 17.5
Set parameter MIPFocus to value 3
Set parameter Symmetry to value 2
Gurobi Optimizer version 13.0.3 build v13.0.3rc0 (linux64 - "Ubuntu 24.04.4 LTS")

CPU model: AMD Ryzen Threadripper PRO 9975WX 32-Cores, instruction set [SSE2|AVX|AVX2|AVX512]
Thread count: 32 physical cores, 64 logical processors, using up to 48 threads

Non-default parameters:
Cutoff  17.5
SoftMemLimit  1000
MIPFocus  3
NodefileStart  200
Symmetry  2
Threads  48

Optimize a model with 109 rows, 325 columns and 883 nonzeros (Min)
Model fingerprint: 0x8b3b8610
Model has 216 linear objective coefficients
Variable types: 0 continuous, 325 integer (216 binary)
Coefficient statistics:
  Matrix range     [1e+00, 2e+00]
  Objective range  [1e+00, 1e+00]
  Bounds range     [1e+00, 9e+00]
  RHS range        [1e+00, 1e+00]

Presolve time: 0.00s
Presolved: 109 rows, 325 columns, 883 nonzeros
Variable types: 0 continuous, 325 integer (216 binary)
Root relaxation presolve removed 109 rows and 325 columns
Root relaxation presolve: All rows and columns removed

Root relaxation: objective 1.000000e+00, 0 iterations, 0.00 seconds (0.00 work units)

    Nodes    |    Current Node    |     Objective Bounds      |     Work
 Expl Unexpl |  Obj  Depth IntInf | Incumbent    BestBd   Gap | It/Node Time

     0     0    2.00000    0    8          -    2.00000      -     -    0s
     0     0    2.00000    0    8          -    2.00000      -     -    0s
     0     0    3.00000    0    6          -    3.00000      -     -    0s
     0     0    3.00000    0    6          -    3.00000      -     -    0s
     0     0    4.00000    0    6          -    4.00000      -     -    0s
     0     0    4.00000    0    6          -    4.00000      -     -    0s
     0     2    4.00000    0    6          -    4.00000      -     -    0s
 12205  9474   14.34208   32  133          -   11.91282      -  54.2    5s
 43745 29954   13.02479   20  103          -   12.50962      -  38.8   10s
 89862 55908   15.82892   24  147          -   12.86598      -  34.7   15s
 148303 85276   13.38729   26   94          -   13.16418      -  33.0   20s
 201051 107314 infeasible   43               -   13.36826      -  32.3   25s
 259217 131689   13.60983   23  138          -   13.54299      -  32.0   30s
 318090 154248   16.56795   33  146          -   13.69281      -  31.8   35s
 375108 175514   15.10626   24   98          -   13.81866      -  31.8   40s
 425812 193399   15.54239   30  118          -   13.92857      -  31.8   45s
 469084 206484   14.00000   36   38          -   14.00000      -  31.7   50s
 469542 206893   15.06977   23   92          -   14.00000      -  31.8   55s
 469986 207313   14.77589   30  119          -   14.01802      -  31.9   60s
 470283 207591   15.21464   35  122          -   14.02817      -  32.0   65s
 470535 207818   15.16484   27   82          -   14.03717      -  32.0   70s
 470828 208108   14.99612   40  128          -   14.04413      -  32.0   75s
 491066 216191   15.22133   41  130          -   14.06494      -  32.0   80s
 542005 232748   16.00858   30  114          -   14.16347      -  32.0   85s
 595919 249880 infeasible   42               -   14.23745      -  32.0   90s
 647477 263605 infeasible   43               -   14.30599      -  32.1   95s
 707844 281140   16.05923   35   77          -   14.37574      -  32.0  100s
 763644 295712   15.76904   34  110          -   14.44360      -  32.1  105s
 816709 308620   14.81765   29   80          -   14.50000      -  32.1  110s
 869942 322511   14.93205   45  120          -   14.54902      -  32.1  115s
 917132 333883   15.78409   43   79          -   14.60000      -  32.2  120s
 968459 346188   16.13043   36   91          -   14.65052      -  32.2  125s
 1022196 356941   15.04082   42   54          -   14.69388      -  32.3  130s
 1079834 369467   15.85155   29  107          -   14.75000      -  32.4  135s
 1126632 378423   15.09193   35  142          -   14.79104      -  32.4  140s
 1183920 389840   15.08220   44  112          -   14.84089      -  32.5  145s
 1236567 399624   16.31579   26   51          -   14.88889      -  32.6  150s
 1287382 408495   15.70455   51   73          -   14.93450      -  32.6  155s
 1337352 417767   15.62646   48  109          -   14.98859      -  32.8  160s
 1388295 423258   16.00000   30   24          -   15.00000      -  32.7  165s
 1440261 432060   16.17647   61   77          -   15.00000      -  32.6  170s
 1496749 441522     cutoff   39               -   15.05263      -  32.7  175s
 1541953 448425   16.02985   32   67          -   15.09091      -  32.8  180s
 1577551 452878 infeasible   41               -   15.12082      -  32.9  185s
 1607403 457377   15.80589   42   97          -   15.13861      -  32.9  190s
 1653161 462827     cutoff   45               -   15.17093      -  33.0  195s
 1704568 468925   15.54362   65  114          -   15.20779      -  33.1  200s
 1754338 474175 infeasible   39               -   15.24855      -  33.2  205s
 1805176 479140   15.62195   53   71          -   15.27484      -  33.2  210s
 1851000 483552   15.55759   47  112          -   15.30769      -  33.3  215s
 1897483 486162   15.54902   30   89          -   15.33333      -  33.3  220s
 1941496 490086   16.27399   37  112          -   15.35714      -  33.4  225s
 1986693 493203     cutoff   49               -   15.38889      -  33.5  230s
 2031568 495774   15.41667   37   68          -   15.41667      -  33.5  235s
 2075653 498428   16.35129   43  129          -   15.44600      -  33.6  240s
 2119414 500597   16.72727   36   77          -   15.47934      -  33.7  245s
 2164459 499642 infeasible   39               -   15.50000      -  33.8  250s
 2214558 500867   15.85389   35   93          -   15.50000      -  33.7  255s
 2253728 502489 infeasible   40               -   15.53333      -  33.8  260s
 2298144 503532   15.66379   27  108          -   15.56522      -  33.9  265s
 2337246 503673   16.15358   50  113          -   15.59149      -  34.0  270s
 2376387 503036 infeasible   39               -   15.61364      -  34.1  275s
 2416371 502621   16.92000   35   84          -   15.64050      -  34.1  280s
 2457664 500111   16.92647   47   66          -   15.66667      -  34.2  285s
 2497302 499386 infeasible   39               -   15.67895      -  34.2  290s
 2541921 497296   15.93130   49  108          -   15.71324      -  34.3  295s
 2580897 495613 infeasible   39               -   15.74074      -  34.4  300s
 2622027 492696   16.42105   44   79          -   15.75510      -  34.5  305s
 2660572 490204     cutoff   35               -   15.78571      -  34.6  310s
 2700388 486829     cutoff   31               -   15.80952      -  34.6  315s
 2736443 483658   16.38835   49   85          -   15.83333      -  34.7  320s
 2774870 479983     cutoff   53               -   15.85865      -  34.8  325s
 2814279 475541   16.04775   49  108          -   15.88889      -  34.9  330s
 2853054 470434     cutoff   36               -   15.92000      -  35.0  335s
 2892043 464820     cutoff   46               -   15.95455      -  35.1  340s
 2925287 458653 infeasible   39               -   15.99543      -  35.2  345s
 2971300 446755   16.41451   28   81          -   16.00000      -  35.2  350s
 3021568 437360   16.09524   36   70          -   16.00000      -  35.2  355s
 3061074 431548   16.74656   47   95          -   16.00000      -  35.2  360s
 3104602 426503     cutoff   39               -   16.00000      -  35.2  365s
 3139872 421061 infeasible   38               -   16.02691      -  35.3  370s
 3179231 412760   16.50000   32   31          -   16.06768      -  35.4  375s
 3213661 404688     cutoff   61               -   16.10000      -  35.5  380s
 3248442 395680     cutoff   41               -   16.12500      -  35.5  385s
 3282002 385853     cutoff   63               -   16.15436      -  35.6  390s
 3320737 373379 infeasible   50               -   16.18569      -  35.7  395s
 3355232 361481     cutoff   37               -   16.21229      -  35.8  400s
 3388308 348032   16.55114   34   85          -   16.25000      -  35.9  405s
 3427992 333207   16.38235   39   83          -   16.26914      -  35.9  410s
 3461609 318836     cutoff   44               -   16.30201      -  36.0  415s
 3492154 302597     cutoff   39               -   16.33333      -  36.1  420s
 3529605 285781 infeasible   37               -   16.35294      -  36.1  425s
 3562937 267710     cutoff   39               -   16.39326      -  36.2  430s
 3597690 248771 infeasible   31               -   16.42857      -  36.3  435s
 3625877 231798     cutoff   28               -   16.46936      -  36.4  440s
 3666131 204319     cutoff   39               -   16.50000      -  36.4  445s
 3703549 182853 infeasible   52               -   16.50000      -  36.4  450s
 3734264 161376     cutoff   60               -   16.55645      -  36.5  455s
 3768527 134331     cutoff   40               -   16.61856      -  36.5  460s
 3806902 103170     cutoff   36               -   16.67857      -  36.5  465s
 3841070 72459     cutoff   45               -   16.76946      -  36.5  470s
 3889510 21265 infeasible   50               -   17.00000      -  36.4  475s

Cutting planes:
  Gomory: 37
  Implied bound: 171
  MIR: 306
  Zero half: 477
  Relax-and-lift: 7

Explored 3917007 nodes (141964767 simplex iterations) in 476.68 seconds (475.97 work units)
Thread count was 48 (of 64 available processors)

Solution count 0

Model objective exceeds cutoff
Best objective -, best bound 1.750000000185e+01, gap -

Gurobi 13.0.3 (linux64) logging started Fri Oct  2 02:04:30 2026

Set parameter LogFile to value "D2_10_gurobi.log"
Set parameter Threads to value 48
Set parameter NodefileStart to value 200
Set parameter NodefileDir to value "."
Set parameter SoftMemLimit to value 1000
Set parameter Cutoff to value 17.5
Set parameter MIPFocus to value 3
Set parameter Symmetry to value 2
Gurobi Optimizer version 13.0.3 build v13.0.3rc0 (linux64 - "Ubuntu 24.04.4 LTS")

CPU model: AMD Ryzen Threadripper PRO 9975WX 32-Cores, instruction set [SSE2|AVX|AVX2|AVX512]
Thread count: 32 physical cores, 64 logical processors, using up to 48 threads

Non-default parameters:
Cutoff  17.5
SoftMemLimit  1000
MIPFocus  3
NodefileStart  200
Symmetry  2
Threads  48

Optimize a model with 109 rows, 325 columns and 883 nonzeros (Min)
Model fingerprint: 0xb56e4bd3
Model has 216 linear objective coefficients
Variable types: 0 continuous, 325 integer (216 binary)
Coefficient statistics:
  Matrix range     [1e+00, 2e+00]
  Objective range  [1e+00, 1e+00]
  Bounds range     [1e+00, 9e+00]
  RHS range        [1e+00, 1e+00]

Presolve time: 0.00s
Presolved: 109 rows, 325 columns, 883 nonzeros
Variable types: 0 continuous, 325 integer (216 binary)
Root relaxation presolve removed 109 rows and 325 columns
Root relaxation presolve: All rows and columns removed

Root relaxation: objective 1.000000e+00, 0 iterations, 0.00 seconds (0.00 work units)

    Nodes    |    Current Node    |     Objective Bounds      |     Work
 Expl Unexpl |  Obj  Depth IntInf | Incumbent    BestBd   Gap | It/Node Time

     0     0    2.00000    0    7          -    2.00000      -     -    0s
     0     0    2.00000    0    7          -    2.00000      -     -    0s
     0     0    3.00000    0    8          -    3.00000      -     -    0s
     0     0    3.00000    0    8          -    3.00000      -     -    0s
     0     2    3.00000    0    8          -    3.00000      -     -    0s
  7915  7050   14.08795   31  144          -   11.76438      -  83.1    5s
 22473 15539   12.61458   33  135          -   12.29676      -  63.6   10s
 48701 31260   12.71600   29  127          -   12.63144      -  52.3   15s
 99127 56654   14.83702   38  115          -   12.99503      -  46.2   20s
 152415 80020   13.86960   26  123          -   13.24131      -  43.9   25s
 207422 101620   14.63213   28  119          -   13.44463      -  42.9   30s
 265945 123619   15.63154   28  139          -   13.62304      -  42.4   35s
 322448 142639   14.28428   34  139          -   13.77390      -  42.3   40s
 375326 160014   15.00300   36  129          -   13.89744      -  42.2   45s
 425637 175559   15.36897   30  106          -   14.00000      -  42.5   50s
 477258 191942   15.10000   39   42          -   14.10000      -  42.5   55s
 528453 206725   14.26580   28  116          -   14.19432      -  42.6   60s
 579734 220953   14.41566   26  114          -   14.27273      -  42.7   65s
 634907 234381   16.66469   31  102          -   14.35000      -  42.8   70s
 683719 246430   16.05464   31   84          -   14.42000      -  42.9   75s
 733800 257703   16.00000   37    6          -   14.48901      -  43.0   80s
 777063 266862   16.80972   36  114          -   14.52635      -  43.2   85s
 819891 276615   16.30975   36  116          -   14.58333      -  43.3   90s
 865500 285996   14.87057   35  128          -   14.63663      -  43.4   95s
 914828 295307   16.17914   33  103          -   14.68866      -  43.6  100s
 965202 305238     cutoff   45               -   14.74767      -  43.8  105s
 1014745 314010   15.39260   37  131          -   14.79762      -  44.0  110s
 1058996 322013   16.27070   31  112          -   14.83923      -  44.1  115s
 1108914 330589   16.63518   51  117          -   14.89286      -  44.3  120s
 1154203 337623   16.87556   36  115          -   14.94286      -  44.5  125s
 1197776 343914   16.18827   38  147          -   15.00000      -  44.6  130s
 1236923 347223   15.91637   35  100          -   15.00000      -  44.9  135s
 1281550 354255   15.19853   37  125          -   15.01613      -  45.0  140s
 1326609 360378   16.78616   31  140          -   15.06881      -  45.2  145s
 1371685 366093   15.36667   31   83          -   15.11294      -  45.3  150s
 1420725 371909   15.70690   41   80          -   15.15909      -  45.5  155s
 1460217 375971 infeasible   33               -   15.19355      -  45.6  160s
 1504983 379950   16.21675   42  119          -   15.23044      -  45.7  165s
 1549835 383417   15.74128   43  105          -   15.26190      -  45.9  170s
 1593362 387115 infeasible   27               -   15.30000      -  46.1  175s
 1631820 388745 infeasible   41               -   15.33333      -  46.2  180s
 1670432 391296 infeasible   36               -   15.35404      -  46.4  185s
 1704775 393066   16.32000   29   73          -   15.38462      -  46.5  190s
 1705274 393247   16.04082   32  110          -   15.38776      -  46.5  195s
 1705944 393452     cutoff   37               -   15.39245      -  46.6  200s
 1721204 394233   16.48234   31  134          -   15.40000      -  46.6  205s
 1763367 396026     cutoff   36               -   15.43750      -  46.8  210s
 1802338 397452   16.28213   34   95          -   15.47154      -  47.0  215s
 1841590 395949   15.65957   39   69          -   15.50000      -  47.2  220s
 1882774 395757   16.52597   32  126          -   15.50000      -  47.3  225s
 1920603 396725   16.40729   32  141          -   15.53846      -  47.5  230s
 1952370 397056   16.08762   34  137          -   15.56701      -  47.6  235s
 1952458 394608   15.84405   36  118          -   15.56818      -  47.6  245s
 2007800 391403   16.36953   34  133          -   15.60000      -  47.9  250s
 2044971 390770   16.66410   38  101          -   15.62630      -  48.0  255s
 2084060 389201 infeasible   30               -   15.66471      -  48.2  260s
 2118949 387131   16.27381   32  100          -   15.67568      -  48.4  265s
 2153811 385746   16.63158   42   92          -   15.70714      -  48.5  270s
 2193344 383915     cutoff   30               -   15.73913      -  48.7  275s
 2228680 380986   16.58065   31   72          -   15.75965      -  48.8  280s
 2267372 377836   16.24328   39  143          -   15.79577      -  49.0  285s
 2302133 374882     cutoff   36               -   15.82147      -  49.1  290s
 2336342 370985 infeasible   37               -   15.85000      -  49.3  295s
 2370776 366645     cutoff   54               -   15.88172      -  49.5  300s
 2405027 361943 infeasible   38               -   15.91578      -  49.6  305s
 2435041 357739 infeasible   41               -   15.94643      -  49.8  310s
 2468712 352005   16.28546   33  127          -   15.99089      -  50.0  315s
 2498811 340444     cutoff   37               -   16.00000      -  50.2  320s
 2535758 331805   16.39437   34   64          -   16.00000      -  50.4  325s
 2566035 326758     cutoff   41               -   16.00000      -  50.6  330s
 2599945 321961 infeasible   33               -   16.01515      -  50.7  335s
 2629580 316421 infeasible   38               -   16.05556      -  50.9  340s
 2663332 308301   16.31159   39   93          -   16.09639      -  51.0  345s
 2697942 299264     cutoff   37               -   16.13433      -  51.2  350s
 2727500 290094 infeasible   34               -   16.16667      -  51.4  355s
 2756891 280226   16.52174   37   95          -   16.20000      -  51.5  360s
 2790700 268828   16.83871   39   61          -   16.23810      -  51.7  365s
 2819952 256107 infeasible   32               -   16.26437      -  51.9  370s
 2849235 243824     cutoff   40               -   16.30263      -  52.0  375s
 2879856 227682     cutoff   42               -   16.33333      -  52.2  380s
 2907704 214228     cutoff   32               -   16.36986      -  52.3  385s
 2936907 198294     cutoff   39               -   16.41071      -  52.5  390s
 2961223 184112     cutoff   41               -   16.45044      -  52.6  395s
 2996253 158544 infeasible   44               -   16.50000      -  52.8  400s
 3022478 143193     cutoff   38               -   16.50000      -  52.9  405s
 3049844 123314     cutoff   48               -   16.57143      -  53.0  410s
 3080211 99209     cutoff   32               -   16.64706      -  53.1  415s
 3115843 67543     cutoff   34               -   16.74468      -  53.2  420s
 3153418 31250     cutoff   40               -   16.94444      -  53.1  425s

Cutting planes:
  Gomory: 48
  Implied bound: 191
  MIR: 384
  Zero half: 539
  Relax-and-lift: 3

Explored 3192961 nodes (168442423 simplex iterations) in 428.61 seconds (431.54 work units)
Thread count was 48 (of 64 available processors)

Solution count 0

Model objective exceeds cutoff
Best objective -, best bound 1.750000000185e+01, gap -

Gurobi 13.0.3 (linux64) logging started Fri Oct  2 02:11:39 2026

Set parameter LogFile to value "D2_10_gurobi.log"
Set parameter Threads to value 48
Set parameter NodefileStart to value 200
Set parameter NodefileDir to value "."
Set parameter SoftMemLimit to value 1000
Set parameter Cutoff to value 17.5
Set parameter MIPFocus to value 3
Set parameter Symmetry to value 2
Gurobi Optimizer version 13.0.3 build v13.0.3rc0 (linux64 - "Ubuntu 24.04.4 LTS")

CPU model: AMD Ryzen Threadripper PRO 9975WX 32-Cores, instruction set [SSE2|AVX|AVX2|AVX512]
Thread count: 32 physical cores, 64 logical processors, using up to 48 threads

Non-default parameters:
Cutoff  17.5
SoftMemLimit  1000
MIPFocus  3
NodefileStart  200
Symmetry  2
Threads  48

Optimize a model with 109 rows, 325 columns and 883 nonzeros (Min)
Model fingerprint: 0x940fdb3b
Model has 216 linear objective coefficients
Variable types: 0 continuous, 325 integer (216 binary)
Coefficient statistics:
  Matrix range     [1e+00, 2e+00]
  Objective range  [1e+00, 1e+00]
  Bounds range     [1e+00, 9e+00]
  RHS range        [1e+00, 1e+00]

Presolve time: 0.00s
Presolved: 109 rows, 325 columns, 883 nonzeros
Variable types: 0 continuous, 325 integer (216 binary)
Root relaxation presolve removed 109 rows and 325 columns
Root relaxation presolve: All rows and columns removed

Root relaxation: objective 1.000000e+00, 0 iterations, 0.00 seconds (0.00 work units)

    Nodes    |    Current Node    |     Objective Bounds      |     Work
 Expl Unexpl |  Obj  Depth IntInf | Incumbent    BestBd   Gap | It/Node Time

     0     0    1.50000    0    9          -    1.50000      -     -    0s
     0     0    3.00000    0    8          -    3.00000      -     -    0s
     0     0    3.00000    0    8          -    3.00000      -     -    0s
     0     0    4.00000    0    8          -    4.00000      -     -    0s
     0     0    5.00000    0    8          -    5.00000      -     -    0s
     0     2    5.00000    0    8          -    5.00000      -     -    0s
 18605 13531   14.59845   35  133          -   11.87500      -  42.4    5s
 52488 33234   12.98698   31  168          -   12.60424      -  39.7   10s
 93185 52681   15.26755   22  160          -   13.05010      -  38.8   15s
 134813 69892   15.01821   28  136          -   13.38095      -  38.5   20s
 180836 87200     cutoff   32               -   13.64684      -  38.4   25s
 191603 89609   14.86042   26  132          -   13.72856      -  38.7   30s
 191910 89876   16.28713   32   84          -   13.75000      -  38.9   35s
 192411 90664   14.76238   24  137          -   13.76923      -  39.1   41s
 197934 94091   15.05457   36  155          -   13.78571      -  39.1   45s
 228437 105088 infeasible   34               -   13.88462      -  39.0   50s
 268544 116890   14.44895   29  122          -   14.05300      -  39.2   55s
 315624 129800   15.83871   27  132          -   14.20776      -  39.3   60s
 360689 141209   16.01599   24  105          -   14.33333      -  39.5   65s
 403157 152469   15.35449   27  110          -   14.44643      -  39.7   70s
 445524 162018   15.48435   29  135          -   14.54031      -  39.9   75s
 486378 171496   16.63065   30  101          -   14.62941      -  40.2   80s
 523219 179037   15.96473   31  155          -   14.70564      -  40.4   85s
 560799 186663   16.24667   26   94          -   14.78296      -  40.6   90s
 605735 195362     cutoff   30               -   14.86667      -  40.9   95s
 642061 202022   16.00660   34  132          -   14.93375      -  41.1  100s
 677565 206573     cutoff   48               -   15.00000      -  41.3  105s
 718900 212450   15.37595   34  136          -   15.04069      -  41.5  110s
 759251 218072   16.71068   31  114          -   15.11053      -  41.7  115s
 794374 222483 infeasible   35               -   15.16667      -  41.9  120s
 834755 227008   16.42500   32   93          -   15.22727      -  42.1  125s
 875115 230726   16.60562   31  108          -   15.28643      -  42.3  130s
 910259 233160   16.25511   34  115          -   15.33333      -  42.6  135s
 944601 235559   16.03571   37   97          -   15.38697      -  42.8  140s
 979634 237002   15.98276   28  129          -   15.43575      -  43.0  145s
 1013715 238129 infeasible   36               -   15.48980      -  43.3  150s
 1043473 237402   16.46306   34  128          -   15.51429      -  43.4  155s
 1078835 238002   16.18845   32  138          -   15.56863      -  43.7  160s
 1108834 237672   16.92624   35  140          -   15.61086      -  43.9  165s
 1137324 237079     cutoff   39               -   15.65217      -  44.1  170s
 1172541 235230 infeasible   35               -   15.69640      -  44.4  175s
 1202173 233908     cutoff   31               -   15.73913      -  44.6  180s
 1236408 231013   16.66667   40   35          -   15.78571      -  44.9  185s
 1265838 227703   16.32872   31  132          -   15.83000      -  45.1  190s
 1295613 224526     cutoff   38               -   15.87273      -  45.3  195s
 1325245 220346     cutoff   39               -   15.91843      -  45.6  200s
 1349493 216423     cutoff   34               -   15.96171      -  45.8  205s
 1374265 208281     cutoff   33               -   16.00000      -  46.0  210s
 1405567 202076     cutoff   27               -   16.00000      -  46.2  215s
 1433303 196243     cutoff   32               -   16.05632      -  46.4  220s
 1457816 190135   16.80000   34   80          -   16.10131      -  46.6  225s
 1481938 182938 infeasible   32               -   16.14567      -  46.9  230s
 1505747 175460 infeasible   27               -   16.18785      -  47.1  235s
 1534851 163780     cutoff   34               -   16.24444      -  47.3  240s
 1558758 154013 infeasible   33               -   16.28571      -  47.5  245s
 1582346 141652 infeasible   38               -   16.33333      -  47.7  250s
 1605486 129733     cutoff   30               -   16.38402      -  47.9  255s
 1629070 115625 infeasible   36               -   16.43902      -  48.1  260s
 1649043 100797 infeasible   39               -   16.50000      -  48.3  265s
 1672912 84897     cutoff   39               -   16.53704      -  48.4  270s
 1697178 65413     cutoff   41               -   16.62500      -  48.5  275s
 1722207 41839     cutoff   32               -   16.72932      -  48.6  280s
 1756546  6949 infeasible   44               -   17.00000      -  48.4  285s

Cutting planes:
  Gomory: 50
  Implied bound: 168
  MIR: 503
  Inf proof: 13
  Zero half: 591
  Relax-and-lift: 14

Explored 1769705 nodes (85282339 simplex iterations) in 286.06 seconds (329.76 work units)
Thread count was 48 (of 64 available processors)

Solution count 0

Model objective exceeds cutoff
Best objective -, best bound 1.750000000185e+01, gap -

Gurobi 13.0.3 (linux64) logging started Fri Oct  2 02:16:25 2026

Set parameter LogFile to value "D2_10_gurobi.log"
Set parameter Threads to value 48
Set parameter NodefileStart to value 200
Set parameter NodefileDir to value "."
Set parameter SoftMemLimit to value 1000
Set parameter Cutoff to value 17.5
Set parameter MIPFocus to value 3
Set parameter Symmetry to value 2
Gurobi Optimizer version 13.0.3 build v13.0.3rc0 (linux64 - "Ubuntu 24.04.4 LTS")

CPU model: AMD Ryzen Threadripper PRO 9975WX 32-Cores, instruction set [SSE2|AVX|AVX2|AVX512]
Thread count: 32 physical cores, 64 logical processors, using up to 48 threads

Non-default parameters:
Cutoff  17.5
SoftMemLimit  1000
MIPFocus  3
NodefileStart  200
Symmetry  2
Threads  48

Optimize a model with 109 rows, 325 columns and 883 nonzeros (Min)
Model fingerprint: 0x890c485a
Model has 216 linear objective coefficients
Variable types: 0 continuous, 325 integer (216 binary)
Coefficient statistics:
  Matrix range     [1e+00, 2e+00]
  Objective range  [1e+00, 1e+00]
  Bounds range     [1e+00, 9e+00]
  RHS range        [1e+00, 1e+00]

Presolve time: 0.00s
Presolved: 109 rows, 325 columns, 883 nonzeros
Variable types: 0 continuous, 325 integer (216 binary)
Root relaxation presolve removed 109 rows and 325 columns
Root relaxation presolve: All rows and columns removed

Root relaxation: objective 1.000000e+00, 0 iterations, 0.00 seconds (0.00 work units)

    Nodes    |    Current Node    |     Objective Bounds      |     Work
 Expl Unexpl |  Obj  Depth IntInf | Incumbent    BestBd   Gap | It/Node Time

     0     0    1.50000    0    9          -    1.50000      -     -    0s
     0     0    3.00000    0    6          -    3.00000      -     -    0s
     0     0    3.00000    0    8          -    3.00000      -     -    0s
     0     0    4.00000    0    8          -    4.00000      -     -    0s
     0     0    4.00000    0    8          -    4.00000      -     -    0s
     0     0    5.00000    0    8          -    5.00000      -     -    0s
     0     2    5.00000    0    8          -    5.00000      -     -    0s
  6901  6235   13.35051   34  152          -   11.84583      -  72.8    5s
 36315 25317   13.80037   33  173          -   12.67022      -  52.2   10s
 79713 47207   13.70165   35  139          -   13.10136      -  47.1   15s
 131096 70842   15.14299   31  149          -   13.41152      -  45.0   20s
 179851 90215   14.14147   53  110          -   13.64000      -  44.3   25s
 235591 109826   14.63828   34  111          -   13.83333      -  43.8   30s
 246663 112178     cutoff   36               -   13.90000      -  44.0   35s
 254745 119010   16.14470   46  123          -   13.92466      -  44.2   40s
 313982 134881   15.25126   29   75          -   14.08767      -  43.9   45s
 362524 149603   16.21264   40   90          -   14.21429      -  43.9   50s
 412323 163170   15.14701   25  136          -   14.32353      -  43.9   55s
 429724 166591   15.12204   38  107          -   14.36242      -  44.0   60s
 430122 166921 infeasible   43               -   14.37500      -  44.2   65s
 430438 167183   15.64634   40   86          -   14.38384      -  44.3   70s
 430597 167313   15.26316   32   86          -   14.38824      -  44.3   75s
 432423 168590   15.55172   30   70          -   14.39683      -  44.4   80s
 449862 175025     cutoff   34               -   14.40000      -  44.4   85s
 486908 182385   15.83333   45   62          -   14.50000      -  44.4   90s
 543702 195524   15.00000   46   12          -   14.59006      -  44.4   95s
 591344 205875   15.00000   36   53          -   14.66667      -  44.6  100s
 638303 216403   16.89461   40  110          -   14.73770      -  44.7  105s
 686615 226290   16.37966   32  139          -   14.80485      -  44.8  110s
 731620 233859   14.89474   32  111          -   14.87073      -  44.9  115s
 778296 241840   17.22561   31  108          -   14.94118      -  45.1  120s
 819144 246937   15.31831   40   96          -   15.00000      -  45.3  125s
 861532 253020     cutoff   33               -   15.00000      -  45.4  130s
 907853 260400   16.05301   34  112          -   15.07928      -  45.6  135s
 950872 265841   15.20000   27   35          -   15.13514      -  45.7  140s
 992400 270565   15.53447   40  109          -   15.18519      -  45.7  145s
 1038267 275528   15.31543   42   92          -   15.23871      -  45.9  150s
 1079992 279008   16.20000   26   58          -   15.28125      -  46.0  155s
 1120240 281659   16.16061   46   91          -   15.33333      -  46.2  160s
 1161154 284448 infeasible   39               -   15.36585      -  46.4  165s
 1203442 287318     cutoff   33               -   15.41026      -  46.5  170s
 1242962 288957   16.57675   28  113          -   15.45624      -  46.7  175s
 1282910 288251   15.89030   45  109          -   15.50000      -  46.9  180s
 1323237 289380   16.07229   32  117          -   15.51691      -  47.0  185s
 1363136 290156 infeasible   44               -   15.56522      -  47.2  190s
 1398738 290273     cutoff   31               -   15.60000      -  47.4  195s
 1442753 289566   15.84710   31  107          -   15.65480      -  47.6  200s
 1482703 287094   16.34330   34   72          -   15.68718      -  47.8  205s
 1521793 285496   15.88462   33   81          -   15.73333      -  47.9  210s
 1556477 283001   16.22414   34  112          -   15.76404      -  48.1  215s
 1591443 280541     cutoff   34               -   15.80000      -  48.3  220s
 1630208 276716 infeasible   35               -   15.85000      -  48.5  225s
 1664856 272798     cutoff   46               -   15.89231      -  48.7  230s
 1703885 267353     cutoff   34               -   15.95082      -  48.9  235s
 1733093 260714 infeasible   37               -   16.00000      -  49.1  240s
 1770120 251760 infeasible   33               -   16.00000      -  49.3  245s
 1805885 246533 infeasible   35               -   16.00000      -  49.5  250s
 1843303 241381     cutoff   39               -   16.03025      -  49.7  255s
 1877940 234197   16.27581   33  106          -   16.08861      -  49.9  260s
 1912303 225464     cutoff   47               -   16.14130      -  50.1  265s
 1946340 215160     cutoff   41               -   16.18828      -  50.2  270s
 1980221 203012     cutoff   44               -   16.24038      -  50.4  275s
 2014800 189816   16.50000   28   46          -   16.28571      -  50.6  280s
 2050104 172796     cutoff   55               -   16.33333      -  50.8  285s
 2078061 159540     cutoff   34               -   16.38095      -  50.9  290s
 2112164 140628 infeasible   30               -   16.45000      -  51.1  295s
 2142828 119597     cutoff   42               -   16.50000      -  51.3  300s
 2175430 99303     cutoff   31               -   16.54545      -  51.4  305s
 2205151 76446     cutoff   36               -   16.63701      -  51.5  310s
 2241145 45423     cutoff   51               -   16.75758      -  51.5  315s

Cutting planes:
  Gomory: 43
  Cover: 1
  Implied bound: 206
  MIR: 336
  Zero half: 519
  Relax-and-lift: 3

Explored 2293861 nodes (117161293 simplex iterations) in 319.95 seconds (325.63 work units)
Thread count was 48 (of 64 available processors)

Solution count 0

Model objective exceeds cutoff
Best objective -, best bound 1.750000000185e+01, gap -

Gurobi 13.0.3 (linux64) logging started Fri Oct  2 02:21:45 2026

Set parameter LogFile to value "D2_10_gurobi.log"
Set parameter Threads to value 48
Set parameter NodefileStart to value 200
Set parameter NodefileDir to value "."
Set parameter SoftMemLimit to value 1000
Set parameter Cutoff to value 17.5
Set parameter MIPFocus to value 3
Set parameter Symmetry to value 2
Gurobi Optimizer version 13.0.3 build v13.0.3rc0 (linux64 - "Ubuntu 24.04.4 LTS")

CPU model: AMD Ryzen Threadripper PRO 9975WX 32-Cores, instruction set [SSE2|AVX|AVX2|AVX512]
Thread count: 32 physical cores, 64 logical processors, using up to 48 threads

Non-default parameters:
Cutoff  17.5
SoftMemLimit  1000
MIPFocus  3
NodefileStart  200
Symmetry  2
Threads  48

Optimize a model with 109 rows, 325 columns and 911 nonzeros (Min)
Model fingerprint: 0x9ae49dc9
Model has 216 linear objective coefficients
Variable types: 0 continuous, 325 integer (216 binary)
Coefficient statistics:
  Matrix range     [1e+00, 2e+00]
  Objective range  [1e+00, 1e+00]
  Bounds range     [1e+00, 2e+01]
  RHS range        [1e+00, 1e+00]

Presolve time: 0.00s
Presolved: 109 rows, 325 columns, 911 nonzeros
Variable types: 0 continuous, 325 integer (216 binary)
Root relaxation presolve removed 109 rows and 325 columns
Root relaxation presolve: All rows and columns removed

Root relaxation: objective 1.000000e+00, 0 iterations, 0.00 seconds (0.00 work units)

    Nodes    |    Current Node    |     Objective Bounds      |     Work
 Expl Unexpl |  Obj  Depth IntInf | Incumbent    BestBd   Gap | It/Node Time

     0     0    1.00000    0    4          -    1.00000      -     -    0s
     0     0    1.00000    0    4          -    1.00000      -     -    0s
     0     0    1.00000    0    3          -    1.00000      -     -    0s
     0     0    2.00000    0    4          -    2.00000      -     -    0s
     0     0    2.00000    0    4          -    2.00000      -     -    0s
     0     2    2.00000    0    4          -    2.00000      -     -    0s
  6425  5844    8.56626   46  139          -    7.60305      -  73.1    5s
 38606 27297    9.43805   46  109          -    8.77230      -  48.5   10s
 87703 60123    9.60258   62  133          -    9.28407      -  41.5   15s
 147817 97975    9.75396   37  134          -    9.62500      -  38.3   20s
 155781 98356   11.31667   46   88          -    9.71670      -  38.3   25s
 166372 108473   12.04404   30  110          -    9.77843      -  38.4   30s
 206230 126947   11.29389   47   91          -    9.99565      -  37.4   35s
 228035 144654   10.50813   55   85          -   10.02518      -  37.3   40s
 292506 177151   10.88610   41  126          -   10.26699      -  36.2   45s
 345293 207418   11.09920   36  141          -   10.41706      -  35.7   50s
 412195 240197   11.70000   41   75          -   10.57143      -  35.3   55s
 479318 273936   12.90636   43  118          -   10.70990      -  35.0   60s
 539901 306621   13.36954   46  123          -   10.82353      -  34.8   65s
 610676 341767   12.41935   45   88          -   10.94759      -  34.7   70s
 678355 374443   12.00962   25  110          -   11.00963      -  34.7   75s
 748956 408560   12.84886   33  109          -   11.12181      -  34.5   80s
 819357 441868   12.03530   31  110          -   11.20849      -  34.4   85s
 880369 471194   12.00113   35   90          -   11.27500      -  34.4   90s
 940594 499371   14.72727   51   47          -   11.33333      -  34.4   95s
 1001577 527910   11.58707   35  106          -   11.39884      -  34.4  100s
 1062572 556073   12.24224   54  122          -   11.45714      -  34.4  105s
 1132845 585998   12.65000   43   88          -   11.50000      -  34.5  110s
 1199003 615512   12.00000   23    7          -   11.56522      -  34.5  115s
 1258947 642877   12.61538   43   81          -   11.61111      -  34.5  120s
 1332376 674278   13.61465   43  130          -   11.66667      -  34.5  125s
 1390798 699347   13.70476   49   78          -   11.70588      -  34.6  130s
 1460111 727819   13.90576   36  103          -   11.75000      -  34.6  135s
 1521392 755146   12.91408   51  105          -   11.80000      -  34.6  140s
 1591695 785315   14.25085   48  118          -   11.84615      -  34.7  145s
 1655575 811731   12.46511   44   99          -   11.88759      -  34.7  150s
 1723508 840839   12.94545   21  103          -   11.93286      -  34.7  155s
 1792687 870200   14.00000   51  109          -   11.98438      -  34.7  160s
 1847049 889569   13.92208   49  101          -   12.00000      -  34.9  165s
 1907486 912722   12.71560   38   82          -   12.00000      -  34.9  170s
 1971560 938236   13.00000   55   54          -   12.03279      -  34.9  175s
 2036575 965494   12.91667   37   74          -   12.07826      -  35.0  180s
 2106044 993698   13.60870   42   91          -   12.11765      -  35.0  185s
 2164096 1017342   12.88842   58  114          -   12.14930      -  35.0  190s
 2233172 1044300   13.17949   37  123          -   12.18182      -  35.0  195s
 2295585 1069452   13.37244   48   94          -   12.21053      -  35.0  200s
 2357975 1093913   15.66667   63   78          -   12.24242      -  35.1  205s
 2425823 1119417   12.43939   54   80          -   12.26667      -  35.1  210s
 2487659 1143047   12.75701   39  136          -   12.29560      -  35.1  215s
 2558136 1168543   15.69355   46   89          -   12.33333      -  35.1  220s
 2619395 1190007   13.19737   53   67          -   12.33929      -  35.2  225s
 2683713 1215259   12.88696   47  120          -   12.37324      -  35.2  230s
 2754428 1240786   13.35714   44   79          -   12.40000      -  35.2  235s
 2826165 1267870   13.27273   40   83          -   12.42857      -  35.3  240s
 2886882 1290198   13.11628   50   98          -   12.45455      -  35.3  245s
 2952987 1315248   15.72139   40  134          -   12.48611      -  35.3  250s
 3014251 1334431   14.71655   36   96          -   12.50000      -  35.4  255s
 3086656 1358822   14.03475   49  101          -   12.50000      -  35.4  260s
 3147820 1381554   15.00000   51    5          -   12.52548      -  35.4  265s
 3213527 1405318   15.00870   41   61          -   12.55319      -  35.5  270s
 3283273 1429761   13.76172   39  115          -   12.57500      -  35.5  275s
 3348782 1453330   15.25000   51   89          -   12.60000      -  35.5  280s
 3416328 1477295   13.31321   39   98          -   12.62498      -  35.5  285s
 3483455 1500541   14.06059   33  123          -   12.64581      -  35.5  290s
 3550047 1522170   13.00000   31   15          -   12.66667      -  35.6  295s
 3618665 1545318   14.90979   42  103          -   12.67347      -  35.6  300s
 3679750 1566950   14.60000   31   62          -   12.69737      -  35.6  305s
 3740578 1587838   14.74302   39   86          -   12.71429      -  35.7  310s
 3812718 1612852   15.73585   35   76          -   12.74063      -  35.7  315s
 3874262 1631805   13.22407   47  114          -   12.75000      -  35.7  320s
 3942263 1655111   13.54247   32  125          -   12.76923      -  35.7  325s
 4009670 1677780   14.00000   36    4          -   12.79104      -  35.7  330s
 4076544 1699527   13.40469   37  135          -   12.80719      -  35.8  335s
 4143574 1722264   14.26471   50   83          -   12.82932      -  35.8  340s
 4209288 1743854   14.45904   33   95          -   12.84615      -  35.8  345s
 4278204 1766073   13.63562   41  132          -   12.86667      -  35.8  350s
 4338710 1785823   14.08333   41   80          -   12.88406      -  35.8  355s
 4398517 1805835   15.94118   26  111          -   12.90000      -  35.9  360s
 4466861 1827827   13.36364   53   55          -   12.92216      -  35.9  365s
 4528932 1848934   13.83717   38  142          -   12.94194      -  35.9  370s
 4592581 1869692   14.42219   29  108          -   12.96266      -  35.9  375s
 4654735 1890016   13.38960   50  108          -   12.98512      -  36.0  380s
 4708516 1904420   14.50000   43   42          -   13.00000      -  36.0  385s
 4764239 1917140   15.47541   35   77          -   13.00000      -  36.1  390s
 4820169 1931400   13.00000   43    6          -   13.00000      -  36.2  395s
 4882759 1948571   15.00000   42   94          -   13.00000      -  36.2  400s
 4944198 1965792   14.09558   52   95          -   13.00000      -  36.3  405s
 5011635 1986142   14.01887   42  101          -   13.00000      -  36.3  410s
 5079487 2006257   13.55689   43   83          -   13.00000      -  36.3  415s
 5140881 2026672   15.59091   47   56          -   13.01389      -  36.3  420s
 5213143 2050430   15.21739   45   73          -   13.04167      -  36.3  425s
 5274404 2070628   14.80303   48  106          -   13.06122      -  36.4  430s
 5338133 2090346   14.23454   54   94          -   13.07812      -  36.4  435s
 5400632 2110164   14.18042   36  130          -   13.09424      -  36.4  440s
 5462155 2128946   15.16964   53   72          -   13.11111      -  36.4  445s
 5524088 2147762   15.33333   54   53          -   13.12500      -  36.4  450s
 5586234 2168227   13.82491   38  124          -   13.13985      -  36.4  455s
 5650324 2187613   13.43537   45  133          -   13.15385      -  36.4  460s
 5718020 2207552   14.85714   50   88          -   13.16667      -  36.4  465s
 5784455 2228321   16.00000   46   67          -   13.18182      -  36.5  470s
 5840486 2245369   13.73556   37  104          -   13.19556      -  36.5  475s
 5903347 2262765   16.01042   55   99          -   13.20284      -  36.5  480s
 5964768 2281841   13.95181   45   95          -   13.21875      -  36.5  485s
 6030977 2301852   14.58311   49  109          -   13.23333      -  36.5  490s
 6092955 2320035   14.03075   55   85          -   13.25000      -  36.5  495s
 6146353 2334070   13.68977   47   84          -   13.25000      -  36.6  500s
 6209044 2352170   13.86753   39  132          -   13.25960      -  36.6  505s
 6264084 2368530   13.70238   45  102          -   13.27273      -  36.6  510s
 6330532 2387066   14.06193   46  138          -   13.28571      -  36.6  515s
 6392599 2404523   15.28571   51   66          -   13.30000      -  36.6  520s
 6452894 2422185   13.42325   48  126          -   13.31159      -  36.6  525s
 6520231 2442418   14.42181   50  117          -   13.32893      -  36.6  530s
 6580575 2455665   14.04872   44  130          -   13.33333      -  36.7  535s
 6646467 2471797   14.63974   40  105          -   13.33333      -  36.7  540s
 6714419 2490703   14.22727   47   84          -   13.34444      -  36.7  545s
 6772113 2506935   14.77732   40  120          -   13.35714      -  36.7  550s
 6833020 2524457   13.92727   31  111          -   13.37097      -  36.7  555s
 6890402 2540313   14.42857   46   62          -   13.37991      -  36.7  560s
 6957432 2558830   14.20615   42  133          -   13.39394      -  36.8  565s
 7014175 2573028   15.00000   34   47          -   13.40000      -  36.8  570s
 7079667 2592114   14.77515   50   88          -   13.41176      -  36.8  575s
 7131354 2606730   14.43543   43  108          -   13.42157      -  36.8  580s
 7198321 2623927   13.74261   54   95          -   13.43137      -  36.8  585s
 7260933 2641086   14.42456   46  104          -   13.44444      -  36.8  590s
 7317447 2656304   14.00000   46   30          -   13.45455      -  36.9  595s
 7379745 2673212   14.03333   48  134          -   13.46667      -  36.9  600s
 7441360 2689918   13.87642   42  112          -   13.47826      -  36.9  605s
 7501511 2707195   14.12381   46   80          -   13.49383      -  36.9  610s
 7561841 2718353   16.00725   37  111          -   13.50000      -  37.0  615s
 7617487 2728314   16.56849   42   99          -   13.50000      -  37.0  620s
 7683583 2741499   15.67882   55   95          -   13.50000      -  37.0  625s
 7745729 2755129   14.17241   39   80          -   13.50000      -  37.0  630s
 7807023 2769390   15.60000   49   40          -   13.50000      -  37.1  635s
 7869200 2784908   15.41855   48   90          -   13.50000      -  37.1  640s
 7931908 2802038   15.03775   41  117          -   13.51064      -  37.1  645s
 7994544 2819094   13.89388   47  102          -   13.52545      -  37.1  650s
 8053682 2835385   14.82759   42   97          -   13.53763      -  37.1  655s
 8112844 2850923   14.18431   32  132          -   13.54792      -  37.1  660s
 8169531 2865177   14.27574   36  130          -   13.55556      -  37.1  665s
 8231453 2881629   13.75569   32  127          -   13.56847      -  37.1  670s
 8293501 2897505   14.17690   39  105          -   13.57627      -  37.2  675s
 8350801 2912357   14.85714   46   64          -   13.58621      -  37.2  680s
 8416421 2928612   14.58249   50  109          -   13.60000      -  37.2  685s
 8474176 2941689 infeasible   43               -   13.60000      -  37.2  690s
 8533121 2957187   13.75627   40  113          -   13.61130      -  37.2  695s
 8595552 2972781   14.92264   40  101          -   13.62381      -  37.2  700s
 8651550 2986516   14.04839   42   83          -   13.62963      -  37.2  705s
 8713217 3001332 infeasible   47               -   13.63959      -  37.3  710s
 8769195 3015184   13.78409   31  124          -   13.64865      -  37.3  715s
 8826207 3029279   13.90000   41   76          -   13.65934      -  37.3  720s
 8880689 3040067   16.73333   42   78          -   13.66667      -  37.3  725s
 8937217 3050597   14.50000   53   62          -   13.66667      -  37.3  730s
 9000629 3063722   14.38889   37   51          -   13.66667      -  37.4  735s
 9062717 3078680   15.93243   45   79          -   13.66877      -  37.4  740s
 9124636 3094453   13.91304   43   88          -   13.68224      -  37.4  745s
 9181469 3109029   15.18750   47   47          -   13.69231      -  37.4  750s
 9233400 3121604   14.00000   44    9          -   13.70000      -  37.4  755s
 9294052 3136822   15.86047   40  101          -   13.71129      -  37.4  760s
 9349139 3149908   16.21739   44   69          -   13.71634      -  37.4  765s
 9406773 3163126   15.07664   44   82          -   13.72727      -  37.4  770s
 9467466 3177750   14.22490   47   99          -   13.73616      -  37.5  775s
 9528985 3192572   14.54517   48   73          -   13.74910      -  37.5  780s
 9582780 3201904   15.50000   39   85          -   13.75000      -  37.5  785s
 9645239 3214829   14.00000   56   11          -   13.75000      -  37.5  790s
 9702026 3228737   14.87500   46   73          -   13.75439      -  37.5  795s
 9732535 3235167   14.34312   37  158          -   13.76172      -  37.5  800s
 9733046 3235619   13.92556   37   95          -   13.76271      -  37.5  805s
 9733446 3235986   15.07895   37   98          -   13.76402      -  37.5  810s
 9733707 3236203   15.63636   42   72          -   13.76471      -  37.5  815s
 9733921 3236375   14.36842   41   76          -   13.76471      -  37.5  820s
 9734173 3236600   14.55556   36   44          -   13.76542      -  37.5  825s
 9734423 3236829   14.80896   41   93          -   13.76641      -  37.6  830s
 9734628 3237010   14.00000   47   33          -   13.76667      -  37.6  835s
 9736193 3237965 infeasible   40               -   13.76730      -  37.6  840s
 9752044 3242100   13.85455   43   63          -   13.76842      -  37.6  845s
 9778336 3248124   15.16043   44   81          -   13.77102      -  37.6  850s
 9808496 3254849   14.20741   46  105          -   13.77778      -  37.6  855s
 9848248 3264112   13.91667   42   79          -   13.78261      -  37.6  860s
 9900889 3276583   14.28495   45   85          -   13.79167      -  37.6  865s
 9963613 3289677 infeasible   52               -   13.80000      -  37.6  870s
 10021950 3301803   16.40000   49   91          -   13.80000      -  37.6  875s
 10078075 3314661   14.80000   36   75          -   13.81132      -  37.6  880s
 10137959 3327965   14.00000   39    9          -   13.81930      -  37.7  885s
 10197591 3341836   14.42857   56   47          -   13.83004      -  37.7  890s
 10257984 3352178   14.38832   46   77          -   13.83333      -  37.7  895s
 10312146 3364492   14.17032   46  105          -   13.83871      -  37.7  900s
 10367249 3376816   15.46086   44   82          -   13.84746      -  37.7  905s
 10422861 3388711   15.06452   54   94          -   13.85714      -  37.7  910s
 10482967 3401597   14.61803   43   93          -   13.86233      -  37.7  915s
 10536536 3413381   14.60000   41   39          -   13.87075      -  37.7  920s
 10593424 3424464   15.61905   58   84          -   13.87500      -  37.8  925s
 10656755 3438799   16.06077   47   83          -   13.88462      -  37.8  930s
 10718200 3451882   15.25000   46   60          -   13.89169      -  37.8  935s
 10772724 3463820   14.00000   49   13          -   13.90000      -  37.8  940s
 10827029 3476246   14.97320   42  110          -   13.90700      -  37.8  945s
 10893292 3489765   16.47778   50   78          -   13.91667      -  37.8  950s
 10954977 3503607   14.68344   48  111          -   13.92379      -  37.8  955s
 11013967 3516515   14.13636   53   69          -   13.93333      -  37.8  960s
 11070028 3527454   15.82993   51  107          -   13.94118      -  37.9  965s
 11070500 3527849   14.08176   46   77          -   13.94156      -  37.9  970s
 11070920 3528198   15.63636   46   78          -   13.94286      -  37.9  975s
 11071333 3528554   14.35484   60   79          -   13.94388      -  37.9  980s
 11071706 3528853   14.33275   44   81          -   13.94444      -  37.9  986s
 11071912 3529032   13.94444   49   84          -   13.94444      -  37.9  990s
 11072060 3529165     cutoff   51               -   13.94444      -  37.9  996s
 11072323 3529390   15.50000   43   61          -   13.94522      -  37.9 1000s
 11074053 3530505   14.30769   59   55          -   13.94595      -  37.9 1006s
 11088613 3535143   14.81250   41   91          -   13.94660      -  37.9 1011s
 11127311 3541793   15.31306   48  122          -   13.95238      -  37.9 1015s
 11181000 3553248   14.36486   42  101          -   13.96175      -  37.9 1020s
 11235898 3564923   14.96255   40   91          -   13.97170      -  37.9 1025s
 11295126 3577987   14.50000   46   72          -   13.98256      -  37.9 1030s
 11350856 3590219   15.42900   41  115          -   13.99754      -  38.0 1035s
 11397827 3595239 infeasible   53               -   14.00000      -  38.0 1040s
 11448095 3599604   17.25000   52   31          -   14.00000      -  38.0 1045s
 11497241 3603917   16.00000   41   82          -   14.00000      -  38.1 1050s
 11552470 3609125   16.00000   49   34          -   14.00000      -  38.1 1055s
 11597244 3613183   14.69811   45   87          -   14.00000      -  38.2 1060s
 11652777 3619632   16.00000   50   27          -   14.00000      -  38.2 1065s
 11708602 3626474   15.05603   34  128          -   14.00000      -  38.3 1070s
 11762817 3633958   15.58333   50   60          -   14.00000      -  38.3 1075s
 11829129 3643399   14.33333   38   26          -   14.00000      -  38.3 1080s
 11875801 3650204   15.18472   37   86          -   14.00000      -  38.3 1085s
 11932513 3659144   14.12281   52   63          -   14.00000      -  38.4 1090s
 11992547 3668755   15.00000   45   11          -   14.00000      -  38.4 1095s
 12050442 3678254   15.16049   44   76          -   14.00000      -  38.4 1100s
 12111580 3688464   16.00000   38   69          -   14.00000      -  38.4 1105s
 12163382 3697713   14.53734   45  103          -   14.00000      -  38.4 1110s
 12219398 3708129   15.00000   47   65          -   14.00000      -  38.4 1115s
 12280235 3719548   14.00000   44   34          -   14.00000      -  38.4 1120s
 12339196 3730690 infeasible   57               -   14.00000      -  38.4 1125s
 12401094 3742815   14.72727   53   69          -   14.00000      -  38.4 1130s
 12464760 3755952   15.00000   42   77          -   14.00000      -  38.4 1135s
 12526625 3769029   15.03706   48  106          -   14.00000      -  38.4 1140s
 12592580 3783276   15.59669   47   84          -   14.01487      -  38.5 1145s
 12644613 3794384   15.00000   41   75          -   14.02542      -  38.5 1150s
 12706611 3807632   14.14035   47  111          -   14.03627      -  38.5 1155s
 12757130 3818396     cutoff   44               -   14.04525      -  38.5 1160s
 12813878 3830217   14.41541   34  140          -   14.05381      -  38.5 1165s
 12875314 3842811   15.50000   43   15          -   14.06250      -  38.5 1170s
 12931992 3854491   14.77670   34  127          -   14.07117      -  38.5 1175s
 12989489 3866503   15.32899   45  116          -   14.07758      -  38.5 1180s
 13046977 3877396   15.20000   47   44          -   14.08425      -  38.5 1185s
 13102924 3888475   15.00000   41   77          -   14.09143      -  38.5 1190s
 13152894 3898600 infeasible   34               -   14.10000      -  38.5 1195s
 13219863 3911653   14.52499   43  116          -   14.10650      -  38.5 1200s
 13276013 3922052   16.75000   41   37          -   14.11111      -  38.5 1205s
 13335856 3933529   16.00000   42   52          -   14.12037      -  38.5 1210s
 13386581 3942267   14.35606   58   83          -   14.12500      -  38.5 1215s
 13448773 3954505   14.23529   36   80          -   14.13158      -  38.6 1220s
 13509706 3966921   14.28125   46   82          -   14.14000      -  38.6 1225s
 13568276 3976385   15.05218   43  103          -   14.14286      -  38.6 1230s
 13628737 3988130   15.21998   45  101          -   14.15075      -  38.6 1235s
 13690864 4000020   15.13208   45   79          -   14.15842      -  38.6 1240s
 13752118 4010562   14.37724   44  121          -   14.16667      -  38.6 1245s
 13815199 4020175   16.50000   47   33          -   14.16667      -  38.6 1250s
 13876679 4032244   14.45455   33  102          -   14.17365      -  38.6 1255s
 13928977 4042130   14.43600   39   85          -   14.18056      -  38.6 1260s
 13992459 4054044   14.91935   45   84          -   14.18750      -  38.6 1265s
 14049480 4064783   15.61395   36  100          -   14.19444      -  38.6 1270s
 14106448 4073158 infeasible   44               -   14.20000      -  38.6 1275s
 14169878 4083124   16.00000   48    9          -   14.20000      -  38.6 1280s
 14236023 4095918   14.75000   41   62          -   14.20833      -  38.6 1285s
 14298748 4107598   14.68421   37   88          -   14.21538      -  38.7 1290s
 14358375 4117824   16.09091   47   56          -   14.22222      -  38.7 1295s
 14415074 4128210     cutoff   45               -   14.22764      -  38.7 1300s
 14469812 4138256   14.78571   32  113          -   14.23404      -  38.7 1305s
 14532817 4149597   15.59155   41   81          -   14.24206      -  38.7 1310s
 14586791 4157784   16.75110   41   94          -   14.25000      -  38.7 1315s
 14643858 4163874   15.10526   44   66          -   14.25000      -  38.7 1320s
 14695309 4170506 infeasible   54               -   14.25000      -  38.7 1325s
 14757541 4179554   17.00000   48   69          -   14.25000      -  38.7 1330s
 14817953 4190630     cutoff   53               -   14.25287      -  38.7 1335s
 14878967 4201136   14.47200   35  107          -   14.26158      -  38.8 1340s
 14935064 4210830   16.51910   44  119          -   14.26786      -  38.8 1345s
 14986807 4219474   15.16667   57   47          -   14.27273      -  38.8 1350s
 15049004 4229729   14.44444   49   54          -   14.28000      -  38.8 1355s
 15104797 4237839   15.00000   37   28          -   14.28571      -  38.8 1360s
 15156898 4246776   16.12500   51   45          -   14.28866      -  38.8 1365s
 15212870 4256355   16.50000   55   68          -   14.29545      -  38.8 1370s
 15269619 4265182   15.89175   57  108          -   14.30000      -  38.8 1375s
 15324499 4274757 infeasible   42               -   14.30657      -  38.8 1380s
 15380475 4283824   15.00000   41   10          -   14.31250      -  38.8 1385s
 15440622 4293383   16.05854   42  134          -   14.31925      -  38.8 1390s
 15502578 4304199   14.61417   38  121          -   14.32787      -  38.9 1395s
 15555934 4309173 infeasible   47               -   14.33333      -  38.9 1400s
 15605734 4313390   15.48660   45  104          -   14.33333      -  38.9 1405s
 15657653 4318637   15.31122   44   95          -   14.33333      -  38.9 1410s
 15718918 4325996     cutoff   61               -   14.33333      -  38.9 1415s
 15782567 4334612   14.33333   36   49          -   14.33333      -  38.9 1420s
 15848781 4344971   15.00000   46   32          -   14.33333      -  38.9 1425s
 15909317 4355032 infeasible   53               -   14.33984      -  38.9 1430s
 15970779 4365218   15.52000   50   91          -   14.34783      -  38.9 1435s
 16027560 4374388   14.90351   46   93          -   14.35417      -  39.0 1440s
 16083500 4383077   15.67949   40   87          -   14.36000      -  39.0 1445s
 16145558 4392483   14.57895   43   68          -   14.36538      -  39.0 1450s
 16197394 4400930   15.84448   39  109          -   14.37162      -  39.0 1455s
 16254507 4408427   15.57143   51   59          -   14.37500      -  39.0 1460s
 16316249 4418850 infeasible   47               -   14.38000      -  39.0 1465s
 16376995 4428456   15.87500   46   74          -   14.38636      -  39.0 1470s
 16427597 4436911   15.00000   42    9          -   14.39189      -  39.0 1475s
 16487521 4445464 infeasible   41               -   14.40000      -  39.0 1480s
 16545056 4451330   16.00581   37  108          -   14.40000      -  39.1 1485s
 16608129 4459920   15.00000   48   92          -   14.40000      -  39.1 1490s
 16662025 4468849   14.88560   50  118          -   14.40741      -  39.1 1495s
 16718013 4477735   15.78915   37  126          -   14.41358      -  39.1 1500s
 16769389 4484624   15.11524   47  100          -   14.41667      -  39.1 1505s
 16819542 4492519   14.87952   49   93          -   14.42308      -  39.1 1510s
 16875329 4500180   16.73333   43   80          -   14.42857      -  39.1 1515s
 16932349 4508578   14.55302   50  111          -   14.43011      -  39.1 1520s
 16983598 4516177   15.31343   47   95          -   14.43723      -  39.1 1525s
 17040725 4524799   14.61801   35  152          -   14.44299      -  39.1 1530s
 17097143 4532070   14.68224   49   86          -   14.44529      -  39.1 1535s
 17148904 4539709   15.36605   51   72          -   14.45122      -  39.1 1540s
 17205365 4547652   15.46154   50   58          -   14.45588      -  39.2 1545s
 17255385 4555064   15.17647   36   70          -   14.46154      -  39.2 1550s
 17312869 4563251   16.10729   46  110          -   14.46667      -  39.2 1555s
 17367912 4571672   15.50000   50   17          -   14.47368      -  39.2 1560s
 17420300 4579155   16.21081   41  105          -   14.47898      -  39.2 1565s
 17481254 4588428   15.14286   45  104          -   14.48649      -  39.2 1570s
 17535660 4596859   15.95046   41  110          -   14.49524      -  39.2 1575s
 17579753 4599543   16.00000   50   30          -   14.50000      -  39.2 1580s
 17624989 4600356     cutoff   49               -   14.50000      -  39.3 1585s
 17674908 4601625   16.68182   36   82          -   14.50000      -  39.3 1590s
 17723888 4603852   14.50000   51   33          -   14.50000      -  39.3 1595s
 17775098 4606312   16.57843   43   98          -   14.50000      -  39.3 1600s
 17831092 4610250   15.00000   47   38          -   14.50000      -  39.4 1605s
 17881110 4614099   15.00000   48   65          -   14.50000      -  39.4 1610s
 17933357 4618168   15.33333   45   35          -   14.50000      -  39.4 1615s
 17988745 4622865   15.87097   51   95          -   14.50000      -  39.4 1620s
 18044852 4627915   16.42105   50   77          -   14.50000      -  39.4 1625s
 18101568 4633429   16.69443   48  107          -   14.50000      -  39.4 1630s
 18158413 4639175   14.50000   40   26          -   14.50000      -  39.4 1635s
 18214786 4645089 infeasible   58               -   14.50000      -  39.4 1640s
 18271527 4651765 infeasible   49               -   14.50000      -  39.4 1645s
 18327905 4658180   15.00000   39   15          -   14.50000      -  39.4 1650s
 18381479 4664895   15.26351   39   79          -   14.50000      -  39.4 1655s
 18442843 4673244   15.81481   48   75          -   14.50000      -  39.4 1660s
 18496630 4681354   15.87500   50   68          -   14.50878      -  39.4 1665s
 18547750 4688460   16.48663   47  111          -   14.51599      -  39.5 1670s
 18604634 4696262   15.00000   37    8          -   14.52252      -  39.5 1675s
 18660393 4703943   14.95486   39  100          -   14.52925      -  39.5 1680s
 18716551 4711483   16.05269   53  100          -   14.53414      -  39.5 1685s
 18769397 4718266   14.99912   49  116          -   14.53892      -  39.5 1690s
 18825602 4725604   14.93103   50   66          -   14.54545      -  39.5 1695s
 18881622 4733347   16.00000   45   15          -   14.55000      -  39.5 1700s
 18931137 4739648   15.65791   52  110          -   14.55556      -  39.5 1705s
 18987152 4747347   14.60122   52  115          -   14.55868      -  39.5 1710s
 19038946 4754146   15.36000   46   88          -   14.56364      -  39.5 1715s
 19095665 4761350   15.08074   40  107          -   14.57062      -  39.5 1720s
 19150672 4766653   16.65873   45   88          -   14.57143      -  39.5 1725s
 19204522 4774108   14.88889   44  107          -   14.57627      -  39.6 1730s
 19264772 4781905   15.00000   44   56          -   14.58333      -  39.6 1735s
 19326322 4790031   16.40909   55   61          -   14.58772      -  39.6 1740s
 19377487 4796852   14.84000   53   56          -   14.59259      -  39.6 1745s
 19432995 4803518 infeasible   48               -   14.60000      -  39.6 1750s
 19478699 4806466     cutoff   41               -   14.60000      -  39.6 1755s
 19541082 4812350   16.27049   45  102          -   14.60000      -  39.6 1760s
 19595907 4819866   15.20876   58  112          -   14.60210      -  39.6 1765s
 19651551 4827243   16.60000   36   62          -   14.60870      -  39.6 1770s
 19706659 4834199   14.81208   46  102          -   14.61490      -  39.6 1775s
 19762351 4841049   15.11458   43   88          -   14.61914      -  39.6 1780s
 19817260 4846327     cutoff   42               -   14.62500      -  39.7 1785s
 19874558 4851989   15.72152   43   83          -   14.62500      -  39.7 1790s
 19922849 4858190   15.38158   56  112          -   14.63115      -  39.7 1795s
 19978575 4864594     cutoff   49               -   14.63636      -  39.7 1800s
 20034182 4871513   15.97222   33   87          -   14.64062      -  39.7 1805s
 20091336 4878331   16.60000   51   41          -   14.64570      -  39.7 1810s
 20152901 4885675     cutoff   51               -   14.65169      -  39.7 1815s
 20207424 4892120   15.61286   49  115          -   14.65769      -  39.7 1820s
 20263040 4898616   16.02331   55   79          -   14.66621      -  39.7 1825s
 20310783 4898695 infeasible   39               -   14.66667      -  39.8 1830s
 20361162 4900154   16.00000   41   23          -   14.66667      -  39.8 1835s
 20417387 4902676 infeasible   51               -   14.66667      -  39.8 1840s
 20467386 4905660   15.50000   48   16          -   14.66667      -  39.8 1845s
 20518144 4909518   16.72881   45   98          -   14.66667      -  39.8 1850s
 20574479 4914318   15.04313   38   87          -   14.66667      -  39.8 1855s
 20635903 4920120   15.38451   52   84          -   14.66667      -  39.8 1860s
 20686340 4926315   16.33333   33   47          -   14.66667      -  39.8 1865s
 20741712 4933098   15.50000   39   80          -   14.67322      -  39.8 1870s
 20791368 4938806   15.05921   47   90          -   14.67884      -  39.8 1875s
 20845571 4944948   14.94000   45  103          -   14.68421      -  39.8 1880s
 20895718 4950546   15.61765   41   57          -   14.68889      -  39.9 1885s
 20951191 4956100   16.36377   43  139          -   14.69355      -  39.9 1890s
 21004102 4961714   15.00000   43   50          -   14.70000      -  39.9 1895s
 21064374 4968105     cutoff   62               -   14.70221      -  39.9 1900s
 21113611 4973490     cutoff   49               -   14.70748      -  39.9 1905s
 21171693 4979308   16.54545   39   64          -   14.71429      -  39.9 1910s
 21223037 4983200   14.91667   53   89          -   14.71429      -  39.9 1915s
 21281084 4989994     cutoff   35               -   14.71875      -  39.9 1920s
 21335268 4995958   15.37935   36  121          -   14.72368      -  39.9 1925s
 21388760 5001253   15.37160   47   91          -   14.72727      -  39.9 1930s
 21443145 5006992   15.35714   34   93          -   14.73333      -  40.0 1935s
 21497915 5012669   16.02632   43   79          -   14.73737      -  40.0 1940s
 21548512 5018097   16.00000   41   30          -   14.74286      -  40.0 1945s
 21592599 5022452   15.83333   43   75          -   14.74960      -  40.0 1950s
 21642025 5022868   15.00000   57   13          -   14.75000      -  40.0 1955s
 21697760 5025153   14.88889   39   51          -   14.75000      -  40.0 1960s
 21752497 5028105     cutoff   47               -   14.75000      -  40.0 1965s
 21803028 5031655   16.48532   46  114          -   14.75000      -  40.0 1970s
 21858682 5036519   14.96154   48   86          -   14.75000      -  40.0 1975s
 21913655 5042107   15.00000   37   11          -   14.75000      -  40.0 1980s
 21967775 5048644   16.11919   39  115          -   14.75731      -  40.1 1985s
 22018371 5053714   15.92603   43  108          -   14.76211      -  40.1 1990s
 22072219 5059321   15.84568   37   87          -   14.76786      -  40.1 1995s
 22123156 5064049   15.39858   39  106          -   14.77197      -  40.1 2000s
 22172655 5068725   15.75000   38   53          -   14.77778      -  40.1 2005s
 22232302 5074165     cutoff   49               -   14.77907      -  40.1 2010s
 22282210 5079810   15.03575   40  118          -   14.78474      -  40.1 2015s
 22336927 5084884   14.85022   40   97          -   14.78912      -  40.1 2020s
 22386965 5089617   15.77778   46   65          -   14.79333      -  40.1 2025s
 22440207 5093870   16.35179   35  130          -   14.80000      -  40.1 2030s
 22486287 5095143   16.00000   47   14          -   14.80000      -  40.2 2035s
 22543095 5098856   16.66667   41   79          -   14.80000      -  40.2 2040s
 22597751 5103901   15.29762   62   94          -   14.80000      -  40.2 2045s
 22646201 5108821   15.41327   39   99          -   14.80645      -  40.2 2050s
 22696634 5113641   16.64286   43   91          -   14.81132      -  40.2 2055s
 22746364 5118199   16.01044   36  113          -   14.81562      -  40.2 2060s
 22796886 5122256   15.00000   40   73          -   14.81818      -  40.2 2065s
 22856047 5128002   15.34234   46   92          -   14.82429      -  40.2 2070s
 22901494 5132065     cutoff   51               -   14.82927      -  40.2 2075s
 22950946 5134067   16.00000   49   11          -   14.83333      -  40.2 2080s
 23002183 5136015   16.40964   43   70          -   14.83333      -  40.3 2085s
 23058294 5139700   15.46154   49   88          -   14.83333      -  40.3 2090s
 23112304 5144914   16.28571   50   58          -   14.83685      -  40.3 2095s
 23172749 5150548   15.26693   42  121          -   14.84314      -  40.3 2100s
 23223521 5154622   16.18981   44   91          -   14.84685      -  40.3 2105s
 23276442 5159175   16.58333   34   73          -   14.85185      -  40.3 2110s
 23325665 5162096   16.17895   52   97          -   14.85714      -  40.3 2115s
 23377007 5164975   15.00000   36   46          -   14.85714      -  40.3 2120s
 23432419 5170096   15.16667   42   50          -   14.86121      -  40.3 2125s
 23482682 5174322   16.23037   48   95          -   14.86667      -  40.3 2130s
 23537233 5179327   15.47619   48   74          -   14.87097      -  40.3 2135s
 23587927 5181792   15.34783   38   86          -   14.87500      -  40.4 2140s
 23638533 5185125   14.94118   37  101          -   14.87500      -  40.4 2145s
 23692876 5190073   16.41274   45   93          -   14.88000      -  40.4 2150s
 23743165 5194313     cutoff   58               -   14.88462      -  40.4 2155s
 23793033 5197204   15.07627   45  115          -   14.88889      -  40.4 2160s
 23847946 5201817   15.40388   39  120          -   14.89139      -  40.4 2165s
 23902736 5206503   16.83897   45  141          -   14.89655      -  40.4 2170s
 23957593 5209344   15.82014   50  115          -   14.90000      -  40.4 2175s
 24013780 5213912   15.50000   38   17          -   14.90476      -  40.4 2180s
 24063891 5217254   16.01844   57  113          -   14.90909      -  40.4 2185s
 24117975 5221430     cutoff   51               -   14.91304      -  40.5 2190s
 24168398 5224668   16.00000   43   49          -   14.91667      -  40.5 2195s
 24228336 5229582   15.14335   47  101          -   14.92105      -  40.5 2200s
 24279682 5233205   16.07895   48   91          -   14.92500      -  40.5 2205s
 24334557 5236781 infeasible   61               -   14.92864      -  40.5 2210s
 24384823 5240468   16.42857   34   51          -   14.93333      -  40.5 2215s
 24434559 5243895   15.03652   38  119          -   14.93750      -  40.5 2220s
 24488977 5247974   16.08799   44  125          -   14.94286      -  40.5 2225s
 24538128 5251170 infeasible   47               -   14.94712      -  40.5 2230s
 24592885 5254849     cutoff   44               -   14.95228      -  40.6 2235s
 24637754 5258153   16.26087   52   97          -   14.95610      -  40.6 2240s
 24691640 5261848   15.20548   51   91          -   14.96078      -  40.6 2245s
 24742474 5265323   15.46825   41   95          -   14.96610      -  40.6 2250s
 24787712 5268325   15.52137   53   78          -   14.97101      -  40.6 2255s
 24843124 5272552   15.00000   39   26          -   14.97727      -  40.6 2260s
 24892728 5276190     cutoff   34               -   14.98333      -  40.6 2265s
 24943601 5280098 infeasible   59               -   14.99050      -  40.6 2270s
 24991986 5282428     cutoff   43               -   15.00000      -  40.6 2275s
 25030022 5278879 infeasible   48               -   15.00000      -  40.7 2280s
 25070533 5274309   16.00000   39    9          -   15.00000      -  40.7 2285s
 25109954 5269184 infeasible   50               -   15.00000      -  40.7 2290s
 25150557 5264448   15.00000   52    8          -   15.00000      -  40.8 2295s
 25190753 5259608   16.00000   52   10          -   15.00000      -  40.8 2300s
 25225920 5255450 infeasible   59               -   15.00000      -  40.8 2305s
 25266798 5250941   15.47838   35  104          -   15.00000      -  40.8 2310s
 25307242 5246425   15.34536   52  121          -   15.00000      -  40.9 2315s
 25347189 5241949   16.64810   41  114          -   15.00000      -  40.9 2320s
 25387907 5237923   15.62771   45   96          -   15.00000      -  40.9 2325s
 25434671 5234637   15.71429   45   48          -   15.00000      -  40.9 2330s
 25480166 5231149 infeasible   43               -   15.00000      -  41.0 2335s
 25520767 5228844   16.00000   52   92          -   15.00000      -  41.0 2340s
 25567677 5226957     cutoff   34               -   15.00000      -  41.0 2345s
 25613762 5224996   16.00000   45   18          -   15.00000      -  41.0 2350s
 25664576 5223115   15.40000   43   60          -   15.00000      -  41.0 2355s
 25710875 5222419     cutoff   42               -   15.00000      -  41.0 2360s
 25756295 5221521   15.57394   47  110          -   15.00000      -  41.1 2365s
 25802929 5220612   16.00000   33   10          -   15.00000      -  41.1 2370s
 25847831 5220155   16.00000   41    8          -   15.00000      -  41.1 2375s
 25899617 5219960   16.00000   37    8          -   15.00000      -  41.1 2380s
 25944542 5220178     cutoff   45               -   15.00000      -  41.1 2385s
 25990353 5220056   16.16365   39  105          -   15.00000      -  41.1 2390s
 26040917 5220294 infeasible   54               -   15.00000      -  41.1 2395s
 26091300 5220755   16.00000   46    8          -   15.00000      -  41.2 2400s
 26136765 5221294   16.00000   49   13          -   15.00000      -  41.2 2405s
 26182824 5221670   15.60294   48   86          -   15.00000      -  41.2 2410s
 26234082 5222493   16.00000   50   12          -   15.00000      -  41.2 2415s
 26279835 5223269 infeasible   36               -   15.00000      -  41.2 2420s
 26331793 5224545   16.22222   45   79          -   15.00000      -  41.2 2425s
 26382409 5225463   16.00000   43   13          -   15.00000      -  41.2 2430s
 26428539 5226462 infeasible   53               -   15.00000      -  41.2 2435s
 26480388 5228038   16.00000   49   11          -   15.00000      -  41.2 2440s
 26526314 5229481   16.33333   49   25          -   15.00000      -  41.2 2445s
 26576853 5230953   15.73377   54   87          -   15.00000      -  41.2 2450s
 26622836 5232362   16.92308   38   81          -   15.00000      -  41.3 2455s
 26673932 5233976     cutoff   46               -   15.00000      -  41.3 2460s
 26725314 5236061   15.04430   44   96          -   15.00000      -  41.3 2465s
 26776518 5238044   16.00000   45   30          -   15.00000      -  41.3 2470s
 26828025 5240551   15.20000   40   74          -   15.00000      -  41.3 2475s
 26874216 5242645 infeasible   44               -   15.00000      -  41.3 2480s
 26925493 5245206   15.00000   44    7          -   15.00000      -  41.3 2485s
 26976842 5247996   15.88889   59   44          -   15.00000      -  41.3 2490s
 27023497 5250785   15.85470   36   87          -   15.00000      -  41.3 2495s
 27074623 5253633   15.71429   45   66          -   15.00000      -  41.3 2500s
 27132389 5257219   16.33333   38   50          -   15.00000      -  41.3 2505s
 27186985 5261318   16.12414   33   99          -   15.00000      -  41.3 2510s
 27238427 5265222   15.97414   38  123          -   15.00000      -  41.3 2515s
 27288807 5267748   15.81615   41  126          -   15.00394      -  41.3 2520s
 27342908 5271627   15.45833   45   81          -   15.01415      -  41.3 2525s
 27393450 5275047   16.76426   37  121          -   15.02148      -  41.4 2530s
 27443843 5278248   15.59746   61   91          -   15.02778      -  41.4 2535s
 27489086 5281105   15.50000   38   80          -   15.03333      -  41.4 2540s
 27538220 5284418   15.87963   42   94          -   15.03846      -  41.4 2545s
 27588464 5287678   16.55074   38  132          -   15.04412      -  41.4 2550s
 27638410 5290469   16.00000   53   10          -   15.04945      -  41.4 2555s
 27690719 5293597   15.38589   37  110          -   15.05428      -  41.4 2560s
 27741480 5296276 infeasible   60               -   15.05882      -  41.4 2565s
 27793326 5299147   15.42353   42  109          -   15.06344      -  41.4 2570s
 27844587 5301471   16.20000   43   48          -   15.06826      -  41.4 2575s
 27899150 5304349   16.48608   47  133          -   15.07263      -  41.4 2580s
 27943944 5306684   17.00000   50   24          -   15.07692      -  41.4 2585s
 27997785 5309871   15.53023   52  133          -   15.08205      -  41.4 2590s
 28048158 5311588   15.81604   47   93          -   15.08444      -  41.4 2595s
 28093223 5314153     cutoff   58               -   15.08951      -  41.5 2600s
 28148236 5316464   15.69588   48   80          -   15.09325      -  41.5 2605s
 28193231 5319034     cutoff   50               -   15.09783      -  41.5 2610s
 28244753 5320063   15.72727   54   66          -   15.10000      -  41.5 2615s
 28293634 5322570   16.17330   38  102          -   15.10448      -  41.5 2620s
 28348337 5325018   15.72727   46   91          -   15.11017      -  41.5 2625s
 28400156 5326064   15.96410   53   87          -   15.11111      -  41.5 2630s
 28448946 5328461   15.80506   27  122          -   15.11588      -  41.5 2635s
 28498781 5330972   15.61538   49   93          -   15.12025      -  41.5 2640s
 28548617 5331624     cutoff   50               -   15.12500      -  41.5 2645s
 28604783 5332777   15.39326   40  118          -   15.12500      -  41.5 2650s
 28653275 5335342   15.35017   40  112          -   15.12946      -  41.5 2655s
 28704661 5337298   16.48571   32   62          -   15.13333      -  41.5 2660s
 28748891 5339061 infeasible   44               -   15.13793      -  41.5 2665s
 28803815 5339801   16.18400   42   81          -   15.14286      -  41.6 2670s
 28851129 5340516   15.79473   41  144          -   15.14286      -  41.6 2675s
 28903684 5343279   16.49020   38  132          -   15.14679      -  41.6 2680s
 28954486 5345449   15.75504   39  115          -   15.15141      -  41.6 2685s
 29009500 5347063 infeasible   54               -   15.15556      -  41.6 2690s
 29054170 5348726   16.03125   35   68          -   15.15975      -  41.6 2695s
 29103172 5350390   15.62963   58   75          -   15.16495      -  41.6 2700s
 29148720 5347783     cutoff   49               -   15.16667      -  41.6 2705s
 29200778 5347220   15.50000   56   30          -   15.16667      -  41.6 2710s
 29251769 5347977   16.21053   42   67          -   15.16667      -  41.6 2715s
 29295975 5349580 infeasible   42               -   15.16927      -  41.6 2720s
 29346152 5351336 infeasible   52               -   15.17460      -  41.6 2725s
 29395513 5352848     cutoff   31               -   15.17857      -  41.6 2730s
 29440842 5353228   15.27273   40   40          -   15.18182      -  41.6 2735s
 29484577 5354490   16.08768   44  114          -   15.18563      -  41.7 2740s
 29533832 5355348   15.55000   49   70          -   15.18966      -  41.7 2745s
 29583974 5356681   16.39572   45  145          -   15.19444      -  41.7 2750s
 29627074 5356516 infeasible   46               -   15.20000      -  41.7 2755s
 29669413 5354077   15.84314   49   70          -   15.20000      -  41.7 2760s
 29719720 5352853   15.92424   49   76          -   15.20000      -  41.7 2765s
 29760180 5352900   15.44000   49   84          -   15.20000      -  41.7 2770s
 29814730 5354335   15.28682   44   84          -   15.20192      -  41.7 2775s
 29864547 5355713     cutoff   50               -   15.20732      -  41.7 2780s
 29909980 5356504   16.06154   46   67          -   15.21127      -  41.7 2785s
 29955100 5356663     cutoff   52               -   15.21429      -  41.7 2790s
 30003925 5357834 infeasible   32               -   15.21918      -  41.7 2795s
 30050047 5356970   16.29670   53  100          -   15.22222      -  41.7 2800s
 30094730 5357974   15.55263   42   70          -   15.22368      -  41.7 2805s
 30139180 5358838   16.01923   42   80          -   15.22807      -  41.8 2810s
 30184303 5359271 infeasible   56               -   15.23077      -  41.8 2815s
 30222030 5359743 infeasible   44               -   15.23529      -  41.8 2820s
 30267674 5360378   16.66667   41   36          -   15.23864      -  41.8 2825s
 30308331 5361048   16.72394   47  105          -   15.24277      -  41.8 2830s
 30352415 5362068   16.73229   35  111          -   15.24852      -  41.8 2835s
 30396380 5356239 infeasible   52               -   15.25000      -  41.8 2840s
 30438092 5352894   16.28340   52   78          -   15.25000      -  41.8 2845s
 30484080 5349997   16.23952   45   89          -   15.25000      -  41.8 2850s
 30529011 5347932   15.50000   43   76          -   15.25000      -  41.8 2855s
 30575185 5346570   15.75000   30   39          -   15.25000      -  41.8 2860s
 30625780 5345612   15.75000   37   29          -   15.25000      -  41.8 2865s
 30671303 5345629   15.65625   54   93          -   15.25000      -  41.8 2870s
 30720394 5346498     cutoff   40               -   15.25000      -  41.9 2875s
 30763423 5347182     cutoff   45               -   15.25629      -  41.9 2880s
 30806811 5347674   16.29808   43   85          -   15.26082      -  41.9 2885s
 30851263 5348289   15.83727   31  101          -   15.26437      -  41.9 2890s
 30896437 5348320     cutoff   58               -   15.26760      -  41.9 2895s
 30945675 5348102 infeasible   54               -   15.27273      -  41.9 2900s
 30991419 5348728   16.64154   35   77          -   15.27472      -  41.9 2905s
 31037500 5348521   16.58333   39  100          -   15.27803      -  41.9 2910s
 31081556 5348797   15.90174   51  116          -   15.28269      -  41.9 2915s
 31121020 5346308   15.52222   46   60          -   15.28571      -  41.9 2920s
 31167784 5345002     cutoff   40               -   15.28571      -  41.9 2925s
 31215613 5345770     cutoff   46               -   15.28873      -  41.9 2930s
 31266025 5345487   16.53846   48   68          -   15.29389      -  42.0 2935s
 31310450 5345446     cutoff   46               -   15.29752      -  42.0 2940s
 31351988 5343574   16.50000   51   31          -   15.30000      -  42.0 2945s
 31396706 5343634     cutoff   53               -   15.30159      -  42.0 2950s
 31446083 5343663   17.14011   42  114          -   15.30682      -  42.0 2955s
 31491514 5343069   15.94241   49  113          -   15.30952      -  42.0 2960s
 31538477 5342504   16.58140   45   93          -   15.31295      -  42.0 2965s
 31582952 5342583     cutoff   50               -   15.31726      -  42.0 2970s
 31627763 5342137   15.72619   50   64          -   15.32143      -  42.0 2975s
 31672992 5342088   16.16766   42  111          -   15.32609      -  42.0 2980s
 31716850 5341524     cutoff   43               -   15.33274      -  42.0 2985s
 31755788 5334269   16.11236   45   99          -   15.33333      -  42.1 2990s
 31797352 5328422   15.66667   47   67          -   15.33333      -  42.1 2995s
 31838330 5323406   17.00000   44    9          -   15.33333      -  42.1 3000s
 31884735 5318357   16.25000   56   55          -   15.33333      -  42.1 3005s
 31925546 5314712   16.00000   53    9          -   15.33333      -  42.1 3010s
 31971750 5311122   16.68269   43   74          -   15.33333      -  42.1 3015s
 32012858 5308387     cutoff   52               -   15.33333      -  42.1 3020s
 32063841 5305357   16.00000   43   26          -   15.33333      -  42.1 3025s
 32110029 5303335   16.00000   56   19          -   15.33333      -  42.1 3030s
 32156855 5301958     cutoff   38               -   15.33333      -  42.1 3035s
 32202287 5301080 infeasible   59               -   15.33333      -  42.1 3040s
 32246962 5300973   15.75000   40   90          -   15.33333      -  42.1 3045s
 32290282 5301164   16.50000   55   98          -   15.34000      -  42.2 3050s
 32335006 5300565   15.77632   43   75          -   15.34483      -  42.2 3055s
 32379095 5299958   15.95969   49  135          -   15.34912      -  42.2 3060s
 32424372 5298855   15.66667   44   34          -   15.35294      -  42.2 3065s
 32464746 5297676     cutoff   49               -   15.35714      -  42.2 3070s
 32509847 5296763   15.50380   39   94          -   15.35938      -  42.2 3075s
 32554327 5295543     cutoff   49               -   15.36364      -  42.2 3080s
 32599152 5294882   16.50000   45   61          -   15.36585      -  42.2 3085s
 32649046 5294093 infeasible   53               -   15.37037      -  42.2 3090s
 32693178 5291174   16.75000   41   42          -   15.37500      -  42.2 3095s
 32735436 5288281     cutoff   46               -   15.37500      -  42.2 3100s
 32780996 5287305 infeasible   40               -   15.37584      -  42.2 3105s
 32825318 5286352   16.00000   50   96          -   15.38095      -  42.3 3110s
 32869673 5284708   15.76786   46  103          -   15.38462      -  42.3 3115s
 32919193 5283476   16.24691   37   82          -   15.38889      -  42.3 3120s
 32964202 5282475   16.08696   49   69          -   15.39198      -  42.3 3125s
 33008624 5281473   16.60468   37  106          -   15.39667      -  42.3 3130s
 33052841 5276077   16.58333   50   55          -   15.40000      -  42.3 3135s
 33094864 5271785   16.00000   52   35          -   15.40000      -  42.3 3140s
 33141762 5268641   16.71386   46  115          -   15.40000      -  42.3 3145s
 33188021 5266668     cutoff   53               -   15.40000      -  42.3 3150s
 33236392 5265808   16.32857   38  100          -   15.40291      -  42.3 3155s
 33280475 5264753     cutoff   36               -   15.40761      -  42.3 3160s
 33319275 5263135     cutoff   46               -   15.41176      -  42.4 3165s
 33369197 5261584   15.55357   42   84          -   15.41667      -  42.4 3170s
 33415364 5259411 infeasible   50               -   15.41667      -  42.4 3175s
 33460907 5257976   16.12745   48  106          -   15.42157      -  42.4 3180s
 33500160 5256465   16.08566   50   92          -   15.42574      -  42.4 3185s
 33540051 5252105 infeasible   51               -   15.42857      -  42.4 3190s
 33587728 5248980 infeasible   50               -   15.42857      -  42.4 3195s
 33637349 5247542 infeasible   49               -   15.43182      -  42.4 3200s
 33682058 5245989   15.50000   42   20          -   15.43617      -  42.4 3205s
 33726755 5243828   15.92308   28   87          -   15.43954      -  42.4 3210s
 33766947 5241963   16.58989   45   91          -   15.44421      -  42.4 3215s
 33814007 5238243   15.80000   43   69          -   15.44444      -  42.5 3220s
 33858632 5236827 infeasible   40               -   15.44828      -  42.5 3225s
 33903635 5234821   15.90909   42   88          -   15.45246      -  42.5 3230s
 33945254 5231773   16.80952   40   92          -   15.45455      -  42.5 3235s
 33993928 5229707   16.35443   51   82          -   15.45887      -  42.5 3240s
 34039267 5227446   15.70083   43  133          -   15.46154      -  42.5 3245s
 34082487 5224982 infeasible   51               -   15.46667      -  42.5 3250s
 34127367 5222910 infeasible   44               -   15.47020      -  42.5 3255s
 34172636 5220775   15.50000   35   34          -   15.47368      -  42.5 3260s
 34211364 5218995   16.57143   48   82          -   15.47727      -  42.5 3265s
 34256444 5216836   15.94118   45   79          -   15.48148      -  42.6 3270s
 34301549 5214659     cutoff   43               -   15.48649      -  42.6 3275s
 34345290 5212785   16.01414   49  114          -   15.49231      -  42.6 3280s
 34384637 5210468     cutoff   45               -   15.50000      -  42.6 3285s
 34422660 5200314 infeasible   45               -   15.50000      -  42.6 3290s
 34462434 5190324   16.00000   45   24          -   15.50000      -  42.6 3295s
 34497207 5181952     cutoff   51               -   15.50000      -  42.6 3300s
 34532615 5174311     cutoff   43               -   15.50000      -  42.7 3305s
 34577118 5164756   16.30769   41   90          -   15.50000      -  42.7 3310s
 34617614 5156745 infeasible   52               -   15.50000      -  42.7 3315s
 34652276 5150159     cutoff   56               -   15.50000      -  42.7 3320s
 34697280 5142177   16.50000   43   29          -   15.50000      -  42.7 3325s
 34737361 5135425     cutoff   35               -   15.50000      -  42.7 3330s
 34782723 5128361 infeasible   41               -   15.50000      -  42.7 3335s
 34827208 5121432   15.57143   37   41          -   15.50000      -  42.7 3340s
 34872137 5114905   17.32042   37   91          -   15.50000      -  42.8 3345s
 34912615 5109529 infeasible   46               -   15.50000      -  42.8 3350s
 34952578 5104384     cutoff   47               -   15.50000      -  42.8 3355s
 34997250 5098694   16.02083   46   63          -   15.50000      -  42.8 3360s
 35042662 5093136   15.62500   39   97          -   15.50000      -  42.8 3365s
 35087425 5087820   15.75000   46   53          -   15.50000      -  42.8 3370s
 35132729 5082783 infeasible   56               -   15.50000      -  42.8 3375s
 35182656 5077752   15.50000   36   23          -   15.50000      -  42.8 3380s
 35222489 5073637   15.87778   46   92          -   15.50000      -  42.8 3385s
 35267617 5069296   16.00000   38   47          -   15.50000      -  42.8 3390s
 35307739 5065791   16.00000   37   33          -   15.50000      -  42.8 3395s
 35353287 5062150   16.66667   35   52          -   15.50000      -  42.8 3400s
 35403171 5058465 infeasible   58               -   15.50000      -  42.8 3405s
 35448117 5055368     cutoff   48               -   15.50000      -  42.9 3410s
 35498451 5052363   16.25000   46   48          -   15.50000      -  42.9 3415s
 35548658 5050198   16.66667   54   77          -   15.50000      -  42.9 3420s
 35592474 5048185   15.76923   48   59          -   15.50000      -  42.9 3425s
 35631062 5046135   16.26316   46   83          -   15.50556      -  42.9 3430s
 35676195 5043633   15.93582   44  122          -   15.51163      -  42.9 3435s
 35720745 5041010   16.24656   43  122          -   15.51667      -  42.9 3440s
 35760894 5038462   15.66607   49  121          -   15.52093      -  42.9 3445s
 35805528 5035452 infeasible   36               -   15.52549      -  42.9 3450s
 35850941 5032484   16.16667   34   66          -   15.52941      -  42.9 3455s
 35896102 5029348     cutoff   52               -   15.53333      -  42.9 3460s
 35939761 5026307 infeasible   40               -   15.53846      -  43.0 3465s
 35980417 5023460   15.68539   47   84          -   15.54098      -  43.0 3470s
 36024887 5019545   15.61111   45   60          -   15.54545      -  43.0 3475s
 36069787 5016631   15.87580   51   67          -   15.54839      -  43.0 3480s
 36109823 5013749   16.17210   41  113          -   15.55195      -  43.0 3485s
 36149631 5009210     cutoff   47               -   15.55556      -  43.0 3490s
 36195425 5005810 infeasible   49               -   15.55602      -  43.0 3495s
 36234282 5003150     cutoff   44               -   15.56081      -  43.0 3500s
 36279072 4999693   15.91111   44  115          -   15.56470      -  43.0 3505s
 36319022 4996980   16.56250   34   90          -   15.56908      -  43.0 3510s
 36358886 4990691   16.06803   51   82          -   15.57143      -  43.0 3515s
 36405426 4986076 infeasible   45               -   15.57143      -  43.1 3520s
 36448634 4983344   16.56880   43  112          -   15.57529      -  43.1 3525s
 36489288 4980369   16.30233   52   80          -   15.57895      -  43.1 3530s
 36533679 4975662     cutoff   42               -   15.58333      -  43.1 3535s
 36573585 4972720   16.35994   48  112          -   15.58523      -  43.1 3540s
 36618459 4969127     cutoff   56               -   15.58974      -  43.1 3545s
 36662920 4965135   16.31388   33  132          -   15.59426      -  43.1 3550s
 36702023 4960729 infeasible   56               -   15.60000      -  43.1 3555s
 36742350 4952308 infeasible   56               -   15.60000      -  43.1 3560s
 36783315 4946200   16.90314   48  143          -   15.60000      -  43.1 3565s
 36828762 4940798 infeasible   41               -   15.60000      -  43.2 3570s
 36873930 4937032   16.04444   35  122          -   15.60000      -  43.2 3575s
 36917227 4933939 infeasible   42               -   15.60498      -  43.2 3580s
 36957190 4930420   15.84211   41   68          -   15.60909      -  43.2 3585s
 37002170 4926434     cutoff   33               -   15.61328      -  43.2 3590s
 37047252 4921796     cutoff   47               -   15.61657      -  43.2 3595s
 37091937 4918198   15.92791   34  104          -   15.62121      -  43.2 3600s
 37126688 4912778 infeasible   39               -   15.62500      -  43.2 3605s
 37172664 4906629     cutoff   53               -   15.62500      -  43.2 3610s
 37216397 4903054   16.47256   41  103          -   15.62718      -  43.2 3615s
 37255928 4899078   15.80000   42   62          -   15.63158      -  43.3 3620s
 37295310 4894832   16.94624   46   72          -   15.63636      -  43.3 3625s
 37336263 4890818     cutoff   55               -   15.63760      -  43.3 3630s
 37375230 4886612   16.65845   44  132          -   15.64249      -  43.3 3635s
 37420311 4881892 infeasible   46               -   15.64532      -  43.3 3640s
 37460297 4877695   16.25028   47  103          -   15.64935      -  43.3 3645s
 37504974 4873121 infeasible   47               -   15.65385      -  43.3 3650s
 37544515 4869109   16.50000   55   53          -   15.65814      -  43.3 3655s
 37589436 4865483 infeasible   55               -   15.66489      -  43.3 3660s
 37623347 4854942     cutoff   53               -   15.66667      -  43.3 3665s
 37658475 4844912 infeasible   50               -   15.66667      -  43.4 3670s
 37699095 4834522     cutoff   42               -   15.66667      -  43.4 3675s
 37738834 4825216     cutoff   38               -   15.66667      -  43.4 3680s
 37779280 4816762 infeasible   47               -   15.66667      -  43.4 3685s
 37824808 4808125     cutoff   47               -   15.66667      -  43.4 3690s
 37864905 4800953   15.75000   52   54          -   15.66667      -  43.4 3695s
 37910165 4793725 infeasible   40               -   15.66667      -  43.4 3700s
 37950200 4787835   16.00000   44   70          -   15.66667      -  43.4 3705s
 37995668 4781843   16.01017   49  107          -   15.66667      -  43.4 3710s
 38040821 4776403   16.32692   60   83          -   15.66667      -  43.4 3715s
 38080209 4772159   16.00000   36   82          -   15.66667      -  43.4 3720s
 38123420 4768169     cutoff   44               -   15.67045      -  43.5 3725s
 38163698 4763877   16.20755   42   90          -   15.67606      -  43.5 3730s
 38203900 4759655   16.04057   32  119          -   15.68022      -  43.5 3735s
 38248738 4754537   16.03431   45   80          -   15.68474      -  43.5 3740s
 38289005 4749512     cutoff   40               -   15.68809      -  43.5 3745s
 38328798 4744352   16.00000   53   36          -   15.69231      -  43.5 3750s
 38368451 4739949   16.15723   40   86          -   15.69565      -  43.5 3755s
 38408109 4733821     cutoff   52               -   15.70000      -  43.5 3760s
 38454101 4728139   16.22875   39  141          -   15.70024      -  43.5 3765s
 38492561 4723256     cutoff   46               -   15.70588      -  43.6 3770s
 38532692 4718692 infeasible   49               -   15.70930      -  43.6 3775s
 38577111 4710792   16.63636   50   68          -   15.71429      -  43.6 3780s
 38613872 4704464 infeasible   57               -   15.71429      -  43.6 3785s
 38653986 4699739     cutoff   41               -   15.71429      -  43.6 3790s
 38692107 4695087   16.35616   46   97          -   15.71947      -  43.6 3795s
 38737170 4689234     cutoff   48               -   15.72383      -  43.6 3800s
 38777505 4682864     cutoff   52               -   15.72727      -  43.6 3805s
 38816926 4678258     cutoff   46               -   15.73077      -  43.6 3810s
 38857354 4673013   16.12121   49   71          -   15.73404      -  43.6 3815s
 38896515 4667854   16.00000   41   52          -   15.73846      -  43.7 3820s
 38936385 4662748   16.33333   41   18          -   15.74308      -  43.7 3825s
 38980148 4654997 infeasible   43               -   15.75000      -  43.7 3830s
 39015726 4644075   16.00000   46   15          -   15.75000      -  43.7 3835s
 39056283 4633643   16.51515   49   92          -   15.75000      -  43.7 3840s
 39096298 4624365   16.16667   40   82          -   15.75000      -  43.7 3845s
 39141510 4615149     cutoff   37               -   15.75000      -  43.7 3850s
 39181873 4607457     cutoff   39               -   15.75000      -  43.7 3855s
 39226774 4599791   16.66667   52   58          -   15.75000      -  43.7 3860s
 39266899 4593540   16.47811   49   96          -   15.75000      -  43.7 3865s
 39311835 4587925 infeasible   50               -   15.75000      -  43.8 3870s
 39349668 4583188     cutoff   36               -   15.75455      -  43.8 3875s
 39389134 4577599   16.50000   44   24          -   15.76000      -  43.8 3880s
 39429014 4571524     cutoff   57               -   15.76471      -  43.8 3885s
 39468726 4565585   16.48252   38  108          -   15.76894      -  43.8 3890s
 39509191 4559678     cutoff   49               -   15.77193      -  43.8 3895s
 39548588 4553630   15.89377   44  105          -   15.77686      -  43.8 3900s
 39590320 4545489     cutoff   52               -   15.77778      -  43.8 3905s
 39628963 4540430     cutoff   40               -   15.78125      -  43.8 3910s
 39673802 4532496   16.12500   49   77          -   15.78571      -  43.9 3915s
 39713395 4526791 infeasible   40               -   15.78947      -  43.9 3920s
 39752756 4520798   16.66667   53   26          -   15.79383      -  43.9 3925s
 39792023 4512928   16.57143   44   43          -   15.80000      -  43.9 3930s
 39828040 4502781   16.00000   50   64          -   15.80000      -  43.9 3935s
 39868880 4493869 infeasible   53               -   15.80000      -  43.9 3940s
 39909264 4486298   15.93750   48   42          -   15.80000      -  43.9 3945s
 39954232 4479521   16.54949   44  102          -   15.80000      -  43.9 3950s
 39991988 4474041   16.13996   36  128          -   15.80531      -  43.9 3955s
 40026990 4468381     cutoff   49               -   15.80952      -  43.9 3960s
 40067560 4461396 infeasible   46               -   15.81250      -  44.0 3965s
 40106482 4454266 infeasible   43               -   15.81818      -  44.0 3970s
 40146769 4447828   16.33515   39  129          -   15.82051      -  44.0 3975s
 40186535 4440999   16.38462   47   75          -   15.82482      -  44.0 3980s
 40226010 4434545 infeasible   50               -   15.83015      -  44.0 3985s
 40266700 4422721     cutoff   34               -   15.83333      -  44.0 3990s
 40302486 4413433 infeasible   41               -   15.83333      -  44.0 3995s
 40343542 4404606   16.33333   39   55          -   15.83333      -  44.0 4000s
 40384084 4397186     cutoff   47               -   15.83333      -  44.0 4005s
 40422123 4391470 infeasible   45               -   15.83725      -  44.0 4010s
 40463149 4384473   16.07143   48   79          -   15.84211      -  44.1 4015s
 40503556 4376746   16.50000   53   23          -   15.84615      -  44.1 4020s
 40543097 4369736   16.52980   47  109          -   15.85010      -  44.1 4025s
 40577501 4363953   16.48214   45  125          -   15.85516      -  44.1 4030s
 40619038 4352470 infeasible   55               -   15.85714      -  44.1 4035s
 40660002 4344693   16.42424   41   82          -   15.85714      -  44.1 4040s
 40693547 4339016   16.00962   43   90          -   15.86198      -  44.1 4045s
 40733593 4330859 infeasible   51               -   15.86667      -  44.1 4050s
 40769068 4324835   16.03602   39   87          -   15.87013      -  44.1 4055s
 40804256 4316484   16.44776   42   95          -   15.87500      -  44.2 4060s
 40846185 4306172   16.13889   47   74          -   15.87500      -  44.2 4065s
 40885680 4299528   16.33684   41   76          -   15.87692      -  44.2 4070s
 40919406 4292398     cutoff   46               -   15.88235      -  44.2 4075s
 40960110 4285084   16.62500   46   35          -   15.88710      -  44.2 4080s
 40996708 4275381   16.48485   32  123          -   15.88889      -  44.2 4085s
 41036041 4268113   16.11111   40   31          -   15.89213      -  44.2 4090s
 41071664 4261345     cutoff   44               -   15.89655      -  44.2 4095s
 41112341 4250734   16.00000   52   36          -   15.90000      -  44.2 4100s
 41151630 4243234     cutoff   34               -   15.90278      -  44.3 4105s
 41186734 4236032   16.63881   43  106          -   15.90756      -  44.3 4110s
 41222926 4227768     cutoff   46               -   15.90957      -  44.3 4115s
 41262289 4219111   16.85653   38  137          -   15.91584      -  44.3 4120s
 41299248 4210385   16.62685   35  144          -   15.91667      -  44.3 4125s
 41337631 4201842 infeasible   42               -   15.92308      -  44.3 4130s
 41373105 4194507     cutoff   51               -   15.92593      -  44.3 4135s
 41413682 4185159     cutoff   53               -   15.92973      -  44.3 4140s
 41444122 4177923     cutoff   48               -   15.93333      -  44.3 4145s
 41484692 4168681     cutoff   55               -   15.93750      -  44.4 4150s
 41518905 4160972   16.60896   45  104          -   15.94220      -  44.4 4155s
 41558547 4151290 infeasible   44               -   15.94737      -  44.4 4160s
 41594128 4143363     cutoff   46               -   15.95161      -  44.4 4165s
 41628996 4135242 infeasible   47               -   15.95614      -  44.4 4170s
 41664135 4127035 infeasible   42               -   15.96078      -  44.4 4175s
 41699011 4118371   16.12500   45   66          -   15.96610      -  44.4 4180s
 41738873 4108747     cutoff   49               -   15.97222      -  44.4 4185s
 41773960 4100464     cutoff   38               -   15.97846      -  44.5 4190s
 41808743 4093565     cutoff   44               -   15.98529      -  44.5 4195s
 41809505 4093394   16.20000   50   87          -   15.98592      -  44.5 4200s
 41810113 4093242 infeasible   48               -   15.98634      -  44.5 4205s
 41810468 4093210 infeasible   52               -   15.98665      -  44.5 4212s
 41810822 4093128 infeasible   46               -   15.98686      -  44.5 4215s
 41811868 4092611     cutoff   52               -   15.98725      -  44.5 4221s
 41823524 4087396   16.58416   51   90          -   15.98765      -  44.5 4226s
 41855324 4078193 infeasible   51               -   15.99924      -  44.5 4230s
 41888590 4060776     cutoff   54               -   16.00000      -  44.5 4235s
 41919549 4043301   16.00000   46   29          -   16.00000      -  44.5 4240s
 41954837 4023527     cutoff   55               -   16.00000      -  44.5 4245s
 41984704 4006611 infeasible   47               -   16.00000      -  44.6 4250s
 42019753 3986137   16.10000   48   80          -   16.00000      -  44.6 4255s
 42049827 3968629     cutoff   39               -   16.00000      -  44.6 4260s
 42084696 3948131   16.23333   44   60          -   16.00000      -  44.6 4265s
 42114856 3931150 infeasible   48               -   16.00000      -  44.6 4270s
 42149809 3911802   16.40076   43   78          -   16.00000      -  44.6 4275s
 42179980 3894736 infeasible   46               -   16.00000      -  44.6 4280s
 42216542 3876841     cutoff   30               -   16.00000      -  44.7 4285s
 42252312 3859647     cutoff   36               -   16.00000      -  44.7 4290s
 42287283 3842602   17.00000   44   13          -   16.00000      -  44.7 4295s
 42317801 3827684 infeasible   45               -   16.00000      -  44.7 4300s
 42354030 3810356   16.00000   41    9          -   16.00000      -  44.7 4305s
 42389407 3794172   17.00000   52    8          -   16.00000      -  44.7 4310s
 42424867 3778254   16.10909   46   89          -   16.00000      -  44.7 4315s
 42461417 3764742   16.26667   45   53          -   16.00000      -  44.7 4320s
 42497686 3751255 infeasible   53               -   16.00000      -  44.8 4325s
 42533046 3737758   16.37500   45  103          -   16.00000      -  44.8 4330s
 42568596 3724074 infeasible   43               -   16.00000      -  44.8 4335s
 42604385 3710050     cutoff   37               -   16.00000      -  44.8 4340s
 42640597 3696548 infeasible   53               -   16.00000      -  44.8 4345s
 42676834 3683726 infeasible   57               -   16.00000      -  44.8 4350s
 42717465 3668898     cutoff   44               -   16.00000      -  44.8 4355s
 42753943 3657170     cutoff   45               -   16.00000      -  44.8 4360s
 42790073 3645918     cutoff   48               -   16.00000      -  44.8 4365s
 42830491 3632850     cutoff   43               -   16.00000      -  44.8 4370s
 42866395 3621133   16.29193   37   69          -   16.00000      -  44.9 4375s
 42902262 3609443 infeasible   32               -   16.00000      -  44.9 4380s
 42937808 3597445 infeasible   50               -   16.00000      -  44.9 4385s
 42974241 3586125     cutoff   45               -   16.00000      -  44.9 4390s
 43015587 3573646     cutoff   36               -   16.00000      -  44.9 4395s
 43051086 3562374     cutoff   40               -   16.00000      -  44.9 4400s
 43092248 3550416 infeasible   51               -   16.00000      -  44.9 4405s
 43133356 3538964   16.00000   46   14          -   16.00000      -  44.9 4410s
 43168988 3528888   16.22748   37  107          -   16.00000      -  44.9 4415s
 43209525 3516855 infeasible   46               -   16.00000      -  44.9 4420s
 43245754 3506310     cutoff   55               -   16.00000      -  45.0 4425s
 43281681 3496100     cutoff   58               -   16.00000      -  45.0 4430s
 43317404 3486027 infeasible   44               -   16.00000      -  45.0 4435s
 43358401 3474605 infeasible   52               -   16.00000      -  45.0 4440s
 43394380 3465265 infeasible   50               -   16.00000      -  45.0 4445s
 43430547 3456023     cutoff   45               -   16.00000      -  45.0 4450s
 43471198 3445590     cutoff   32               -   16.00000      -  45.0 4455s
 43512164 3434811     cutoff   56               -   16.00000      -  45.0 4460s
 43552849 3424597 infeasible   57               -   16.00000      -  45.0 4465s
 43589014 3415496 infeasible   40               -   16.00000      -  45.0 4470s
 43629677 3406035     cutoff   46               -   16.00000      -  45.0 4475s
 43669882 3396217     cutoff   44               -   16.00000      -  45.1 4480s
 43705809 3387887 infeasible   49               -   16.00000      -  45.1 4485s
 43746119 3378568   16.70909   46   73          -   16.00000      -  45.1 4490s
 43782019 3370837   16.26316   41   66          -   16.00000      -  45.1 4495s
 43822518 3361875   16.72727   37   86          -   16.00000      -  45.1 4500s
 43857822 3354365   16.01493   46  112          -   16.00000      -  45.1 4505s
 43892884 3347052     cutoff   47               -   16.00000      -  45.1 4510s
 43929053 3338605   16.44444   46   52          -   16.00000      -  45.1 4515s
 43962115 3330616   16.13543   35  124          -   16.00988      -  45.1 4520s
 43996986 3321620   16.63830   34   99          -   16.01905      -  45.1 4525s
 44037331 3311372   16.25000   53   50          -   16.02778      -  45.2 4530s
 44072186 3301860 infeasible   42               -   16.03448      -  45.2 4535s
 44107937 3292394     cutoff   51               -   16.04098      -  45.2 4540s
 44147117 3281923     cutoff   38               -   16.04762      -  45.2 4545s
 44182111 3272449 infeasible   40               -   16.05312      -  45.2 4550s
 44216811 3262352 infeasible   51               -   16.05882      -  45.2 4555s
 44251487 3252278   16.71429   51   55          -   16.06397      -  45.2 4560s
 44286354 3242257   16.60145   47   89          -   16.06964      -  45.2 4565s
 44325997 3230546     cutoff   45               -   16.07516      -  45.2 4570s
 44360537 3219887     cutoff   49               -   16.08065      -  45.3 4575s
 44396334 3208135   16.24380   58  106          -   16.08385      -  45.3 4580s
 44430116 3197220   16.56250   52   51          -   16.09091      -  45.3 4585s
 44464868 3186899     cutoff   42               -   16.09483      -  45.3 4590s
 44500373 3174749     cutoff   52               -   16.10000      -  45.3 4595s
 44534391 3164491   16.55417   41   96          -   16.10331      -  45.3 4600s
 44573694 3151310   16.69298   39   71          -   16.11111      -  45.3 4605s
 44610231 3139870     cutoff   59               -   16.11191      -  45.3 4610s
 44644114 3129028   16.18391   59   74          -   16.11778      -  45.3 4615s
 44678418 3115648   16.40741   41   59          -   16.12500      -  45.4 4620s
 44715087 3102651     cutoff   42               -   16.12500      -  45.4 4625s
 44747589 3092309 infeasible   44               -   16.13014      -  45.4 4630s
 44782618 3080534   16.36667   41  114          -   16.13565      -  45.4 4635s
 44822595 3065299 infeasible   44               -   16.14286      -  45.4 4640s
 44858987 3052233 infeasible   40               -   16.14286      -  45.4 4645s
 44891610 3040935   16.52941   49   81          -   16.14894      -  45.4 4650s
 44926966 3028260 infeasible   46               -   16.15385      -  45.4 4655s
 44961211 3016299     cutoff   36               -   16.16071      -  45.4 4660s
 44991504 3002322 infeasible   46               -   16.16667      -  45.5 4665s
 45032307 2983395 infeasible   46               -   16.16667      -  45.5 4670s
 45067560 2970108     cutoff   48               -   16.16667      -  45.5 4675s
 45100308 2958868     cutoff   44               -   16.17143      -  45.5 4680s
 45135075 2946257   16.75000   48   28          -   16.17808      -  45.5 4685s
 45170256 2932738 infeasible   45               -   16.18218      -  45.5 4690s
 45204546 2919404   17.16667   40   31          -   16.18841      -  45.5 4695s
 45233854 2908391 infeasible   50               -   16.19444      -  45.5 4700s
 45269735 2890327 infeasible   44               -   16.20000      -  45.5 4705s
 45305161 2873455 infeasible   38               -   16.20000      -  45.5 4710s
 45340006 2859424 infeasible   49               -   16.20000      -  45.6 4715s
 45372886 2847297   16.50000   43   54          -   16.20588      -  45.6 4720s
 45407058 2833418     cutoff   53               -   16.21277      -  45.6 4725s
 45441900 2819243   16.75000   38   39          -   16.21822      -  45.6 4730s
 45478070 2802859   16.81197   50  110          -   16.22222      -  45.6 4735s
 45511117 2789530 infeasible   37               -   16.22807      -  45.6 4740s
 45545554 2774433   16.50175   47  117          -   16.23445      -  45.6 4745s
 45575512 2762086 infeasible   47               -   16.24030      -  45.6 4750s
 45609457 2744434     cutoff   34               -   16.25000      -  45.7 4755s
 45646498 2722412     cutoff   47               -   16.25000      -  45.7 4760s
 45681329 2702909 infeasible   64               -   16.25000      -  45.7 4765s
 45716072 2684706   17.00000   46   77          -   16.25000      -  45.7 4770s
 45750825 2668047   16.28571   42   47          -   16.25000      -  45.7 4775s
 45784973 2652768   16.77500   42   70          -   16.25000      -  45.7 4780s
 45818010 2639513   16.37500   53   61          -   16.25373      -  45.7 4785s
 45852506 2624315 infeasible   41               -   16.26237      -  45.7 4790s
 45887172 2608739     cutoff   33               -   16.26923      -  45.7 4795s
 45921977 2592444   16.41860   41   89          -   16.27500      -  45.7 4800s
 45951302 2578583     cutoff   47               -   16.28125      -  45.8 4805s
 45987484 2558273     cutoff   41               -   16.28571      -  45.8 4810s
 46020490 2543139   16.44444   45   64          -   16.28992      -  45.8 4815s
 46050264 2529046     cutoff   34               -   16.29630      -  45.8 4820s
 46086246 2510568     cutoff   49               -   16.30000      -  45.8 4825s
 46119853 2493777     cutoff   50               -   16.30769      -  45.8 4830s
 46149119 2479256 infeasible   43               -   16.31418      -  45.8 4835s
 46183183 2462015     cutoff   44               -   16.32258      -  45.8 4840s
 46212825 2443766     cutoff   59               -   16.33333      -  45.8 4845s
 46249100 2417754     cutoff   53               -   16.33333      -  45.9 4850s
 46289662 2390255     cutoff   56               -   16.33333      -  45.9 4855s
 46324301 2368133     cutoff   47               -   16.33333      -  45.9 4860s
 46358220 2347316     cutoff   42               -   16.33333      -  45.9 4865s
 46392276 2327122     cutoff   52               -   16.33333      -  45.9 4870s
 46426201 2308464     cutoff   48               -   16.33333      -  45.9 4875s
 46459328 2292118     cutoff   53               -   16.33333      -  45.9 4880s
 46493338 2275733   16.50000   45   13          -   16.34177      -  45.9 4885s
 46523297 2260249   16.75000   45   48          -   16.35000      -  45.9 4890s
 46554057 2243193   17.00000   53   13          -   16.35714      -  45.9 4895s
 46584129 2225930     cutoff   43               -   16.36364      -  45.9 4900s
 46618452 2208098     cutoff   49               -   16.37226      -  46.0 4905s
 46655076 2184577 infeasible   50               -   16.37500      -  46.0 4910s
 46683394 2169594     cutoff   41               -   16.38139      -  46.0 4915s
 46716946 2151557   16.45996   53  104          -   16.38889      -  46.0 4920s
 46750382 2126792 infeasible   55               -   16.40000      -  46.0 4925s
 46787328 2101978     cutoff   50               -   16.40000      -  46.0 4930s
 46822029 2083267     cutoff   51               -   16.40000      -  46.0 4935s
 46853522 2067107     cutoff   38               -   16.40909      -  46.0 4940s
 46883010 2046117   16.79167   44   69          -   16.41667      -  46.0 4945s
 46911802 2029458 infeasible   49               -   16.42466      -  46.1 4950s
 46945029 2005059     cutoff   43               -   16.42857      -  46.1 4955s
 46974762 1986587     cutoff   40               -   16.43631      -  46.1 4960s
 47009807 1963082     cutoff   52               -   16.44444      -  46.1 4965s
 47045649 1939092     cutoff   45               -   16.45435      -  46.1 4971s
 47073376 1921922 infeasible   58               -   16.46053      -  46.1 4975s
 47104924 1902806   16.50000   54   25          -   16.46905      -  46.1 4980s
 47139466 1880269 infeasible   42               -   16.48148      -  46.1 4985s
 47168250 1860257 infeasible   34               -   16.49689      -  46.1 4990s
 47202287 1828202     cutoff   53               -   16.50000      -  46.1 4995s
 47249288 1786783     cutoff   59               -   16.50000      -  46.2 5001s
 47288477 1755459   17.25000   36   31          -   16.50000      -  46.2 5005s
 47327388 1723551     cutoff   45               -   16.50000      -  46.2 5010s
 47366789 1692552     cutoff   43               -   16.50000      -  46.2 5015s
 47418957 1652632   16.85714   44   63          -   16.50000      -  46.2 5021s
 47458527 1623064 infeasible   48               -   16.50000      -  46.2 5026s
 47497454 1593887 infeasible   45               -   16.50000      -  46.2 5031s
 47536457 1565357 infeasible   60               -   16.50000      -  46.2 5036s
 47575241 1537852     cutoff   45               -   16.50000      -  46.2 5041s
 47613729 1510803 infeasible   48               -   16.50000      -  46.2 5046s
 47652651 1484511 infeasible   59               -   16.50000      -  46.2 5051s
 47691012 1459450 infeasible   46               -   16.50000      -  46.2 5056s
 47728266 1440382     cutoff   43               -   16.50000      -  46.2 5060s
 47757954 1421254     cutoff   39               -   16.51408      -  46.3 5065s
 47787812 1399481 infeasible   48               -   16.52727      -  46.3 5070s
 47818725 1376573     cutoff   34               -   16.53846      -  46.3 5075s
 47846743 1355816 infeasible   39               -   16.55000      -  46.3 5080s
 47884954 1325970     cutoff   51               -   16.56250      -  46.3 5085s
 47915268 1299360 infeasible   44               -   16.57143      -  46.3 5090s
 47939629 1276738     cutoff   47               -   16.58182      -  46.3 5095s
 47980991 1237638 infeasible   48               -   16.60000      -  46.3 5101s
 48023982 1212287     cutoff   51               -   16.60000      -  46.3 5105s
 48051742 1189653     cutoff   49               -   16.61538      -  46.3 5110s
 48088840 1158615     cutoff   54               -   16.62581      -  46.3 5115s
 48123570 1128980 infeasible   45               -   16.64516      -  46.3 5120s
 48154343 1089023 infeasible   50               -   16.66667      -  46.3 5125s
 48194773 1049177     cutoff   42               -   16.66667      -  46.3 5130s
 48261339 989195     cutoff   34               -   16.66667      -  46.3 5137s
 48296650 974410     cutoff   49               -   16.66667      -  46.3 5140s
 48330512 944818     cutoff   44               -   16.69298      -  46.4 5145s
 48360967 903510 infeasible   39               -   16.71289      -  46.4 5151s
 48404631 878281     cutoff   50               -   16.73387      -  46.4 5155s
 48444806 822006 infeasible   41               -   16.75000      -  46.3 5161s
 48498118 791799     cutoff   40               -   16.75000      -  46.3 5165s
 48533535 758766     cutoff   52               -   16.77857      -  46.3 5170s
 48579070 716795 infeasible   37               -   16.80000      -  46.3 5175s
 48628744 670264 infeasible   41               -   16.83333      -  46.3 5180s
 48671343 628764 infeasible   43               -   16.87500      -  46.3 5185s
 48710100 591122     cutoff   50               -   16.92424      -  46.3 5190s
 48783863 500301     cutoff   49               -   17.00000      -  46.3 5195s
 48878901 408673 infeasible   61               -   17.00000      -  46.2 5200s
 48971124 320078 infeasible   55               -   17.00000      -  46.2 5205s
 49038953 253776 infeasible   44               -   17.00000      -  46.1 5210s
 49105973 188801 infeasible   45               -   17.00000      -  46.1 5215s
 49172535 130229     cutoff   46               -   17.00000      -  46.1 5220s

Cutting planes:
  Gomory: 8
  Implied bound: 315
  MIR: 402
  Zero half: 507
  Relax-and-lift: 12

Explored 49202242 nodes (2267492503 simplex iterations) in 5222.14 seconds (4814.72 work units)
Thread count was 48 (of 64 available processors)

Solution count 0

Model objective exceeds cutoff
Best objective -, best bound 1.750000000185e+01, gap -

Gurobi 13.0.3 (linux64) logging started Fri Oct  2 03:48:48 2026

Set parameter LogFile to value "D2_10_gurobi.log"
Set parameter Threads to value 48
Set parameter NodefileStart to value 200
Set parameter NodefileDir to value "."
Set parameter SoftMemLimit to value 1000
Set parameter Cutoff to value 17.5
Set parameter MIPFocus to value 3
Set parameter Symmetry to value 2
Gurobi Optimizer version 13.0.3 build v13.0.3rc0 (linux64 - "Ubuntu 24.04.4 LTS")

CPU model: AMD Ryzen Threadripper PRO 9975WX 32-Cores, instruction set [SSE2|AVX|AVX2|AVX512]
Thread count: 32 physical cores, 64 logical processors, using up to 48 threads

Non-default parameters:
Cutoff  17.5
SoftMemLimit  1000
MIPFocus  3
NodefileStart  200
Symmetry  2
Threads  48

Optimize a model with 109 rows, 325 columns and 921 nonzeros (Min)
Model fingerprint: 0x66c8971f
Model has 216 linear objective coefficients
Variable types: 0 continuous, 325 integer (216 binary)
Coefficient statistics:
  Matrix range     [1e+00, 2e+00]
  Objective range  [1e+00, 1e+00]
  Bounds range     [1e+00, 3e+01]
  RHS range        [1e+00, 1e+00]

Presolve time: 0.00s
Presolved: 109 rows, 325 columns, 921 nonzeros
Variable types: 0 continuous, 325 integer (216 binary)
Root relaxation presolve removed 109 rows and 325 columns
Root relaxation presolve: All rows and columns removed

Root relaxation: objective 1.000000e+00, 0 iterations, 0.00 seconds (0.00 work units)

    Nodes    |    Current Node    |     Objective Bounds      |     Work
 Expl Unexpl |  Obj  Depth IntInf | Incumbent    BestBd   Gap | It/Node Time

     0     0    1.00000    0    4          -    1.00000      -     -    0s
     0     0    1.00000    0    4          -    1.00000      -     -    0s
     0     0    1.00000    0    3          -    1.00000      -     -    0s
     0     0    2.00000    0    4          -    2.00000      -     -    0s
     0     0    2.00000    0    4          -    2.00000      -     -    0s
     0     2    2.00000    0    4          -    2.00000      -     -    0s
  7258  5841    7.83161   34  148          -    7.60417      -  68.1    5s
 35452 25289    9.60641   45  109          -    8.64987      -  41.4   10s
 64014 44781    9.37351   20  119          -    9.02713      -  36.5   15s
 122886 79431    9.59506   46  126          -    9.43382      -  32.1   20s
 128777 79808   11.14044   29   91          -    9.52458      -  32.2   25s
 138850 89360   12.00000   46   45          -    9.59715      -  32.0   30s
 202784 122533   10.62540   30  124          -    9.90909      -  30.1   35s
 259929 153227   10.96601   32  130          -   10.11161      -  29.3   40s
 320862 185059   12.83978   42   62          -   10.30000      -  28.7   45s
 381011 218080   12.61707   33  131          -   10.45775      -  28.4   50s
 452103 252525   11.69869   26   92          -   10.60274      -  28.2   55s
 513905 282759   11.34794   33  107          -   10.72661      -  28.0   60s
 581414 316085   11.29091   41   93          -   10.84019      -  27.9   65s
 640282 346347   11.75182   29   83          -   10.94444      -  27.9   70s
 703849 374355   11.35272   33  109          -   11.00000      -  27.9   75s
 766821 406136   12.31214   35   80          -   11.10753      -  27.9   80s
 830614 435700   12.06172   38  122          -   11.19407      -  27.8   85s
 889968 463078   11.68025   33  127          -   11.26000      -  27.8   90s
 954401 492261   11.57273   49   85          -   11.33333      -  27.8   95s
 1010660 518541   12.37089   37   94          -   11.39331      -  27.8  100s
 1073678 546417   11.94096   39  131          -   11.45455      -  27.8  105s
 1132840 571386   13.50000   43   23          -   11.50000      -  27.9  110s
 1189767 597227   11.87392   30  140          -   11.54482      -  27.9  115s
 1248583 622895   12.37500   38   89          -   11.60000      -  27.9  120s
 1307765 649416   12.92320   29  101          -   11.65473      -  27.9  125s
 1380348 680171   12.57601   45   98          -   11.70455      -  27.9  130s
 1452736 710429   13.02690   43   91          -   11.75499      -  28.0  135s
 1513353 736030   12.88343   45  130          -   11.80000      -  28.0  140s
 1580438 764426   14.00000   40   15          -   11.85484      -  28.0  145s
 1641735 790491   14.26367   40   96          -   11.89785      -  28.0  150s
 1702253 816238   12.12324   30  108          -   11.94369      -  28.1  155s
 1773470 845036   15.50000   40   19          -   12.00000      -  28.1  160s
 1840980 867712   13.76656   30  141          -   12.00000      -  28.2  165s
 1908468 894414   14.11496   36  115          -   12.01054      -  28.2  170s
 1968827 920093   13.45673   40  110          -   12.06358      -  28.2  175s
 2030243 945497   12.93489   34  120          -   12.10488      -  28.2  180s
 2097858 972486   13.98043   34  111          -   12.14321      -  28.3  185s
 2164389 999673   15.21875   46   79          -   12.18182      -  28.3  190s
 2225509 1024051   14.33070   36  106          -   12.21250      -  28.3  195s
 2291920 1049593   13.95238   46   97          -   12.25000      -  28.3  200s
 2353511 1073549   13.88216   41   76          -   12.27273      -  28.3  205s
 2414753 1097486   12.82452   32  117          -   12.30315      -  28.4  210s
 2474814 1119575   13.60606   53   65          -   12.33333      -  28.4  215s
 2541172 1145035   14.54751   37   96          -   12.35299      -  28.4  220s
 2607815 1170783   13.91014   31   98          -   12.38789      -  28.5  225s
 2669912 1193038   13.21747   31  124          -   12.41327      -  28.5  230s
 2735746 1217670   12.78420   41  117          -   12.44387      -  28.5  235s
 2802077 1242742   12.79249   29  128          -   12.47358      -  28.5  240s
 2853724 1259797   15.57447   41   87          -   12.50000      -  28.6  245s
 2889050 1271102   15.00000   36   12          -   12.50000      -  28.6  250s
 2952386 1291611   13.13394   36   90          -   12.50000      -  28.6  255s
 3011943 1313202   13.94263   35  153          -   12.52252      -  28.7  260s
 3083849 1339829   14.05298   35  110          -   12.55556      -  28.7  265s
 3151436 1364378   13.86250   29   93          -   12.58333      -  28.7  270s
 3213841 1386286   13.04222   29  125          -   12.60000      -  28.7  275s
 3274229 1407829   13.82886   46  101          -   12.62500      -  28.7  280s
 3335739 1429281   15.51550   30  132          -   12.65060      -  28.7  285s
 3395338 1448692   14.00000   44   47          -   12.66667      -  28.8  290s
 3457674 1469763   14.69643   35   89          -   12.67797      -  28.8  295s
 3523986 1493095   14.21723   28  100          -   12.70347      -  28.8  300s
 3590775 1515916   14.14807   32  124          -   12.72727      -  28.8  305s
 3658110 1538059   13.46370   39  116          -   12.75000      -  28.9  310s
 3726387 1561264   14.74197   42  131          -   12.76389      -  28.9  315s
 3792884 1583145   13.70853   48   78          -   12.78689      -  28.9  320s
 3854075 1603425     cutoff   54               -   12.80234      -  28.9  325s
 3925542 1627829   13.56170   40  100          -   12.82895      -  28.9  330s
 3992137 1648993   14.62000   43   56          -   12.84574      -  29.0  335s
 4059000 1671586   14.06272   38   93          -   12.86571      -  29.0  340s
 4118993 1691772   14.31397   31  129          -   12.88435      -  29.0  345s
 4175990 1710546   15.05803   35  123          -   12.90118      -  29.0  350s
 4242520 1732297   15.95304   42   90          -   12.92308      -  29.1  355s
 4309174 1753970   14.00000   39   18          -   12.94545      -  29.1  360s
 4366574 1772726   14.70588   33   76          -   12.96552      -  29.1  365s
 4427169 1792956   14.61922   38  109          -   12.99109      -  29.1  370s
 4482628 1805939     cutoff   33               -   13.00000      -  29.2  375s
 4543273 1818938   14.50000   52   18          -   13.00000      -  29.2  380s
 4604112 1833925 infeasible   55               -   13.00000      -  29.3  385s
 4664556 1850308   14.06977   38   74          -   13.00000      -  29.3  390s
 4726469 1867318   14.00000   49   17          -   13.00000      -  29.3  395s
 4788542 1884483   13.17094   40   83          -   13.00000      -  29.4  400s
 4849683 1903788   13.77778   45   64          -   13.00000      -  29.4  405s
 4908080 1922439   14.61616   41   89          -   13.02301      -  29.4  410s
 4969069 1942313   13.47535   41  102          -   13.04760      -  29.4  415s
 5035042 1962795   14.11082   33  117          -   13.06897      -  29.4  420s
 5096638 1981576   14.01162   34  128          -   13.08724      -  29.4  425s
 5168967 2004361   14.22265   41  108          -   13.10719      -  29.4  430s
 5222993 2021033   13.50664   34  105          -   13.12245      -  29.4  435s
 5285837 2039908   14.18312   37  123          -   13.13696      -  29.4  440s
 5340733 2057090   13.41365   33  117          -   13.15051      -  29.4  445s
 5395863 2073782     cutoff   38               -   13.16667      -  29.4  450s
 5451518 2090394   13.20730   46  129          -   13.17647      -  29.5  455s
 5513441 2108547   14.16356   40  119          -   13.19298      -  29.5  460s
 5575103 2125444   14.66667   39   99          -   13.20080      -  29.5  465s
 5640205 2145031   13.75765   35  126          -   13.22105      -  29.5  470s
 5697638 2162662   13.72583   33  132          -   13.23437      -  29.5  475s
 5758191 2179486   15.00000   38   16          -   13.25000      -  29.5  480s
 5817004 2194241   14.74138   47  101          -   13.25000      -  29.5  485s
 5887266 2215588   13.85000   41  115          -   13.26667      -  29.6  490s
 5951758 2233801   14.78856   26  138          -   13.28344      -  29.6  495s
 6007946 2249585   14.03922   40   80          -   13.29377      -  29.6  500s
 6069415 2266859   14.55220   40   88          -   13.30769      -  29.6  505s
 6131684 2284909   14.33333   35   98          -   13.32308      -  29.6  510s
 6187585 2298559     cutoff   50               -   13.33333      -  29.6  515s
 6249722 2312879   15.00000   46   14          -   13.33333      -  29.7  520s
 6310155 2329920   15.57895   49   78          -   13.33734      -  29.7  525s
 6366477 2345663   14.13462   42   86          -   13.35294      -  29.7  530s
 6425945 2362566   16.00000   49   32          -   13.36667      -  29.7  535s
 6482811 2377567   15.93721   39   79          -   13.37624      -  29.7  540s
 6542819 2393800   16.80000   30   72          -   13.39127      -  29.7  545s
 6598152 2407821   15.50000   43   60          -   13.40000      -  29.7  550s
 6653111 2422717   15.03125   42   65          -   13.40907      -  29.8  555s
 6709485 2438468   15.00000   34   95          -   13.42105      -  29.8  560s
 6765718 2452607   14.31357   32  137          -   13.42873      -  29.8  565s
 6821116 2467671   13.96739   35  124          -   13.44304      -  29.8  570s
 6877186 2482555   16.40407   35   93          -   13.45397      -  29.8  575s
 6929222 2496949   14.28807   47  103          -   13.46429      -  29.8  580s
 6989720 2513243   14.99267   43   87          -   13.47826      -  29.8  585s
 7044823 2528592   13.58824   33  100          -   13.49254      -  29.9  590s
 7098247 2539174   15.26263   33   89          -   13.50000      -  29.9  595s
 7154321 2548986   14.50000   51   42          -   13.50000      -  29.9  600s
 7210568 2559709   14.42593   45   65          -   13.50000      -  29.9  605s
 7266485 2571794   15.00000   46   14          -   13.50000      -  30.0  610s
 7322612 2583557   14.03922   37  114          -   13.50000      -  30.0  615s
 7383210 2598481   14.33179   38  106          -   13.50000      -  30.0  620s
 7438441 2613509   13.67308   33  117          -   13.50868      -  30.0  625s
 7494881 2628908   13.83333   47   44          -   13.52381      -  30.0  630s
 7546251 2642191   13.95705   45   96          -   13.53456      -  30.0  635s
 7604079 2657599   14.70492   50  101          -   13.54589      -  30.0  640s
 7659184 2672037   14.92437   35  118          -   13.55652      -  30.0  645s
 7722714 2687985   15.09677   39   50          -   13.57143      -  30.0  650s
 7777616 2702040   16.00000   54    9          -   13.57820      -  30.1  655s
 7834113 2716838   14.54949   35  126          -   13.58840      -  30.1  660s
 7885569 2729578     cutoff   45               -   13.60000      -  30.1  665s
 7942212 2742834   14.19953   30  135          -   13.60059      -  30.1  670s
 8002415 2758323   13.71264   25  102          -   13.61446      -  30.1  675s
 8052340 2771012   14.82434   31  115          -   13.62500      -  30.1  680s
 8114449 2786535   14.79653   23  115          -   13.63354      -  30.1  685s
 8169680 2799984   14.40476   43   85          -   13.64299      -  30.1  690s
 8231313 2815582   15.10294   37   81          -   13.65625      -  30.2  695s
 8290656 2827830   14.00000   47   14          -   13.66667      -  30.2  700s
 8351370 2838964   14.00000   42   32          -   13.66667      -  30.2  705s
 8416188 2852635   14.06212   35  123          -   13.66667      -  30.2  710s
 8474559 2867288   14.50000   35   17          -   13.67470      -  30.2  715s
 8534227 2882340   14.07521   43  109          -   13.68750      -  30.2  720s
 8589137 2896379   14.86885   47   72          -   13.69825      -  30.3  725s
 8643366 2909219     cutoff   38               -   13.70666      -  30.3  730s
 8674147 2915948   14.00000   51    8          -   13.71429      -  30.3  735s
 8674598 2916268   13.83410   42   93          -   13.71429      -  30.3  740s
 8675027 2916607   14.26011   30  124          -   13.71429      -  30.3  745s
 8675291 2916823   14.26087   39   74          -   13.71429      -  30.3  750s
 8675451 2916954     cutoff   40               -   13.71429      -  30.3  756s
 8675663 2917126   16.00000   47   35          -   13.71429      -  30.3  760s
 8675820 2917264   14.40000   37   48          -   13.71429      -  30.3  765s
 8677854 2918135   14.25000   43   58          -   13.71429      -  30.3  770s
 8690171 2923198     cutoff   43               -   13.71429      -  30.3  776s
 8719007 2928753   14.48498   38  113          -   13.71930      -  30.3  780s
 8774582 2941273   14.17786   35  120          -   13.73218      -  30.3  785s
 8815882 2950032   14.03176   43  105          -   13.74026      -  30.3  790s
 8816288 2950394   15.45409   40  113          -   13.74150      -  30.3  795s
 8816645 2950706   15.61905   32   82          -   13.74272      -  30.3  800s
 8816899 2950930   16.25225   39   99          -   13.74359      -  30.3  806s
 8817053 2951068   14.77966   46   73          -   13.74405      -  30.3  810s
 8817207 2951202   14.23279   33  123          -   13.74450      -  30.3  815s
 8817414 2951381   14.99107   31  112          -   13.74518      -  30.3  821s
 8817515 2951472   14.42727   31   95          -   13.74561      -  30.3  826s
 8818038 2952310   13.99729   48  126          -   13.74602      -  30.3  830s
 8841819 2957065   14.00000   44   86          -   13.74699      -  30.3  838s
 8855828 2958721   14.85714   33   53          -   13.75000      -  30.4  840s
 8892874 2964888   16.50000   42   52          -   13.75000      -  30.4  845s
 8948766 2976372   14.71130   37  126          -   13.75000      -  30.4  850s
 9003843 2990108   15.09524   30   64          -   13.76000      -  30.4  855s
 9060728 3002893   15.00000   45   35          -   13.76954      -  30.4  860s
 9116714 3014959   16.00000   37   46          -   13.77778      -  30.4  865s
 9177010 3028579   16.27885   38  101          -   13.78846      -  30.4  870s
 9229101 3039694   14.94608   43  118          -   13.80000      -  30.4  875s
 9282440 3049753   13.92000   44   76          -   13.80000      -  30.4  880s
 9336940 3062249   15.38462   38   51          -   13.80882      -  30.5  885s
 9392406 3074947 infeasible   44               -   13.81818      -  30.5  890s
 9448224 3087942 infeasible   34               -   13.82857      -  30.5  895s
 9505847 3098416   15.00000   36    6          -   13.83333      -  30.5  900s
 9561013 3110805   14.05404   35  126          -   13.83871      -  30.5  905s
 9616463 3123359   14.14972   35   85          -   13.84828      -  30.5  910s
 9671723 3135233   15.41176   39   64          -   13.85714      -  30.5  915s
 9727611 3147628   14.67006   28  126          -   13.86364      -  30.5  920s
 9787976 3160235   14.53125   33   62          -   13.87500      -  30.6  925s
 9844578 3172431   14.50000   42   19          -   13.88000      -  30.6  930s
 9895487 3183211   15.40452   36  112          -   13.88889      -  30.6  935s
 9956498 3197060   15.06316   34  101          -   13.89781      -  30.6  940s
 10012332 3208341   14.40000   39   80          -   13.90564      -  30.6  945s
 10072411 3221296   15.06250   42   58          -   13.91566      -  30.6  950s
 10124522 3231367   14.13378   38  113          -   13.92254      -  30.6  955s
 10185336 3244253   14.64000   37   84          -   13.93125      -  30.7  960s
 10245549 3257308   15.19180   42   98          -   13.94093      -  30.7  965s
 10301659 3269268   14.75000   52   55          -   13.95000      -  30.7  970s
 10362545 3282064   14.64706   38   66          -   13.96011      -  30.7  975s
 10417824 3293828   15.00000   43   59          -   13.97027      -  30.7  980s
 10473438 3306080 infeasible   32               -   13.98120      -  30.7  985s
 10534921 3320169   15.23377   35   93          -   13.99735      -  30.7  990s
 10583304 3325025     cutoff   50               -   14.00000      -  30.8  995s
 10628045 3328353   14.63039   39   87          -   14.00000      -  30.8 1000s
 10676427 3332220   16.41938   41  116          -   14.00000      -  30.8 1005s
 10725922 3336277 infeasible   55               -   14.00000      -  30.9 1010s
 10775861 3340746   16.40000   41   63          -   14.00000      -  30.9 1015s
 10825554 3345673   15.90000   50   44          -   14.00000      -  30.9 1020s
 10881643 3352359   15.00000   51   34          -   14.00000      -  30.9 1025s
 10932721 3358620   15.50000   39   63          -   14.00000      -  31.0 1030s
 10983073 3365559   16.04545   39   68          -   14.00000      -  31.0 1035s
 11039550 3373980   14.17460   35   64          -   14.00000      -  31.0 1040s
 11100481 3382956   15.00000   38    9          -   14.00000      -  31.0 1045s
 11157028 3391393 infeasible   37               -   14.00000      -  31.0 1050s
 11212168 3400234   14.00000   34   48          -   14.00000      -  31.0 1055s
 11268840 3409591   16.08023   36   97          -   14.00000      -  31.0 1060s
 11330022 3420152   15.00000   52    9          -   14.00000      -  31.1 1065s
 11387552 3430213   15.00000   56   17          -   14.00000      -  31.1 1070s
 11443951 3440237 infeasible   41               -   14.00000      -  31.1 1075s
 11506393 3452195   15.40000   36   73          -   14.00000      -  31.1 1080s
 11568903 3465237   16.00000   35   57          -   14.00000      -  31.1 1085s
 11623193 3476847   15.09819   36  106          -   14.00568      -  31.1 1090s
 11678854 3488294   14.22122   34  117          -   14.02041      -  31.1 1095s
 11738470 3501347   14.33333   47   58          -   14.03333      -  31.1 1100s
 11789861 3512013   16.35161   38  106          -   14.04300      -  31.1 1105s
 11846253 3523353   15.33333   39   78          -   14.05263      -  31.1 1110s
 11906447 3535817   15.10631   53   98          -   14.06250      -  31.1 1115s
 11955796 3545823   14.42857   27   67          -   14.07143      -  31.1 1120s
 12018126 3558618 infeasible   52               -   14.08042      -  31.1 1125s
 12073098 3569270   16.25000   33   99          -   14.08824      -  31.1 1130s
 12129137 3580118   15.24089   38  121          -   14.09574      -  31.1 1135s
 12184375 3590386   14.82949   39   98          -   14.10227      -  31.2 1140s
 12233963 3600134   14.63275   39  100          -   14.11111      -  31.2 1145s
 12289448 3610893 infeasible   55               -   14.11667      -  31.2 1150s
 12343753 3621503   17.02439   42   95          -   14.12500      -  31.2 1155s
 12399495 3631909   16.00000   43   34          -   14.12963      -  31.2 1160s
 12460667 3643928 infeasible   48               -   14.13846      -  31.2 1165s
 12516314 3653420   15.42857   40   67          -   14.14286      -  31.2 1170s
 12571381 3664334   14.86424   30  128          -   14.15101      -  31.2 1175s
 12627593 3675408   16.04908   43   77          -   14.15900      -  31.2 1180s
 12676972 3684067   15.81250   39   58          -   14.16667      -  31.2 1185s
 12729246 3691491   15.89939   32  110          -   14.16667      -  31.2 1190s
 12784958 3702401   15.31903   35  123          -   14.17327      -  31.2 1195s
 12841085 3712579     cutoff   59               -   14.18182      -  31.2 1200s
 12900562 3723913   15.80173   40  121          -   14.18830      -  31.2 1205s
 12955711 3734668   14.74058   28   96          -   14.19724      -  31.3 1210s
 13005852 3741203   16.40000   39   63          -   14.20000      -  31.3 1215s
 13067040 3751726   15.89063   45   82          -   14.20339      -  31.3 1220s
 13123388 3762083   15.45598   42  113          -   14.21212      -  31.3 1225s
 13184354 3773513   15.10000   44   68          -   14.22037      -  31.3 1230s
 13235467 3781987   15.31288   40  113          -   14.22449      -  31.3 1235s
 13293262 3792440   15.60159   44   82          -   14.23200      -  31.3 1240s
 13348784 3802092   15.34716   58  108          -   14.24000      -  31.3 1245s
 13407906 3811681 infeasible   45               -   14.25000      -  31.3 1250s
 13468336 3817889   15.02614   43  110          -   14.25000      -  31.3 1255s
 13529881 3826240   15.80000   52   48          -   14.25000      -  31.4 1260s
 13585582 3835163   16.59908   53  109          -   14.25000      -  31.4 1265s
 13640802 3845201   16.98558   35  117          -   14.25926      -  31.4 1270s
 13701409 3856050   15.17424   27   98          -   14.26667      -  31.4 1275s
 13755791 3865465   16.12392   34  117          -   14.27368      -  31.4 1280s
 13811185 3875305   16.86504   42  106          -   14.28163      -  31.4 1285s
 13862414 3882695   14.97368   44   56          -   14.28571      -  31.4 1290s
 13922216 3893699   15.32564   36  122          -   14.29196      -  31.4 1295s
 13972513 3901804     cutoff   42               -   14.30000      -  31.4 1300s
 14022009 3910355   15.51908   34   89          -   14.30370      -  31.4 1305s
 14077305 3919811     cutoff   36               -   14.31034      -  31.4 1310s
 14133049 3929229 infeasible   43               -   14.31763      -  31.4 1315s
 14182665 3937928   15.65385   46   66          -   14.32461      -  31.5 1320s
 14236709 3945521 infeasible   52               -   14.33333      -  31.5 1325s
 14287067 3948734   15.50000   58   28          -   14.33333      -  31.5 1330s
 14343206 3953887   15.67273   31   90          -   14.33333      -  31.5 1335s
 14394161 3959569   15.85714   36   67          -   14.33333      -  31.5 1340s
 14450470 3966401   16.00000   39    9          -   14.33333      -  31.5 1345s
 14506202 3974751   15.33333   32   25          -   14.33333      -  31.5 1350s
 14559788 3984165   14.61988   40   84          -   14.34021      -  31.5 1355s
 14616486 3993512   15.66065   50  100          -   14.34783      -  31.5 1360s
 14665717 4001554     cutoff   44               -   14.35417      -  31.5 1365s
 14727255 4011147   15.24529   36  124          -   14.36134      -  31.6 1370s
 14777897 4018740     cutoff   44               -   14.36667      -  31.6 1375s
 14832090 4027262   15.22771   47   97          -   14.37500      -  31.6 1380s
 14879007 4033355   15.69689   31  141          -   14.37500      -  31.6 1385s
 14938178 4042967   15.48000   42   82          -   14.38278      -  31.6 1390s
 14997997 4051739   16.87500   46   78          -   14.38889      -  31.6 1395s
 15049686 4060352   15.46946   33  110          -   14.39580      -  31.6 1400s
 15101842 4065765 infeasible   43               -   14.40000      -  31.6 1405s
 15154302 4071877   16.00000   53   36          -   14.40000      -  31.6 1410s
 15211114 4080398   14.61625   48   57          -   14.40476      -  31.6 1415s
 15269627 4090234   15.62809   20  116          -   14.41200      -  31.6 1420s
 15325088 4098191   14.61905   37   92          -   14.41697      -  31.7 1425s
 15375469 4106265   15.27273   55   62          -   14.42424      -  31.7 1430s
 15430179 4112993     cutoff   36               -   14.42857      -  31.7 1435s
 15484769 4121717   14.80000   30   47          -   14.43333      -  31.7 1440s
 15539608 4130084   15.00000   35   11          -   14.43979      -  31.7 1445s
 15584781 4136092 infeasible   41               -   14.44444      -  31.7 1450s
 15639854 4144334   16.15752   47   83          -   14.45000      -  31.7 1455s
 15697786 4152786   15.24290   34  121          -   14.45455      -  31.7 1460s
 15747426 4160196   15.77909   32  110          -   14.46154      -  31.7 1465s
 15802652 4167999   15.33333   39   40          -   14.46667      -  31.7 1470s
 15859005 4176344 infeasible   42               -   14.47368      -  31.8 1475s
 15908504 4183664   14.98425   37   96          -   14.47937      -  31.8 1480s
 15959392 4191063   15.51183   44  100          -   14.48601      -  31.8 1485s
 16013848 4199376   16.53333   59   52          -   14.49495      -  31.8 1490s
 16062262 4202390     cutoff   42               -   14.50000      -  31.8 1495s
 16106421 4203101 infeasible   39               -   14.50000      -  31.8 1500s
 16155744 4204284   15.68441   36  112          -   14.50000      -  31.8 1505s
 16200171 4206202   15.50000   43   73          -   14.50000      -  31.9 1510s
 16249704 4208068   16.12346   34   89          -   14.50000      -  31.9 1515s
 16295378 4210907   14.88889   38   86          -   14.50000      -  31.9 1520s
 16346370 4214200     cutoff   50               -   14.50000      -  31.9 1525s
 16396775 4218112   15.76959   36  112          -   14.50000      -  31.9 1530s
 16452535 4222614   15.00000   47   14          -   14.50000      -  31.9 1535s
 16507774 4227424   15.89333   36   85          -   14.50000      -  31.9 1540s
 16559761 4232200 infeasible   35               -   14.50000      -  31.9 1545s
 16610809 4237467   14.98630   39  112          -   14.50000      -  31.9 1550s
 16662642 4243088   14.75000   42   60          -   14.50000      -  31.9 1555s
 16723896 4250578   15.59146   36   90          -   14.50000      -  31.9 1560s
 16773938 4257632   15.40854   42   89          -   14.50000      -  31.9 1565s
 16833642 4266507   15.50000   43   29          -   14.51020      -  32.0 1570s
 16877841 4273027   16.14286   45   75          -   14.51681      -  32.0 1575s
 16932449 4280942   15.10979   35  112          -   14.52381      -  32.0 1580s
 16982774 4287923   16.40000   42   38          -   14.52949      -  32.0 1585s
 17033771 4294822   15.33333   39   45          -   14.53571      -  32.0 1590s
 17088974 4302072 infeasible   35               -   14.54167      -  32.0 1595s
 17138256 4308325   15.60252   28  101          -   14.54639      -  32.0 1600s
 17192482 4315696   16.14286   39   56          -   14.55357      -  32.0 1605s
 17248560 4321721   16.23007   35  125          -   14.55682      -  32.0 1610s
 17297781 4328252   14.83028   27  132          -   14.56261      -  32.0 1615s
 17352716 4335630   15.10000   37   83          -   14.57075      -  32.0 1620s
 17403226 4340153   16.24627   46  100          -   14.57143      -  32.1 1625s
 17458334 4347939   14.79575   36  104          -   14.57746      -  32.1 1630s
 17507690 4353674   15.60000   41   45          -   14.58333      -  32.1 1635s
 17557733 4360328   15.57192   45  103          -   14.58763      -  32.1 1640s
 17603776 4366573   15.41935   35   95          -   14.59259      -  32.1 1645s
 17652982 4372078   15.37209   33   85          -   14.60000      -  32.1 1650s
 17709770 4375946 infeasible   40               -   14.60000      -  32.1 1655s
 17761188 4381889   16.15000   42   85          -   14.60000      -  32.1 1660s
 17809304 4388309   15.75057   32   98          -   14.60606      -  32.1 1665s
 17859360 4394522   16.39020   37  114          -   14.61168      -  32.1 1670s
 17914878 4401105   16.45771   36   98          -   14.61765      -  32.2 1675s
 17959452 4406891   16.55448   48  103          -   14.62331      -  32.2 1680s
 18014705 4411239   15.87050   39  112          -   14.62500      -  32.2 1685s
 18068739 4418242     cutoff   35               -   14.63077      -  32.2 1690s
 18119412 4424150   15.09154   36   96          -   14.63636      -  32.2 1695s
 18174962 4431254   14.88141   34  120          -   14.64177      -  32.2 1700s
 18224722 4436681     cutoff   40               -   14.64655      -  32.2 1705s
 18269563 4442347   15.48323   34  101          -   14.65116      -  32.2 1710s
 18319752 4448274   15.31379   38  109          -   14.65714      -  32.2 1715s
 18371335 4455269   15.40000   36   78          -   14.66474      -  32.2 1720s
 18417616 4454969     cutoff   46               -   14.66667      -  32.3 1725s
 18465431 4455467   16.66667   44   38          -   14.66667      -  32.3 1730s
 18505674 4456989   15.81413   39  106          -   14.66667      -  32.3 1735s
 18555684 4459742   15.11111   46   57          -   14.66667      -  32.3 1740s
 18605958 4462935     cutoff   41               -   14.66667      -  32.3 1745s
 18660659 4467059   15.50000   33   41          -   14.66667      -  32.3 1750s
 18715241 4472905   15.75000   46   25          -   14.66667      -  32.3 1755s
 18769049 4479407   16.00000   52   58          -   14.67089      -  32.3 1760s
 18813891 4484782     cutoff   39               -   14.67712      -  32.3 1765s
 18868418 4491104 infeasible   42               -   14.68360      -  32.3 1770s
 18917477 4496648 infeasible   44               -   14.68816      -  32.3 1775s
 18966908 4501920   15.84848   36   82          -   14.69277      -  32.3 1780s
 19014945 4507710   16.38889   43   79          -   14.69901      -  32.4 1785s
 19074610 4513381   14.95413   33  116          -   14.70249      -  32.4 1790s
 19122865 4518719     cutoff   55               -   14.70833      -  32.4 1795s
 19177640 4524136   16.12172   40  117          -   14.71429      -  32.4 1800s
 19228027 4528265   15.23821   34  102          -   14.71429      -  32.4 1805s
 19284709 4534774   16.56264   41  111          -   14.72109      -  32.4 1810s
 19337767 4539829   15.85974   37  126          -   14.72702      -  32.4 1815s
 19388237 4545084   15.25000   43   36          -   14.73077      -  32.4 1820s
 19442882 4550733   15.95013   48   80          -   14.73601      -  32.4 1825s
 19491698 4555975   16.12500   37   63          -   14.74143      -  32.4 1830s
 19541751 4562058   15.30769   41   99          -   14.74855      -  32.5 1835s
 19594443 4561707   15.42857   42   50          -   14.75000      -  32.5 1840s
 19643701 4563129   16.00000   41   27          -   14.75000      -  32.5 1845s
 19699044 4566114   16.88839   33   93          -   14.75000      -  32.5 1850s
 19752957 4569988   15.66311   35   97          -   14.75000      -  32.5 1855s
 19806998 4575364   15.66667   49   61          -   14.75000      -  32.5 1860s
 19860300 4581486   15.31705   36   90          -   14.75758      -  32.5 1865s
 19905330 4586084   16.05935   49  128          -   14.76271      -  32.5 1870s
 19959315 4591046   15.16329   39  115          -   14.76889      -  32.5 1875s
 20008291 4595916   15.33477   39  113          -   14.77273      -  32.5 1880s
 20058120 4599487   14.90000   40   92          -   14.77778      -  32.6 1885s
 20107647 4604449   15.33333   49   25          -   14.78125      -  32.6 1890s
 20161887 4609387   15.71599   44   76          -   14.78571      -  32.6 1895s
 20214696 4614783   15.50000   47   28          -   14.79167      -  32.6 1900s
 20264576 4619971   15.10924   34  110          -   14.79808      -  32.6 1905s
 20314242 4620927   15.56164   52   87          -   14.80000      -  32.6 1910s
 20364433 4623414 infeasible   51               -   14.80000      -  32.6 1915s
 20418659 4628062   14.88538   31  148          -   14.80088      -  32.6 1920s
 20467344 4632845   15.55725   35   98          -   14.80769      -  32.6 1925s
 20521718 4637958 infeasible   44               -   14.81250      -  32.6 1930s
 20570214 4642216   15.89984   32  109          -   14.81818      -  32.6 1935s
 20625003 4646964   15.18750   37   78          -   14.82232      -  32.7 1940s
 20677970 4651854   16.44814   36  128          -   14.82798      -  32.7 1945s
 20722533 4654220     cutoff   47               -   14.83333      -  32.7 1950s
 20773176 4655060   15.86749   43  119          -   14.83333      -  32.7 1955s
 20823553 4657952   15.35494   39   93          -   14.83333      -  32.7 1960s
 20874955 4663036   15.00000   40   45          -   14.83784      -  32.7 1965s
 20925573 4667659 infeasible   42               -   14.84343      -  32.7 1970s
 20969916 4671298   15.26949   42  128          -   14.84722      -  32.7 1975s
 21019095 4675587   15.33333   56   63          -   14.85246      -  32.7 1980s
 21062978 4677921   16.39474   44   66          -   14.85714      -  32.7 1985s
 21112760 4681075   15.31589   40  119          -   14.85714      -  32.8 1990s
 21159128 4685313   16.42828   41  113          -   14.86272      -  32.8 1995s
 21206071 4688762   15.14783   40  109          -   14.86667      -  32.8 2000s
 21253049 4693105     cutoff   42               -   14.87231      -  32.8 2005s
 21297460 4694552     cutoff   45               -   14.87500      -  32.8 2010s
 21346616 4698485   16.08600   37   93          -   14.87640      -  32.8 2015s
 21395315 4702618 infeasible   44               -   14.88235      -  32.8 2020s
 21441304 4706497   14.94828   41   78          -   14.88718      -  32.8 2025s
 21485478 4708406     cutoff   57               -   14.88889      -  32.8 2030s
 21539227 4712802   16.33333   35   45          -   14.89474      -  32.8 2035s
 21584101 4716037   16.11402   50  103          -   14.90000      -  32.8 2040s
 21633761 4719201   15.75610   40   74          -   14.90120      -  32.9 2045s
 21682085 4723219   14.98706   31  148          -   14.90645      -  32.9 2050s
 21732057 4726548   16.17959   37  129          -   14.91022      -  32.9 2055s
 21780634 4729863   15.52762   32  153          -   14.91646      -  32.9 2060s
 21830854 4732872   15.72787   41  111          -   14.91892      -  32.9 2065s
 21876001 4735769   15.45455   41   76          -   14.92308      -  32.9 2070s
 21925962 4739247   15.00000   42    6          -   14.92857      -  32.9 2075s
 21974378 4742920   15.35055   34  135          -   14.93323      -  32.9 2080s
 22018982 4745983     cutoff   49               -   14.93750      -  32.9 2085s
 22063658 4749039 infeasible   50               -   14.94118      -  32.9 2090s
 22109146 4751942     cutoff   35               -   14.94498      -  33.0 2095s
 22158694 4755576   15.39655   45   78          -   14.95000      -  33.0 2100s
 22207992 4758773   15.50000   37   22          -   14.95496      -  33.0 2105s
 22252033 4761579   16.08228   39  114          -   14.96000      -  33.0 2110s
 22307587 4765075   16.12332   43   96          -   14.96581      -  33.0 2115s
 22351727 4767968   15.72358   54   94          -   14.97059      -  33.0 2120s
 22401687 4771300   15.72146   49   68          -   14.97674      -  33.0 2125s
 22450213 4774761   15.44988   37  114          -   14.98301      -  33.0 2130s
 22498923 4778188   15.55992   40  107          -   14.99074      -  33.0 2135s
 22540392 4781055 infeasible   35               -   15.00000      -  33.1 2140s
 22576240 4776960   16.38318   33   77          -   15.00000      -  33.1 2145s
 22614997 4771743   15.07063   41  107          -   15.00000      -  33.1 2150s
 22654853 4766188   15.91667   47   50          -   15.00000      -  33.1 2155s
 22689584 4761277   16.00000   52   14          -   15.00000      -  33.1 2160s
 22729545 4755649     cutoff   35               -   15.00000      -  33.1 2165s
 22769182 4750008   16.00000   36   13          -   15.00000      -  33.2 2170s
 22815106 4744164   15.00000   44   14          -   15.00000      -  33.2 2175s
 22855487 4738799 infeasible   38               -   15.00000      -  33.2 2180s
 22895185 4733859     cutoff   38               -   15.00000      -  33.2 2185s
 22940511 4728814   15.40000   41   87          -   15.00000      -  33.2 2190s
 22986529 4725110     cutoff   34               -   15.00000      -  33.3 2195s
 23031519 4721510   16.44939   49   78          -   15.00000      -  33.3 2200s
 23077275 4718039   15.16000   49   97          -   15.00000      -  33.3 2205s
 23122883 4715879   16.00000   38    8          -   15.00000      -  33.3 2210s
 23163490 4713778 infeasible   59               -   15.00000      -  33.3 2215s
 23214127 4711564   16.00000   42   10          -   15.00000      -  33.3 2220s
 23259522 4710437   15.00000   36   21          -   15.00000      -  33.3 2225s
 23304118 4709182   16.14286   42   56          -   15.00000      -  33.3 2230s
 23354659 4707631   15.00000   45    9          -   15.00000      -  33.4 2235s
 23399600 4706950   16.00000   50   38          -   15.00000      -  33.4 2240s
 23449842 4706529   16.00000   42   14          -   15.00000      -  33.4 2245s
 23499887 4706053   16.37500   44   69          -   15.00000      -  33.4 2250s
 23544879 4705732   15.00000   39   15          -   15.00000      -  33.4 2255s
 23590552 4705893   16.00000   49   47          -   15.00000      -  33.4 2260s
 23640971 4706115     cutoff   32               -   15.00000      -  33.4 2265s
 23686148 4706211   16.00000   46    9          -   15.00000      -  33.4 2270s
 23736302 4706446   17.00000   33   13          -   15.00000      -  33.4 2275s
 23781292 4707219   15.50000   32   30          -   15.00000      -  33.4 2280s
 23831478 4707994     cutoff   43               -   15.00000      -  33.4 2285s
 23877193 4708829   16.00000   38   30          -   15.00000      -  33.4 2290s
 23932845 4710400   17.00000   44   12          -   15.00000      -  33.4 2295s
 23983477 4711574   15.42857   40   73          -   15.00000      -  33.4 2300s
 24032777 4713319   16.16667   44   29          -   15.00000      -  33.4 2305s
 24079352 4714786   15.06667   38   72          -   15.00000      -  33.4 2310s
 24129476 4716972     cutoff   43               -   15.00000      -  33.5 2315s
 24179894 4719044   15.28571   46   59          -   15.00000      -  33.5 2320s
 24225935 4721361 infeasible   39               -   15.00000      -  33.5 2325s
 24275590 4724249   16.10526   43   43          -   15.00000      -  33.5 2330s
 24320776 4727185     cutoff   38               -   15.00000      -  33.5 2335s
 24369912 4730847   15.94549   37  121          -   15.00000      -  33.5 2340s
 24420278 4733855   16.00000   41   28          -   15.00000      -  33.5 2345s
 24464935 4737135   15.43030   46   88          -   15.00741      -  33.5 2350s
 24515216 4740574   15.21311   32  109          -   15.01625      -  33.5 2355s
 24559849 4743045   16.15676   45   87          -   15.02307      -  33.5 2360s
 24608636 4746140   15.22112   33  122          -   15.02988      -  33.5 2365s
 24653256 4748845   16.62295   36   79          -   15.03571      -  33.5 2370s
 24703863 4752131   15.75000   38   56          -   15.04167      -  33.5 2375s
 24748834 4754607 infeasible   41               -   15.04704      -  33.5 2380s
 24799159 4757371   15.66667   42   83          -   15.05263      -  33.5 2385s
 24848252 4760103   15.29242   46   63          -   15.05769      -  33.6 2390s
 24898738 4762793 infeasible   45               -   15.06250      -  33.6 2395s
 24947569 4765375   15.68966   55   98          -   15.06742      -  33.6 2400s
 25002529 4768188 infeasible   43               -   15.07317      -  33.6 2405s
 25046242 4770307   16.11428   30  139          -   15.07692      -  33.6 2410s
 25094843 4772133     cutoff   60               -   15.08333      -  33.6 2415s
 25144118 4774306   15.75000   44   29          -   15.08654      -  33.6 2420s
 25189471 4776238   15.26667   34   73          -   15.09091      -  33.6 2425s
 25237542 4778831   16.75532   41  119          -   15.09524      -  33.6 2430s
 25282380 4780079   15.30328   58   79          -   15.10000      -  33.6 2435s
 25332190 4782584   15.45485   40   91          -   15.10321      -  33.6 2440s
 25376318 4785015   16.34308   28  110          -   15.10784      -  33.6 2445s
 25422534 4785777   16.40802   38  105          -   15.11111      -  33.6 2450s
 25475516 4788176   16.16452   33  133          -   15.11538      -  33.6 2455s
 25514853 4789929   15.50000   53   87          -   15.11973      -  33.7 2460s
 25564115 4790561   15.50000   33   39          -   15.12500      -  33.7 2465s
 25615123 4791609   15.43496   32  135          -   15.12500      -  33.7 2470s
 25659099 4793567   15.40969   43   90          -   15.13043      -  33.7 2475s
 25708087 4795025   16.80000   47   31          -   15.13483      -  33.7 2480s
 25748116 4796655   16.60377   35  109          -   15.13898      -  33.7 2485s
 25798349 4796604 infeasible   38               -   15.14286      -  33.7 2490s
 25843093 4797923   16.38889   34   93          -   15.14313      -  33.7 2495s
 25882739 4799626   15.50932   36   95          -   15.14831      -  33.7 2500s
 25930460 4800814   16.59160   45  103          -   15.15358      -  33.7 2505s
 25980265 4802391   16.11111   45   52          -   15.15789      -  33.7 2510s
 26025264 4804217   15.50000   39   30          -   15.16244      -  33.7 2515s
 26069045 4802957   16.25000   34   61          -   15.16667      -  33.7 2520s
 26114856 4801508     cutoff   45               -   15.16667      -  33.8 2525s
 26159188 4801477     cutoff   46               -   15.16667      -  33.8 2530s
 26207752 4803176   15.82407   41   79          -   15.17021      -  33.8 2535s
 26246910 4804569   15.22677   42  112          -   15.17450      -  33.8 2540s
 26291203 4805747   15.34259   37   58          -   15.17857      -  33.8 2545s
 26341201 4806395   16.60909   39   91          -   15.18254      -  33.8 2550s
 26389936 4807312 infeasible   43               -   15.18750      -  33.8 2555s
 26437334 4808821 infeasible   37               -   15.19231      -  33.8 2560s
 26482011 4810194   16.13002   38  112          -   15.19737      -  33.8 2565s
 26521890 4807801 infeasible   47               -   15.20000      -  33.8 2570s
 26567569 4806335 infeasible   52               -   15.20000      -  33.8 2575s
 26617209 4806640   15.52747   43   87          -   15.20000      -  33.8 2580s
 26665949 4807815     cutoff   37               -   15.20455      -  33.8 2585s
 26704651 4808527     cutoff   40               -   15.20841      -  33.9 2590s
 26752591 4809150   16.50000   44   38          -   15.21397      -  33.9 2595s
 26798832 4809959     cutoff   54               -   15.21739      -  33.9 2600s
 26841541 4809613   15.76984   45  104          -   15.22222      -  33.9 2605s
 26882034 4809576   15.31818   38   76          -   15.22266      -  33.9 2610s
 26924518 4810124   15.75000   38   36          -   15.22755      -  33.9 2615s
 26969370 4810345 infeasible   42               -   15.23137      -  33.9 2620s
 27012857 4810886   15.58333   43   67          -   15.23574      -  33.9 2625s
 27056424 4811216   16.32743   37  107          -   15.24039      -  33.9 2630s
 27100667 4811864   16.50000   39   32          -   15.24581      -  33.9 2635s
 27144265 4807876     cutoff   54               -   15.25000      -  33.9 2640s
 27186026 4803465 infeasible   43               -   15.25000      -  33.9 2645s
 27226557 4800491     cutoff   45               -   15.25000      -  34.0 2650s
 27272224 4798130   16.02308   41   98          -   15.25000      -  34.0 2655s
 27317120 4796408   15.78571   46   57          -   15.25000      -  34.0 2660s
 27361568 4795808   15.86364   53   90          -   15.25000      -  34.0 2665s
 27405494 4796156 infeasible   45               -   15.25000      -  34.0 2670s
 27444100 4796761 infeasible   33               -   15.25603      -  34.0 2675s
 27488134 4797066   16.60000   38   60          -   15.26087      -  34.0 2680s
 27527609 4797049   16.27621   31  117          -   15.26482      -  34.0 2685s
 27571757 4796701   16.14074   31   89          -   15.26894      -  34.0 2690s
 27615800 4796259   16.38298   36   77          -   15.27273      -  34.0 2695s
 27660132 4796411   16.26801   36  123          -   15.27660      -  34.0 2700s
 27699853 4796107   16.00000   58    8          -   15.28000      -  34.0 2705s
 27738662 4796154   15.47368   42  120          -   15.28467      -  34.0 2710s
 27779244 4793062   16.60000   42   65          -   15.28571      -  34.0 2715s
 27823684 4792740     cutoff   40               -   15.28723      -  34.1 2720s
 27863576 4792416   16.00000   48   87          -   15.29167      -  34.1 2725s
 27912075 4791945   15.64388   40  104          -   15.29648      -  34.1 2730s
 27947122 4790518     cutoff   39               -   15.30000      -  34.1 2735s
 27991200 4790154   15.77778   53   74          -   15.30168      -  34.1 2740s
 28029997 4790088   16.21519   46   97          -   15.30606      -  34.1 2745s
 28075111 4789254   15.50000   57   40          -   15.30966      -  34.1 2750s
 28114560 4788572   15.76980   34  123          -   15.31297      -  34.1 2755s
 28153361 4788437     cutoff   35               -   15.31712      -  34.1 2760s
 28197720 4787798   16.15436   36   92          -   15.32143      -  34.1 2765s
 28241076 4787672 infeasible   38               -   15.32667      -  34.1 2770s
 28279323 4786857   15.92924   33  120          -   15.33311      -  34.1 2775s
 28318837 4778857 infeasible   33               -   15.33333      -  34.2 2780s
 28359523 4772218 infeasible   32               -   15.33333      -  34.2 2785s
 28400000 4766824   16.73913   40   61          -   15.33333      -  34.2 2790s
 28440439 4762020   16.35714   34   87          -   15.33333      -  34.2 2795s
 28481185 4758180 infeasible   40               -   15.33333      -  34.2 2800s
 28526455 4754432     cutoff   34               -   15.33333      -  34.2 2805s
 28571737 4751524 infeasible   54               -   15.33333      -  34.2 2810s
 28617363 4749292 infeasible   49               -   15.33333      -  34.2 2815s
 28657578 4748320   15.33333   43   65          -   15.33333      -  34.2 2820s
 28706118 4748109   16.00000   34   28          -   15.33333      -  34.2 2825s
 28749478 4747945   16.57609   27   84          -   15.34058      -  34.2 2830s
 28788871 4747583   16.16474   36  114          -   15.34516      -  34.2 2835s
 28832689 4746362   15.98188   38  103          -   15.35000      -  34.2 2840s
 28877181 4745616   15.54471   38  114          -   15.35405      -  34.3 2845s
 28916498 4744235   15.68788   40   97          -   15.35714      -  34.3 2850s
 28961048 4743674 infeasible   33               -   15.36170      -  34.3 2855s
 29001682 4742077   16.16000   54   81          -   15.36364      -  34.3 2860s
 29045722 4741036   16.72658   37  117          -   15.36842      -  34.3 2865s
 29089222 4739819 infeasible   35               -   15.37398      -  34.3 2870s
 29130443 4735588     cutoff   53               -   15.37500      -  34.3 2875s
 29174601 4734641 infeasible   39               -   15.37602      -  34.3 2880s
 29219950 4733635   16.62269   37   94          -   15.38095      -  34.3 2885s
 29259137 4732044   15.89605   38  131          -   15.38462      -  34.3 2890s
 29299212 4730813   16.00000   41   15          -   15.38889      -  34.3 2895s
 29338854 4729505   15.73330   47  105          -   15.39252      -  34.4 2900s
 29379115 4728727     cutoff   37               -   15.39706      -  34.4 2905s
 29417748 4723544   16.20455   33   62          -   15.40000      -  34.4 2910s
 29458486 4718704   15.75000   48   44          -   15.40000      -  34.4 2915s
 29499912 4715669   16.00000   34   56          -   15.40000      -  34.4 2920s
 29544595 4714077   16.05851   30  113          -   15.40000      -  34.4 2925s
 29588379 4712861   16.36620   49   64          -   15.40586      -  34.4 2930s
 29627832 4711782   16.33708   39  105          -   15.40964      -  34.4 2935s
 29666372 4710520     cutoff   45               -   15.41379      -  34.4 2940s
 29707216 4707626   16.12000   30   88          -   15.41667      -  34.4 2945s
 29746548 4706358   16.25000   52   41          -   15.41975      -  34.4 2950s
 29792070 4704531 infeasible   38               -   15.42424      -  34.4 2955s
 29830676 4700825 infeasible   42               -   15.42857      -  34.5 2960s
 29867814 4697567   16.16667   45   48          -   15.42857      -  34.5 2965s
 29911883 4696328 infeasible   35               -   15.43119      -  34.5 2970s
 29956914 4694591   16.03748   35  109          -   15.43617      -  34.5 2975s
 29995711 4692444     cutoff   51               -   15.43929      -  34.5 2980s
 30035255 4690261   16.10895   34  121          -   15.44444      -  34.5 2985s
 30076454 4686661     cutoff   46               -   15.44444      -  34.5 2990s
 30114520 4685436   15.76856   39  125          -   15.44828      -  34.5 2995s
 30153797 4683598     cutoff   46               -   15.45238      -  34.5 3000s
 30193838 4680827   16.50000   35   18          -   15.45455      -  34.5 3005s
 30233048 4678900   16.41471   40   86          -   15.45833      -  34.5 3010s
 30273183 4676324 infeasible   41               -   15.46154      -  34.5 3015s
 30316292 4673562   16.66667   49   44          -   15.46667      -  34.6 3020s
 30356294 4671506   15.70253   46   92          -   15.47020      -  34.6 3025s
 30396312 4669376 infeasible   46               -   15.47368      -  34.6 3030s
 30436343 4667323   16.01130   47   69          -   15.47789      -  34.6 3035s
 30476103 4665357   16.16060   40  103          -   15.48185      -  34.6 3040s
 30515629 4663173   16.63823   34  112          -   15.48667      -  34.6 3045s
 30555547 4661441     cutoff   41               -   15.49191      -  34.6 3050s
 30590552 4660209   16.52810   40  118          -   15.49767      -  34.6 3055s
 30629008 4650094     cutoff   40               -   15.50000      -  34.6 3060s
 30659300 4641811 infeasible   44               -   15.50000      -  34.6 3065s
 30699610 4631547     cutoff   40               -   15.50000      -  34.7 3070s
 30734587 4622662   16.00000   37   21          -   15.50000      -  34.7 3075s
 30770126 4614424     cutoff   41               -   15.50000      -  34.7 3080s
 30809740 4605567   15.73333   34   79          -   15.50000      -  34.7 3085s
 30850555 4597437   16.08000   55   59          -   15.50000      -  34.7 3090s
 30890157 4589403   16.37668   33  120          -   15.50000      -  34.7 3095s
 30925688 4582587 infeasible   43               -   15.50000      -  34.7 3100s
 30965874 4575510   16.00000   30   65          -   15.50000      -  34.7 3105s
 31006355 4568821   16.46154   38   67          -   15.50000      -  34.7 3110s
 31041710 4563402   15.50000   39   41          -   15.50000      -  34.7 3115s
 31086808 4556344   16.16667   45   73          -   15.50000      -  34.7 3120s
 31127052 4550234   15.50000   35   20          -   15.50000      -  34.8 3125s
 31167033 4545102   16.00000   35   28          -   15.50000      -  34.8 3130s
 31207350 4540024   16.00000   33   24          -   15.50000      -  34.8 3135s
 31252715 4534773   16.00000   39   12          -   15.50000      -  34.8 3140s
 31292689 4530268   16.02740   36   77          -   15.50000      -  34.8 3145s
 31328004 4526522   16.00000   41   12          -   15.50000      -  34.8 3150s
 31373575 4522429   16.25000   38   29          -   15.50000      -  34.8 3155s
 31413630 4518755   16.52941   42  116          -   15.50000      -  34.8 3160s
 31458573 4515162   16.45946   40   78          -   15.50000      -  34.8 3165s
 31498443 4512696   16.56667   34   83          -   15.50000      -  34.8 3170s
 31538337 4510880     cutoff   34               -   15.50000      -  34.8 3175s
 31581662 4508853   15.85542   33   61          -   15.50459      -  34.8 3180s
 31621195 4506622   16.64063   41   99          -   15.51064      -  34.8 3185s
 31661314 4504012   16.50000   37   39          -   15.51586      -  34.8 3190s
 31696333 4501645     cutoff   39               -   15.52000      -  34.8 3195s
 31736486 4498830   16.09656   38  122          -   15.52427      -  34.9 3200s
 31775835 4495695   16.01064   46   82          -   15.52891      -  34.9 3205s
 31815871 4492460   16.19355   41   98          -   15.53333      -  34.9 3210s
 31850727 4490234     cutoff   38               -   15.53637      -  34.9 3215s
 31891053 4486906   15.88525   41   89          -   15.54000      -  34.9 3220s
 31930607 4483572   15.66667   46   95          -   15.54502      -  34.9 3225s
 31970662 4480320     cutoff   57               -   15.54746      -  34.9 3230s
 32010352 4477245   16.75945   38  120          -   15.55172      -  34.9 3235s
 32045260 4472988 infeasible   36               -   15.55556      -  34.9 3240s
 32085693 4469354   16.12280   33  130          -   15.55654      -  34.9 3245s
 32129885 4465937     cutoff   44               -   15.56250      -  34.9 3250s
 32165032 4463476 infeasible   40               -   15.56522      -  35.0 3255s
 32204448 4460276   16.76712   39  107          -   15.57042      -  35.0 3260s
 32245400 4453220     cutoff   37               -   15.57143      -  35.0 3265s
 32285338 4450215 infeasible   54               -   15.57244      -  35.0 3270s
 32323955 4447012   16.15444   40   99          -   15.57762      -  35.0 3275s
 32359258 4444341   16.00000   46   66          -   15.58140      -  35.0 3280s
 32400169 4439422 infeasible   39               -   15.58333      -  35.0 3285s
 32438613 4435958   16.57143   49   57          -   15.58824      -  35.0 3290s
 32478747 4432885 infeasible   47               -   15.59211      -  35.0 3295s
 32512984 4429997   16.37984   39   84          -   15.59627      -  35.0 3300s
 32553218 4422480 infeasible   43               -   15.60000      -  35.0 3305s
 32588956 4415910 infeasible   42               -   15.60000      -  35.0 3310s
 32624559 4410761   16.00000   42   59          -   15.60000      -  35.1 3315s
 32665109 4406786   15.72727   41   70          -   15.60000      -  35.1 3320s
 32703081 4404000   16.57910   32  114          -   15.60417      -  35.1 3325s
 32743001 4400507   16.30108   34  107          -   15.60884      -  35.1 3330s
 32782843 4396563     cutoff   35               -   15.61301      -  35.1 3335s
 32818035 4392636     cutoff   42               -   15.61572      -  35.1 3340s
 32857459 4389212     cutoff   32               -   15.62069      -  35.1 3345s
 32892185 4384070   16.12667   47   81          -   15.62500      -  35.1 3350s
 32933331 4377737     cutoff   37               -   15.62500      -  35.1 3355s
 32972137 4374360   16.45280   41  125          -   15.62805      -  35.1 3360s
 33007353 4370887     cutoff   48               -   15.63160      -  35.1 3365s
 33041249 4366622   16.00000   32   38          -   15.63636      -  35.2 3370s
 33081554 4362424 infeasible   47               -   15.63889      -  35.2 3375s
 33116162 4357806     cutoff   35               -   15.64286      -  35.2 3380s
 33156189 4353673   16.02982   31  108          -   15.64680      -  35.2 3385s
 33191053 4349896   16.64394   38   83          -   15.65000      -  35.2 3390s
 33230215 4345395   16.23780   39   95          -   15.65455      -  35.2 3395s
 33270308 4341103   16.46809   34   96          -   15.65957      -  35.2 3400s
 33304541 4337098   16.35249   40  113          -   15.66601      -  35.2 3405s
 33339160 4324953 infeasible   34               -   15.66667      -  35.2 3410s
 33374678 4314126   16.50000   32   19          -   15.66667      -  35.2 3415s
 33410451 4304770 infeasible   47               -   15.66667      -  35.2 3420s
 33450107 4294771 infeasible   49               -   15.66667      -  35.3 3425s
 33490680 4285856     cutoff   47               -   15.66667      -  35.3 3430s
 33525714 4278709 infeasible   33               -   15.66667      -  35.3 3435s
 33560741 4272145   15.91304   45   85          -   15.66667      -  35.3 3440s
 33600652 4265270   15.87500   52   76          -   15.66667      -  35.3 3445s
 33640799 4259464     cutoff   43               -   15.66667      -  35.3 3450s
 33680459 4254609   15.66667   40   18          -   15.66667      -  35.3 3455s
 33718874 4250938 infeasible   40               -   15.66845      -  35.3 3460s
 33757007 4246737   15.75000   41   38          -   15.67500      -  35.3 3465s
 33792327 4242555   15.97222   36   96          -   15.67939      -  35.3 3470s
 33831668 4237711     cutoff   44               -   15.68421      -  35.3 3475s
 33871780 4232671     cutoff   46               -   15.68750      -  35.3 3480s
 33905634 4227766 infeasible   44               -   15.69231      -  35.4 3485s
 33945325 4223170   16.30303   34   84          -   15.69574      -  35.4 3490s
 33979635 4217158   16.25000   47   52          -   15.70000      -  35.4 3495s
 34015392 4212412   16.47629   33  108          -   15.70026      -  35.4 3500s
 34053182 4207017     cutoff   45               -   15.70588      -  35.4 3505s
 34087976 4202779     cutoff   34               -   15.70962      -  35.4 3510s
 34122637 4196909 infeasible   40               -   15.71429      -  35.4 3515s
 34163926 4189116   16.54137   34  115          -   15.71429      -  35.4 3520s
 34201738 4184465 infeasible   55               -   15.71698      -  35.4 3525s
 34236193 4179518     cutoff   40               -   15.72152      -  35.4 3530s
 34275810 4174555   16.38299   30  106          -   15.72587      -  35.4 3535s
 34311276 4168698     cutoff   48               -   15.72794      -  35.5 3540s
 34344922 4163782 infeasible   37               -   15.73259      -  35.5 3545s
 34379087 4158848 infeasible   34               -   15.73585      -  35.5 3550s
 34414025 4153906   16.59295   32   87          -   15.74000      -  35.5 3555s
 34453774 4148688   16.70900   36  129          -   15.74545      -  35.5 3560s
 34482833 4141529 infeasible   38               -   15.75000      -  35.5 3565s
 34518097 4130106     cutoff   32               -   15.75000      -  35.5 3570s
 34553035 4120058 infeasible   39               -   15.75000      -  35.5 3575s
 34587922 4111373     cutoff   44               -   15.75000      -  35.5 3580s
 34623006 4103538   17.50000   52   31          -   15.75000      -  35.5 3585s
 34662983 4095935     cutoff   37               -   15.75000      -  35.5 3590s
 34702750 4089172     cutoff   42               -   15.75000      -  35.6 3595s
 34741281 4083883   17.00000   40   30          -   15.75000      -  35.6 3600s
 34774181 4079475   15.96656   29  103          -   15.75581      -  35.6 3605s
 34813847 4073567 infeasible   39               -   15.76111      -  35.6 3610s
 34849047 4068347 infeasible   38               -   15.76471      -  35.6 3615s
 34888910 4061607     cutoff   36               -   15.76923      -  35.6 3620s
 34922783 4056533     cutoff   37               -   15.77279      -  35.6 3625s
 34957107 4049391 infeasible   42               -   15.77778      -  35.6 3630s
 34997821 4042303     cutoff   39               -   15.77820      -  35.6 3635s
 35030798 4036820   16.61111   39   42          -   15.78333      -  35.6 3640s
 35065977 4030298   16.33333   39   57          -   15.78626      -  35.6 3645s
 35095195 4025351     cutoff   37               -   15.79032      -  35.7 3650s
 35129807 4019528     cutoff   44               -   15.79487      -  35.7 3655s
 35163897 4011215     cutoff   35               -   15.80000      -  35.7 3660s
 35200108 4000868 infeasible   40               -   15.80000      -  35.7 3665s
 35235134 3992453 infeasible   34               -   15.80000      -  35.7 3670s
 35270075 3986123   16.24211   45   78          -   15.80000      -  35.7 3675s
 35307428 3980503   16.84615   40   64          -   15.80380      -  35.7 3680s
 35341860 3974387   16.55691   31  120          -   15.80851      -  35.7 3685s
 35376705 3967752     cutoff   44               -   15.81250      -  35.7 3690s
 35410935 3962296     cutoff   37               -   15.81683      -  35.7 3695s
 35441755 3955849     cutoff   42               -   15.81818      -  35.7 3700s
 35474976 3949550 infeasible   46               -   15.82353      -  35.8 3705s
 35514333 3942880   16.79605   47  117          -   15.82831      -  35.8 3710s
 35549118 3933873 infeasible   32               -   15.83333      -  35.8 3715s
 35579785 3924363 infeasible   40               -   15.83333      -  35.8 3720s
 35620197 3914330   15.87500   44   79          -   15.83333      -  35.8 3725s
 35654842 3907587     cutoff   49               -   15.83333      -  35.8 3730s
 35692521 3901493     cutoff   35               -   15.83844      -  35.8 3735s
 35727047 3895010     cutoff   34               -   15.84286      -  35.8 3740s
 35762632 3887988 infeasible   42               -   15.84615      -  35.8 3745s
 35796092 3881282     cutoff   41               -   15.85088      -  35.8 3750s
 35830433 3874128 infeasible   34               -   15.85642      -  35.9 3755s
 35861752 3865028 infeasible   40               -   15.85714      -  35.9 3760s
 35901078 3858050 infeasible   33               -   15.85806      -  35.9 3765s
 35934574 3851425 infeasible   41               -   15.86364      -  35.9 3770s
 35969987 3844555   16.36607   34  108          -   15.86683      -  35.9 3775s
 36003896 3837870     cutoff   41               -   15.87209      -  35.9 3780s
 36033655 3828373     cutoff   38               -   15.87500      -  35.9 3785s
 36069235 3820106     cutoff   37               -   15.87500      -  35.9 3790s
 36102331 3813744 infeasible   35               -   15.87931      -  35.9 3795s
 36137167 3806537 infeasible   33               -   15.88398      -  35.9 3800s
 36171969 3797767     cutoff   39               -   15.88889      -  36.0 3805s
 36202788 3790886   15.93331   31  116          -   15.88889      -  36.0 3810s
 36235860 3783778     cutoff   32               -   15.89458      -  36.0 3815s
 36270039 3775460     cutoff   36               -   15.90000      -  36.0 3820s
 36306432 3767101 infeasible   52               -   15.90000      -  36.0 3825s
 36339479 3760917     cutoff   46               -   15.90533      -  36.0 3830s
 36340059 3760832 infeasible   45               -   15.90580      -  36.0 3835s
 36340722 3760628     cutoff   38               -   15.90625      -  36.0 3840s
 36341238 3760512   16.00000   50   10          -   15.90625      -  36.0 3846s
 36341593 3760442     cutoff   48               -   15.90643      -  36.0 3851s
 36341955 3760297   16.25644   49   97          -   15.90675      -  36.0 3856s
 36343569 3759092   16.60465   50   52          -   15.90698      -  36.0 3861s
 36352972 3754873   16.73418   39  102          -   15.90706      -  36.0 3865s
 36378971 3749543     cutoff   42               -   15.90909      -  36.0 3870s
 36412733 3741946   16.67500   45   94          -   15.91489      -  36.0 3875s
 36444391 3733527     cutoff   47               -   15.91667      -  36.0 3880s
 36478044 3725922 infeasible   38               -   15.92241      -  36.0 3885s
 36508072 3719187     cutoff   40               -   15.92593      -  36.1 3890s
 36542996 3710654   16.54019   30  138          -   15.92941      -  36.1 3895s
 36577544 3702388   16.50000   35   38          -   15.93370      -  36.1 3900s
 36607422 3695247   17.46875   44   82          -   15.93750      -  36.1 3905s
 36640817 3687094     cutoff   35               -   15.94245      -  36.1 3910s
 36675637 3678092 infeasible   42               -   15.94737      -  36.1 3915s
 36705485 3670828 infeasible   34               -   15.95138      -  36.1 3920s
 36735091 3663596   16.33333   46   22          -   15.95556      -  36.1 3925s
 36769565 3655100     cutoff   35               -   15.96071      -  36.1 3930s
 36798828 3647990     cutoff   44               -   15.96552      -  36.1 3935s
 36833157 3639112   16.37619   38  112          -   15.97134      -  36.2 3940s
 36862963 3631717   17.03922   36   92          -   15.97670      -  36.2 3945s
 36896923 3623197   16.27094   60   94          -   15.98370      -  36.2 3950s
 36926749 3616078     cutoff   41               -   15.99065      -  36.2 3955s
 36961578 3603720     cutoff   42               -   16.00000      -  36.2 3960s
 36992328 3586060   16.63415   39   76          -   16.00000      -  36.2 3965s
 37021934 3567971 infeasible   34               -   16.00000      -  36.2 3970s
 37056695 3546887 infeasible   37               -   16.00000      -  36.2 3975s
 37087064 3529119     cutoff   48               -   16.00000      -  36.2 3980s
 37115925 3510961 infeasible   41               -   16.00000      -  36.2 3985s
 37150874 3489637   16.00000   45   11          -   16.00000      -  36.3 3990s
 37179995 3470983 infeasible   35               -   16.00000      -  36.3 3995s
 37214852 3448874     cutoff   46               -   16.00000      -  36.3 4000s
 37244090 3431233     cutoff   40               -   16.00000      -  36.3 4005s
 37279525 3412261   17.00000   41   37          -   16.00000      -  36.3 4010s
 37309532 3397068     cutoff   46               -   16.00000      -  36.3 4015s
 37344759 3379566 infeasible   37               -   16.00000      -  36.3 4020s
 37378943 3361773     cutoff   46               -   16.00000      -  36.3 4025s
 37413734 3343455     cutoff   39               -   16.00000      -  36.3 4030s
 37443824 3327542     cutoff   41               -   16.00000      -  36.3 4035s
 37478331 3310456   17.00000   38   72          -   16.00000      -  36.3 4040s
 37513958 3296320 infeasible   47               -   16.00000      -  36.3 4045s
 37548925 3282219   16.00000   42   12          -   16.00000      -  36.3 4050s
 37583960 3268274 infeasible   53               -   16.00000      -  36.3 4055s
 37618547 3254028     cutoff   42               -   16.00000      -  36.4 4060s
 37653519 3239560 infeasible   38               -   16.00000      -  36.4 4065s
 37683432 3226689   16.50000   35   11          -   16.00000      -  36.4 4070s
 37718474 3213064 infeasible   43               -   16.00000      -  36.4 4075s
 37753534 3200516 infeasible   37               -   16.00000      -  36.4 4080s
 37788947 3188234   17.00000   44   12          -   16.00000      -  36.4 4085s
 37823656 3176272 infeasible   43               -   16.00000      -  36.4 4090s
 37863395 3162445 infeasible   43               -   16.00000      -  36.4 4095s
 37898395 3149622 infeasible   48               -   16.00000      -  36.4 4100s
 37933502 3137160     cutoff   43               -   16.00000      -  36.4 4105s
 37968693 3125310   16.27327   39   99          -   16.00000      -  36.4 4110s
 38003389 3114371     cutoff   46               -   16.00000      -  36.4 4115s
 38038298 3103846     cutoff   38               -   16.00000      -  36.4 4120s
 38077851 3091477   16.79167   44   88          -   16.00000      -  36.4 4125s
 38118017 3079095 infeasible   43               -   16.00000      -  36.4 4130s
 38148179 3069705     cutoff   45               -   16.00000      -  36.4 4135s
 38182833 3058670     cutoff   41               -   16.00000      -  36.5 4140s
 38217953 3048334 infeasible   43               -   16.00000      -  36.5 4145s
 38257583 3037547   17.00000   37    7          -   16.00000      -  36.5 4150s
 38292404 3028052     cutoff   40               -   16.00000      -  36.5 4155s
 38327390 3018467     cutoff   52               -   16.00000      -  36.5 4160s
 38367096 3007553   16.66667   43   67          -   16.00000      -  36.5 4165s
 38401874 2998704     cutoff   47               -   16.00000      -  36.5 4170s
 38436219 2989779   16.16667   38   42          -   16.00000      -  36.5 4175s
 38471701 2980926     cutoff   45               -   16.00000      -  36.5 4180s
 38510621 2971636     cutoff   36               -   16.00000      -  36.5 4185s
 38545203 2963370   17.00000   43    8          -   16.00000      -  36.5 4190s
 38579672 2955861     cutoff   34               -   16.00000      -  36.5 4195s
 38614121 2947763     cutoff   35               -   16.00270      -  36.5 4200s
 38646546 2939011 infeasible   36               -   16.01361      -  36.5 4205s
 38676026 2931109     cutoff   44               -   16.02121      -  36.6 4210s
 38710929 2921408     cutoff   47               -   16.02917      -  36.6 4215s
 38740453 2913422   16.55738   36   85          -   16.03534      -  36.6 4220s
 38770100 2905006 infeasible   43               -   16.04124      -  36.6 4225s
 38804973 2895184     cutoff   43               -   16.04762      -  36.6 4230s
 38834423 2886725 infeasible   35               -   16.05263      -  36.6 4235s
 38863399 2877606   16.44444   47   69          -   16.05833      -  36.6 4240s
 38898159 2867272   16.33333   47   51          -   16.06417      -  36.6 4245s
 38927545 2858068 infeasible   41               -   16.06944      -  36.6 4250s
 38957206 2848634 infeasible   39               -   16.07407      -  36.6 4255s
 38991402 2837813     cutoff   52               -   16.08002      -  36.7 4260s
 39022317 2827254   16.81053   38   87          -   16.08333      -  36.7 4265s
 39050507 2818250   16.28421   39   93          -   16.08959      -  36.7 4270s
 39082108 2808784   16.85056   35  106          -   16.09375      -  36.7 4275s
 39114594 2795880   16.18367   37   86          -   16.10000      -  36.7 4280s
 39143877 2786780     cutoff   46               -   16.10345      -  36.7 4285s
 39173030 2777143   16.88542   33   65          -   16.10924      -  36.7 4290s
 39203766 2765457 infeasible   39               -   16.11111      -  36.7 4295s
 39231857 2755808     cutoff   41               -   16.11765      -  36.7 4300s
 39266120 2742578     cutoff   42               -   16.12500      -  36.7 4305s
 39297635 2730349 infeasible   44               -   16.12500      -  36.8 4310s
 39325436 2721055   16.33487   34  106          -   16.13043      -  36.8 4315s
 39354638 2710267     cutoff   37               -   16.13580      -  36.8 4320s
 39383941 2698993   16.76517   39  110          -   16.14260      -  36.8 4325s
 39416048 2686430     cutoff   46               -   16.14286      -  36.8 4330s
 39448064 2674615   16.33411   35  114          -   16.14904      -  36.8 4335s
 39472733 2664951     cutoff   38               -   16.15385      -  36.8 4340s
 39506998 2652452 infeasible   41               -   16.16000      -  36.8 4345s
 39537350 2637633     cutoff   34               -   16.16667      -  36.8 4350s
 39568235 2622625     cutoff   42               -   16.16667      -  36.8 4355s
 39602559 2608925     cutoff   31               -   16.16667      -  36.8 4360s
 39629616 2598829   16.28854   35   97          -   16.17241      -  36.9 4365s
 39659362 2587594     cutoff   43               -   16.17857      -  36.9 4370s
 39688910 2575425 infeasible   46               -   16.18333      -  36.9 4375s
 39718187 2563245 infeasible   39               -   16.18919      -  36.9 4380s
 39747196 2551590     cutoff   40               -   16.19580      -  36.9 4385s
 39778697 2534026     cutoff   44               -   16.20000      -  36.9 4390s
 39808763 2519391     cutoff   39               -   16.20000      -  36.9 4395s
 39841223 2506301 infeasible   32               -   16.20251      -  36.9 4400s
 39865130 2496247 infeasible   50               -   16.20833      -  36.9 4405s
 39900147 2481038     cutoff   32               -   16.21472      -  36.9 4410s
 39929243 2466796     cutoff   55               -   16.22222      -  37.0 4415s
 39958302 2454094     cutoff   32               -   16.22496      -  37.0 4420s
 39988188 2440585   16.71456   48   93          -   16.23077      -  37.0 4425s
 40017071 2427590 infeasible   46               -   16.23780      -  37.0 4430s
 40045859 2415048   16.50000   44   81          -   16.24490      -  37.0 4435s
 40073459 2397283 infeasible   42               -   16.25000      -  37.0 4440s
 40110024 2374611     cutoff   49               -   16.25000      -  37.0 4445s
 40140007 2357525 infeasible   39               -   16.25000      -  37.0 4450s
 40169884 2341665     cutoff   42               -   16.25000      -  37.0 4455s
 40199502 2327711 infeasible   39               -   16.25000      -  37.0 4460s
 40231503 2313555   16.93826   37  122          -   16.25641      -  37.0 4465s
 40256043 2301908   16.37532   36  112          -   16.26303      -  37.0 4470s
 40285922 2287735   17.00000   40   14          -   16.26923      -  37.1 4475s
 40315496 2273139 infeasible   40               -   16.27500      -  37.1 4480s
 40339720 2261027 infeasible   37               -   16.28073      -  37.1 4485s
 40370609 2242769 infeasible   37               -   16.28571      -  37.1 4490s
 40398789 2229631 infeasible   41               -   16.28947      -  37.1 4495s
 40427794 2215006     cutoff   39               -   16.29679      -  37.1 4500s
 40453507 2200542     cutoff   38               -   16.30000      -  37.1 4505s
 40481628 2185483   16.50000   35   62          -   16.30769      -  37.1 4510s
 40511216 2170728     cutoff   35               -   16.31343      -  37.1 4515s
 40537109 2157911 infeasible   40               -   16.32000      -  37.1 4520s
 40564284 2143579     cutoff   42               -   16.32927      -  37.2 4525s
 40594527 2119154 infeasible   47               -   16.33333      -  37.2 4530s
 40625529 2096590 infeasible   41               -   16.33333      -  37.2 4535s
 40661745 2072058 infeasible   42               -   16.33333      -  37.2 4540s
 40691856 2052057 infeasible   51               -   16.33333      -  37.2 4545s
 40727161 2029746     cutoff   40               -   16.33333      -  37.2 4550s
 40756541 2012955 infeasible   42               -   16.33333      -  37.2 4555s
 40784146 1999561 infeasible   47               -   16.33333      -  37.2 4560s
 40811681 1984755 infeasible   41               -   16.34446      -  37.2 4565s
 40841287 1968407 infeasible   41               -   16.35294      -  37.2 4570s
 40866858 1953657     cutoff   40               -   16.35897      -  37.2 4575s
 40898384 1935243 infeasible   33               -   16.36667      -  37.2 4580s
 40923291 1918054 infeasible   33               -   16.37500      -  37.2 4585s
 40952414 1902204 infeasible   36               -   16.37500      -  37.3 4590s
 40981529 1884698     cutoff   52               -   16.38462      -  37.3 4595s
 41005583 1870237 infeasible   43               -   16.39130      -  37.3 4600s
 41031276 1850403     cutoff   52               -   16.40000      -  37.3 4605s
 41067355 1825679   16.63158   42   82          -   16.40000      -  37.3 4610s
 41095048 1810322 infeasible   37               -   16.40295      -  37.3 4615s
 41119028 1795351     cutoff   42               -   16.41176      -  37.3 4620s
 41146329 1777703 infeasible   37               -   16.41704      -  37.3 4625s
 41175228 1755614     cutoff   43               -   16.42857      -  37.3 4630s
 41207216 1737421 infeasible   33               -   16.43103      -  37.3 4635s
 41231949 1721198     cutoff   37               -   16.43946      -  37.3 4640s
 41262911 1700118 infeasible   44               -   16.44578      -  37.3 4645s
 41281550 1683937     cutoff   40               -   16.45313      -  37.4 4650s
 41315510 1664680   16.70404   36  112          -   16.46154      -  37.4 4655s
 41339732 1648012     cutoff   35               -   16.47059      -  37.4 4660s
 41363699 1631438     cutoff   41               -   16.48000      -  37.4 4665s
 41392292 1612351   16.76395   34  114          -   16.49448      -  37.4 4670s
 41427202 1576574     cutoff   43               -   16.50000      -  37.4 4676s
 41464125 1543094 infeasible   41               -   16.50000      -  37.4 4680s
 41504180 1508836 infeasible   30               -   16.50000      -  37.4 4685s
 41546195 1473499     cutoff   43               -   16.50000      -  37.4 4691s
 41588160 1439945     cutoff   44               -   16.50000      -  37.4 4696s
 41615498 1417779 infeasible   38               -   16.50000      -  37.4 4700s
 41657768 1384135 infeasible   49               -   16.50000      -  37.4 4705s
 41698749 1352521   16.50000   40   23          -   16.50000      -  37.4 4711s
 41740629 1321391     cutoff   49               -   16.50000      -  37.4 4716s
 41767847 1301351 infeasible   49               -   16.50000      -  37.4 4720s
 41808507 1272738     cutoff   48               -   16.50000      -  37.4 4726s
 41835073 1257041   16.66667   38   46          -   16.50000      -  37.4 4730s
 41867897 1238134 infeasible   40               -   16.51266      -  37.4 4735s
 41892572 1219784     cutoff   36               -   16.52542      -  37.5 4740s
 41922619 1197067 infeasible   39               -   16.53846      -  37.5 4745s
 41946691 1177722     cutoff   55               -   16.54902      -  37.5 4750s
 41975329 1154982     cutoff   37               -   16.55926      -  37.5 4755s
 42000585 1125611     cutoff   43               -   16.57143      -  37.5 4761s
 42032527 1103859     cutoff   42               -   16.58333      -  37.5 4766s
 42060385 1084576     cutoff   42               -   16.59559      -  37.5 4770s
 42095183 1051163 infeasible   56               -   16.60000      -  37.5 4775s
 42124267 1028953     cutoff   35               -   16.61380      -  37.5 4780s
 42145274 1002961     cutoff   61               -   16.62500      -  37.5 4785s
 42182872 978100   16.79918   30   89          -   16.64008      -  37.5 4790s
 42206851 958255 infeasible   42               -   16.65625      -  37.5 4795s
 42249381 905408 infeasible   47               -   16.66667      -  37.5 4801s
 42286164 870777 infeasible   49               -   16.66667      -  37.5 4805s
 42333547 840682     cutoff   45               -   16.66667      -  37.5 4810s
 42360261 817086     cutoff   41               -   16.68750      -  37.5 4815s
 42389169 790888 infeasible   35               -   16.70588      -  37.5 4820s
 42420611 760918     cutoff   39               -   16.72414      -  37.5 4825s
 42452247 717135 infeasible   54               -   16.75000      -  37.5 4831s
 42493570 680740     cutoff   38               -   16.75000      -  37.5 4835s
 42531051 657703     cutoff   40               -   16.76923      -  37.5 4840s
 42561116 609763     cutoff   48               -   16.80000      -  37.5 4846s
 42602982 586753     cutoff   45               -   16.82692      -  37.5 4850s
 42649090 544547     cutoff   36               -   16.85714      -  37.5 4855s
 42685485 508230     cutoff   40               -   16.90625      -  37.5 4860s
 42723887 452020 infeasible   40               -   17.00000      -  37.5 4865s
 42820564 357271 infeasible   44               -   17.00000      -  37.4 4870s
 42912904 267486 infeasible   39               -   17.00000      -  37.4 4875s
 43000838 181777 infeasible   38               -   17.00000      -  37.3 4881s
 43067235 119999     cutoff   47               -   17.00000      -  37.3 4886s

Cutting planes:
  Gomory: 7
  Implied bound: 266
  MIR: 446
  Flow cover: 1
  Zero half: 647
  Relax-and-lift: 28

Explored 43113468 nodes (1607280603 simplex iterations) in 4888.98 seconds (4740.09 work units)
Thread count was 48 (of 64 available processors)

Solution count 0

Model objective exceeds cutoff
Best objective -, best bound 1.750000000185e+01, gap -

Gurobi 13.0.3 (linux64) logging started Fri Oct  2 05:10:18 2026

Set parameter LogFile to value "D2_10_gurobi.log"
Set parameter Threads to value 48
Set parameter NodefileStart to value 200
Set parameter NodefileDir to value "."
Set parameter SoftMemLimit to value 1000
Set parameter Cutoff to value 17.5
Set parameter MIPFocus to value 3
Set parameter Symmetry to value 2
Gurobi Optimizer version 13.0.3 build v13.0.3rc0 (linux64 - "Ubuntu 24.04.4 LTS")

CPU model: AMD Ryzen Threadripper PRO 9975WX 32-Cores, instruction set [SSE2|AVX|AVX2|AVX512]
Thread count: 32 physical cores, 64 logical processors, using up to 48 threads

Non-default parameters:
Cutoff  17.5
SoftMemLimit  1000
MIPFocus  3
NodefileStart  200
Symmetry  2
Threads  48

Optimize a model with 109 rows, 325 columns and 917 nonzeros (Min)
Model fingerprint: 0x4407e9fb
Model has 216 linear objective coefficients
Variable types: 0 continuous, 325 integer (216 binary)
Coefficient statistics:
  Matrix range     [1e+00, 2e+00]
  Objective range  [1e+00, 1e+00]
  Bounds range     [1e+00, 3e+01]
  RHS range        [1e+00, 1e+00]

Presolve time: 0.00s
Presolved: 109 rows, 325 columns, 917 nonzeros
Variable types: 0 continuous, 325 integer (216 binary)
Root relaxation presolve removed 109 rows and 325 columns
Root relaxation presolve: All rows and columns removed

Root relaxation: objective 1.000000e+00, 0 iterations, 0.00 seconds (0.00 work units)

    Nodes    |    Current Node    |     Objective Bounds      |     Work
 Expl Unexpl |  Obj  Depth IntInf | Incumbent    BestBd   Gap | It/Node Time

     0     0    1.00000    0    4          -    1.00000      -     -    0s
     0     0    1.00000    0    4          -    1.00000      -     -    0s
     0     0    1.00000    0    3          -    1.00000      -     -    0s
     0     0    2.00000    0    3          -    2.00000      -     -    0s
     0     0    2.00000    0    4          -    2.00000      -     -    0s
     0     0    3.00000    0    4          -    3.00000      -     -    0s
     0     0    3.00000    0    4          -    3.00000      -     -    0s
     0     2    3.00000    0    4          -    3.00000      -     -    0s
  6764  5748   10.37784   30  149          -    7.72391      -  75.7    5s
 40481 30435   11.50434   30  117          -    8.89132      -  40.3   10s
 42958 31491   11.45000   36  110          -    9.06167      -  41.9   15s
 81232 57269   15.30000   55   60          -    9.38400      -  34.7   20s
 140687 93859   11.39331   29  138          -    9.80000      -  31.3   25s
 214475 134153   13.04012   39  111          -   10.11111      -  29.2   30s
 275945 169373   12.29841   27  125          -   10.32947      -  28.5   35s
 341815 205861   11.34969   26  130          -   10.50000      -  28.1   40s
 409054 241707   11.27038   33  107          -   10.66918      -  27.9   45s
 469134 274656   14.00000   37    9          -   10.80000      -  27.8   50s
 541640 312343   12.05891   32  121          -   10.94886      -  27.6   55s
 608678 345839   12.03834   31   98          -   11.03571      -  27.6   60s
 679050 382508   11.80727   34   82          -   11.15385      -  27.5   65s
 742438 413865   12.31304   36   93          -   11.24677      -  27.5   70s
 812364 448065   14.06452   34   64          -   11.33333      -  27.5   75s
 884917 483052   13.29609   33  111          -   11.41600      -  27.5   80s
 942259 511445   12.45046   31   86          -   11.48136      -  27.5   85s
 1010925 541541   13.03665   35  104          -   11.53125      -  27.6   90s
 1077085 573304   12.75712   37   99          -   11.60000      -  27.6   95s
 1145334 605110   15.85857   36  107          -   11.66667      -  27.6  100s
 1212181 635659   13.27941   38   74          -   11.71429      -  27.6  105s
 1281176 666184   13.23954   37  117          -   11.76606      -  27.6  110s
 1348010 696081   12.69892   29  104          -   11.81844      -  27.6  115s
 1410620 723513   12.87451   38  112          -   11.86468      -  27.6  120s
 1479336 753415   13.26190   45  109          -   11.91667      -  27.6  125s
 1546425 782713   12.78907   33   87          -   11.97368      -  27.7  130s
 1577876 794169   13.90000   41   75          -   12.00000      -  27.7  135s
 1603695 805350   13.00000   36   10          -   12.00000      -  27.8  140s
 1647427 821478   13.34483   41   75          -   12.00000      -  27.8  145s
 1693910 842051   13.50000   34   47          -   12.01594      -  27.8  150s
 1755514 867969   13.00680   40  117          -   12.06780      -  27.8  155s
 1818070 894162   13.09488   41  120          -   12.10962      -  27.8  160s
 1875153 918173   13.36269   41   73          -   12.14583      -  27.9  165s
 1938767 944984   13.42737   37  116          -   12.18317      -  27.9  170s
 2000715 969573   12.50988   30  123          -   12.21631      -  27.9  175s
 2061831 994478   13.59727   31  123          -   12.25000      -  27.9  180s
 2124494 1020625   13.00000   25   50          -   12.28011      -  27.9  185s
 2185965 1045556   12.71961   30  132          -   12.31299      -  28.0  190s
 2246167 1068120   13.57846   44  101          -   12.33333      -  28.0  195s
 2304872 1092649   13.31955   27  121          -   12.36364      -  28.1  200s
 2366577 1116985   13.11427   36  126          -   12.39474      -  28.1  205s
 2431826 1141477   12.68182   36   84          -   12.42523      -  28.1  210s
 2492633 1165665   13.41818   45   77          -   12.45161      -  28.1  215s
 2551996 1188670   13.22589   36   97          -   12.48092      -  28.1  220s
 2610901 1209243   13.01042   42   82          -   12.50000      -  28.2  225s
 2675242 1231812   12.93518   31  116          -   12.50000      -  28.2  230s
 2736442 1256231   13.78947   31   92          -   12.52941      -  28.3  235s
 2797830 1279983   13.41984   48  121          -   12.55583      -  28.3  240s
 2856637 1302923   12.90614   38  102          -   12.58333      -  28.3  245s
 2912379 1323838   13.28241   32   89          -   12.60000      -  28.3  250s
 2973239 1347214   13.50000   42   35          -   12.62500      -  28.4  255s
 3038432 1372583     cutoff   42               -   12.65429      -  28.4  260s
 3093412 1390542   13.64130   36  100          -   12.66667      -  28.4  265s
 3159889 1415616   14.16254   37  112          -   12.68750      -  28.4  270s
 3222887 1438775   13.74370   37  128          -   12.71122      -  28.5  275s
 3277356 1459117   13.38664   39  118          -   12.72942      -  28.5  280s
 3339105 1479355   15.72727   44   96          -   12.75000      -  28.5  285s
 3403581 1502493   15.21579   36  108          -   12.76711      -  28.5  290s
 3462631 1523408   13.68061   31   86          -   12.78656      -  28.6  295s
 3526670 1546309   13.69489   36  102          -   12.80645      -  28.6  300s
 3586351 1567143   13.17140   35  141          -   12.82759      -  28.6  305s
 3647460 1588398   14.49782   38  103          -   12.84444      -  28.6  310s
 3711610 1611144   13.89378   42  119          -   12.86520      -  28.7  315s
 3775586 1632180   13.70412   34  110          -   12.88491      -  28.7  320s
 3834604 1653436   13.25000   32   47          -   12.90385      -  28.7  325s
 3899857 1676426   13.24296   40  111          -   12.92726      -  28.8  330s
 3960285 1697732   16.56460   39  140          -   12.94819      -  28.8  335s
 4020612 1718643   13.41429   37  102          -   12.97105      -  28.8  340s
 4085967 1741044   15.17647   55   47          -   13.00000      -  28.8  345s
 4139855 1753346   13.05263   33   72          -   13.00000      -  28.9  350s
 4198429 1768262   13.00000   50   29          -   13.00000      -  29.0  355s
 4224171 1773793   14.00000   44    8          -   13.00000      -  29.0  360s
 4224495 1783202 infeasible   56               -   13.00000      -  29.0  368s
 4258723 1788798   13.80000   37   40          -   13.00000      -  29.0  370s
 4335367 1806610   13.85122   44   97          -   13.00000      -  29.1  375s
 4396973 1826576   14.74071   32   93          -   13.00000      -  29.1  380s
 4462047 1848352   14.12272   42  120          -   13.00980      -  29.1  385s
 4519381 1868282   13.91508   44   85          -   13.03571      -  29.1  390s
 4587174 1890933   13.53908   35  139          -   13.05882      -  29.1  395s
 4647814 1911177   13.86364   45   65          -   13.07812      -  29.1  400s
 4708875 1931091   13.86721   28  109          -   13.09615      -  29.1  405s
 4770170 1950618   14.83088   49   95          -   13.11194      -  29.2  410s
 4836208 1971976   13.83379   45  117          -   13.13043      -  29.2  415s
 4897766 1991984   13.68063   30  115          -   13.14551      -  29.2  420s
 4953645 2010585   13.86358   34  132          -   13.16201      -  29.2  425s
 5017042 2030341   14.38017   43   71          -   13.17432      -  29.2  430s
 5078592 2049649   14.82921   43  119          -   13.19149      -  29.2  435s
 5140063 2068322   15.00000   32   25          -   13.20146      -  29.2  440s
 5195386 2085722   15.58237   31  149          -   13.21739      -  29.3  445s
 5265079 2107112     cutoff   36               -   13.23423      -  29.3  450s
 5330208 2126011   13.47945   24   90          -   13.25000      -  29.3  455s
 5391377 2143411   14.20588   46   77          -   13.25128      -  29.3  460s
 5451726 2161545   14.67269   32  129          -   13.26786      -  29.3  465s
 5512087 2180462   15.70130   45  109          -   13.28261      -  29.3  470s
 5568813 2196641   15.50000   39   62          -   13.29389      -  29.4  475s
 5629450 2215688   14.35897   40   69          -   13.30769      -  29.4  480s
 5690546 2234761   14.40400   41  134          -   13.32317      -  29.4  485s
 5739793 2247367   13.97096   53   86          -   13.33333      -  29.4  490s
 5802274 2263152   13.69677   44   75          -   13.33333      -  29.4  495s
 5866246 2282125   15.20873   35  122          -   13.34364      -  29.5  500s
 5922901 2298956   14.64780   38  125          -   13.35714      -  29.5  505s
 5982061 2316708   15.33333   33   36          -   13.37097      -  29.5  510s
 6043242 2333994   16.00567   36  105          -   13.38247      -  29.5  515s
 6098588 2350176   14.35242   25  153          -   13.39535      -  29.5  520s
 6153985 2365600   14.91325   45  108          -   13.40000      -  29.5  525s
 6214474 2384074   14.43370   40  101          -   13.41495      -  29.6  530s
 6279850 2402438     cutoff   32               -   13.42857      -  29.6  535s
 6336684 2418705   14.83499   37   98          -   13.43835      -  29.6  540s
 6396357 2435513     cutoff   48               -   13.45091      -  29.6  545s
 6457875 2452337   15.48077   40  112          -   13.46392      -  29.6  550s
 6517922 2469883   16.53552   45  113          -   13.47727      -  29.6  555s
 6578363 2487330   15.05551   34  124          -   13.49286      -  29.7  560s
 6631950 2498975 infeasible   43               -   13.50000      -  29.7  565s
 6682089 2509157   15.06164   36   77          -   13.50000      -  29.7  570s
 6743228 2522543   14.79659   38  143          -   13.50000      -  29.8  575s
 6798976 2536050   14.42775   47   87          -   13.50000      -  29.8  580s
 6864785 2552795   13.83333   44   30          -   13.50000      -  29.8  585s
 6924564 2569860   15.98883   43   98          -   13.50943      -  29.8  590s
 6978998 2585059   14.01282   32  109          -   13.52352      -  29.8  595s
 7029259 2599845   16.26643   40  125          -   13.53367      -  29.8  600s
 7087187 2615096   14.75000   34   58          -   13.54545      -  29.9  605s
 7141672 2630408   15.47867   46  110          -   13.55556      -  29.9  610s
 7202562 2647516   15.54321   34  118          -   13.56790      -  29.9  615s
 7252600 2660515   14.84686   41  107          -   13.57500      -  29.9  620s
 7312775 2676393   13.99876   44  124          -   13.58601      -  29.9  625s
 7366764 2690876 infeasible   49               -   13.59834      -  29.9  630s
 7422261 2703614   15.00000   34   77          -   13.60000      -  29.9  635s
 7477313 2718423   15.50000   35   35          -   13.61146      -  30.0  640s
 7533235 2733413 infeasible   50               -   13.62308      -  30.0  645s
 7587279 2747407   15.06098   47   73          -   13.63043      -  30.0  650s
 7648113 2763389   14.99655   38  118          -   13.64151      -  30.0  655s
 7703117 2777792   14.75556   42   75          -   13.65116      -  30.0  660s
 7763095 2793812   15.78280   39  101          -   13.66531      -  30.0  665s
 7807843 2801692 infeasible   39               -   13.66667      -  30.1  670s
 7868787 2814560   15.74359   41   85          -   13.66667      -  30.1  675s
 7926506 2828458   14.87615   34  113          -   13.66667      -  30.1  680s
 7985124 2844568   14.72165   36  132          -   13.68064      -  30.1  685s
 8051188 2861214   14.35959   33  108          -   13.69231      -  30.1  690s
 8111358 2876643   16.11404   51   69          -   13.70241      -  30.1  695s
 8171866 2891743   14.00000   38    8          -   13.71429      -  30.1  700s
 8232909 2907314   15.47207   34  116          -   13.72205      -  30.2  705s
 8293974 2922498   14.35915   32  119          -   13.73247      -  30.2  710s
 8349007 2937045   14.24904   36  106          -   13.74257      -  30.2  715s
 8404152 2948285   14.00000   42    9          -   13.75000      -  30.2  720s
 8459878 2959940   15.81875   51   92          -   13.75000      -  30.2  725s
 8519838 2975315   13.85000   34  108          -   13.75557      -  30.2  730s
 8580583 2991548   14.54124   41  118          -   13.76774      -  30.2  735s
 8637305 3005371   15.35547   39  138          -   13.77778      -  30.3  740s
 8692575 3019250   16.24786   50   74          -   13.78571      -  30.3  745s
 8747952 3033209     cutoff   47               -   13.79487      -  30.3  750s
 8802921 3044704   14.48571   52   92          -   13.80000      -  30.3  755s
 8864175 3059628   15.71250   43   94          -   13.80743      -  30.3  760s
 8919762 3073212   14.89315   36  103          -   13.81678      -  30.3  765s
 8974417 3086516   15.45215   47  112          -   13.82540      -  30.3  770s
 9029313 3098465   17.00000   37   51          -   13.83333      -  30.4  775s
 9089501 3112739   14.79167   42   75          -   13.83721      -  30.4  780s
 9150668 3126995   15.97368   49   87          -   13.84706      -  30.4  785s
 9212154 3140747   14.90698   40   88          -   13.85714      -  30.4  790s
 9267898 3154056   14.01969   40   87          -   13.86364      -  30.4  795s
 9321986 3166666   14.48780   35   79          -   13.87265      -  30.4  800s
 9386883 3180488   14.87500   28   85          -   13.88000      -  30.4  805s
 9440723 3193005   15.33925   43  102          -   13.88889      -  30.5  810s
 9501989 3207667   15.22564   35  109          -   13.89711      -  30.5  815s
 9556258 3220090 infeasible   34               -   13.90446      -  30.5  820s
 9610874 3233384   14.97297   34  108          -   13.91300      -  30.5  825s
 9670082 3246567   15.20690   44   94          -   13.92157      -  30.5  830s
 9724866 3259194   14.50000   35   18          -   13.92929      -  30.5  835s
 9781818 3271852 infeasible   46               -   13.93846      -  30.5  840s
 9842764 3285358   15.20571   39   90          -   13.94782      -  30.6  845s
 9898464 3297867   15.96364   38   71          -   13.95702      -  30.6  850s
 9949647 3309108   15.03093   43   98          -   13.96552      -  30.6  855s
 10009327 3322615   15.86603   36  109          -   13.97541      -  30.6  860s
 10059575 3333955   15.80122   44  101          -   13.98529      -  30.6  865s
 10114567 3345746     cutoff   42               -   14.00000      -  30.6  870s
 10157488 3349892   14.83679   50   90          -   14.00000      -  30.7  875s
 10207029 3354355   14.67647   36   66          -   14.00000      -  30.7  880s
 10251261 3358472   14.50000   47   38          -   14.00000      -  30.8  885s
 10301145 3362926     cutoff   43               -   14.00000      -  30.8  890s
 10350728 3368438   16.46732   46   80          -   14.00000      -  30.8  895s
 10399439 3375107   15.56098   44   87          -   14.00000      -  30.8  900s
 10449947 3382700   16.11111   35   50          -   14.00000      -  30.9  905s
 10500758 3390326 infeasible   40               -   14.00000      -  30.9  910s
 10555721 3399528   14.54511   35  108          -   14.00000      -  30.9  915s
 10611481 3408700   15.00000   37   71          -   14.00000      -  30.9  920s
 10663189 3417563   14.85841   53   83          -   14.00000      -  30.9  925s
 10718756 3428186 infeasible   50               -   14.00000      -  31.0  930s
 10773973 3438258     cutoff   40               -   14.00000      -  31.0  935s
 10834605 3449708   15.31250   46   67          -   14.00000      -  31.0  940s
 10893807 3461979   14.06846   35   93          -   14.00000      -  31.0  945s
 10958498 3475364   15.50000   43   46          -   14.00000      -  31.0  950s
 11017803 3488075   15.27299   41  105          -   14.00000      -  31.0  955s
 11076556 3501636   15.17616   37  114          -   14.00653      -  31.0  960s
 11132103 3513815   14.53608   34   81          -   14.01959      -  31.0  965s
 11191823 3526789   15.23996   32  133          -   14.03144      -  31.0  970s
 11245527 3538795   14.06135   28   88          -   14.04120      -  31.0  975s
 11305346 3552049   15.66667   36   70          -   14.05128      -  31.0  980s
 11359878 3563918 infeasible   33               -   14.05989      -  31.1  985s
 11419882 3576895 infeasible   38               -   14.06863      -  31.1  990s
 11481100 3589275   16.26712   36  111          -   14.07692      -  31.1  995s
 11540962 3601631   14.79950   33  141          -   14.08457      -  31.1 1000s
 11599602 3614555   15.58734   41  113          -   14.09314      -  31.1 1005s
 11654031 3625690   14.60000   32   65          -   14.10000      -  31.1 1010s
 11712103 3638477   14.61860   35   96          -   14.10853      -  31.1 1015s
 11772755 3650830   14.46428   37  119          -   14.11538      -  31.1 1020s
 11823341 3661414   14.60897   43   75          -   14.12329      -  31.1 1025s
 11887406 3673861   15.08485   37   80          -   14.12891      -  31.1 1030s
 11942356 3685207   14.32143   38   67          -   14.13636      -  31.1 1035s
 11997033 3695590   14.90187   42   69          -   14.14286      -  31.2 1040s
 12055689 3707272   15.03303   37  125          -   14.14879      -  31.2 1045s
 12114764 3719110   14.69490   41  131          -   14.15663      -  31.2 1050s
 12173588 3730890   15.47532   37   91          -   14.16662      -  31.2 1055s
 12228998 3739658     cutoff   38               -   14.16667      -  31.2 1060s
 12287922 3751762   14.53333   43   66          -   14.17308      -  31.2 1065s
 12342676 3762988   15.11456   42  148          -   14.18118      -  31.2 1070s
 12402605 3774659   15.51486   35  132          -   14.18750      -  31.2 1075s
 12456929 3785364   15.28439   40  111          -   14.19516      -  31.2 1080s
 12511596 3793830   15.19269   38  104          -   14.20000      -  31.2 1085s
 12571289 3805099   14.39344   33   73          -   14.20183      -  31.3 1090s
 12631403 3817304   14.99203   38  117          -   14.21053      -  31.3 1095s
 12686558 3827850   15.62597   42  103          -   14.21752      -  31.3 1100s
 12736314 3837017   15.54839   46   78          -   14.22222      -  31.3 1105s
 12800957 3849181   14.80796   38  110          -   14.23077      -  31.3 1110s
 12856477 3859582   14.77778   41   54          -   14.23729      -  31.3 1115s
 12916429 3871365   15.33333   40   77          -   14.24609      -  31.3 1120s
 12966183 3877557   16.79517   38  102          -   14.25000      -  31.3 1125s
 13022121 3884914   15.50000   42   54          -   14.25000      -  31.4 1130s
 13077632 3893838   14.71864   39  104          -   14.25000      -  31.4 1135s
 13135676 3905088   15.61534   35  143          -   14.25581      -  31.4 1140s
 13190196 3915579   15.46067   44  110          -   14.26341      -  31.4 1145s
 13245325 3925654   16.00000   41   80          -   14.27074      -  31.4 1150s
 13294702 3934660   14.58824   40   77          -   14.27632      -  31.4 1155s
 13354670 3945773   15.71622   47   55          -   14.28455      -  31.4 1160s
 13408903 3954208   14.77860   31  132          -   14.28571      -  31.4 1165s
 13457521 3963230   16.00000   43   43          -   14.29341      -  31.4 1170s
 13511133 3972263 infeasible   43               -   14.30000      -  31.4 1175s
 13569239 3983194   14.63093   37  135          -   14.30579      -  31.5 1180s
 13625240 3992829   15.59184   41   59          -   14.31250      -  31.5 1185s
 13679796 4002745 infeasible   39               -   14.31884      -  31.5 1190s
 13731399 4012045     cutoff   44               -   14.32601      -  31.5 1195s
 13783681 4019117   16.00000   48   12          -   14.33333      -  31.5 1200s
 13837590 4023503   15.73758   35  144          -   14.33333      -  31.5 1205s
 13887073 4028892   16.42500   36   62          -   14.33333      -  31.5 1210s
 13948616 4036832   16.50000   35   50          -   14.33333      -  31.5 1215s
 13998072 4044566   14.65107   29  109          -   14.33333      -  31.6 1220s
 14052608 4054294 infeasible   45               -   14.33670      -  31.6 1225s
 14101589 4063311   14.67347   37   86          -   14.34375      -  31.6 1230s
 14156140 4073119   14.97107   42  121          -   14.35012      -  31.6 1235s
 14216468 4083217   14.65467   42  112          -   14.35714      -  31.6 1240s
 14266834 4091362   15.65310   33  133          -   14.36364      -  31.6 1245s
 14314654 4099322   15.14884   39  116          -   14.36842      -  31.6 1250s
 14365485 4107144 infeasible   52               -   14.37500      -  31.6 1255s
 14419896 4115431   15.82800   46  117          -   14.37629      -  31.6 1260s
 14469172 4123816   14.82078   38  100          -   14.38265      -  31.6 1265s
 14524270 4132761   16.59352   31  110          -   14.38889      -  31.7 1270s
 14579031 4142264   15.34000   36  123          -   14.39520      -  31.7 1275s
 14631731 4148891     cutoff   46               -   14.40000      -  31.7 1280s
 14682485 4155480   15.20000   38   56          -   14.40000      -  31.7 1285s
 14735722 4164187 infeasible   34               -   14.40476      -  31.7 1290s
 14785438 4172507   16.77125   42  128          -   14.41096      -  31.7 1295s
 14834986 4180469   15.50000   44   42          -   14.41667      -  31.7 1300s
 14891331 4189541     cutoff   48               -   14.42105      -  31.7 1305s
 14945955 4197700   15.21127   38   76          -   14.42857      -  31.7 1310s
 15002143 4205681   16.42910   46  118          -   14.42945      -  31.8 1315s
 15061753 4215807   16.12715   32  123          -   14.43750      -  31.8 1320s
 15106890 4223310     cutoff   44               -   14.44215      -  31.8 1325s
 15161772 4230779   16.00000   41    9          -   14.44553      -  31.8 1330s
 15215287 4239445   14.88578   36  119          -   14.45248      -  31.8 1335s
 15275173 4248470   16.38131   43  115          -   14.45833      -  31.8 1340s
 15294888 4250980   15.36957   34   82          -   14.46122      -  31.8 1345s
 15295303 4251227     cutoff   47               -   14.46154      -  31.8 1350s
 15295721 4251486   16.00000   49   46          -   14.46154      -  31.8 1355s
 15296056 4251731   15.93401   49   95          -   14.46154      -  31.8 1360s
 15296223 4251857   15.96665   35  127          -   14.46154      -  31.8 1365s
 15296435 4252025   15.40361   33  107          -   14.46173      -  31.8 1371s
 15296540 4252111   15.35725   30  123          -   14.46199      -  31.8 1375s
 15296704 4252239   15.75243   44   93          -   14.46231      -  31.8 1380s
 15296925 4252417   15.14401   39  116          -   14.46277      -  31.8 1385s
 15298501 4252904 infeasible   34               -   14.46296      -  31.8 1390s
 15302253 4253885   15.39405   37  111          -   14.46326      -  31.8 1396s
 15312813 4256059   14.57761   36  129          -   14.46350      -  31.8 1402s
 15323688 4257879   14.93377   32  110          -   14.46409      -  31.8 1405s
 15350287 4261190   15.77383   47  114          -   14.46575      -  31.8 1410s
 15374061 4264299   15.46809   50   88          -   14.47059      -  31.8 1415s
 15416387 4270958   15.80000   34   26          -   14.47619      -  31.8 1420s
 15467696 4278746   15.60090   39  102          -   14.48212      -  31.9 1425s
 15522630 4287302   15.11765   45   77          -   14.48925      -  31.9 1430s
 15571521 4295538   14.69865   39  120          -   14.49689      -  31.9 1435s
 15614742 4297295 infeasible   40               -   14.50000      -  31.9 1440s
 15659319 4298555   16.00000   42    8          -   14.50000      -  31.9 1445s
 15703850 4300366   15.71429   42   51          -   14.50000      -  31.9 1450s
 15752472 4302862   15.93772   36  131          -   14.50000      -  32.0 1455s
 15797953 4305897   15.41270   41   90          -   14.50000      -  32.0 1460s
 15847816 4309770   15.07435   42   90          -   14.50000      -  32.0 1465s
 15902398 4314368   16.11667   39   82          -   14.50000      -  32.0 1470s
 15953047 4318833   15.86111   30   77          -   14.50000      -  32.0 1475s
 16003452 4323792   15.81000   34  117          -   14.50000      -  32.0 1480s
 16053366 4329237 infeasible   42               -   14.50000      -  32.0 1485s
 16109038 4335831   15.00000   35   55          -   14.50000      -  32.0 1490s
 16159017 4342287   15.77275   32  126          -   14.50000      -  32.1 1495s
 16215014 4349810   16.41279   42   85          -   14.50000      -  32.1 1500s
 16268780 4358054   15.06907   36  137          -   14.50268      -  32.1 1505s
 16323918 4366797   16.03352   30   99          -   14.51139      -  32.1 1510s
 16373443 4374237   15.71832   40  114          -   14.51803      -  32.1 1515s
 16389640 4376090   15.17438   32  101          -   14.52019      -  32.1 1520s
 16391349 4376598   14.95039   36  121          -   14.52105      -  32.1 1525s
 16392602 4376895   14.91386   39  124          -   14.52161      -  32.1 1530s
 16393730 4377160   14.82828   45   99          -   14.52174      -  32.1 1535s
 16395786 4377800   14.98762   37  126          -   14.52174      -  32.1 1540s
 16402894 4379676   14.91124   43   83          -   14.52220      -  32.1 1545s
 16427622 4383026   16.40261   35  120          -   14.52318      -  32.1 1550s
 16469579 4389077   15.88032   36  132          -   14.52967      -  32.1 1555s
 16527144 4397323   15.89049   36  121          -   14.53655      -  32.1 1560s
 16577561 4404422   15.84223   43  133          -   14.54167      -  32.1 1565s
 16627398 4411607   15.38678   42   93          -   14.54585      -  32.1 1570s
 16677127 4418656   15.33333   44   88          -   14.55172      -  32.1 1575s
 16726020 4424313   15.72286   35   91          -   14.55556      -  32.2 1580s
 16776193 4432093   14.76479   36  129          -   14.56098      -  32.2 1585s
 16826351 4438856   14.92105   43   71          -   14.56604      -  32.2 1590s
 16880116 4444881   15.00000   35   52          -   14.57143      -  32.2 1595s
 16935566 4452259   15.52715   34  139          -   14.57342      -  32.2 1600s
 16990806 4460098   15.66667   37   51          -   14.57971      -  32.2 1605s
 17039405 4466221   15.91866   40  101          -   14.58333      -  32.2 1610s
 17089542 4473252   15.96224   50   79          -   14.58853      -  32.2 1615s
 17139975 4480391   15.75881   52  100          -   14.59441      -  32.2 1620s
 17189539 4485768 infeasible   39               -   14.60000      -  32.2 1625s
 17245502 4490340     cutoff   46               -   14.60000      -  32.3 1630s
 17301255 4497517   14.72769   37   82          -   14.60179      -  32.3 1635s
 17355732 4505198   15.56696   29  111          -   14.60870      -  32.3 1640s
 17410612 4512329   14.84953   35   88          -   14.61416      -  32.3 1645s
 17460852 4518768   15.50000   36   23          -   14.61905      -  32.3 1650s
 17515891 4525199   15.00591   38  112          -   14.62500      -  32.3 1655s
 17567172 4530912   16.94059   36  100          -   14.62500      -  32.3 1660s
 17620171 4538202   16.29825   35   75          -   14.63158      -  32.3 1665s
 17675487 4544715   15.33333   31   27          -   14.63636      -  32.3 1670s
 17719569 4550905   16.00000   46   10          -   14.64140      -  32.4 1675s
 17770416 4556955   16.02666   36  108          -   14.64588      -  32.4 1680s
 17825733 4563780   15.19664   38  114          -   14.65163      -  32.4 1685s
 17879822 4570570   15.24311   34  105          -   14.65761      -  32.4 1690s
 17936033 4577876   15.96753   33  119          -   14.66507      -  32.4 1695s
 17982815 4577960   16.54167   47  102          -   14.66667      -  32.4 1700s
 18028126 4579101   15.35714   34   79          -   14.66667      -  32.4 1705s
 18073469 4581193     cutoff   45               -   14.66667      -  32.4 1710s
 18122956 4584617 infeasible   38               -   14.66667      -  32.5 1715s
 18168090 4588392   15.00000   27    7          -   14.66667      -  32.5 1720s
 18227925 4594069   15.71887   32  133          -   14.66667      -  32.5 1725s
 18277360 4599934     cutoff   46               -   14.66667      -  32.5 1730s
 18326724 4606815   15.71809   38  113          -   14.67323      -  32.5 1735s
 18378336 4613162   15.31538   37   99          -   14.67905      -  32.5 1740s
 18427912 4619163   15.53226   48   95          -   14.68421      -  32.5 1745s
 18477528 4624793   15.91111   44   97          -   14.68913      -  32.5 1750s
 18527229 4631019   15.04659   38  131          -   14.69360      -  32.5 1755s
 18581378 4637182 infeasible   49               -   14.70000      -  32.5 1760s
 18637394 4643552     cutoff   43               -   14.70270      -  32.5 1765s
 18687104 4649496   15.60685   42  111          -   14.70801      -  32.6 1770s
 18736673 4655264   15.00407   38  107          -   14.71392      -  32.6 1775s
 18787413 4659205   15.20253   46   83          -   14.71429      -  32.6 1780s
 18836721 4665332   16.40050   41  127          -   14.71889      -  32.6 1785s
 18886402 4671323   14.99278   35   81          -   14.72380      -  32.6 1790s
 18936538 4676966   15.07330   37   88          -   14.72727      -  32.6 1795s
 18985404 4682433   16.25000   42   40          -   14.73333      -  32.6 1800s
 19040605 4689019   14.88416   38  118          -   14.73795      -  32.6 1805s
 19088993 4694662   15.64198   43   99          -   14.74306      -  32.6 1810s
 19138239 4699687 infeasible   43               -   14.75000      -  32.6 1815s
 19180946 4699983     cutoff   40               -   14.75000      -  32.7 1820s
 19230925 4702074     cutoff   43               -   14.75000      -  32.7 1825s
 19281862 4705015   15.00000   39   13          -   14.75000      -  32.7 1830s
 19337459 4709821   16.23723   39  117          -   14.75000      -  32.7 1835s
 19391248 4716029 infeasible   50               -   14.75221      -  32.7 1840s
 19446230 4722227   15.45602   44  119          -   14.75878      -  32.7 1845s
 19495924 4727706   15.66616   32   94          -   14.76389      -  32.7 1850s
 19546238 4733021   16.16667   40   54          -   14.76907      -  32.7 1855s
 19596009 4737932   15.31056   32   94          -   14.77273      -  32.7 1860s
 19641669 4742378   15.35714   48   49          -   14.77778      -  32.8 1865s
 19691724 4747270   15.22581   34   92          -   14.77971      -  32.8 1870s
 19746723 4752869   15.50000   37   68          -   14.78571      -  32.8 1875s
 19795527 4758124     cutoff   44               -   14.78947      -  32.8 1880s
 19849255 4763728     cutoff   34               -   14.79487      -  32.8 1885s
 19896391 4767144   16.55556   54   75          -   14.80000      -  32.8 1890s
 19946803 4769497   16.32231   46   91          -   14.80000      -  32.8 1895s
 20001363 4774500   15.05274   41   98          -   14.80000      -  32.8 1900s
 20054992 4780403     cutoff   57               -   14.80556      -  32.8 1905s
 20102337 4785067   16.46304   42   91          -   14.81044      -  32.8 1910s
 20154070 4789921   16.33333   46   56          -   14.81481      -  32.9 1915s
 20204330 4794297   15.95668   40  119          -   14.81818      -  32.9 1920s
 20252461 4799032   15.06145   34  127          -   14.82353      -  32.9 1925s
 20299631 4803821   16.06342   43  114          -   14.82808      -  32.9 1930s
 20342969 4806760     cutoff   42               -   14.83333      -  32.9 1935s
 20393388 4808101 infeasible   39               -   14.83333      -  32.9 1940s
 20447491 4811791   16.31034   40   92          -   14.83333      -  32.9 1945s
 20494666 4816766   15.21992   40   90          -   14.83721      -  32.9 1950s
 20545625 4821929     cutoff   56               -   14.84211      -  32.9 1955s
 20589393 4825919   16.18667   37   79          -   14.84615      -  32.9 1960s
 20644410 4831426     cutoff   39               -   14.85084      -  33.0 1965s
 20693048 4836069   16.04012   31  111          -   14.85666      -  33.0 1970s
 20742456 4838652   15.00000   34   75          -   14.85714      -  33.0 1975s
 20791477 4843488   15.57252   40   75          -   14.86111      -  33.0 1980s
 20835217 4847594   16.41667   42   43          -   14.86561      -  33.0 1985s
 20879715 4851194     cutoff   46               -   14.86957      -  33.0 1990s
 20927745 4854821   16.06977   33  109          -   14.87500      -  33.0 1995s
 20978432 4857500   15.20992   30  126          -   14.87500      -  33.0 2000s
 21027200 4862130   15.47815   38  112          -   14.87940      -  33.0 2005s
 21070973 4866012   15.87578   44   71          -   14.88350      -  33.1 2010s
 21118884 4870136   15.56011   37   90          -   14.88889      -  33.1 2015s
 21170204 4873869     cutoff   44               -   14.89011      -  33.1 2020s
 21218121 4878321   15.00000   38   10          -   14.89498      -  33.1 2025s
 21267419 4881716 infeasible   48               -   14.90000      -  33.1 2030s
 21315465 4885787   15.75641   46  101          -   14.90244      -  33.1 2035s
 21365375 4889916   16.21889   32  129          -   14.90726      -  33.1 2040s
 21414864 4893566     cutoff   41               -   14.91071      -  33.1 2045s
 21468075 4897337   15.00000   42    8          -   14.91667      -  33.1 2050s
 21516141 4900930   16.22857   32   99          -   14.91892      -  33.1 2055s
 21567177 4904731   16.06178   47   99          -   14.92308      -  33.2 2060s
 21615884 4908163     cutoff   45               -   14.92857      -  33.2 2065s
 21664840 4911904 infeasible   36               -   14.93229      -  33.2 2070s
 21713898 4915931   16.35933   44  115          -   14.93651      -  33.2 2075s
 21758190 4919281   16.49586   35  130          -   14.94022      -  33.2 2080s
 21808204 4922894   15.87500   38   32          -   14.94444      -  33.2 2085s
 21857688 4926444   16.80944   41  125          -   14.94952      -  33.2 2090s
 21905151 4930169   16.31579   31   68          -   14.95387      -  33.2 2095s
 21953907 4933597   16.17204   44  102          -   14.95833      -  33.2 2100s
 22002480 4937316   15.17822   44  114          -   14.96303      -  33.3 2105s
 22052495 4941274   16.01250   50   91          -   14.96831      -  33.3 2110s
 22100931 4944819   15.48272   37   94          -   14.97333      -  33.3 2115s
 22144627 4948336   15.90000   38   84          -   14.97814      -  33.3 2120s
 22194929 4952104     cutoff   36               -   14.98413      -  33.3 2125s
 22244638 4955829   16.18459   35  136          -   14.99117      -  33.3 2130s
 22288937 4958898 infeasible   39               -   14.99959      -  33.3 2135s
 22325703 4954812     cutoff   49               -   15.00000      -  33.3 2140s
 22359787 4949568     cutoff   39               -   15.00000      -  33.4 2145s
 22399412 4943829     cutoff   40               -   15.00000      -  33.4 2150s
 22439610 4938411 infeasible   48               -   15.00000      -  33.4 2155s
 22473928 4933264     cutoff   45               -   15.00000      -  33.4 2160s
 22513868 4927696 infeasible   39               -   15.00000      -  33.5 2165s
 22548612 4922724 infeasible   42               -   15.00000      -  33.5 2170s
 22589259 4918353     cutoff   56               -   15.00000      -  33.5 2175s
 22628911 4914078   15.72028   50   79          -   15.00000      -  33.5 2180s
 22664374 4911148     cutoff   44               -   15.00000      -  33.5 2185s
 22709668 4907732   16.00000   38    9          -   15.00000      -  33.6 2190s
 22750196 4905260   16.58407   43  101          -   15.00000      -  33.6 2195s
 22794914 4903191   15.94444   35   86          -   15.00000      -  33.6 2200s
 22840435 4900848   16.00000   41   12          -   15.00000      -  33.6 2205s
 22885826 4899498   16.01008   40  118          -   15.00000      -  33.6 2210s
 22925779 4898408 infeasible   45               -   15.00000      -  33.6 2215s
 22970100 4897713 infeasible   34               -   15.00000      -  33.6 2220s
 23015477 4897453 infeasible   41               -   15.00000      -  33.7 2225s
 23060349 4897005   15.00000   47   12          -   15.00000      -  33.7 2230s
 23110474 4897000   15.64876   39   80          -   15.00000      -  33.7 2235s
 23160355 4897168 infeasible   36               -   15.00000      -  33.7 2240s
 23205097 4897324 infeasible   35               -   15.00000      -  33.7 2245s
 23249613 4898028   15.83333   30  104          -   15.00000      -  33.7 2250s
 23293907 4898524   15.44444   45   65          -   15.00000      -  33.7 2255s
 23338951 4899269   16.35714   46   57          -   15.00000      -  33.7 2260s
 23389583 4900399   16.00000   40   10          -   15.00000      -  33.7 2265s
 23434482 4901651 infeasible   47               -   15.00000      -  33.7 2270s
 23478747 4903074   16.00000   43   33          -   15.00000      -  33.8 2275s
 23528812 4904766   16.00000   46   11          -   15.00000      -  33.8 2280s
 23578688 4906443     cutoff   41               -   15.00000      -  33.8 2285s
 23629089 4908559 infeasible   49               -   15.00000      -  33.8 2290s
 23674333 4910727   15.31390   37  100          -   15.00000      -  33.8 2295s
 23724318 4913230   15.33333   37   98          -   15.00000      -  33.8 2300s
 23769678 4915624   15.40000   35   64          -   15.00000      -  33.8 2305s
 23819820 4918733   16.37500   37   57          -   15.00000      -  33.8 2310s
 23869907 4922001   16.00000   39   51          -   15.00000      -  33.8 2315s
 23919566 4925739   15.84071   38   64          -   15.00000      -  33.8 2320s
 23970033 4929840   15.56410   34   98          -   15.00000      -  33.8 2325s
 24020704 4933634   15.40000   37   49          -   15.00000      -  33.8 2330s
 24067078 4937626     cutoff   50               -   15.00920      -  33.8 2335s
 24121818 4941514   16.02941   44  115          -   15.01724      -  33.8 2340s
 24166009 4944475   15.31481   38  107          -   15.02292      -  33.8 2345s
 24215472 4948026   16.46825   38   94          -   15.02902      -  33.8 2350s
 24264629 4951457     cutoff   38               -   15.03478      -  33.9 2355s
 24313420 4954394 infeasible   53               -   15.04017      -  33.9 2360s
 24362216 4957627   15.16574   46  123          -   15.04545      -  33.9 2365s
 24410686 4960932   15.11135   47   92          -   15.05000      -  33.9 2370s
 24459376 4963774   15.21114   35  103          -   15.05544      -  33.9 2375s
 24509195 4966963   15.71212   36  113          -   15.05952      -  33.9 2380s
 24554007 4969682     cutoff   42               -   15.06351      -  33.9 2385s
 24607355 4972783   15.81972   38  100          -   15.06888      -  33.9 2390s
 24656656 4975576   16.40625   37  105          -   15.07292      -  33.9 2395s
 24700661 4977883     cutoff   52               -   15.07692      -  33.9 2400s
 24749480 4980820     cutoff   48               -   15.08203      -  33.9 2405s
 24790380 4982003   15.53214   31  112          -   15.08347      -  33.9 2410s
 24839265 4984908 infeasible   35               -   15.08914      -  34.0 2415s
 24884285 4986980   15.47907   35  104          -   15.09258      -  34.0 2420s
 24933946 4989614   15.45073   47  120          -   15.09740      -  34.0 2425s
 24984131 4991342   15.43372   33  117          -   15.10000      -  34.0 2430s
 25031286 4993948   16.54568   35  114          -   15.10508      -  34.0 2435s
 25080909 4996663   15.23684   38   65          -   15.10981      -  34.0 2440s
 25131683 4997711   15.34075   32  123          -   15.11111      -  34.0 2445s
 25175227 5000173   16.47663   38  131          -   15.11610      -  34.0 2450s
 25223867 5002361   15.72865   50  115          -   15.12069      -  34.0 2455s
 25267572 5003291     cutoff   51               -   15.12500      -  34.0 2460s
 25313761 5004286   16.47849   46  108          -   15.12500      -  34.0 2465s
 25357915 5006752   15.51613   32   77          -   15.12948      -  34.0 2470s
 25407948 5008553   16.42308   33   92          -   15.13333      -  34.1 2475s
 25455712 5010827     cutoff   35               -   15.13803      -  34.1 2480s
 25494437 5011733   16.38095   37   88          -   15.14271      -  34.1 2485s
 25546630 5012201   15.57092   42  133          -   15.14286      -  34.1 2490s
 25590099 5014459   15.40000   30  105          -   15.14680      -  34.1 2495s
 25634481 5015999     cutoff   37               -   15.15068      -  34.1 2500s
 25674897 5017201   15.38174   44   98          -   15.15385      -  34.1 2505s
 25718674 5018635   15.55867   34  114          -   15.15789      -  34.1 2510s
 25763175 5020467   16.23077   38   51          -   15.16250      -  34.1 2515s
 25806031 5019654   15.94315   44   82          -   15.16667      -  34.1 2520s
 25857224 5018030   16.39114   42  104          -   15.16667      -  34.1 2525s
 25903074 5018891   16.31716   34  119          -   15.16667      -  34.2 2530s
 25945989 5020753   15.63805   36  127          -   15.16981      -  34.2 2535s
 25989455 5022129   16.32381   44   79          -   15.17413      -  34.2 2540s
 26032561 5023302   15.59627   43  104          -   15.17808      -  34.2 2545s
 26078689 5024201   16.00000   34   75          -   15.18182      -  34.2 2550s
 26128226 5026048   16.12630   35  107          -   15.18564      -  34.2 2555s
 26176869 5027301   15.24605   36  102          -   15.18957      -  34.2 2560s
 26220139 5028661 infeasible   50               -   15.19355      -  34.2 2565s
 26263958 5030313   15.75926   41   92          -   15.19841      -  34.2 2570s
 26309260 5027382   16.00284   40  121          -   15.20000      -  34.2 2575s
 26354315 5026908   16.44993   41  117          -   15.20000      -  34.2 2580s
 26403668 5027999   16.20833   37  103          -   15.20000      -  34.2 2585s
 26445861 5029521   16.18182   37   74          -   15.20526      -  34.3 2590s
 26485508 5030508   16.30683   38  124          -   15.20868      -  34.3 2595s
 26529089 5031554   16.65700   39  108          -   15.21301      -  34.3 2600s
 26572228 5032009   15.46593   47   91          -   15.21617      -  34.3 2605s
 26616224 5033266   15.50829   45  126          -   15.22039      -  34.3 2610s
 26657135 5032168   15.38222   41   79          -   15.22222      -  34.3 2615s
 26700291 5033205   15.67777   38  122          -   15.22540      -  34.3 2620s
 26749090 5034258     cutoff   47               -   15.23000      -  34.3 2625s
 26792476 5034653     cutoff   55               -   15.23333      -  34.3 2630s
 26841421 5035228     cutoff   42               -   15.23765      -  34.3 2635s
 26885274 5035840   15.68044   45  112          -   15.24147      -  34.3 2640s
 26929457 5036857     cutoff   41               -   15.24654      -  34.4 2645s
 26967709 5033486 infeasible   38               -   15.25000      -  34.4 2650s
 27003698 5029808   16.10368   42  102          -   15.25000      -  34.4 2655s
 27049655 5026555     cutoff   42               -   15.25000      -  34.4 2660s
 27095104 5024658 infeasible   47               -   15.25000      -  34.4 2665s
 27135396 5023533   15.66667   45   41          -   15.25000      -  34.4 2670s
 27180078 5023537   16.07490   39  103          -   15.25000      -  34.4 2675s
 27223295 5024297     cutoff   42               -   15.25050      -  34.4 2680s
 27261419 5025214   16.15385   36   87          -   15.25561      -  34.4 2685s
 27305667 5025850   16.28779   42  119          -   15.26000      -  34.4 2690s
 27344794 5026160   16.14728   33  122          -   15.26316      -  34.4 2695s
 27383537 5026176 infeasible   42               -   15.26667      -  34.4 2700s
 27426932 5026642   16.00000   42   11          -   15.27083      -  34.4 2705s
 27467480 5026051 infeasible   51               -   15.27273      -  34.5 2710s
 27510084 5025986   16.37988   37   97          -   15.27751      -  34.5 2715s
 27550038 5026065     cutoff   46               -   15.28028      -  34.5 2720s
 27593429 5025904   16.25000   53   77          -   15.28533      -  34.5 2725s
 27634245 5023300   15.57870   51   80          -   15.28571      -  34.5 2730s
 27678165 5023668   16.16571   37  111          -   15.28750      -  34.5 2735s
 27723322 5023667 infeasible   43               -   15.29167      -  34.5 2740s
 27767144 5023529   15.55769   37  110          -   15.29577      -  34.5 2745s
 27806643 5023446 infeasible   39               -   15.30000      -  34.5 2750s
 27851506 5022443   16.56034   42   84          -   15.30000      -  34.5 2755s
 27891081 5022636     cutoff   46               -   15.30435      -  34.5 2760s
 27934126 5022218   15.73267   36   98          -   15.30769      -  34.5 2765s
 27973107 5022209   16.00000   37    9          -   15.31169      -  34.6 2770s
 28017852 5021766   16.44310   39  122          -   15.31500      -  34.6 2775s
 28062142 5021366   15.85202   47  104          -   15.31870      -  34.6 2780s
 28105825 5021140   16.24343   36  122          -   15.32282      -  34.6 2785s
 28145966 5021305 infeasible   46               -   15.32692      -  34.6 2790s
 28189350 5019826     cutoff   44               -   15.33333      -  34.6 2795s
 28222640 5012522 infeasible   50               -   15.33333      -  34.6 2800s
 28263227 5006059   16.25000   40   33          -   15.33333      -  34.6 2805s
 28298940 5001462     cutoff   39               -   15.33333      -  34.6 2810s
 28339425 4997040     cutoff   48               -   15.33333      -  34.7 2815s
 28379400 4993583   16.05590   35  105          -   15.33333      -  34.7 2820s
 28420444 4990723   15.97828   33  101          -   15.33333      -  34.7 2825s
 28465346 4988245   16.46029   39   88          -   15.33333      -  34.7 2830s
 28506281 4986699   16.21120   39  123          -   15.33333      -  34.7 2835s
 28550512 4985550   15.80000   34   63          -   15.33333      -  34.7 2840s
 28590425 4985676   16.65241   38  121          -   15.33333      -  34.7 2845s
 28631329 4985692     cutoff   34               -   15.33861      -  34.7 2850s
 28670901 4985438   16.44366   37   93          -   15.34286      -  34.7 2855s
 28715939 4984939   16.57143   41   58          -   15.34708      -  34.7 2860s
 28755328 4984455     cutoff   34               -   15.35052      -  34.7 2865s
 28793533 4983975   16.64973   41  115          -   15.35385      -  34.7 2870s
 28838979 4982629   15.82403   40   90          -   15.35714      -  34.7 2875s
 28877993 4981893 infeasible   41               -   15.36111      -  34.8 2880s
 28918518 4980199 infeasible   49               -   15.36364      -  34.8 2885s
 28962198 4979837     cutoff   38               -   15.36765      -  34.8 2890s
 29000985 4979275   16.44262   36   88          -   15.37143      -  34.8 2895s
 29039985 4976679   16.38276   39   76          -   15.37500      -  34.8 2900s
 29076452 4974263 infeasible   42               -   15.37500      -  34.8 2905s
 29120501 4973735   16.84940   29   81          -   15.37740      -  34.8 2910s
 29160306 4972886     cutoff   32               -   15.38095      -  34.8 2915s
 29194455 4971542 infeasible   39               -   15.38462      -  34.8 2920s
 29239548 4970433 infeasible   40               -   15.38813      -  34.8 2925s
 29278850 4969292     cutoff   39               -   15.39130      -  34.8 2930s
 29322735 4968198   16.33333   41   46          -   15.39535      -  34.8 2935s
 29361643 4966091 infeasible   54               -   15.40000      -  34.9 2940s
 29396873 4961025 infeasible   40               -   15.40000      -  34.9 2945s
 29443112 4957269   16.55556   27   64          -   15.40000      -  34.9 2950s
 29483474 4955442   16.56364   37  104          -   15.40000      -  34.9 2955s
 29520847 4955040   16.16700   38   81          -   15.40244      -  34.9 2960s
 29559890 4953680     cutoff   45               -   15.40670      -  34.9 2965s
 29599232 4952371 infeasible   39               -   15.41026      -  34.9 2970s
 29639145 4951131     cutoff   51               -   15.41379      -  34.9 2975s
 29683366 4948387   15.91260   46  133          -   15.41667      -  34.9 2980s
 29722758 4947538 infeasible   47               -   15.41943      -  34.9 2985s
 29767282 4945899   16.00000   42    8          -   15.42373      -  34.9 2990s
 29805792 4944026     cutoff   41               -   15.42848      -  35.0 2995s
 29846366 4939642   16.75558   46  112          -   15.42857      -  35.0 3000s
 29889965 4938161   16.88889   38   61          -   15.43015      -  35.0 3005s
 29929045 4936645   16.07212   42  101          -   15.43422      -  35.0 3010s
 29963914 4934831   16.05263   38   77          -   15.43750      -  35.0 3015s
 30008022 4933500   16.23889   41   69          -   15.44118      -  35.0 3020s
 30047091 4930529 infeasible   37               -   15.44444      -  35.0 3025s
 30083731 4928619 infeasible   36               -   15.44444      -  35.0 3030s
 30122221 4927495   16.12041   42  128          -   15.44867      -  35.0 3035s
 30160426 4925595   16.94295   41   88          -   15.45217      -  35.0 3040s
 30206334 4922798   16.49721   38   93          -   15.45455      -  35.0 3045s
 30244402 4921140     cutoff   36               -   15.45833      -  35.1 3050s
 30284793 4918828     cutoff   43               -   15.46154      -  35.1 3055s
 30323965 4917274   16.76923   32   60          -   15.46512      -  35.1 3060s
 30363337 4914696 infeasible   36               -   15.46824      -  35.1 3065s
 30401728 4912739     cutoff   46               -   15.47156      -  35.1 3070s
 30440087 4910995   16.35616   51   89          -   15.47500      -  35.1 3075s
 30479935 4908926     cutoff   39               -   15.47826      -  35.1 3080s
 30519019 4906973   15.69059   41   95          -   15.48240      -  35.1 3085s
 30558690 4905100   15.84615   54   83          -   15.48649      -  35.1 3090s
 30598790 4903503 infeasible   42               -   15.49094      -  35.1 3095s
 30636135 4901777   16.08594   39   96          -   15.49597      -  35.2 3100s
 30669041 4895656 infeasible   56               -   15.50000      -  35.2 3105s
 30703378 4885322   16.09699   44  102          -   15.50000      -  35.2 3110s
 30733172 4876941   16.50000   41   18          -   15.50000      -  35.2 3115s
 30768464 4868111     cutoff   40               -   15.50000      -  35.2 3120s
 30802869 4859487   16.59624   40  114          -   15.50000      -  35.2 3125s
 30843133 4850711 infeasible   45               -   15.50000      -  35.2 3130s
 30877373 4842854 infeasible   40               -   15.50000      -  35.2 3135s
 30912647 4836032   16.66667   43   24          -   15.50000      -  35.2 3140s
 30952421 4828722     cutoff   49               -   15.50000      -  35.3 3145s
 30986857 4822570   16.15529   37   99          -   15.50000      -  35.3 3150s
 31026967 4815819   16.03306   42   81          -   15.50000      -  35.3 3155s
 31066703 4809499     cutoff   41               -   15.50000      -  35.3 3160s
 31106655 4803665 infeasible   43               -   15.50000      -  35.3 3165s
 31146460 4798093     cutoff   48               -   15.50000      -  35.3 3170s
 31186409 4793122     cutoff   54               -   15.50000      -  35.3 3175s
 31230566 4787413     cutoff   55               -   15.50000      -  35.3 3180s
 31270382 4783106   16.50000   41   12          -   15.50000      -  35.3 3185s
 31315313 4778427 infeasible   54               -   15.50000      -  35.3 3190s
 31355270 4774621   16.03846   31   86          -   15.50000      -  35.3 3195s
 31398386 4771449   15.69709   38  132          -   15.50000      -  35.4 3200s
 31439780 4768211 infeasible   38               -   15.50000      -  35.4 3205s
 31479598 4765685   15.80392   39   96          -   15.50000      -  35.4 3210s
 31519643 4763945     cutoff   43               -   15.50000      -  35.4 3215s
 31562298 4762112 infeasible   43               -   15.50224      -  35.4 3220s
 31596238 4760285   16.16667   41   28          -   15.50750      -  35.4 3225s
 31636356 4758080   16.56716   31  123          -   15.51230      -  35.4 3230s
 31676273 4755753     cutoff   50               -   15.51678      -  35.4 3235s
 31716099 4753491   16.00000   38   10          -   15.52083      -  35.4 3240s
 31754927 4750767     cutoff   56               -   15.52459      -  35.4 3245s
 31795077 4748369   16.94118   41   70          -   15.52847      -  35.4 3250s
 31834763 4745916   15.80000   45   29          -   15.53226      -  35.4 3255s
 31869232 4743012   16.63649   42  112          -   15.53501      -  35.5 3260s
 31908900 4739846   16.40000   39   85          -   15.53846      -  35.5 3265s
 31948675 4737512   15.69903   36   73          -   15.54167      -  35.5 3270s
 31987646 4733990   15.90000   38   73          -   15.54545      -  35.5 3275s
 32027827 4731664   16.59551   39  143          -   15.54871      -  35.5 3280s
 32066929 4728856 infeasible   41               -   15.55263      -  35.5 3285s
 32101609 4724362 infeasible   48               -   15.55556      -  35.5 3290s
 32141684 4720935     cutoff   36               -   15.55660      -  35.5 3295s
 32180957 4718208     cutoff   38               -   15.56098      -  35.5 3300s
 32220869 4715068 infeasible   41               -   15.56410      -  35.5 3305s
 32260342 4712166     cutoff   34               -   15.56818      -  35.5 3310s
 32299632 4706361     cutoff   52               -   15.57143      -  35.6 3315s
 32340539 4702060   16.68182   37   83          -   15.57143      -  35.6 3320s
 32378820 4699631   15.71533   36   87          -   15.57500      -  35.6 3325s
 32418672 4696274   15.79425   45  113          -   15.57895      -  35.6 3330s
 32452859 4693152     cutoff   49               -   15.58304      -  35.6 3335s
 32493538 4689238   16.49142   39  103          -   15.58406      -  35.6 3340s
 32532484 4686022 infeasible   48               -   15.58824      -  35.6 3345s
 32572008 4682685     cutoff   40               -   15.59195      -  35.6 3350s
 32611158 4679365 infeasible   45               -   15.59615      -  35.6 3355s
 32645157 4673711   17.00000   47    9          -   15.60000      -  35.6 3360s
 32680942 4666661 infeasible   39               -   15.60000      -  35.6 3365s
 32716377 4661576   16.25431   36  101          -   15.60000      -  35.7 3370s
 32761486 4656941     cutoff   31               -   15.60000      -  35.7 3375s
 32799178 4654247   16.51649   34  113          -   15.60355      -  35.7 3380s
 32839053 4650843   16.73864   41  103          -   15.60784      -  35.7 3385s
 32873770 4647177 infeasible   40               -   15.61111      -  35.7 3390s
 32912595 4643285   16.92556   37   84          -   15.61538      -  35.7 3395s
 32952819 4639679   16.33333   41   59          -   15.61818      -  35.7 3400s
 32992017 4635890   15.72200   35  107          -   15.62222      -  35.7 3405s
 33027179 4630055   16.00000   40   14          -   15.62500      -  35.7 3410s
 33067870 4625041 infeasible   46               -   15.62500      -  35.7 3415s
 33105805 4621765   16.07087   34  108          -   15.62882      -  35.7 3420s
 33140726 4618112   16.06965   44   86          -   15.63235      -  35.8 3425s
 33175013 4613867   16.00000   45   10          -   15.63636      -  35.8 3430s
 33215114 4609971     cutoff   43               -   15.63858      -  35.8 3435s
 33254205 4605551   16.33333   44   52          -   15.64286      -  35.8 3440s
 33293857 4601602   16.00000   34    8          -   15.64561      -  35.8 3445s
 33328798 4598091   15.93021   41  115          -   15.64900      -  35.8 3450s
 33363537 4594257     cutoff   45               -   15.65217      -  35.8 3455s
 33402961 4590151     cutoff   46               -   15.65625      -  35.8 3460s
 33437020 4586511   16.57090   44  115          -   15.66049      -  35.8 3465s
 33476111 4580558 infeasible   42               -   15.66667      -  35.8 3470s
 33510804 4568437   16.62500   43   67          -   15.66667      -  35.9 3475s
 33540873 4559396     cutoff   41               -   15.66667      -  35.9 3480s
 33575617 4549751   16.27083   55   78          -   15.66667      -  35.9 3485s
 33610443 4541423     cutoff   38               -   15.66667      -  35.9 3490s
 33645304 4533593   16.23077   40   76          -   15.66667      -  35.9 3495s
 33680530 4526602     cutoff   49               -   15.66667      -  35.9 3500s
 33715425 4520255     cutoff   45               -   15.66667      -  35.9 3505s
 33749998 4514521   16.84783   39   96          -   15.66667      -  35.9 3510s
 33790112 4508525 infeasible   37               -   15.66667      -  35.9 3515s
 33824791 4504434   15.75000   35   29          -   15.66667      -  35.9 3520s
 33864250 4500718     cutoff   42               -   15.66667      -  35.9 3525s
 33896917 4497470   16.78146   35  106          -   15.67197      -  35.9 3530s
 33931752 4493752   15.77186   43  112          -   15.67635      -  36.0 3535s
 33971580 4489317 infeasible   45               -   15.68056      -  36.0 3540s
 34006088 4484931 infeasible   59               -   15.68421      -  36.0 3545s
 34046222 4479894   16.48039   39   92          -   15.68750      -  36.0 3550s
 34080035 4476060     cutoff   48               -   15.69136      -  36.0 3555s
 34119788 4470978   16.49510   38   91          -   15.69444      -  36.0 3560s
 34154392 4466986   16.08941   36  104          -   15.69845      -  36.0 3565s
 34189988 4460339     cutoff   42               -   15.70000      -  36.0 3570s
 34228489 4455823   16.58485   39  128          -   15.70312      -  36.0 3575s
 34268016 4450845   16.51238   45  120          -   15.70708      -  36.0 3580s
 34302532 4446256   15.75229   38   92          -   15.71081      -  36.1 3585s
 34336562 4439058   15.72727   46   52          -   15.71429      -  36.1 3590s
 34378322 4431910   15.86364   38   73          -   15.71429      -  36.1 3595s
 34416460 4427578     cutoff   45               -   15.71769      -  36.1 3600s
 34450365 4422474   16.67431   31  142          -   15.72193      -  36.1 3605s
 34485707 4417926   15.83444   31   91          -   15.72478      -  36.1 3610s
 34520928 4411912   16.85417   41   98          -   15.72727      -  36.1 3615s
 34554758 4407638     cutoff   48               -   15.73077      -  36.1 3620s
 34590051 4402468   16.52874   41  114          -   15.73333      -  36.1 3625s
 34624393 4397775   15.92516   38  132          -   15.73714      -  36.1 3630s
 34663488 4392006   16.21292   39   99          -   15.74177      -  36.1 3635s
 34697857 4387341   16.50000   40   38          -   15.74606      -  36.2 3640s
 34731773 4378119 infeasible   45               -   15.75000      -  36.2 3645s
 34767240 4366678 infeasible   41               -   15.75000      -  36.2 3650s
 34802285 4357198 infeasible   39               -   15.75000      -  36.2 3655s
 34837343 4348821 infeasible   37               -   15.75000      -  36.2 3660s
 34872228 4341412 infeasible   40               -   15.75000      -  36.2 3665s
 34911613 4334090   16.00000   39   71          -   15.75000      -  36.2 3670s
 34946763 4328664     cutoff   44               -   15.75000      -  36.2 3675s
 34984883 4323941   16.57080   33  120          -   15.75153      -  36.2 3680s
 35018625 4319359     cutoff   42               -   15.75657      -  36.2 3685s
 35053672 4314356   16.64000   43  103          -   15.76056      -  36.3 3690s
 35087873 4308603   16.16667   40   66          -   15.76471      -  36.3 3695s
 35122590 4303560     cutoff   39               -   15.76812      -  36.3 3700s
 35157598 4297570     cutoff   37               -   15.77093      -  36.3 3705s
 35191816 4292163   16.16667   40   52          -   15.77491      -  36.3 3710s
 35226921 4284335   16.60222   39  114          -   15.77778      -  36.3 3715s
 35266627 4278271   16.57143   36   74          -   15.77966      -  36.3 3720s
 35300411 4272976 infeasible   47               -   15.78378      -  36.3 3725s
 35336126 4267000     cutoff   44               -   15.78641      -  36.3 3730s
 35370330 4261573     cutoff   35               -   15.79032      -  36.3 3735s
 35404296 4255922   16.44234   37  125          -   15.79412      -  36.3 3740s
 35438541 4250158   16.75362   38   85          -   15.79907      -  36.4 3745s
 35473780 4238337 infeasible   35               -   15.80000      -  36.4 3750s
 35508896 4229551   16.51214   32  130          -   15.80000      -  36.4 3755s
 35544153 4222660   17.00000   45   53          -   15.80000      -  36.4 3760s
 35587000 4216362     cutoff   34               -   15.80280      -  36.4 3765s
 35621540 4210652   16.04098   35  120          -   15.80732      -  36.4 3770s
 35656102 4204816     cutoff   41               -   15.81111      -  36.4 3775s
 35690664 4198143 infeasible   44               -   15.81441      -  36.4 3780s
 35725112 4190912   16.14835   38   84          -   15.81818      -  36.4 3785s
 35764594 4184422     cutoff   38               -   15.82143      -  36.4 3790s
 35798804 4177935   17.12131   36   94          -   15.82545      -  36.5 3795s
 35833435 4171976   16.02059   44  120          -   15.82994      -  36.5 3800s
 35868135 4161363     cutoff   42               -   15.83333      -  36.5 3805s
 35898877 4152371     cutoff   43               -   15.83333      -  36.5 3810s
 35933811 4143866   16.89282   37  108          -   15.83333      -  36.5 3815s
 35973422 4136535     cutoff   43               -   15.83333      -  36.5 3820s
 36001581 4131853   16.14286   31   83          -   15.83721      -  36.5 3825s
 36036287 4125237 infeasible   40               -   15.84184      -  36.5 3830s
 36070482 4118494   16.25000   33   39          -   15.84615      -  36.5 3835s
 36105717 4112356 infeasible   35               -   15.84904      -  36.5 3840s
 36135581 4106521   16.05652   43  118          -   15.85205      -  36.6 3845s
 36169463 4098736 infeasible   45               -   15.85714      -  36.6 3850s
 36205843 4089113   16.63061   38  115          -   15.85714      -  36.6 3855s
 36239401 4083221     cutoff   48               -   15.85915      -  36.6 3860s
 36273438 4076169   16.60625   39  117          -   15.86364      -  36.6 3865s
 36309036 4068809   16.37123   45  102          -   15.86667      -  36.6 3870s
 36342753 4062132   16.34324   41  110          -   15.87143      -  36.6 3875s
 36372529 4053695     cutoff   38               -   15.87500      -  36.6 3880s
 36408415 4044395 infeasible   43               -   15.87500      -  36.6 3885s
 36441559 4037959   16.37500   40   66          -   15.87816      -  36.6 3890s
 36476675 4030531   16.67416   53   92          -   15.88235      -  36.7 3895s
 36510708 4023357     cutoff   40               -   15.88681      -  36.7 3900s
 36541321 4014136   16.77189   38  113          -   15.88889      -  36.7 3905s
 36580476 4006260     cutoff   43               -   15.89231      -  36.7 3910s
 36610264 4000006     cutoff   39               -   15.89583      -  36.7 3915s
 36639759 3992292   16.18750   44   77          -   15.90000      -  36.7 3920s
 36675291 3984182   16.07447   37  136          -   15.90056      -  36.7 3925s
 36709273 3976927   16.30000   38   68          -   15.90516      -  36.7 3930s
 36744050 3967935     cutoff   47               -   15.90909      -  36.7 3935s
 36773559 3962073     cutoff   45               -   15.91209      -  36.7 3940s
 36807908 3952817     cutoff   43               -   15.91667      -  36.8 3945s
 36842783 3945261 infeasible   41               -   15.91860      -  36.8 3950s
 36877121 3936751   16.61438   45   73          -   15.92308      -  36.8 3955s
 36907034 3930295 infeasible   44               -   15.92606      -  36.8 3960s
 36941713 3921577     cutoff   51               -   15.92955      -  36.8 3965s
 36971569 3914069     cutoff   42               -   15.93333      -  36.8 3970s
 37005635 3905384 infeasible   49               -   15.93750      -  36.8 3975s
 37035048 3898317   16.51120   36  130          -   15.94118      -  36.8 3980s
 37070538 3889691   16.28464   40  102          -   15.94444      -  36.8 3985s
 37099907 3882769     cutoff   39               -   15.94845      -  36.9 3990s
 37129000 3875220     cutoff   40               -   15.95238      -  36.9 3995s
 37163850 3866680   16.25444   37   91          -   15.95652      -  36.9 4000s
 37198726 3858150   16.72354   29  135          -   15.96099      -  36.9 4005s
 37227766 3850922   16.50000   41   43          -   15.96491      -  36.9 4010s
 37257718 3843384 infeasible   44               -   15.96917      -  36.9 4015s
 37286909 3835845     cutoff   39               -   15.97368      -  36.9 4020s
 37321393 3827259     cutoff   50               -   15.97917      -  36.9 4025s
 37350775 3819548   16.29245   37   97          -   15.98462      -  36.9 4030s
 37384888 3810755   16.22603   42  117          -   15.99187      -  37.0 4035s
 37414279 3800802 infeasible   32               -   16.00000      -  37.0 4040s
 37444143 3782003     cutoff   35               -   16.00000      -  37.0 4045s
 37474143 3762644     cutoff   41               -   16.00000      -  37.0 4050s
 37503715 3743120     cutoff   50               -   16.00000      -  37.0 4055s
 37533237 3723163     cutoff   58               -   16.00000      -  37.0 4060s
 37562912 3704642 infeasible   43               -   16.00000      -  37.0 4065s
 37592459 3686493     cutoff   40               -   16.00000      -  37.0 4070s
 37622197 3668441 infeasible   38               -   16.00000      -  37.0 4075s
 37651740 3650587     cutoff   37               -   16.00000      -  37.0 4080s
 37681302 3632310   16.18750   46   51          -   16.00000      -  37.0 4085s
 37715864 3611170   16.30435   35  104          -   16.00000      -  37.1 4090s
 37745537 3592557 infeasible   40               -   16.00000      -  37.1 4095s
 37775027 3575046 infeasible   32               -   16.00000      -  37.1 4100s
 37805246 3558549   16.50000   45   41          -   16.00000      -  37.1 4105s
 37835395 3544301     cutoff   42               -   16.00000      -  37.1 4110s
 37870256 3527439   16.50000   40   51          -   16.00000      -  37.1 4115s
 37900136 3512753   16.00000   43   10          -   16.00000      -  37.1 4120s
 37929884 3498408   16.33333   44   44          -   16.00000      -  37.1 4125s
 37964786 3483177   16.00000   53    4          -   16.00000      -  37.1 4130s
 38000320 3469131   16.00000   39   26          -   16.00000      -  37.1 4135s
 38030182 3456713 infeasible   41               -   16.00000      -  37.1 4140s
 38064761 3442020   17.00000   40   11          -   16.00000      -  37.2 4145s
 38099213 3427092 infeasible   41               -   16.00000      -  37.2 4150s
 38129491 3415258   16.00000   42   12          -   16.00000      -  37.2 4155s
 38164795 3402177   16.58824   47   55          -   16.00000      -  37.2 4160s
 38200110 3389928 infeasible   48               -   16.00000      -  37.2 4165s
 38229814 3379356 infeasible   47               -   16.00000      -  37.2 4170s
 38264451 3366661   16.42105   41   76          -   16.00000      -  37.2 4175s
 38294090 3355421     cutoff   39               -   16.00000      -  37.2 4180s
 38329499 3343091     cutoff   42               -   16.00000      -  37.2 4185s
 38364964 3331589 infeasible   46               -   16.00000      -  37.2 4190s
 38399457 3320677   16.33333   38   53          -   16.00000      -  37.2 4195s
 38434324 3309506 infeasible   37               -   16.00000      -  37.2 4200s
 38469224 3298394 infeasible   43               -   16.00000      -  37.2 4205s
 38498902 3288625 infeasible   43               -   16.00000      -  37.3 4210s
 38534450 3277990     cutoff   47               -   16.00000      -  37.3 4215s
 38569442 3267981   16.50000   43   63          -   16.00000      -  37.3 4220s
 38604331 3258089     cutoff   38               -   16.00000      -  37.3 4225s
 38638905 3247814     cutoff   32               -   16.00000      -  37.3 4230s
 38674094 3238162   16.61818   51   60          -   16.00000      -  37.3 4235s
 38709097 3228995   17.00000   44   12          -   16.00000      -  37.3 4240s
 38743642 3219722 infeasible   39               -   16.00000      -  37.3 4245s
 38778622 3210709     cutoff   49               -   16.00000      -  37.3 4250s
 38813519 3202370   16.00000   39   10          -   16.00000      -  37.3 4255s
 38847760 3193789 infeasible   42               -   16.00000      -  37.3 4260s
 38877824 3186608   16.28125   48   66          -   16.00000      -  37.3 4265s
 38917289 3177527 infeasible   42               -   16.00000      -  37.3 4270s
 38951779 3170067   16.95251   27  108          -   16.00000      -  37.3 4275s
 38982707 3163243     cutoff   50               -   16.00000      -  37.4 4280s
 39013715 3155136   16.32353   33   92          -   16.00971      -  37.4 4285s
 39048301 3145676   16.48311   43  113          -   16.01773      -  37.4 4290s
 39078049 3137501     cutoff   50               -   16.02381      -  37.4 4295s
 39107726 3129143     cutoff   36               -   16.02941      -  37.4 4300s
 39142066 3119524     cutoff   44               -   16.03571      -  37.4 4305s
 39171714 3110876     cutoff   47               -   16.04068      -  37.4 4310s
 39201704 3102404     cutoff   42               -   16.04545      -  37.4 4315s
 39230796 3093449 infeasible   50               -   16.05000      -  37.4 4320s
 39265398 3082734 infeasible   40               -   16.05556      -  37.4 4325s
 39294957 3074036     cutoff   34               -   16.06010      -  37.5 4330s
 39329210 3063349     cutoff   42               -   16.06545      -  37.5 4335s
 39358767 3054266   16.12500   40   82          -   16.06977      -  37.5 4340s
 39393036 3043215     cutoff   41               -   16.07468      -  37.5 4345s
 39422696 3033529     cutoff   38               -   16.07895      -  37.5 4350s
 39452462 3022589     cutoff   43               -   16.08333      -  37.5 4355s
 39486582 3012370     cutoff   40               -   16.08761      -  37.5 4360s
 39516986 3002188     cutoff   51               -   16.09091      -  37.5 4365s
 39545539 2992786     cutoff   43               -   16.09615      -  37.5 4370s
 39575976 2981133   16.72269   45   97          -   16.10000      -  37.5 4375s
 39604481 2972101   16.51302   37  116          -   16.10345      -  37.6 4380s
 39633902 2962291   16.83944   30  105          -   16.10849      -  37.6 4385s
 39664711 2949720 infeasible   36               -   16.11111      -  37.6 4390s
 39697679 2938547     cutoff   42               -   16.11667      -  37.6 4395s
 39727050 2928601   16.68293   43   95          -   16.12121      -  37.6 4400s
 39758098 2914680     cutoff   40               -   16.12500      -  37.6 4405s
 39786798 2904731 infeasible   40               -   16.12644      -  37.6 4410s
 39820060 2892137   16.40580   44  106          -   16.13313      -  37.6 4415s
 39845423 2883498     cutoff   40               -   16.13636      -  37.6 4420s
 39874298 2871808     cutoff   41               -   16.14238      -  37.6 4425s
 39910724 2857060   16.33864   34   98          -   16.14286      -  37.7 4430s
 39938312 2847052 infeasible   32               -   16.14815      -  37.7 4435s
 39967655 2835194 infeasible   33               -   16.15366      -  37.7 4440s
 39997405 2824205   16.75000   35   56          -   16.15789      -  37.7 4445s
 40026157 2813392 infeasible   36               -   16.16327      -  37.7 4450s
 40056960 2796065   16.33333   47   44          -   16.16667      -  37.7 4455s
 40087235 2781805 infeasible   46               -   16.16667      -  37.7 4460s
 40116572 2770740   16.22302   45  108          -   16.16667      -  37.7 4465s
 40143951 2760232 infeasible   41               -   16.17269      -  37.7 4470s
 40178150 2746577 infeasible   42               -   16.17874      -  37.7 4475s
 40203432 2735899   16.52941   39   82          -   16.18182      -  37.7 4480s
 40232345 2723552     cutoff   36               -   16.18750      -  37.8 4485s
 40266141 2709916   16.76307   32  105          -   16.19324      -  37.8 4490s
 40290176 2698853   16.86567   34  141          -   16.19895      -  37.8 4495s
 40321474 2681028     cutoff   45               -   16.20000      -  37.8 4500s
 40351011 2667177   16.72973   41   93          -   16.20000      -  37.8 4505s
 40383425 2654217   16.38889   36   75          -   16.20423      -  37.8 4510s
 40412825 2641752 infeasible   43               -   16.21000      -  37.8 4515s
 40437776 2630575 infeasible   47               -   16.21429      -  37.8 4520s
 40470931 2616194     cutoff   51               -   16.22057      -  37.8 4525s
 40497037 2603011   16.74390   34  102          -   16.22222      -  37.8 4530s
 40525497 2590763 infeasible   41               -   16.22727      -  37.9 4535s
 40554250 2577304     cutoff   42               -   16.23267      -  37.9 4540s
 40583846 2563955     cutoff   42               -   16.23810      -  37.9 4545s
 40612523 2550653 infeasible   38               -   16.24526      -  37.9 4550s
 40639538 2531673 infeasible   37               -   16.25000      -  37.9 4555s
 40672586 2510232     cutoff   48               -   16.25000      -  37.9 4560s
 40704796 2491467 infeasible   38               -   16.25000      -  37.9 4565s
 40736313 2474406     cutoff   48               -   16.25000      -  37.9 4570s
 40762780 2461730 infeasible   42               -   16.25000      -  37.9 4575s
 40790677 2449752 infeasible   46               -   16.25406      -  37.9 4580s
 40820232 2436169   16.83946   42  115          -   16.26097      -  37.9 4585s
 40850617 2421458     cutoff   38               -   16.26667      -  38.0 4590s
 40874942 2408576 infeasible   44               -   16.27273      -  38.0 4595s
 40904371 2393943   16.54762   37   99          -   16.27771      -  38.0 4600s
 40933835 2380265   16.50000   35   26          -   16.28359      -  38.0 4605s
 40962609 2362184 infeasible   50               -   16.28571      -  38.0 4610s
 40991323 2348267 infeasible   33               -   16.29068      -  38.0 4615s
 41015861 2335841 infeasible   41               -   16.29588      -  38.0 4620s
 41048258 2317525 infeasible   40               -   16.30000      -  38.0 4625s
 41071560 2305435     cutoff   36               -   16.30565      -  38.0 4630s
 41101424 2288189 infeasible   42               -   16.31250      -  38.0 4635s
 41126544 2275513     cutoff   47               -   16.31707      -  38.1 4640s
 41155516 2260165     cutoff   49               -   16.32432      -  38.1 4645s
 41185638 2238943 infeasible   40               -   16.33333      -  38.1 4650s
 41214872 2216198     cutoff   55               -   16.33333      -  38.1 4655s
 41250208 2190044     cutoff   44               -   16.33333      -  38.1 4660s
 41277811 2170408     cutoff   43               -   16.33333      -  38.1 4665s
 41310135 2151848     cutoff   40               -   16.33333      -  38.1 4670s
 41340877 2129841 infeasible   46               -   16.33333      -  38.1 4675s
 41375643 2110817     cutoff   30               -   16.33333      -  38.1 4680s
 41402108 2098530     cutoff   44               -   16.33696      -  38.1 4685s
 41425864 2085319     cutoff   39               -   16.34444      -  38.1 4690s
 41455664 2068211     cutoff   40               -   16.35185      -  38.1 4695s
 41482956 2053049     cutoff   55               -   16.35714      -  38.2 4700s
 41509233 2036719     cutoff   36               -   16.36364      -  38.2 4705s
 41533353 2023174 infeasible   37               -   16.36923      -  38.2 4710s
 41564154 2000106 infeasible   39               -   16.37500      -  38.2 4715s
 41592354 1985768   16.50022   39  120          -   16.37887      -  38.2 4720s
 41618791 1969811 infeasible   47               -   16.38462      -  38.2 4725s
 41647915 1951696     cutoff   45               -   16.39286      -  38.2 4730s
 41676489 1927511 infeasible   40               -   16.40000      -  38.2 4736s
 41701945 1909959     cutoff   43               -   16.40000      -  38.2 4740s
 41734010 1892339     cutoff   37               -   16.40230      -  38.2 4745s
 41757577 1877574     cutoff   42               -   16.40984      -  38.2 4750s
 41786609 1857530     cutoff   34               -   16.41667      -  38.3 4755s
 41815314 1839980 infeasible   44               -   16.42462      -  38.3 4760s
 41845944 1816292     cutoff   43               -   16.42857      -  38.3 4765s
 41874192 1796929     cutoff   40               -   16.43655      -  38.3 4771s
 41900681 1775366 infeasible   36               -   16.44444      -  38.3 4776s
 41930637 1759726 infeasible   48               -   16.45000      -  38.3 4780s
 41958996 1740019     cutoff   40               -   16.45660      -  38.3 4785s
 41983659 1723208     cutoff   32               -   16.46400      -  38.3 4790s
 42009266 1705292     cutoff   54               -   16.47126      -  38.3 4795s
 42033452 1688318     cutoff   45               -   16.48000      -  38.3 4800s
 42057362 1671887 infeasible   45               -   16.48954      -  38.3 4805s
 42093559 1634436     cutoff   35               -   16.50000      -  38.3 4811s
 42132984 1598419     cutoff   42               -   16.50000      -  38.3 4816s
 42162015 1571661 infeasible   37               -   16.50000      -  38.4 4820s
 42206669 1533126 infeasible   48               -   16.50000      -  38.4 4826s
 42251620 1495278     cutoff   47               -   16.50000      -  38.4 4831s
 42281338 1470453     cutoff   47               -   16.50000      -  38.4 4835s
 42311502 1445666     cutoff   45               -   16.50000      -  38.4 4840s
 42356323 1409825 infeasible   41               -   16.50000      -  38.4 4846s
 42386489 1386696     cutoff   45               -   16.50000      -  38.4 4850s
 42430870 1353032     cutoff   33               -   16.50000      -  38.4 4856s
 42460386 1331820   16.71930   36  108          -   16.50000      -  38.4 4860s
 42489244 1311980     cutoff   42               -   16.50000      -  38.4 4865s
 42522335 1295898 infeasible   32               -   16.50806      -  38.4 4870s
 42551483 1273941 infeasible   45               -   16.52198      -  38.4 4875s
 42575970 1254513     cutoff   53               -   16.53273      -  38.4 4880s
 42601024 1236095 infeasible   46               -   16.54167      -  38.4 4885s
 42628219 1214333   16.63841   42  111          -   16.55208      -  38.4 4890s
 42656545 1190782     cutoff   39               -   16.56126      -  38.4 4895s
 42675686 1164974 infeasible   34               -   16.57123      -  38.5 4900s
 42713982 1138136     cutoff   39               -   16.58217      -  38.5 4906s
 42743212 1119604     cutoff   40               -   16.59375      -  38.5 4910s
 42771645 1082635 infeasible   48               -   16.60000      -  38.5 4916s
 42804945 1064688 infeasible   41               -   16.60870      -  38.5 4920s
 42833809 1026891     cutoff   43               -   16.62462      -  38.5 4927s
 42862258 1015769     cutoff   40               -   16.63218      -  38.5 4930s
 42887827 993051     cutoff   40               -   16.64444      -  38.5 4935s
 42916065 953412     cutoff   51               -   16.66556      -  38.5 4941s
 42958689 909893 infeasible   38               -   16.66667      -  38.5 4946s
 43002855 870369     cutoff   45               -   16.66667      -  38.5 4951s
 43044390 848239 infeasible   48               -   16.67143      -  38.5 4955s
 43073422 821959 infeasible   43               -   16.69231      -  38.5 4960s
 43101792 795854 infeasible   34               -   16.70894      -  38.5 4965s
 43137750 762891 infeasible   47               -   16.72727      -  38.5 4970s
 43162253 720533     cutoff   47               -   16.75000      -  38.5 4976s
 43209413 683768     cutoff   47               -   16.75000      -  38.5 4980s
 43245503 660224     cutoff   41               -   16.76923      -  38.5 4985s
 43274714 630480     cutoff   35               -   16.79412      -  38.5 4990s
 43317667 591174 infeasible   40               -   16.81915      -  38.5 4995s
 43359994 549461 infeasible   32               -   16.85000      -  38.5 5000s
 43399684 510874     cutoff   39               -   16.89130      -  38.5 5005s
 43434019 477526     cutoff   41               -   16.95833      -  38.5 5010s
 43518701 375036     cutoff   51               -   17.00000      -  38.4 5015s
 43613138 284489 infeasible   38               -   17.00000      -  38.3 5020s
 43677899 219710   17.00000   35   43          -   17.00000      -  38.3 5025s
 43744387 155586     cutoff   35               -   17.00000      -  38.3 5030s
 43807884 99610     cutoff   48               -   17.00000      -  38.3 5035s

Cutting planes:
  Gomory: 7
  Implied bound: 233
  MIR: 403
  Zero half: 677
  Relax-and-lift: 39

Explored 43831705 nodes (1676920933 simplex iterations) in 5036.91 seconds (5008.05 work units)
Thread count was 48 (of 64 available processors)

Solution count 0

Model objective exceeds cutoff
Best objective -, best bound 1.750000000185e+01, gap -

Gurobi 13.0.3 (linux64) logging started Fri Oct  2 06:34:16 2026

Set parameter LogFile to value "D2_10_gurobi.log"
Set parameter Threads to value 48
Set parameter NodefileStart to value 200
Set parameter NodefileDir to value "."
Set parameter SoftMemLimit to value 1000
Set parameter Cutoff to value 17.5
Set parameter MIPFocus to value 3
Set parameter Symmetry to value 2
Gurobi Optimizer version 13.0.3 build v13.0.3rc0 (linux64 - "Ubuntu 24.04.4 LTS")

CPU model: AMD Ryzen Threadripper PRO 9975WX 32-Cores, instruction set [SSE2|AVX|AVX2|AVX512]
Thread count: 32 physical cores, 64 logical processors, using up to 48 threads

Non-default parameters:
Cutoff  17.5
SoftMemLimit  1000
MIPFocus  3
NodefileStart  200
Symmetry  2
Threads  48

Optimize a model with 109 rows, 325 columns and 909 nonzeros (Min)
Model fingerprint: 0x12b1bdb6
Model has 216 linear objective coefficients
Variable types: 0 continuous, 325 integer (216 binary)
Coefficient statistics:
  Matrix range     [1e+00, 2e+00]
  Objective range  [1e+00, 1e+00]
  Bounds range     [1e+00, 2e+01]
  RHS range        [1e+00, 1e+00]

Presolve time: 0.00s
Presolved: 109 rows, 325 columns, 909 nonzeros
Variable types: 0 continuous, 325 integer (216 binary)
Root relaxation presolve removed 109 rows and 325 columns
Root relaxation presolve: All rows and columns removed

Root relaxation: objective 1.000000e+00, 0 iterations, 0.00 seconds (0.00 work units)

    Nodes    |    Current Node    |     Objective Bounds      |     Work
 Expl Unexpl |  Obj  Depth IntInf | Incumbent    BestBd   Gap | It/Node Time

     0     0    1.00000    0    4          -    1.00000      -     -    0s
     0     0    1.00000    0    4          -    1.00000      -     -    0s
     0     0    1.00000    0    3          -    1.00000      -     -    0s
     0     0    2.00000    0    3          -    2.00000      -     -    0s
     0     0    2.00000    0    4          -    2.00000      -     -    0s
     0     0    3.00000    0    4          -    3.00000      -     -    0s
     0     0    3.00000    0    4          -    3.00000      -     -    0s
     0     2    3.00000    0    4          -    3.00000      -     -    0s
  7681  6586    8.12327   29  116          -    7.43901      -  66.2    5s
 45167 33590    8.89629   29  108          -    8.41935      -  36.9   10s
 106816 71841    9.34968   44  106          -    8.93326      -  30.5   15s
 125947 86082   12.52941   27   50          -    9.05664      -  29.9   20s
 155473 110196   10.00000   36   93          -    9.17040      -  28.9   25s
 227056 146633   11.52091   32   78          -    9.44444      -  27.4   30s
 290745 185519   11.11111   30   54          -    9.62975      -  26.8   35s
 363239 224524    9.84582   36  119          -    9.80922      -  26.3   40s
 438610 266744   11.25499   21  100          -    9.99044      -  26.1   45s
 511417 306536   11.00146   37   99          -   10.09091      -  25.8   50s
 584998 347643   11.16278   24  120          -   10.21212      -  25.6   55s
 662701 389481   14.28049   33   69          -   10.33087      -  25.5   60s
 736022 428900   10.70256   36   86          -   10.41782      -  25.4   65s
 814831 470052   15.73333   45   58          -   10.50000      -  25.2   70s
 886021 506787   10.76914   45   99          -   10.57567      -  25.2   75s
 958651 544440   11.33333   41   60          -   10.65217      -  25.1   80s
 1029067 580061   12.00000   34   64          -   10.71429      -  25.1   85s
 1102723 617200   12.01720   26  106          -   10.77660      -  25.0   90s
 1176528 654367   11.42857   32   81          -   10.83582      -  25.0   95s
 1247705 690035   13.15625   35  106          -   10.90000      -  25.0  100s
 1319483 726363   11.43101   36  102          -   10.96172      -  25.0  105s
 1396097 761707   11.38451   52   71          -   11.00000      -  25.0  110s
 1472907 798692   11.88776   46  103          -   11.00556      -  25.0  115s
 1547982 836660   11.14286   29   56          -   11.07740      -  24.9  120s
 1626981 875547   11.64901   39  114          -   11.13333      -  24.9  125s
 1706715 914451   12.44924   48  126          -   11.18073      -  24.9  130s
 1786502 952063   12.86000   38   85          -   11.22543      -  24.9  135s
 1861798 988533   11.99333   46   93          -   11.26437      -  24.9  140s
 1942324 1026577   12.17156   36  113          -   11.30876      -  24.9  145s
 2017169 1060299   12.33333   25   55          -   11.33333      -  24.9  150s
 2092057 1095566   12.33333   41   36          -   11.37500      -  24.9  155s
 2159160 1127253   11.81366   30   96          -   11.40909      -  24.9  160s
 2234924 1161057   12.46545   29  117          -   11.44444      -  24.9  165s
 2305735 1194637   15.09722   39   98          -   11.48310      -  24.9  170s
 2393877 1231743   13.02586   28  113          -   11.50000      -  24.9  175s
 2479637 1270522   13.01639   39  101          -   11.52174      -  24.9  180s
 2553802 1304000   13.80541   35   89          -   11.55738      -  24.9  185s
 2635402 1340243   11.98191   35  133          -   11.59265      -  24.9  190s
 2709057 1372758   11.86689   44   95          -   11.62143      -  24.9  195s
 2778680 1404168   15.00000   47    5          -   11.65260      -  24.9  200s
 2859792 1438127   12.96335   37   90          -   11.66667      -  24.9  205s
 2933979 1471052   12.56944   28   83          -   11.69992      -  24.9  210s
 3007885 1502895   14.00000   33   22          -   11.72727      -  24.9  215s
 3084177 1535735   13.64286   35   49          -   11.75000      -  24.9  220s
 3157464 1567864   13.00000   37   37          -   11.77273      -  24.9  225s
 3232824 1600461   13.36758   40  120          -   11.80000      -  24.9  230s
 3317755 1637545   13.68852   41   92          -   11.82911      -  24.9  235s
 3392042 1669785   12.54409   43  104          -   11.85156      -  24.9  240s
 3471955 1703860   12.73611   45   87          -   11.87629      -  24.9  245s
 3546761 1735521   12.11111   33   68          -   11.90196      -  24.9  250s
 3616075 1764945   13.71499   40  129          -   11.92800      -  24.9  255s
 3685114 1795880   12.47332   40  113          -   11.95306      -  24.9  260s
 3761551 1828272   13.13750   39  110          -   11.98779      -  24.9  265s
 3830397 1853406   13.73333   38   76          -   12.00000      -  25.0  270s
 3908656 1881487   13.00000   46    7          -   12.00000      -  25.0  275s
 3984470 1910931   12.63592   48   84          -   12.00000      -  25.0  280s
 4067477 1943973   12.85185   42   95          -   12.00000      -  25.0  285s
 4156325 1980073   13.00000   45    8          -   12.00000      -  25.0  290s
 4233865 2013116   12.51111   33   79          -   12.00000      -  25.0  295s
 4312692 2046877   14.03846   42   81          -   12.04101      -  25.0  300s
 4384322 2077133   12.76923   44   47          -   12.06647      -  25.0  305s
 4469107 2111740   13.03584   31  110          -   12.09091      -  25.0  310s
 4551322 2144419   13.25000   39   46          -   12.11429      -  25.0  315s
 4629880 2176043   12.54481   41   99          -   12.13345      -  25.0  320s
 4703384 2206134   12.30000   27   40          -   12.15385      -  25.0  325s
 4776757 2233844   12.59335   38  109          -   12.16667      -  25.0  330s
 4848821 2263570   12.36597   37  123          -   12.18750      -  25.0  335s
 4926780 2293164   12.30000   39   71          -   12.20000      -  25.0  340s
 4998144 2321214   14.29542   27  107          -   12.22115      -  25.0  345s
 5071265 2351014   15.45238   43   80          -   12.23944      -  25.0  350s
 5141269 2377316   13.42857   37   69          -   12.25000      -  25.0  355s
 5214731 2405276   12.67994   43  113          -   12.25954      -  25.0  360s
 5241515 2414052 infeasible   44               -   12.26854      -  25.0  365s
 5243832 2415252   14.25000   45   49          -   12.27206      -  25.0  370s
 5266372 2423880   12.87342   41  105          -   12.27295      -  25.0  375s
 5307563 2440488   13.46094   44   99          -   12.28571      -  25.0  380s
 5360868 2459773   12.75000   39   44          -   12.30000      -  25.0  385s
 5425540 2485543   14.30949   27   95          -   12.31481      -  25.0  390s
 5505282 2514778   14.36832   33  125          -   12.33333      -  25.1  395s
 5579122 2539983   14.00000   33   52          -   12.33333      -  25.1  400s
 5650388 2568196   14.77790   29   97          -   12.33962      -  25.1  405s
 5723973 2597041   12.50615   33  130          -   12.35897      -  25.1  410s
 5799112 2624997   14.00000   29   93          -   12.37500      -  25.1  415s
 5871119 2652624   12.81481   34   89          -   12.39027      -  25.1  420s
 5947403 2680536   12.71570   41   97          -   12.40000      -  25.1  425s
 6019263 2707042   14.00000   38   38          -   12.41667      -  25.1  430s
 6093026 2734187   13.16726   44   90          -   12.42857      -  25.1  435s
 6165079 2761276   13.98864   46   73          -   12.44444      -  25.1  440s
 6238615 2788434   12.74091   39  113          -   12.45785      -  25.1  445s
 6314143 2815959   12.72414   35   90          -   12.47368      -  25.1  450s
 6379415 2840322   13.50000   45   75          -   12.49153      -  25.1  455s
 6454877 2864524   13.96875   53   80          -   12.50000      -  25.1  460s
 6521780 2884729   13.50000   39   17          -   12.50000      -  25.1  465s
 6595684 2909304   13.98039   38   62          -   12.50000      -  25.1  470s
 6668772 2933937   15.20999   27  113          -   12.50000      -  25.1  475s
 6742187 2959460   12.78947   41   66          -   12.50000      -  25.1  480s
 6815330 2985299   12.62186   37  107          -   12.50544      -  25.1  485s
 6888678 3013220   12.54079   39  107          -   12.52525      -  25.1  490s
 6967558 3042662   14.81818   42   68          -   12.54167      -  25.1  495s
 7040644 3069603   15.57283   40  117          -   12.55556      -  25.1  500s
 7109660 3095392   13.68093   47  117          -   12.56989      -  25.2  505s
 7181947 3121723   14.00000   45   82          -   12.58022      -  25.2  510s
 7249413 3145716   13.61111   41   95          -   12.59330      -  25.2  515s
 7316286 3169147   13.33333   32   38          -   12.60000      -  25.2  520s
 7388847 3195582   13.00000   33   14          -   12.61196      -  25.2  525s
 7464806 3222106   13.82609   34   81          -   12.62500      -  25.2  530s
 7533071 3245080     cutoff   48               -   12.63636      -  25.2  535s
 7533512 3245504   13.30196   36  104          -   12.63636      -  25.2  540s
 7533949 3245929   13.54917   44  118          -   12.63898      -  25.2  545s
 7534393 3246350   13.66667   38   35          -   12.64103      -  25.2  550s
 7534683 3246637   13.75000   35   38          -   12.64286      -  25.2  555s
 7534934 3246865   13.00000   47   38          -   12.64286      -  25.2  560s
 7535316 3247258   13.35328   35  147          -   12.64286      -  25.2  565s
 7537853 3248774   15.50000   51   39          -   12.64368      -  25.2  570s
 7554687 3255836   14.12024   39   99          -   12.64516      -  25.2  575s
 7580444 3264650   13.10218   34  116          -   12.64912      -  25.2  581s
 7604664 3273199   13.74157   44  108          -   12.65625      -  25.2  585s
 7637471 3282286   15.37415   33  115          -   12.66667      -  25.2  590s
 7661810 3290199   14.53191   40   74          -   12.66667      -  25.2  595s
 7726130 3308480   13.49736   46  110          -   12.66667      -  25.2  600s
 7789464 3329091   14.00000   42   12          -   12.66667      -  25.2  605s
 7859262 3352627   12.82637   29  122          -   12.66990      -  25.2  610s
 7927450 3376856   12.79427   40   97          -   12.68632      -  25.2  615s
 7998527 3400326   13.64512   41  120          -   12.70000      -  25.2  620s
 8073362 3426241   13.45263   44   78          -   12.71111      -  25.2  625s
 8147200 3451125   13.22087   34  106          -   12.72034      -  25.2  630s
 8215117 3475167   14.57143   50   37          -   12.73333      -  25.2  635s
 8285160 3500000   14.14286   34   61          -   12.74726      -  25.3  640s
 8355025 3521418   14.88067   46   96          -   12.75000      -  25.3  645s
 8430822 3546533   13.88525   34  116          -   12.75000      -  25.3  650s
 8503665 3571451   13.49722   49  111          -   12.76408      -  25.3  655s
 8573816 3595419   13.53086   38   76          -   12.77778      -  25.3  660s
 8636802 3616851 infeasible   54               -   12.78571      -  25.3  665s
 8706932 3641075   13.81532   33   91          -   12.79867      -  25.3  670s
 8777775 3662012   13.66667   54   83          -   12.80000      -  25.3  675s
 8847670 3686115   13.16830   35  101          -   12.81081      -  25.3  680s
 8921684 3711586   13.02923   39  103          -   12.82353      -  25.3  685s
 8990398 3734031   13.50000   33   20          -   12.83333      -  25.3  690s
 9070855 3760919   14.02947   34   99          -   12.83871      -  25.3  695s
 9148114 3786900   13.63407   32  111          -   12.85246      -  25.3  700s
 9220056 3810400   13.45648   32  105          -   12.85987      -  25.3  705s
 9297822 3836629   15.00000   50   20          -   12.87500      -  25.3  710s
 9371651 3860879   13.33333   43   54          -   12.88235      -  25.3  715s
 9454060 3887446   13.25129   41  104          -   12.89303      -  25.4  720s
 9526371 3910972   15.41587   43  120          -   12.90270      -  25.4  725s
 9593774 3933249     cutoff   44               -   12.91323      -  25.4  730s
 9671249 3957521   13.25000   53   94          -   12.92322      -  25.4  735s
 9748752 3983777   13.91769   39  113          -   12.93617      -  25.4  740s
 9816448 4005384   15.14019   39   82          -   12.94643      -  25.4  745s
 9894815 4031758   14.37778   53   69          -   12.96011      -  25.4  750s
 9967554 4055328     cutoff   50               -   12.97297      -  25.4  755s
 10041621 4079871   15.11111   40   59          -   12.99052      -  25.4  760s
 10103034 4096869   14.51316   41   78          -   13.00000      -  25.4  765s
 10175539 4114797 infeasible   54               -   13.00000      -  25.4  770s
 10242237 4130450   14.63728   42  101          -   13.00000      -  25.5  775s
 10314050 4147915   14.29293   50   91          -   13.00000      -  25.5  780s
 10382659 4164870   16.40000   36   78          -   13.00000      -  25.5  785s
 10450347 4181539   15.00000   48    9          -   13.00000      -  25.5  790s
 10518314 4199474   15.00000   32   16          -   13.00000      -  25.5  795s
 10587106 4217676   14.00000   54   14          -   13.00000      -  25.5  800s
 10654998 4236671   14.70833   40   59          -   13.00000      -  25.5  805s
 10730037 4257420   13.39992   44  101          -   13.00000      -  25.5  810s
 10798423 4276956   15.42424   55   81          -   13.00000      -  25.5  815s
 10874549 4299152   13.52273   49   58          -   13.00000      -  25.5  820s
 10944880 4319273   14.42606   35  148          -   13.00000      -  25.5  825s
 11024783 4342022   14.07143   40   39          -   13.00000      -  25.5  830s
 11100365 4364800   14.00000   40   11          -   13.00000      -  25.5  835s
 11181678 4388968   14.00000   47   59          -   13.00000      -  25.5  840s
 11252037 4410832   14.00000   35   13          -   13.00000      -  25.5  845s
 11326263 4434050   14.00000   40   68          -   13.00000      -  25.5  850s
 11398061 4456879   14.25000   29   30          -   13.00000      -  25.5  855s
 11474765 4482747   13.85714   46   70          -   13.00000      -  25.5  860s
 11541605 4504018   14.92000   36   69          -   13.00173      -  25.5  865s
 11622231 4530821   15.17136   37  109          -   13.02439      -  25.5  870s
 11692947 4552938   14.14348   43   77          -   13.03774      -  25.5  875s
 11764465 4575333   13.25000   49   32          -   13.05000      -  25.5  880s
 11834952 4597596   15.57819   53  124          -   13.06061      -  25.5  885s
 11907357 4620402   15.00000   47   55          -   13.07143      -  25.5  890s
 11978717 4642640   15.66667   53   42          -   13.08163      -  25.5  895s
 12057223 4666746   13.20000   30   63          -   13.09091      -  25.5  900s
 12128239 4688353   13.50000   42   61          -   13.10000      -  25.5  905s
 12194239 4709473   14.00000   41   24          -   13.11111      -  25.5  910s
 12267066 4731195   14.03846   46   62          -   13.11765      -  25.5  915s
 12334958 4751285   15.37805   47   85          -   13.12500      -  25.5  920s
 12407164 4773810   13.66667   31   52          -   13.13333      -  25.6  925s
 12485404 4796553   14.00000   42   12          -   13.14286      -  25.6  930s
 12557798 4818804   14.24074   36   69          -   13.14851      -  25.6  935s
 12629866 4840495   14.53725   40  105          -   13.15755      -  25.6  940s
 12707343 4862786   13.83333   42   38          -   13.16667      -  25.6  945s
 12786624 4885786   14.37131   43   85          -   13.16667      -  25.6  950s
 12859423 4907616   13.50000   39   37          -   13.17671      -  25.6  955s
 12936575 4931306   13.51029   39  110          -   13.18648      -  25.6  960s
 13006572 4952127   14.33333   47   64          -   13.19512      -  25.6  965s
 13079613 4971061   14.17647   44   94          -   13.20000      -  25.6  970s
 13158003 4993509   14.90769   35   76          -   13.20000      -  25.6  975s
 13230241 5015233   13.50000   46   47          -   13.21161      -  25.6  980s
 13299139 5035773   13.81395   44   49          -   13.22059      -  25.6  985s
 13370956 5055976   15.37500   37   78          -   13.22642      -  25.6  990s
 13434104 5074430   14.27625   35  124          -   13.23375      -  25.6  995s
 13507043 5095743   14.25333   48   68          -   13.24324      -  25.6 1000s
 13584418 5115379   15.28205   48   76          -   13.25000      -  25.6 1005s
 13658176 5133770   15.17308   41   56          -   13.25000      -  25.6 1010s
 13737857 5155917   16.02439   44   71          -   13.25000      -  25.6 1015s
 13816686 5178531   13.81174   36   98          -   13.25333      -  25.6 1020s
 13884408 5197928   15.00000   41   64          -   13.26316      -  25.6 1025s
 13963739 5220038   13.38372   40   94          -   13.27273      -  25.6 1030s
 14034340 5240872   14.13889   37   85          -   13.27969      -  25.6 1035s
 14107545 5260141   14.00000   45   60          -   13.28571      -  25.6 1040s
 14187474 5283357   13.98208   34   88          -   13.29333      -  25.6 1045s
 14260564 5303745   14.45779   39   95          -   13.30000      -  25.6 1050s
 14336120 5325622   15.39073   35   94          -   13.30769      -  25.6 1055s
 14405335 5345980   14.00000   49   60          -   13.31646      -  25.6 1060s
 14476527 5366351   15.09091   49   77          -   13.32635      -  25.6 1065s
 14544477 5382353   14.50000   49   23          -   13.33333      -  25.6 1070s
 14616280 5398155   14.77178   42   90          -   13.33333      -  25.6 1075s
 14693640 5416378   14.14925   43   83          -   13.33333      -  25.6 1080s
 14766274 5434131   14.33333   42   25          -   13.33333      -  25.6 1085s
 14833589 5451348   14.66667   40   56          -   13.33333      -  25.6 1090s
 14911809 5471345   14.18339   51   76          -   13.33333      -  25.6 1095s
 14983343 5491543   13.57317   36  123          -   13.33857      -  25.6 1100s
 15053556 5511419   13.81458   40  107          -   13.34860      -  25.6 1105s
 15125441 5531719   14.89362   48  102          -   13.35714      -  25.6 1110s
 15198885 5552236   15.74490   39   96          -   13.36364      -  25.6 1115s
 15264632 5570634   15.77288   36  102          -   13.37136      -  25.7 1120s
 15338945 5589435   14.40000   37   80          -   13.37500      -  25.7 1125s
 15411456 5609224   13.40000   30   66          -   13.38235      -  25.7 1130s
 15484113 5628994   14.16226   38  109          -   13.38963      -  25.7 1135s
 15550703 5647082   14.23146   41  103          -   13.39914      -  25.7 1140s
 15619154 5662507   16.09375   47   79          -   13.40000      -  25.7 1145s
 15691764 5680735   15.00000   50   58          -   13.40000      -  25.7 1150s
 15761810 5700622   14.76744   41   93          -   13.40741      -  25.7 1155s
 15833435 5720253     cutoff   47               -   13.41667      -  25.7 1160s
 15901473 5738976   14.00000   45   64          -   13.42222      -  25.7 1165s
 15969229 5756109   14.00000   40   61          -   13.42857      -  25.7 1170s
 16036258 5774116   14.50000   36   14          -   13.43131      -  25.7 1175s
 16104674 5792075   14.92449   42  107          -   13.43784      -  25.7 1180s
 16177315 5810154   16.10000   36   73          -   13.44444      -  25.7 1185s
 16242909 5828461   14.02819   36  106          -   13.45000      -  25.7 1190s
 16311582 5846391   14.36773   43   81          -   13.45614      -  25.7 1195s
 16378523 5864014   13.51919   40   99          -   13.46237      -  25.7 1200s
 16450902 5882598   14.10000   40   58          -   13.47009      -  25.7 1205s
 16516890 5898901   14.64530   37  113          -   13.47619      -  25.7 1210s
 16584920 5917838   14.83642   33  128          -   13.48480      -  25.7 1215s
 16656939 5937246   14.52249   44  110          -   13.49593      -  25.7 1220s
 16729725 5950355 infeasible   56               -   13.50000      -  25.7 1225s
 16802009 5963607   14.03409   43   63          -   13.50000      -  25.8 1230s
 16868307 5976629   13.92288   32  120          -   13.50000      -  25.8 1235s
 16945247 5992440   14.08333   51   39          -   13.50000      -  25.8 1240s
 17015867 6006881   14.20482   50   95          -   13.50000      -  25.8 1245s
 17087828 6021872   14.00000   47    7          -   13.50000      -  25.8 1250s
 17154035 6035810   15.00000   43   17          -   13.50000      -  25.8 1255s
 17231514 6053230   14.88889   29   61          -   13.50000      -  25.8 1260s
 17304446 6069015 infeasible   45               -   13.50000      -  25.8 1265s
 17376938 6085639   14.57143   43   33          -   13.50000      -  25.8 1270s
 17449251 6102771   15.20588   43   59          -   13.50000      -  25.8 1275s
 17527469 6121206   13.61538   38   76          -   13.50000      -  25.8 1280s
 17600348 6138734   15.00000   41   33          -   13.50000      -  25.8 1285s
 17673665 6156510   14.71429   39   65          -   13.50000      -  25.8 1290s
 17746161 6174931   16.31319   39  112          -   13.50000      -  25.8 1295s
 17817651 6193535   13.51220   36   76          -   13.50286      -  25.8 1300s
 17884537 6211397   14.83333   38   69          -   13.51389      -  25.8 1305s
 17950921 6228265   15.70000   41   61          -   13.52174      -  25.8 1310s
 18022278 6247023   15.79310   42   89          -   13.52941      -  25.8 1315s
 18095343 6265381   15.22951   45   97          -   13.53684      -  25.8 1320s
 18162889 6282529   14.00000   32   27          -   13.54303      -  25.8 1325s
 18236460 6300472   15.44262   44   67          -   13.55000      -  25.8 1330s
 18307889 6317801 infeasible   55               -   13.55556      -  25.8 1335s
 18375803 6335144   14.00000   35   22          -   13.56000      -  25.8 1340s
 18451624 6354720   14.48529   42   66          -   13.56782      -  25.8 1345s
 18514608 6369028   13.96809   48   92          -   13.57143      -  25.8 1350s
 18591006 6387989   14.49275   50   70          -   13.57576      -  25.8 1355s
 18657213 6404452   14.87500   50   53          -   13.58333      -  25.8 1360s
 18729826 6423246   13.72414   44   65          -   13.58824      -  25.8 1365s
 18796160 6439824     cutoff   53               -   13.59524      -  25.8 1370s
 18868220 6455953   14.37500   51   65          -   13.60000      -  25.8 1375s
 18939854 6471715   16.14286   52   42          -   13.60000      -  25.8 1380s
 19017438 6490438   16.00000   44   51          -   13.60000      -  25.8 1385s
 19088087 6508738   15.00000   48   14          -   13.60939      -  25.8 1390s
 19156306 6524661   14.26190   40   95          -   13.61538      -  25.8 1395s
 19233268 6543956   14.76000   51   78          -   13.62341      -  25.8 1400s
 19296967 6557904   14.28571   45   64          -   13.62500      -  25.8 1405s
 19372621 6576993   14.40615   35   95          -   13.63158      -  25.9 1410s
 19442640 6594155   14.00000   40   91          -   13.63636      -  25.9 1415s
 19518469 6612265   15.55113   38  119          -   13.64286      -  25.9 1420s
 19592534 6630301   15.70588   32   71          -   13.65000      -  25.9 1425s
 19658642 6646407   14.66168   43   81          -   13.65693      -  25.9 1430s
 19722500 6661631 infeasible   47               -   13.66667      -  25.9 1435s
 19794321 6673795   14.00000   43   22          -   13.66667      -  25.9 1440s
 19865805 6687106   14.87500   42   59          -   13.66667      -  25.9 1445s
 19938757 6701138   15.00000   38   21          -   13.66667      -  25.9 1450s
 20010853 6715429   15.15000   34   56          -   13.66667      -  25.9 1455s
 20078050 6729540   15.00000   43   47          -   13.66667      -  25.9 1460s
 20146535 6744715   14.54054   40   67          -   13.66667      -  25.9 1465s
 20220318 6760757   14.51190   44   75          -   13.66667      -  25.9 1470s
 20296602 6779025   13.72619   33   77          -   13.66667      -  25.9 1475s
 20367209 6796253   14.13823   33  117          -   13.67363      -  25.9 1480s
 20438839 6812845   16.00000   47   49          -   13.68182      -  25.9 1485s
 20515801 6830653   14.50000   42   53          -   13.68750      -  25.9 1490s
 20582681 6846756   14.63636   42   62          -   13.69355      -  25.9 1495s
 20649909 6862456   15.00000   41   10          -   13.70000      -  25.9 1500s
 20716655 6877898   14.33722   32   96          -   13.70335      -  25.9 1505s
 20793216 6895387   14.44874   46  112          -   13.71014      -  25.9 1510s
 20865146 6910778   14.19048   39   53          -   13.71429      -  25.9 1515s
 20935519 6926695   13.92017   32  111          -   13.71562      -  25.9 1520s
 21003104 6942736   15.75000   42   43          -   13.72222      -  25.9 1525s
 21069309 6958136   15.97826   33   97          -   13.72727      -  25.9 1530s
 21141348 6974590   14.00000   49   12          -   13.73333      -  25.9 1535s
 21212546 6991442   15.01911   51   69          -   13.73975      -  25.9 1540s
 21288951 7008462   13.90244   31   81          -   13.74982      -  25.9 1545s
 21362058 7020954   16.36842   38   71          -   13.75000      -  26.0 1550s
 21440353 7035859   14.33333   53   44          -   13.75000      -  26.0 1555s
 21514005 7050407   14.00000   39   11          -   13.75000      -  26.0 1560s
 21582874 7064895   15.77612   42   75          -   13.75000      -  26.0 1565s
 21661871 7081793   13.94118   35   77          -   13.75000      -  26.0 1570s
 21728990 7096956   15.48684   52   88          -   13.75372      -  26.0 1575s
 21796780 7113004   14.22547   45   76          -   13.76119      -  26.0 1580s
 21869436 7129709   13.93182   33   73          -   13.76744      -  26.0 1585s
 21942597 7145768   14.00000   46   11          -   13.77273      -  26.0 1590s
 22015557 7160953   14.96970   51   80          -   13.77778      -  26.0 1595s
 22081765 7175881   15.31818   43   81          -   13.78125      -  26.0 1600s
 22154621 7191526   14.33792   40   96          -   13.78667      -  26.0 1605s
 22221276 7206901   14.60606   52   77          -   13.79310      -  26.0 1610s
 22287943 7221347   15.15604   31   91          -   13.80000      -  26.0 1615s
 22369951 7236944   13.92857   51   49          -   13.80000      -  26.0 1620s
 22439718 7250822   14.17647   48   61          -   13.80000      -  26.0 1625s
 22514868 7267397   15.23770   38   98          -   13.80249      -  26.0 1630s
 22580771 7282412   13.92142   42   97          -   13.80952      -  26.0 1635s
 22644878 7296572   13.89552   45  106          -   13.81429      -  26.0 1640s
 22724408 7313939   14.72727   38   57          -   13.81959      -  26.0 1645s
 22789283 7327778   15.87302   36   79          -   13.82546      -  26.0 1650s
 22859375 7343348   14.20000   46   36          -   13.83333      -  26.0 1655s
 22931898 7356629   16.20683   43  102          -   13.83333      -  26.0 1660s
 23013427 7373133   14.01961   46   67          -   13.83333      -  26.0 1665s
 23084103 7388835   14.94444   33   73          -   13.83553      -  26.0 1670s
 23150705 7403111   15.56349   32  100          -   13.84211      -  26.0 1675s
 23221234 7417961   15.17902   44  129          -   13.84667      -  26.0 1680s
 23281938 7431076   15.44944   43  101          -   13.85235      -  26.0 1685s
 23354350 7444761   14.92308   39   89          -   13.85714      -  26.0 1690s
 23425972 7459737   15.45161   54   81          -   13.85714      -  26.0 1695s
 23496757 7475251   14.15385   40   74          -   13.86441      -  26.0 1700s
 23568613 7490584   15.84189   46  101          -   13.87018      -  26.0 1705s
 23640662 7504570   14.12500   40   31          -   13.87500      -  26.1 1710s
 23713241 7519352   14.43210   34   90          -   13.87500      -  26.1 1715s
 23779704 7534091   13.98077   44   89          -   13.88235      -  26.1 1720s
 23845614 7548274   15.11834   42   81          -   13.88889      -  26.1 1725s
 23914039 7561481   14.54023   38   85          -   13.88889      -  26.1 1730s
 23979801 7576124   15.34825   32  105          -   13.89474      -  26.1 1735s
 24051408 7590460   13.99008   38   74          -   13.90000      -  26.1 1740s
 24128249 7606206   14.08333   35   59          -   13.90476      -  26.1 1745s
 24199750 7621193   15.37500   45   47          -   13.90909      -  26.1 1750s
 24269915 7636446   14.27273   55   77          -   13.91489      -  26.1 1755s
 24341010 7650458   14.50901   36  106          -   13.91781      -  26.1 1760s
 24414801 7665773   14.56000   36   81          -   13.92308      -  26.1 1765s
 24490737 7681729   14.33333   32   74          -   13.92857      -  26.1 1770s
 24562923 7696497   14.98911   35  114          -   13.93452      -  26.1 1775s
 24634756 7711265   14.67037   42   85          -   13.94008      -  26.1 1780s
 24705766 7725561   15.23472   45  101          -   13.94536      -  26.1 1785s
 24781594 7740942   15.01697   48  104          -   13.95139      -  26.1 1790s
 24852471 7755279   14.21862   41   94          -   13.95714      -  26.1 1795s
 24923856 7770043   13.96667   40   81          -   13.96357      -  26.1 1800s
 24995624 7784887   15.03846   50   71          -   13.97059      -  26.1 1805s
 25056222 7796847   14.65385   32   84          -   13.97647      -  26.1 1810s
 25122188 7810649   14.76923   29   81          -   13.98421      -  26.1 1815s
 25186884 7824639   15.77586   46   75          -   13.99437      -  26.2 1820s
 25252688 7834333   16.27500   51   70          -   14.00000      -  26.2 1825s
 25308984 7840684 infeasible   59               -   14.00000      -  26.2 1830s
 25370555 7847160   14.18750   29   40          -   14.00000      -  26.2 1835s
 25440054 7854248   15.00000   35   12          -   14.00000      -  26.2 1840s
 25504685 7861056   14.58977   34  102          -   14.00000      -  26.2 1845s
 25571287 7868487   14.50000   44   28          -   14.00000      -  26.2 1850s
 25635777 7875350   16.33333   46   33          -   14.00000      -  26.2 1855s
 25700247 7881980   16.04054   47   67          -   14.00000      -  26.2 1860s
 25760928 7887941 infeasible   50               -   14.00000      -  26.2 1865s
 25832178 7895432     cutoff   38               -   14.00000      -  26.2 1870s
 25903024 7903240   15.14286   43   87          -   14.00000      -  26.2 1875s
 25969680 7910975   15.33333   50   51          -   14.00000      -  26.3 1880s
 26035279 7918059   15.28000   48   72          -   14.00000      -  26.3 1885s
 26101595 7924993   14.38889   39   76          -   14.00000      -  26.3 1890s
 26168882 7932661   15.46552   26   95          -   14.00000      -  26.3 1895s
 26230861 7940802 infeasible   48               -   14.00000      -  26.3 1900s
 26297835 7949554 infeasible   46               -   14.00000      -  26.3 1905s
 26360050 7958150   15.00000   37   17          -   14.00000      -  26.3 1910s
 26427149 7966812   15.55172   47   67          -   14.00000      -  26.3 1915s
 26494101 7976820   14.33333   35   38          -   14.00000      -  26.3 1920s
 26556156 7986347   14.00000   43   13          -   14.00000      -  26.3 1925s
 26623776 7997082   15.00000   49   37          -   14.00000      -  26.3 1930s
 26687057 8006351   15.00000   47    5          -   14.00000      -  26.3 1935s
 26755249 8016220   16.00000   44   10          -   14.00000      -  26.3 1940s
 26829401 8027943 infeasible   47               -   14.00000      -  26.3 1945s
 26901744 8039775   15.00000   45   30          -   14.00000      -  26.3 1950s
 26969556 8050688   14.91667   42   78          -   14.00000      -  26.3 1955s
 27043546 8062972   15.80000   48   78          -   14.00000      -  26.3 1960s
 27113166 8074202   15.00000   38   79          -   14.00000      -  26.3 1965s
 27181646 8085343   14.91549   45   63          -   14.00000      -  26.3 1970s
 27245068 8095727   16.16667   34   75          -   14.00000      -  26.3 1975s
 27311286 8106901   14.50758   33   87          -   14.00000      -  26.3 1980s
 27382443 8119714   15.00000   47   12          -   14.00000      -  26.3 1985s
 27454120 8131733   15.00000   56    9          -   14.00000      -  26.3 1990s
 27531393 8145574   15.00000   50    9          -   14.00000      -  26.3 1995s
 27597926 8157316     cutoff   42               -   14.00000      -  26.3 2000s
 27675867 8171280   16.20000   42   47          -   14.00000      -  26.3 2005s
 27742516 8183153   14.16667   46   52          -   14.00000      -  26.3 2010s
 27815322 8195702   14.45455   52   45          -   14.00000      -  26.3 2015s
 27882114 8207749   15.35714   44   69          -   14.00000      -  26.3 2020s
 27959825 8221781   15.34884   29   66          -   14.00000      -  26.3 2025s
 28027178 8234702   14.33333   54   55          -   14.00000      -  26.3 2030s
 28095658 8247223   14.29167   43   85          -   14.00000      -  26.3 2035s
 28168854 8260812   15.79487   38   72          -   14.00000      -  26.3 2040s
 28236347 8273114   14.00000   49   22          -   14.00000      -  26.3 2045s
 28299863 8285306   14.00000   46   17          -   14.00000      -  26.3 2050s
 28372803 8299095   15.53750   50   69          -   14.00000      -  26.3 2055s
 28439634 8312326     cutoff   50               -   14.00000      -  26.3 2060s
 28513865 8326301   14.00000   32   12          -   14.00000      -  26.3 2065s
 28587236 8341050   15.09615   49   88          -   14.00000      -  26.3 2070s
 28655476 8354222 infeasible   38               -   14.00000      -  26.3 2075s
 28717628 8367003   14.10000   38   66          -   14.00000      -  26.3 2080s
 28790213 8380754   14.00000   41   11          -   14.00000      -  26.3 2085s
 28863920 8395676   15.00000   37   14          -   14.00000      -  26.3 2090s
 28942902 8411642   14.10000   39   46          -   14.00000      -  26.3 2095s
 29015269 8426438   15.00000   42   60          -   14.00000      -  26.3 2100s
 29081324 8440804   14.20000   41   42          -   14.00000      -  26.3 2105s
 29153560 8454710   14.00000   46   37          -   14.00000      -  26.3 2110s
 29217044 8468209   15.47500   47   75          -   14.01186      -  26.3 2115s
 29288452 8483054   15.48649   45   83          -   14.02151      -  26.3 2120s
 29359998 8497230   16.00000   42   10          -   14.02941      -  26.3 2125s
 29426656 8510523   15.37500   43   71          -   14.03571      -  26.3 2130s
 29493044 8523875     cutoff   38               -   14.04167      -  26.3 2135s
 29559888 8537454   14.84466   43   64          -   14.04762      -  26.3 2140s
 29631339 8552212   15.28571   50   66          -   14.05390      -  26.3 2145s
 29692851 8564059   14.23077   54   67          -   14.05882      -  26.3 2150s
 29765120 8578048   16.50000   37   32          -   14.06373      -  26.3 2155s
 29838889 8591483   14.54167   53   87          -   14.06897      -  26.3 2160s
 29904285 8604059   14.83592   36  105          -   14.07358      -  26.3 2165s
 29966833 8615859   17.00000   40   44          -   14.07698      -  26.3 2170s
 30032988 8628445   15.52273   39   75          -   14.08333      -  26.3 2175s
 30105014 8642202   15.56876   33  100          -   14.08686      -  26.3 2180s
 30174578 8654714 infeasible   45               -   14.09091      -  26.3 2185s
 30249819 8669836   14.72549   42   91          -   14.09639      -  26.3 2190s
 30321478 8682710   15.88000   41   61          -   14.10000      -  26.3 2195s
 30391733 8695588   15.50000   43   54          -   14.10417      -  26.3 2200s
 30460039 8708934   14.80409   50  125          -   14.11009      -  26.4 2205s
 30537326 8721569   15.28384   53  103          -   14.11111      -  26.4 2210s
 30608259 8735056   15.92857   43   48          -   14.11699      -  26.4 2215s
 30676182 8746896   14.49528   45   95          -   14.12121      -  26.4 2220s
 30745344 8757850 infeasible   35               -   14.12500      -  26.4 2225s
 30816933 8770165   16.00511   38   85          -   14.12500      -  26.4 2230s
 30885527 8783054   14.60000   43   53          -   14.13075      -  26.4 2235s
 30954912 8795924   15.50000   37   32          -   14.13542      -  26.4 2240s
 31018887 8807261   15.30854   40  117          -   14.14035      -  26.4 2245s
 31090518 8818060   14.82759   43   94          -   14.14286      -  26.4 2250s
 31161829 8830641   15.00000   39   84          -   14.14286      -  26.4 2255s
 31231210 8844306   14.22073   49   87          -   14.14925      -  26.4 2260s
 31297658 8855921   15.75000   45   74          -   14.15385      -  26.4 2265s
 31362498 8866799   14.93333   37   58          -   14.15758      -  26.4 2270s
 31433605 8880440   14.45622   40  114          -   14.16285      -  26.4 2275s
 31500996 8889704   16.00000   52   50          -   14.16667      -  26.4 2280s
 31568325 8899088   15.57692   42   83          -   14.16667      -  26.4 2285s
 31646573 8911344   15.83871   35   68          -   14.16667      -  26.4 2290s
 31723439 8924681 infeasible   47               -   14.16667      -  26.4 2295s
 31783612 8936092   15.00000   34   34          -   14.17273      -  26.4 2300s
 31849522 8947573     cutoff   41               -   14.17701      -  26.4 2305s
 31916102 8959351   14.62522   40  100          -   14.18182      -  26.4 2310s
 31987264 8972088   15.95897   43  106          -   14.18539      -  26.4 2315s
 32056645 8984283   14.41026   37   60          -   14.18997      -  26.4 2320s
 32122700 8995571   14.25000   43   56          -   14.19444      -  26.4 2325s
 32183269 9004848   15.41463   43   68          -   14.20000      -  26.4 2330s
 32251375 9013550   14.31481   40  102          -   14.20000      -  26.4 2335s
 32325594 9024541   14.24688   38  107          -   14.20000      -  26.4 2340s
 32398842 9036304   14.30556   40   71          -   14.20000      -  26.4 2345s
 32469661 9048440 infeasible   47               -   14.20112      -  26.4 2350s
 32539967 9060893   15.75000   44   45          -   14.20755      -  26.4 2355s
 32608176 9072965   14.98718   40   79          -   14.21212      -  26.4 2360s
 32681018 9084649   14.91667   47   90          -   14.21560      -  26.4 2365s
 32752690 9097243     cutoff   51               -   14.22145      -  26.4 2370s
 32825775 9107866   15.40000   46   50          -   14.22222      -  26.4 2375s
 32892026 9119706 infeasible   36               -   14.22619      -  26.4 2380s
 32964847 9131663   15.00000   34   15          -   14.23077      -  26.4 2385s
 33035822 9143824   15.15596   46   87          -   14.23529      -  26.4 2390s
 33102054 9155011   15.75000   51   24          -   14.23877      -  26.4 2395s
 33172895 9166931   16.40000   38   75          -   14.24414      -  26.4 2400s
 33238345 9175763   16.04444   42   86          -   14.25000      -  26.4 2405s
 33310527 9182814   16.61245   39   91          -   14.25000      -  26.4 2410s
 33382705 9191054   14.37500   32   46          -   14.25000      -  26.4 2415s
 33449206 9199470   14.50000   42   30          -   14.25000      -  26.4 2420s
 33519764 9208754   15.20000   45   58          -   14.25000      -  26.4 2425s
 33595829 9219523 infeasible   31               -   14.25000      -  26.4 2430s
 33666228 9229816   14.75000   34   61          -   14.25000      -  26.4 2435s
 33741250 9241588   15.66667   42   48          -   14.25000      -  26.4 2440s
 33805059 9252146   14.47669   38  117          -   14.25000      -  26.4 2445s
 33871171 9263566 infeasible   39               -   14.25547      -  26.4 2450s
 33942710 9275106   14.80000   41   53          -   14.26087      -  26.4 2455s
 34005660 9285574   14.64878   42  116          -   14.26523      -  26.4 2460s
 34072479 9296396   15.24012   37  108          -   14.26923      -  26.4 2465s
 34133601 9305899   15.12500   34   51          -   14.27273      -  26.4 2470s
 34205893 9317412   16.00000   51   14          -   14.27586      -  26.4 2475s
 34272190 9327664   14.50000   42   34          -   14.28000      -  26.4 2480s
 34343570 9338866   16.00000   36   11          -   14.28571      -  26.5 2485s
 34406373 9346911   14.50000   50   63          -   14.28571      -  26.5 2490s
 34482934 9358590   14.65714   49  106          -   14.28571      -  26.5 2495s
 34547323 9368612   14.61905   41  109          -   14.29070      -  26.5 2500s
 34618470 9379758   15.28488   38   90          -   14.29461      -  26.5 2505s
 34685995 9389955   15.00000   47   23          -   14.30000      -  26.5 2510s
 34758469 9400212   15.67647   42   76          -   14.30000      -  26.5 2515s
 34828006 9411481   14.37647   34  100          -   14.30466      -  26.5 2520s
 34893621 9421477   14.99443   47  105          -   14.30769      -  26.5 2525s
 34957243 9431254   15.12346   46   95          -   14.31250      -  26.5 2530s
 35027836 9442477   14.45526   36   75          -   14.31579      -  26.5 2535s
 35094284 9452811   14.57705   41   87          -   14.32000      -  26.5 2540s
 35159146 9462550   14.99206   38  102          -   14.32500      -  26.5 2545s
 35224093 9473503   15.67647   54   87          -   14.33202      -  26.5 2550s
 35288386 9477242   15.33333   43   48          -   14.33333      -  26.5 2555s
 35354486 9482199   14.86447   34  104          -   14.33333      -  26.5 2560s
 35424946 9488722   15.00000   47    9          -   14.33333      -  26.5 2565s
 35492168 9495065   14.66667   42   32          -   14.33333      -  26.5 2570s
 35559576 9501947   16.00000   33   17          -   14.33333      -  26.5 2575s
 35630933 9509543   15.85714   38   45          -   14.33333      -  26.5 2580s
 35692892 9516446   15.00000   36    9          -   14.33333      -  26.5 2585s
 35754202 9523850   14.50000   43   43          -   14.33333      -  26.5 2590s
 35830873 9533084   15.25000   50   47          -   14.33333      -  26.5 2595s
 35904304 9542216   15.16667   45   46          -   14.33333      -  26.5 2600s
 35977578 9551610   14.52778   37   66          -   14.33333      -  26.5 2605s
 36056037 9562094   14.89474   50   59          -   14.33333      -  26.5 2610s
 36129819 9572461   15.00000   40   58          -   14.33333      -  26.5 2615s
 36192486 9581559     cutoff   48               -   14.33333      -  26.5 2620s
 36268843 9592922   15.64286   44   80          -   14.33333      -  26.5 2625s
 36335822 9603548   15.36420   38   95          -   14.34118      -  26.5 2630s
 36400479 9613136   15.71220   45  100          -   14.34615      -  26.5 2635s
 36471563 9623615   16.11111   44   56          -   14.35000      -  26.5 2640s
 36540493 9634052   14.99195   48  104          -   14.35467      -  26.5 2645s
 36606140 9642565   14.66316   36   75          -   14.35714      -  26.5 2650s
 36678199 9653373   14.74545   46  107          -   14.36275      -  26.5 2655s
 36748204 9663055   14.95238   59   87          -   14.36416      -  26.5 2660s
 36817728 9673761   15.57749   35   97          -   14.36896      -  26.5 2665s
 36887906 9683815   15.75000   38   45          -   14.37500      -  26.5 2670s
 36958406 9691477   14.62500   42   52          -   14.37500      -  26.5 2675s
 37030875 9702484   16.00000   46    9          -   14.37500      -  26.5 2680s
 37094601 9711917   14.94699   40  109          -   14.37943      -  26.5 2685s
 37155689 9721064   14.40000   36   57          -   14.38374      -  26.5 2690s
 37226622 9730744   14.84675   39  112          -   14.38667      -  26.5 2695s
 37288776 9739137   15.82353   48   79          -   14.38983      -  26.6 2700s
 37360604 9749791   14.88889   46   57          -   14.39474      -  26.6 2705s
 37424452 9757623   16.33333   50   60          -   14.40000      -  26.6 2710s
 37491147 9763305   16.86000   36   79          -   14.40000      -  26.6 2715s
 37562058 9770953     cutoff   42               -   14.40000      -  26.6 2720s
 37628379 9778853     cutoff   49               -   14.40000      -  26.6 2725s
 37695477 9787511   15.00000   52   51          -   14.40000      -  26.6 2730s
 37771347 9798830   14.64989   37   94          -   14.40000      -  26.6 2735s
 37831092 9807227   15.62910   41  101          -   14.40625      -  26.6 2740s
 37895875 9816512   14.85366   44   63          -   14.41026      -  26.6 2745s
 37963001 9825903   14.56998   39  135          -   14.41398      -  26.6 2750s
 38023578 9833426   15.16667   41   85          -   14.41667      -  26.6 2755s
 38093765 9843276   15.66667   38   56          -   14.41935      -  26.6 2760s
 38164246 9853127   14.77778   37   87          -   14.42365      -  26.6 2765s
 38223941 9860560   14.50000   46   24          -   14.42857      -  26.6 2770s
 38286314 9866711   15.66667   40   35          -   14.42857      -  26.6 2775s
 38363744 9876946   15.16981   48   73          -   14.42857      -  26.6 2780s
 38428272 9886598   15.41667   51   60          -   14.43210      -  26.6 2785s
 38494411 9896034   15.03030   39   68          -   14.43651      -  26.6 2790s
 38555416 9903730   14.58333   36   74          -   14.43928      -  26.6 2795s
 38625638 9912325   15.79310   51   75          -   14.44444      -  26.6 2800s
 38688394 9918737   14.81818   48   83          -   14.44444      -  26.6 2805s
 38747491 9927288     cutoff   41               -   14.44595      -  26.6 2810s
 38817727 9937028   15.30505   42   93          -   14.45035      -  26.6 2815s
 38877802 9944274   16.00000   43   13          -   14.45455      -  26.6 2820s
 38947397 9953827   16.00000   51   33          -   14.45631      -  26.6 2825s
 39006783 9961476   15.50000   42   25          -   14.46000      -  26.6 2830s
 39069085 9968880   16.00000   40   68          -   14.46185      -  26.6 2835s
 39137688 9977924   15.70455   49   74          -   14.46667      -  26.6 2840s
 39208142 9986665   15.59944   36   96          -   14.47059      -  26.6 2845s
 39279524 9995514   15.90877   39  107          -   14.47368      -  26.6 2850s
 39344652 10003988   15.00000   54    9          -   14.47771      -  26.6 2855s
 39411062 10012748     cutoff   45               -   14.48180      -  26.6 2860s
 39477334 10021691   15.50000   40   70          -   14.48651      -  26.6 2865s
 39541707 10030615   15.08696   46   64          -   14.49180      -  26.7 2870s
 39611670 10038980   15.00000   35   16          -   14.50000      -  26.7 2875s
 39675784 10041613   16.27273   42   73          -   14.50000      -  26.7 2880s
 39735561 10043364   15.25000   44   43          -   14.50000      -  26.7 2885s
 39796007 10045998   15.00000   48   15          -   14.50000      -  26.7 2890s
 39861097 10048999   15.94118   43   64          -   14.50000      -  26.7 2895s
 39920244 10051789   14.98555   47  100          -   14.50000      -  26.7 2900s
 39981196 10054978   14.64000   43   56          -   14.50000      -  26.7 2905s
 40047231 10058946   15.00000   38   17          -   14.50000      -  26.7 2910s
 40112919 10062448   15.00000   37   11          -   14.50000      -  26.7 2915s
 40184315 10067272   14.69458   46   94          -   14.50000      -  26.7 2920s
 40257494 10072004   16.00000   41   14          -   14.50000      -  26.7 2925s
 40323716 10076327     cutoff   37               -   14.50000      -  26.7 2930s
 40388963 10081329   15.50000   45   33          -   14.50000      -  26.7 2935s
 40465014 10086944   14.77778   44   60          -   14.50000      -  26.7 2940s
 40535713 10092107   16.36731   56  109          -   14.50000      -  26.7 2945s
 40607241 10098037   16.28571   47   75          -   14.50000      -  26.7 2950s
 40678653 10103609   16.57714   40   90          -   14.50000      -  26.7 2955s
 40745582 10109783   15.00000   46   14          -   14.50000      -  26.7 2960s
 40811907 10115296   14.84965   31   94          -   14.50000      -  26.7 2965s
 40883823 10121763   15.66118   40  103          -   14.50000      -  26.7 2970s
 40955406 10128204   14.71429   46   50          -   14.50000      -  26.7 2975s
 41021885 10134503     cutoff   43               -   14.50000      -  26.7 2980s
 41088193 10140619   17.00000   41   20          -   14.50000      -  26.7 2985s
 41159806 10147501 infeasible   41               -   14.50000      -  26.7 2990s
 41231914 10154167     cutoff   41               -   14.50000      -  26.7 2995s
 41303417 10160879   15.66667   43   37          -   14.50000      -  26.7 3000s
 41376064 10167964     cutoff   47               -   14.50000      -  26.7 3005s
 41443602 10174605   15.45098   41   75          -   14.50000      -  26.7 3010s
 41515716 10182150   15.66667   44   39          -   14.50000      -  26.7 3015s
 41581076 10189047   15.00000   52   69          -   14.50000      -  26.7 3020s
 41653424 10197008   14.60714   38   70          -   14.50000      -  26.7 3025s
 41736062 10206244   14.75000   39   59          -   14.50000      -  26.7 3030s
 41808774 10214677   14.94444   43   60          -   14.50000      -  26.7 3035s
 41885671 10224014   14.77333   42   83          -   14.50000      -  26.7 3040s
 41957136 10233124   15.71429   50   63          -   14.50000      -  26.7 3045s
 42035936 10242877     cutoff   45               -   14.50000      -  26.7 3050s
 42107625 10252075   15.65217   42   76          -   14.50000      -  26.7 3055s
 42177987 10261820   15.45652   42   93          -   14.50000      -  26.7 3060s
 42243189 10269765   14.71824   49   78          -   14.50139      -  26.7 3065s
 42307494 10278537   16.01515   50   63          -   14.50877      -  26.7 3070s
 42373239 10286706   14.76190   27   91          -   14.51404      -  26.7 3075s
 42439092 10295053   15.32836   45   79          -   14.51852      -  26.7 3080s
 42498328 10302583   14.66667   32   46          -   14.52239      -  26.7 3085s
 42565479 10310517     cutoff   37               -   14.52632      -  26.7 3090s
 42639445 10319518   16.00000   51   37          -   14.53030      -  26.7 3095s
 42708334 10327525   14.81250   44   70          -   14.53333      -  26.7 3100s
 42772781 10335623   14.85714   45   47          -   14.53846      -  26.7 3105s
 42836193 10343427   15.50000   34   63          -   14.54054      -  26.7 3110s
 42906461 10351737 infeasible   58               -   14.54545      -  26.7 3115s
 42976525 10359518     cutoff   37               -   14.54638      -  26.7 3120s
 43036103 10366568   14.77778   42   87          -   14.55000      -  26.8 3125s
 43094125 10373714   15.16667   40   45          -   14.55446      -  26.8 3130s
 43159137 10379046   15.25000   48   41          -   14.55556      -  26.8 3135s
 43229273 10387655   14.61017   43   73          -   14.55556      -  26.8 3140s
 43293051 10396162   15.60858   36   99          -   14.56070      -  26.8 3145s
 43363675 10404175   15.11111   41   61          -   14.56410      -  26.8 3150s
 43438596 10413234   15.99601   32  108          -   14.56923      -  26.8 3155s
 43504439 10418510   15.58621   42   76          -   14.57143      -  26.8 3160s
 43574221 10425370   15.75676   52   68          -   14.57143      -  26.8 3165s
 43641230 10433014   14.70000   43   81          -   14.57143      -  26.8 3170s
 43705511 10441069   16.00000   35   11          -   14.57634      -  26.8 3175s
 43771010 10448580   16.04444   43   83          -   14.58000      -  26.8 3180s
 43832277 10454284   15.17647   37   54          -   14.58333      -  26.8 3185s
 43901640 10462046   14.72957   43  117          -   14.58427      -  26.8 3190s
 43966354 10469366   15.81250   38   84          -   14.58824      -  26.8 3195s
 44030675 10476980   15.72606   36   74          -   14.59236      -  26.8 3200s
 44102754 10485418   15.18519   50   92          -   14.59722      -  26.8 3205s
 44162806 10488821   15.59091   38   53          -   14.60000      -  26.8 3210s
 44228418 10493098 infeasible   41               -   14.60000      -  26.8 3215s
 44293674 10498523 infeasible   44               -   14.60000      -  26.8 3220s
 44360144 10504389 infeasible   55               -   14.60000      -  26.8 3225s
 44421727 10510686   14.88851   49  105          -   14.60000      -  26.8 3230s
 44486845 10517569   15.10000   48   70          -   14.60000      -  26.8 3235s
 44556043 10525885   16.50000   40   24          -   14.60248      -  26.8 3240s
 44619494 10533392   16.25806   45   79          -   14.60714      -  26.8 3245s
 44678660 10540152   15.66667   51   42          -   14.61111      -  26.8 3250s
 44746139 10547778     cutoff   49               -   14.61413      -  26.8 3255s
 44813136 10554607   15.00000   37   43          -   14.61616      -  26.8 3260s
 44884342 10562564   15.18421   34   82          -   14.62069      -  26.8 3265s
 44948534 10568529   15.84615   39   65          -   14.62500      -  26.8 3270s
 45020026 10574050   15.00000   41   42          -   14.62500      -  26.8 3275s
 45092751 10581483   15.74757   48   68          -   14.62500      -  26.8 3280s
 45147592 10587950     cutoff   57               -   14.62784      -  26.8 3285s
 45202692 10594159   15.74275   46   76          -   14.63158      -  26.8 3290s
 45265968 10601099   15.76923   44   75          -   14.63504      -  26.8 3295s
 45328134 10606404   14.79430   39   85          -   14.63636      -  26.8 3300s
 45392415 10613620   16.46988   41  102          -   14.64000      -  26.8 3305s
 45448984 10619183   16.00000   40   40          -   14.64286      -  26.8 3310s
 45509274 10625492   15.43636   45   77          -   14.64504      -  26.9 3315s
 45556927 10629743   14.93333   43   88          -   14.64706      -  26.9 3320s
 45557367 10630074   16.46154   39   61          -   14.64720      -  26.9 3325s
 45557751 10630362   16.50000   37   76          -   14.64773      -  26.9 3330s
 45558083 10630607   15.20000   43   62          -   14.64815      -  26.9 3335s
 45558347 10630822   16.42553   43   84          -   14.64826      -  26.9 3340s
 45558516 10630934   14.77273   39   73          -   14.64854      -  26.9 3346s
 45558697 10631045   16.00000   37   69          -   14.64865      -  26.9 3351s
 45558914 10631211   16.00000   35   61          -   14.64865      -  26.9 3356s
 45559078 10631356   15.24528   43   99          -   14.64889      -  26.9 3361s
 45559817 10631574   15.70455   51  110          -   14.64903      -  26.9 3365s
 45561251 10631806   15.33333   49   41          -   14.64912      -  26.9 3372s
 45570153 10632053 infeasible   51               -   14.64912      -  26.9 3376s
 45601772 10633546   16.09816   39  115          -   14.64935      -  26.9 3380s
 45614557 10635241   16.35526   51   72          -   14.65000      -  26.9 3385s
 45638172 10636988   15.00000   42   13          -   14.65079      -  26.9 3390s
 45664726 10639875   16.25000   44   75          -   14.65354      -  26.9 3395s
 45701711 10643537   15.06140   37   86          -   14.65607      -  26.9 3400s
 45744625 10647657   15.73118   50   62          -   14.65916      -  26.9 3405s
 45804416 10654480   15.57692   38   87          -   14.66529      -  26.9 3410s
 45865724 10654893     cutoff   36               -   14.66667      -  26.9 3415s
 45925666 10655183   15.00000   38   41          -   14.66667      -  26.9 3420s
 45986029 10656615   15.26667   46   57          -   14.66667      -  26.9 3425s
 46044980 10658255 infeasible   41               -   14.66667      -  26.9 3430s
 46109058 10660345   16.00000   43   69          -   14.66667      -  26.9 3435s
 46178837 10663098 infeasible   40               -   14.66667      -  26.9 3440s
 46239507 10665650   16.54206   35   79          -   14.66667      -  26.9 3445s
 46299170 10668578 infeasible   56               -   14.66667      -  26.9 3450s
 46364909 10671790   15.42857   39   56          -   14.66667      -  26.9 3455s
 46426053 10675574   15.00000   41   10          -   14.66667      -  26.9 3460s
 46491032 10679435   16.20000   45   37          -   14.66667      -  26.9 3465s
 46562268 10684306     cutoff   53               -   14.66667      -  26.9 3470s
 46632937 10689148     cutoff   51               -   14.66667      -  26.9 3475s
 46703122 10694477   15.00000   37   44          -   14.66667      -  26.9 3480s
 46770092 10699847   15.46542   36   95          -   14.66667      -  26.9 3485s
 46834958 10705861   15.76190   34   59          -   14.66667      -  26.9 3490s
 46901504 10712391   16.53125   47   77          -   14.66667      -  26.9 3495s
 46967478 10719322   16.41667   48   38          -   14.66667      -  26.9 3500s
 47028429 10725410   15.69499   45  128          -   14.66667      -  26.9 3505s
 47088200 10731716   16.56452   40  108          -   14.66770      -  26.9 3510s
 47151491 10738603   15.00000   39   20          -   14.67421      -  26.9 3515s
 47212158 10744610   16.00000   44   25          -   14.67857      -  26.9 3520s
 47268000 10749831   14.87500   39   43          -   14.68182      -  26.9 3525s
 47333499 10756616   15.51705   39   81          -   14.68504      -  26.9 3530s
 47398052 10762459   15.15323   44  133          -   14.68750      -  26.9 3535s
 47452146 10768074   15.61017   43   69          -   14.69161      -  26.9 3540s
 47517381 10774069   15.66799   42  100          -   14.69355      -  26.9 3545s
 47583196 10780940   16.00000   39   61          -   14.69756      -  26.9 3550s
 47644223 10784891   15.50000   41   45          -   14.70000      -  26.9 3555s
 47710621 10790847   14.89286   37   74          -   14.70000      -  26.9 3560s
 47774801 10797462   15.00000   36   11          -   14.70391      -  26.9 3565s
 47839304 10803960   15.00000   42   12          -   14.70745      -  26.9 3570s
 47911582 10811061   15.11783   37   88          -   14.71173      -  26.9 3575s
 47972713 10814339   15.55000   54   54          -   14.71429      -  26.9 3580s
 48039622 10818530 infeasible   41               -   14.71429      -  27.0 3585s
 48115319 10825283   15.89583   39   58          -   14.71429      -  27.0 3590s
 48179132 10832035   16.03012   48  107          -   14.71739      -  27.0 3595s
 48235680 10837733   16.66667   45   40          -   14.72063      -  27.0 3600s
 48296341 10843161   16.14535   42   88          -   14.72314      -  27.0 3605s
 48356801 10848148 infeasible   46               -   14.72727      -  27.0 3610s
 48418732 10853864   14.92747   50   99          -   14.72727      -  27.0 3615s
 48483041 10860083   15.35714   58   46          -   14.73171      -  27.0 3620s
 48549478 10866103   16.33333   45   39          -   14.73387      -  27.0 3625s
 48614037 10872001   14.95161   41  118          -   14.73759      -  27.0 3630s
 48679155 10878009   15.52552   37   84          -   14.74145      -  27.0 3635s
 48735623 10883609   16.50000   43   52          -   14.74540      -  27.0 3640s
 48800915 10887416 infeasible   46               -   14.75000      -  27.0 3645s
 48857724 10888292     cutoff   48               -   14.75000      -  27.0 3650s
 48916785 10889900   15.44167   47  100          -   14.75000      -  27.0 3655s
 48977131 10891653   16.00000   48   14          -   14.75000      -  27.0 3660s
 49047561 10894812   16.08333   47   48          -   14.75000      -  27.0 3665s
 49114082 10898226   15.00000   53   31          -   14.75000      -  27.0 3670s
 49190597 10902877   16.50000   37   30          -   14.75000      -  27.0 3675s
 49261515 10907487   15.00000   45   14          -   14.75000      -  27.0 3680s
 49333805 10912270   15.73333   40   62          -   14.75000      -  27.0 3685s
 49404089 10917675   14.80000   45   70          -   14.75000      -  27.0 3690s
 49478729 10923455   15.00000   36   15          -   14.75000      -  27.0 3695s
 49540041 10928851 infeasible   55               -   14.75000      -  27.0 3700s
 49600097 10934219   15.90476   52   83          -   14.75000      -  27.0 3705s
 49660309 10939794   16.13232   41   93          -   14.75378      -  27.0 3710s
 49715671 10944914   16.07484   37  102          -   14.75758      -  27.0 3715s
 49774564 10949972   15.35577   35   76          -   14.76172      -  27.0 3720s
 49835948 10955278     cutoff   50               -   14.76471      -  27.0 3725s
 49899829 10961325   15.33333   40   35          -   14.76812      -  27.0 3730s
 49964867 10966896   16.40000   44   59          -   14.76986      -  27.0 3735s
 50028916 10972235   15.66667   45   57          -   14.77381      -  27.0 3740s
 50085450 10976582   15.00000   43   20          -   14.77778      -  27.0 3745s
 50152560 10980530   15.18519   49   90          -   14.77778      -  27.0 3750s
 50217569 10985862   16.34375   47   78          -   14.77778      -  27.0 3755s
 50281200 10991261 infeasible   49               -   14.78261      -  27.0 3760s
 50341238 10995672 infeasible   38               -   14.78571      -  27.0 3765s
 50406025 11000962     cutoff   42               -   14.78788      -  27.1 3770s
 50471592 11006399   15.50000   38   20          -   14.79167      -  27.1 3775s
 50536018 11012064 infeasible   49               -   14.79487      -  27.1 3780s
 50596601 11015794   15.28571   52   43          -   14.80000      -  27.1 3785s
 50662807 11016904   15.33333   41   42          -   14.80000      -  27.1 3790s
 50729021 11019564   16.00000   45   66          -   14.80000      -  27.1 3795s
 50791958 11022961   16.00000   45   16          -   14.80000      -  27.1 3800s
 50863509 11027422   15.11765   48   69          -   14.80000      -  27.1 3805s
 50925364 11031798   15.62500   50   67          -   14.80000      -  27.1 3810s
 50997033 11037647     cutoff   52               -   14.80000      -  27.1 3815s
 51061914 11043375   15.28119   43  110          -   14.80303      -  27.1 3820s
 51120745 11048585   15.46411   39  118          -   14.80714      -  27.1 3825s
 51185925 11053991 infeasible   39               -   14.81034      -  27.1 3830s
 51248215 11058209   15.66667   46   74          -   14.81250      -  27.1 3835s
 51309331 11063371   14.87179   38   74          -   14.81633      -  27.1 3840s
 51367751 11066508 infeasible   56               -   14.81818      -  27.1 3845s
 51432830 11072189   15.00000   36   85          -   14.82051      -  27.1 3850s
 51494444 11076873   16.40000   39   59          -   14.82353      -  27.1 3855s
 51553891 11081750   15.04651   35   73          -   14.82692      -  27.1 3860s
 51609108 11086539   15.19540   48   82          -   14.83088      -  27.1 3865s
 51671008 11087330   16.62500   40   73          -   14.83333      -  27.1 3870s
 51721891 11088354   16.00000   39   14          -   14.83333      -  27.1 3875s
 51782494 11090208     cutoff   46               -   14.83333      -  27.1 3880s
 51845580 11092842   15.34375   46   63          -   14.83333      -  27.1 3885s
 51913873 11096370   16.08333   38   79          -   14.83333      -  27.1 3890s
 51981641 11100946   16.22581   34   64          -   14.83333      -  27.1 3895s
 52042379 11105963   15.83784   31   83          -   14.83333      -  27.1 3900s
 52102576 11110879   15.75000   35   51          -   14.83721      -  27.1 3905s
 52161931 11115659   15.26984   45  116          -   14.84091      -  27.1 3910s
 52222490 11120062   16.50000   40   19          -   14.84416      -  27.1 3915s
 52288859 11124472   15.29439   45   88          -   14.84615      -  27.1 3920s
 52346348 11129353   15.83333   37   72          -   14.85000      -  27.1 3925s
 52409336 11134000   15.54348   45   81          -   14.85256      -  27.1 3930s
 52474031 11137881   15.95833   36   72          -   14.85714      -  27.1 3935s
 52538645 11139621   15.69820   36   78          -   14.85714      -  27.2 3940s
 52599388 11143136   15.00000   45   20          -   14.85714      -  27.2 3945s
 52665446 11148255   15.65000   45   62          -   14.85714      -  27.2 3950s
 52723968 11152794   15.14900   39   91          -   14.86111      -  27.2 3955s
 52782085 11156907   15.51078   26  101          -   14.86398      -  27.2 3960s
 52846883 11161154   15.21765   40  127          -   14.86667      -  27.2 3965s
 52905896 11165243   16.49000   40   67          -   14.86992      -  27.2 3970s
 52969895 11169425   15.91667   51   47          -   14.87500      -  27.2 3975s
 53036961 11170620   15.00000   48   14          -   14.87500      -  27.2 3980s
 53097297 11173210   16.44144   41   88          -   14.87500      -  27.2 3985s
 53162472 11177545   15.37500   38   89          -   14.87500      -  27.2 3990s
 53216509 11181561   15.66667   41   50          -   14.87879      -  27.2 3995s
 53275552 11185178   15.03333   40   83          -   14.88235      -  27.2 4000s
 53338665 11189807   15.20000   41   54          -   14.88535      -  27.2 4005s
 53393839 11192252     cutoff   41               -   14.88889      -  27.2 4010s
 53459705 11194932     cutoff   48               -   14.88889      -  27.2 4015s
 53524031 11199051   15.74820   39  106          -   14.88889      -  27.2 4020s
 53583605 11203765   15.66667   45   30          -   14.89326      -  27.2 4025s
 53644237 11207489   16.00000   39   12          -   14.89655      -  27.2 4030s
 53703750 11210283   16.00000   44   14          -   14.90000      -  27.2 4035s
 53760011 11212435   16.00000   44   37          -   14.90000      -  27.2 4040s
 53824947 11216924   15.20000   45   44          -   14.90164      -  27.2 4045s
 53890954 11221466   16.02041   34   92          -   14.90517      -  27.2 4050s
 53946345 11224646   16.47805   30   85          -   14.90909      -  27.2 4055s
 54013614 11227855   15.50000   34   32          -   14.90909      -  27.2 4060s
 54067162 11231464   14.91667   49   54          -   14.91304      -  27.2 4065s
 54127519 11234476   15.85714   49   84          -   14.91667      -  27.2 4070s
 54184839 11236574 infeasible   52               -   14.91667      -  27.2 4075s
 54253882 11240968   16.16667   33   51          -   14.92000      -  27.2 4080s
 54313455 11243770     cutoff   51               -   14.92308      -  27.2 4085s
 54369275 11247298 infeasible   53               -   14.92481      -  27.2 4090s
 54435067 11250852   15.57348   35   82          -   14.92857      -  27.3 4095s
 54494257 11254824   15.63158   39   53          -   14.92992      -  27.3 4100s
 54560667 11257958   15.57610   49  115          -   14.93333      -  27.3 4105s
 54615362 11261344   15.45774   35   95          -   14.93564      -  27.3 4110s
 54676945 11264231 infeasible   41               -   14.93750      -  27.3 4115s
 54737013 11267215   15.47500   40   93          -   14.94118      -  27.3 4120s
 54789866 11269775 infeasible   44               -   14.94444      -  27.3 4125s
 54855293 11273171     cutoff   41               -   14.94737      -  27.3 4130s
 54917595 11276561 infeasible   52               -   14.95000      -  27.3 4135s
 54972551 11279782   15.75000   43   67          -   14.95266      -  27.3 4140s
 55026824 11282368   16.05714   33   82          -   14.95570      -  27.3 4145s
 55083962 11285342     cutoff   41               -   14.95836      -  27.3 4150s
 55139972 11288249   16.59470   45   83          -   14.96190      -  27.3 4155s
 55194766 11291117   16.58333   45   50          -   14.96538      -  27.3 4160s
 55248235 11294282   15.24074   38   55          -   14.96875      -  27.3 4165s
 55305766 11297415   15.50000   47   49          -   14.97222      -  27.3 4170s
 55359918 11300721   16.25000   41   45          -   14.97590      -  27.3 4175s
 55420311 11304112   16.58333   42   56          -   14.98035      -  27.3 4180s
 55479434 11307239   15.28844   44   97          -   14.98519      -  27.3 4185s
 55543904 11311040   15.66667   36  105          -   14.99190      -  27.3 4190s
 55597934 11312889   15.33333   40   62          -   15.00000      -  27.3 4195s
 55655364 11309870   16.26582   42  102          -   15.00000      -  27.3 4200s
 55706440 11306523     cutoff   42               -   15.00000      -  27.3 4205s
 55761440 11302587   15.00000   45    6          -   15.00000      -  27.3 4210s
 55812504 11298712   16.00000   40    9          -   15.00000      -  27.4 4215s
 55872329 11293678   16.75000   47   30          -   15.00000      -  27.4 4220s
 55923584 11289739 infeasible   43               -   15.00000      -  27.4 4225s
 55984070 11284625   16.33333   49   56          -   15.00000      -  27.4 4230s
 56035296 11280240   16.33333   40   42          -   15.00000      -  27.4 4235s
 56091001 11275518   15.30000   43   57          -   15.00000      -  27.4 4240s
 56147200 11270701     cutoff   44               -   15.00000      -  27.4 4245s
 56203198 11265921     cutoff   48               -   15.00000      -  27.4 4250s
 56254570 11261517   16.60287   40   73          -   15.00000      -  27.4 4255s
 56305660 11257336   15.83333   42   36          -   15.00000      -  27.4 4260s
 56362482 11252500     cutoff   51               -   15.00000      -  27.4 4265s
 56413675 11248419 infeasible   48               -   15.00000      -  27.4 4270s
 56471897 11244481 infeasible   49               -   15.00000      -  27.4 4275s
 56528116 11240424 infeasible   37               -   15.00000      -  27.4 4280s
 56582593 11236513   15.54545   45   68          -   15.00000      -  27.4 4285s
 56641137 11232050   15.50000   49   40          -   15.00000      -  27.4 4290s
 56693260 11228551   16.00000   43   46          -   15.00000      -  27.4 4295s
 56750031 11224198     cutoff   41               -   15.00000      -  27.4 4300s
 56801762 11220380   15.58034   52  114          -   15.00000      -  27.4 4305s
 56858938 11216308   15.00000   50   46          -   15.00000      -  27.4 4310s
 56915620 11212173 infeasible   43               -   15.00000      -  27.4 4315s
 56972539 11208449   16.00000   32   10          -   15.00000      -  27.4 4320s
 57024998 11204489     cutoff   51               -   15.00000      -  27.4 4325s
 57081331 11200532   15.28755   38  103          -   15.00000      -  27.5 4330s
 57133354 11196986   16.00000   42   11          -   15.00000      -  27.5 4335s
 57195881 11192709   15.45455   37   72          -   15.00000      -  27.5 4340s
 57252594 11189554 infeasible   52               -   15.00000      -  27.5 4345s
 57312422 11186934   16.00000   39    9          -   15.00000      -  27.5 4350s
 57373024 11183895   16.00000   36    5          -   15.00000      -  27.5 4355s
 57439457 11180988   16.00000   43   10          -   15.00000      -  27.5 4360s
 57498219 11178649   16.00000   43   22          -   15.00000      -  27.5 4365s
 57551615 11176475   16.05882   36   72          -   15.00000      -  27.5 4370s
 57616621 11174033   16.00000   51   12          -   15.00000      -  27.5 4375s
 57672199 11171611   16.00000   41   14          -   15.00000      -  27.5 4380s
 57729013 11169356   15.00000   49   18          -   15.00000      -  27.5 4385s
 57786266 11168131   15.00000   37    8          -   15.00000      -  27.5 4390s
 57836339 11167470 infeasible   49               -   15.00000      -  27.5 4395s
 57836959 11167721   16.00000   38   10          -   15.00000      -  27.5 4400s
 57837370 11167883   15.00000   39    9          -   15.00000      -  27.5 4405s
 57837638 11167998   16.00000   52   16          -   15.00000      -  27.5 4410s
 57838444 11167969   16.00000   43   12          -   15.00000      -  27.5 4415s
 57856179 11166405   16.00000   43   13          -   15.00000      -  27.5 4420s
 57911042 11165136 infeasible   35               -   15.00000      -  27.5 4425s
 57961686 11163630   15.50000   34   24          -   15.00000      -  27.5 4430s
 58019831 11161888 infeasible   47               -   15.00000      -  27.5 4435s
 58081314 11160181   16.33333   32   23          -   15.00000      -  27.5 4440s
 58132836 11158635   16.50000   43   19          -   15.00000      -  27.5 4445s
 58200245 11157021   15.72727   44   47          -   15.00000      -  27.5 4450s
 58256443 11155654   16.00000   50   13          -   15.00000      -  27.5 4455s
 58319385 11154149 infeasible   47               -   15.00000      -  27.5 4460s
 58378247 11153701   15.00000   48   16          -   15.00000      -  27.5 4465s
 58436096 11153277   16.00000   44   73          -   15.00000      -  27.5 4470s
 58498392 11152999   15.00000   47   30          -   15.00000      -  27.5 4475s
 58556741 11152957   16.00000   51    8          -   15.00000      -  27.5 4480s
 58615167 11152685   15.00000   35    8          -   15.00000      -  27.5 4485s
 58680133 11152558   15.86364   41   64          -   15.00000      -  27.5 4490s
 58737605 11152335 infeasible   48               -   15.00000      -  27.5 4495s
 58795609 11152318   16.66667   50   34          -   15.00000      -  27.5 4500s
 58859241 11152464     cutoff   50               -   15.00000      -  27.5 4505s
 58911332 11152347   15.00000   43   11          -   15.00000      -  27.5 4510s
 58973347 11152240     cutoff   39               -   15.00000      -  27.5 4515s
 59032321 11153109   16.00000   43   12          -   15.00000      -  27.5 4520s
 59099292 11153820   16.00000   31   36          -   15.00000      -  27.5 4525s
 59164073 11154468   15.88889   31  101          -   15.00000      -  27.5 4530s
 59233839 11155351     cutoff   51               -   15.00000      -  27.5 4535s
 59299115 11156075   15.80000   47   26          -   15.00000      -  27.5 4540s
 59360346 11156648   16.00000   43    9          -   15.00000      -  27.5 4545s
 59426753 11157571   15.00000   40   31          -   15.00000      -  27.5 4550s
 59482515 11158409   16.50000   46   52          -   15.00000      -  27.5 4555s
 59550016 11159185   16.27143   46   65          -   15.00000      -  27.5 4560s
 59609992 11159952 infeasible   51               -   15.00000      -  27.5 4565s
 59681040 11160868 infeasible   36               -   15.00000      -  27.5 4570s
 59747282 11161447   16.00000   49   15          -   15.00000      -  27.5 4575s
 59811025 11163086   15.25862   34   72          -   15.00000      -  27.5 4580s
 59876812 11164780   16.00000   50   15          -   15.00000      -  27.5 4585s
 59943076 11165985 infeasible   41               -   15.00000      -  27.5 4590s
 59999702 11167034 infeasible   47               -   15.00000      -  27.5 4595s
 60065558 11168074   16.75000   38   68          -   15.00000      -  27.5 4600s
 60133298 11169815   16.00000   40   29          -   15.00000      -  27.5 4605s
 60190650 11171201   16.00000   50    9          -   15.00000      -  27.5 4610s
 60258163 11172819   16.66667   51   38          -   15.00000      -  27.5 4615s
 60319843 11174076   16.00000   45   38          -   15.00000      -  27.5 4620s
 60382026 11175308   15.80000   42   72          -   15.00000      -  27.6 4625s
 60443845 11176860 infeasible   55               -   15.00000      -  27.6 4630s
 60505748 11178910   15.55346   41   91          -   15.00000      -  27.6 4635s
 60572847 11180823   16.00000   46   21          -   15.00000      -  27.6 4640s
 60635656 11182547   15.60000   38   47          -   15.00000      -  27.6 4645s
 60697688 11184452   15.41463   41   45          -   15.00000      -  27.6 4650s
 60766048 11186612   15.00000   49   37          -   15.00000      -  27.6 4655s
 60823478 11188338     cutoff   45               -   15.00000      -  27.6 4660s
 60881413 11190005   16.00000   44   18          -   15.00000      -  27.6 4665s
 60943217 11191850   15.50000   42   22          -   15.00000      -  27.6 4670s
 61010544 11194177   16.00000   44   34          -   15.00000      -  27.6 4675s
 61073541 11196295   16.00000   48    8          -   15.00000      -  27.6 4680s
 61140117 11198712   16.09091   47   61          -   15.00000      -  27.6 4685s
 61202959 11201498   15.66667   45   38          -   15.00000      -  27.6 4690s
 61264813 11204017   16.50000   44   35          -   15.00000      -  27.6 4695s
 61333211 11207016   16.00000   51   28          -   15.00000      -  27.6 4700s
 61400314 11209154   16.00000   42    9          -   15.00000      -  27.6 4705s
 61464173 11211070   15.50000   48   53          -   15.00000      -  27.6 4710s
 61526517 11213472   15.23958   49   68          -   15.00000      -  27.6 4715s
 61590260 11216074   15.66667   42   20          -   15.00000      -  27.6 4720s
 61657576 11218938   16.00000   38   15          -   15.00000      -  27.6 4725s
 61720271 11221396   16.00000   40   28          -   15.00000      -  27.6 4730s
 61787912 11224537   15.00000   41   13          -   15.00000      -  27.6 4735s
 61853284 11227201   16.33333   39   26          -   15.00000      -  27.6 4740s
 61923507 11229922   16.00000   43   11          -   15.00000      -  27.6 4745s
 61988936 11232880   17.00000   31   49          -   15.00000      -  27.6 4750s
 62055254 11236161   15.39219   44  104          -   15.00000      -  27.6 4755s
 62115408 11238935     cutoff   53               -   15.00000      -  27.6 4760s
 62181987 11242547   15.37255   49   52          -   15.00000      -  27.6 4765s
 62246585 11245908   17.00000   37   20          -   15.00000      -  27.6 4770s
 62307190 11249056   16.00000   53   17          -   15.00000      -  27.6 4775s
 62372931 11252545   16.00000   46   13          -   15.00000      -  27.6 4780s
 62434455 11255873   16.44444   41   72          -   15.00000      -  27.6 4785s
 62501151 11259457   16.00000   47   14          -   15.00000      -  27.6 4790s
 62567793 11262912 infeasible   49               -   15.00000      -  27.6 4795s
 62638147 11266966   16.11111   36   53          -   15.00000      -  27.6 4800s
 62702825 11270488 infeasible   54               -   15.00000      -  27.6 4805s
 62768761 11274523   15.00000   40   67          -   15.00000      -  27.6 4810s
 62828814 11277958   16.00000   49   10          -   15.00000      -  27.6 4815s
 62889285 11281550   15.40000   35   43          -   15.00000      -  27.6 4820s
 62945847 11285182   15.00000   48   38          -   15.00000      -  27.6 4825s
 63012815 11289460   15.50000   39   47          -   15.00000      -  27.6 4830s
 63077346 11292429   16.00000   50   45          -   15.00000      -  27.6 4835s
 63141568 11295420   16.31250   39   59          -   15.00000      -  27.6 4840s
 63197581 11298567   16.69203   44  107          -   15.00584      -  27.6 4845s
 63256791 11301753   16.00000   42   29          -   15.01333      -  27.6 4850s
 63316552 11304643   16.16667   39   55          -   15.01923      -  27.6 4855s
 63375647 11307456   16.54386   53   79          -   15.02410      -  27.6 4860s
 63437191 11310244   15.35596   46  100          -   15.02870      -  27.6 4865s
 63496979 11312829   15.31818   37   54          -   15.03333      -  27.6 4870s
 63558070 11315389   16.32270   43   90          -   15.03704      -  27.6 4875s
 63611582 11317983 infeasible   43               -   15.04047      -  27.6 4880s
 63678023 11320835     cutoff   41               -   15.04444      -  27.6 4885s
 63733440 11323286   16.00000   45   50          -   15.04762      -  27.6 4890s
 63789337 11325647   15.58333   48   69          -   15.05061      -  27.6 4895s
 63844205 11328064   16.54167   43   72          -   15.05405      -  27.6 4900s
 63908382 11330432   16.31034   47   54          -   15.05714      -  27.6 4905s
 63963919 11333075   15.42105   40   84          -   15.06024      -  27.6 4910s
 64026912 11335292   15.90877   34   77          -   15.06250      -  27.6 4915s
 64076125 11337020 infeasible   42               -   15.06667      -  27.6 4920s
 64137202 11340015   15.85185   46   70          -   15.06889      -  27.6 4925s
 64191798 11341262 infeasible   48               -   15.07143      -  27.6 4930s
 64256615 11344262   15.66667   49   59          -   15.07407      -  27.6 4935s
 64311657 11345381 infeasible   44               -   15.07692      -  27.6 4940s
 64371397 11348166   16.00000   53   32          -   15.08000      -  27.6 4945s
 64427844 11348845   15.64706   47   58          -   15.08333      -  27.6 4950s
 64489093 11350401   15.16000   37   82          -   15.08333      -  27.6 4955s
 64549316 11352998   15.11321   47   66          -   15.08696      -  27.6 4960s
 64610613 11354447     cutoff   46               -   15.09091      -  27.6 4965s
 64670722 11357012   16.00000   46   21          -   15.09167      -  27.6 4970s
 64727817 11358938   15.50000   58   64          -   15.09524      -  27.7 4975s
 64785607 11361330   15.50268   47  115          -   15.09890      -  27.7 4980s
 64837909 11360812     cutoff   42               -   15.10000      -  27.7 4985s
 64898224 11362873   16.49398   42   92          -   15.10000      -  27.7 4990s
 64952901 11365031   15.54148   39  135          -   15.10349      -  27.7 4995s
 65012606 11366777   15.63935   37  125          -   15.10714      -  27.7 5000s
 65078415 11367879   15.17073   42   50          -   15.11111      -  27.7 5005s
 65130248 11367804     cutoff   43               -   15.11111      -  27.7 5010s
 65191427 11369513   15.49420   33  104          -   15.11111      -  27.7 5015s
 65250249 11371553   15.25541   49   91          -   15.11487      -  27.7 5020s
 65306826 11373078   15.52217   39  106          -   15.11765      -  27.7 5025s
 65369063 11374984   16.03279   52   82          -   15.12121      -  27.7 5030s
 65427072 11374806   16.50000   42   23          -   15.12500      -  27.7 5035s
 65489162 11374647 infeasible   46               -   15.12500      -  27.7 5040s
 65554260 11375276   16.76500   42   95          -   15.12500      -  27.7 5045s
 65618156 11377268   15.50000   47   69          -   15.12613      -  27.7 5050s
 65677159 11379171     cutoff   42               -   15.13043      -  27.7 5055s
 65738127 11380209   16.09091   38   83          -   15.13333      -  27.7 5060s
 65795355 11381728 infeasible   47               -   15.13617      -  27.7 5065s
 65849990 11383014   15.20948   45   86          -   15.13889      -  27.7 5070s
 65904197 11383159   16.00000   49    9          -   15.14286      -  27.7 5075s
 65966724 11382190 infeasible   47               -   15.14286      -  27.7 5080s
 66027165 11382651   15.82609   52   58          -   15.14286      -  27.7 5085s
 66092230 11383894   15.33333   41   56          -   15.14286      -  27.7 5090s
 66150730 11385356   15.32584   52  100          -   15.14634      -  27.7 5095s
 66209998 11386669 infeasible   47               -   15.15000      -  27.7 5100s
 66273359 11388020   16.37500   44   55          -   15.15320      -  27.7 5105s
 66329614 11388594   15.26875   47  114          -   15.15385      -  27.7 5110s
 66388207 11389722   15.77778   45   63          -   15.15789      -  27.7 5115s
 66446323 11391193   17.00000   44   18          -   15.16071      -  27.7 5120s
 66504574 11393050 infeasible   40               -   15.16505      -  27.7 5125s
 66566882 11388466   16.00000   33   40          -   15.16667      -  27.7 5130s
 66622514 11386608   15.88889   51   62          -   15.16667      -  27.7 5135s
 66683769 11385438   16.00000   45    9          -   15.16667      -  27.7 5140s
 66748920 11385029 infeasible   43               -   15.16667      -  27.7 5145s
 66809030 11385147 infeasible   55               -   15.16667      -  27.7 5150s
 66870419 11385680   16.38298   39   67          -   15.16667      -  27.7 5155s
 66930427 11386959   16.00000   41   56          -   15.16667      -  27.7 5160s
 66987241 11388097   15.40000   49   68          -   15.17073      -  27.7 5165s
 67047358 11388971 infeasible   43               -   15.17397      -  27.7 5170s
 67102280 11389606   16.01220   40  107          -   15.17647      -  27.7 5175s
 67156451 11390382   16.25000   48   48          -   15.17985      -  27.7 5180s
 67211918 11389977   15.83333   56   83          -   15.18182      -  27.7 5185s
 67270342 11391294   16.57407   44   61          -   15.18333      -  27.7 5190s
 67324624 11392294   16.00000   38   70          -   15.18667      -  27.8 5195s
 67379112 11392221   15.40190   45  112          -   15.18782      -  27.8 5200s
 67438701 11393114   16.48684   44   75          -   15.19118      -  27.8 5205s
 67493374 11393668   15.40000   40   41          -   15.19444      -  27.8 5210s
 67552318 11394542   16.50000   40   24          -   15.19892      -  27.8 5215s
 67609598 11389932   15.20000   48   38          -   15.20000      -  27.8 5220s
 67666027 11387385 infeasible   57               -   15.20000      -  27.8 5225s
 67731822 11385728   16.00000   47   37          -   15.20000      -  27.8 5230s
 67787512 11384745   15.25000   55   73          -   15.20000      -  27.8 5235s
 67853429 11383830   16.51111   42   65          -   15.20000      -  27.8 5240s
 67914202 11383921   16.55556   43   92          -   15.20000      -  27.8 5245s
 67970141 11384587   16.59924   46   92          -   15.20000      -  27.8 5250s
 68032703 11385942   16.51648   43   92          -   15.20270      -  27.8 5255s
 68087679 11386747     cutoff   38               -   15.20646      -  27.8 5260s
 68142205 11387132   16.00000   43   10          -   15.20930      -  27.8 5265s
 68200746 11387674   15.53901   56   87          -   15.21212      -  27.8 5270s
 68258760 11386736   15.86667   38   64          -   15.21429      -  27.8 5275s
 68315227 11387288   16.28016   49  118          -   15.21705      -  27.8 5280s
 68368701 11387672   15.75000   38   99          -   15.21994      -  27.8 5285s
 68421157 11385905     cutoff   44               -   15.22222      -  27.8 5290s
 68482191 11384658   16.23529   51   54          -   15.22222      -  27.8 5295s
 68550974 11385429     cutoff   46               -   15.22325      -  27.8 5300s
 68611487 11385357 infeasible   54               -   15.22727      -  27.8 5305s
 68666165 11385275 infeasible   44               -   15.23077      -  27.8 5310s
 68728241 11385138     cutoff   40               -   15.23158      -  27.8 5315s
 68786524 11384889   17.00000   49   48          -   15.23529      -  27.8 5320s
 68846964 11385118     cutoff   46               -   15.23810      -  27.8 5325s
 68907029 11385437   16.50000   40   54          -   15.24071      -  27.8 5330s
 68960197 11385398 infeasible   38               -   15.24390      -  27.8 5335s
 69018349 11384999   15.43030   42   82          -   15.24969      -  27.8 5340s
 69074636 11377396 infeasible   46               -   15.25000      -  27.8 5345s
 69130212 11372321   16.33333   37   46          -   15.25000      -  27.8 5350s
 69186385 11368105   16.33333   53   35          -   15.25000      -  27.8 5355s
 69241844 11364303   15.48980   47   71          -   15.25000      -  27.8 5360s
 69297742 11360851 infeasible   49               -   15.25000      -  27.8 5365s
 69358426 11357803   16.05556   37  113          -   15.25000      -  27.8 5370s
 69419340 11355108 infeasible   51               -   15.25000      -  27.8 5375s
 69478587 11352771   15.54545   40   55          -   15.25000      -  27.8 5380s
 69539699 11350845   15.72260   39   75          -   15.25000      -  27.8 5385s
 69605213 11349000 infeasible   43               -   15.25000      -  27.8 5390s
 69660876 11347506   15.73737   39   70          -   15.25000      -  27.8 5395s
 69720750 11346401   15.25000   46   50          -   15.25000      -  27.8 5400s
 69781837 11345495   15.42644   42  101          -   15.25000      -  27.8 5405s
 69847277 11345236 infeasible   45               -   15.25000      -  27.8 5410s
 69906650 11345610   15.82796   43   95          -   15.25000      -  27.8 5415s
 69964735 11345933   16.06818   50   54          -   15.25234      -  27.9 5420s
 70020071 11345789   15.76986   35   88          -   15.25676      -  27.9 5425s
 70075510 11345657   16.00000   47    9          -   15.26000      -  27.9 5430s
 70129812 11345119 infeasible   44               -   15.26316      -  27.9 5435s
 70183022 11344897   15.76147   38   89          -   15.26603      -  27.9 5440s
 70240072 11343783 infeasible   47               -   15.26719      -  27.9 5445s
 70294771 11343414   15.41176   49   95          -   15.27078      -  27.9 5450s
 70356381 11341580 infeasible   40               -   15.27273      -  27.9 5455s
 70409350 11341282   16.50000   47   51          -   15.27381      -  27.9 5460s
 70468065 11340153   16.00000   43   15          -   15.27778      -  27.9 5465s
 70523729 11339651     cutoff   55               -   15.27957      -  27.9 5470s
 70578298 11339250   15.48951   36   91          -   15.28261      -  27.9 5475s
 70633351 11336173 infeasible   49               -   15.28571      -  27.9 5480s
 70690766 11332916   15.66667   48   53          -   15.28571      -  27.9 5485s
 70757882 11331154   16.50000   42   37          -   15.28571      -  27.9 5490s
 70818311 11330312   16.00000   38   48          -   15.28571      -  27.9 5495s
 70871259 11329964   16.11449   38  100          -   15.28846      -  27.9 5500s
 70921904 11329105   15.29167   45   66          -   15.29167      -  27.9 5505s
 70973600 11328155   16.00000   50    9          -   15.29412      -  27.9 5510s
 71023550 11327570     cutoff   45               -   15.29630      -  27.9 5515s
 71078250 11325520   16.78970   47  119          -   15.30000      -  27.9 5520s
 71135753 11322777   15.81818   48   54          -   15.30000      -  27.9 5525s
 71195466 11322114 infeasible   37               -   15.30000      -  27.9 5530s
 71244399 11321872   15.47619   39   80          -   15.30370      -  27.9 5535s
 71304884 11320279   16.35714   52   86          -   15.30767      -  27.9 5540s
 71362505 11318802 infeasible   41               -   15.30769      -  27.9 5545s
 71414999 11318135   16.00000   44    9          -   15.31148      -  27.9 5550s
 71472504 11316216     cutoff   41               -   15.31250      -  27.9 5555s
 71521264 11315124   16.00000   49   20          -   15.31579      -  27.9 5560s
 71581399 11313987   16.00000   34   58          -   15.31852      -  27.9 5565s
 71636163 11312882     cutoff   44               -   15.32150      -  27.9 5570s
 71689920 11311839   16.00000   50   28          -   15.32510      -  27.9 5575s
 71744374 11310975     cutoff   42               -   15.32938      -  27.9 5580s
 71793167 11306036   16.00000   38   25          -   15.33333      -  28.0 5585s
 71850121 11297057   16.00000   38   11          -   15.33333      -  28.0 5590s
 71901304 11290032   16.50000   46   15          -   15.33333      -  28.0 5595s
 71952640 11283305     cutoff   49               -   15.33333      -  28.0 5600s
 72004347 11277465   16.00000   37   41          -   15.33333      -  28.0 5605s
 72061123 11271073   16.00000   45   10          -   15.33333      -  28.0 5610s
 72117606 11264922   16.00000   44   15          -   15.33333      -  28.0 5615s
 72174399 11259444   16.20000   46   82          -   15.33333      -  28.0 5620s
 72225861 11254833 infeasible   44               -   15.33333      -  28.0 5625s
 72287659 11249333   16.26667   40   46          -   15.33333      -  28.0 5630s
 72344783 11245081 infeasible   48               -   15.33333      -  28.0 5635s
 72404900 11240713   15.50000   42   19          -   15.33333      -  28.0 5640s
 72464932 11236194     cutoff   57               -   15.33333      -  28.0 5645s
 72535468 11231325   16.00000   36   43          -   15.33333      -  28.0 5650s
 72595351 11227369   15.82353   39   65          -   15.33333      -  28.0 5655s
 72655856 11223852   15.77617   51   78          -   15.33333      -  28.0 5660s
 72716476 11220550     cutoff   46               -   15.33333      -  28.0 5665s
 72782760 11217362   15.56604   53   93          -   15.33333      -  28.0 5670s
 72837324 11214777   15.61546   36  132          -   15.33333      -  28.0 5675s
 72893475 11212314   16.00000   43   57          -   15.33333      -  28.0 5680s
 72954296 11209884 infeasible   35               -   15.33333      -  28.0 5685s
 73015309 11207924     cutoff   39               -   15.33333      -  28.0 5690s
 73074177 11206363   15.76471   35   68          -   15.33333      -  28.0 5695s
 73134204 11204954   16.33333   38   45          -   15.33333      -  28.0 5700s
 73194813 11203803     cutoff   52               -   15.33333      -  28.0 5705s
 73254461 11203099   15.83333   50   57          -   15.33333      -  28.0 5710s
 73312570 11201780   16.44444   36   79          -   15.33621      -  28.0 5715s
 73364204 11200909   15.50036   39  123          -   15.34074      -  28.0 5720s
 73418295 11199790   15.63556   40  110          -   15.34426      -  28.0 5725s
 73473474 11198177   16.02381   42   84          -   15.34773      -  28.0 5730s
 73524918 11196440   16.00000   44   53          -   15.35000      -  28.0 5735s
 73580149 11194607   15.75000   52   34          -   15.35294      -  28.0 5740s
 73639036 11193266     cutoff   45               -   15.35563      -  28.0 5745s
 73696015 11190085 infeasible   46               -   15.35714      -  28.0 5750s
 73750162 11188789   16.00000   43   58          -   15.36000      -  28.0 5755s
 73798657 11186818   15.86842   46   84          -   15.36364      -  28.0 5760s
 73861462 11183287   16.15385   45   73          -   15.36364      -  28.0 5765s
 73921225 11181930   15.61143   48  115          -   15.36667      -  28.0 5770s
 73975108 11180081   16.15385   45   65          -   15.36957      -  28.0 5775s
 74030294 11178417   16.58559   47   97          -   15.37333      -  28.0 5780s
 74087243 11172812     cutoff   44               -   15.37500      -  28.0 5785s
 74143994 11168425   15.64286   42   67          -   15.37500      -  28.0 5790s
 74205577 11165742 infeasible   42               -   15.37500      -  28.0 5795s
 74264621 11164051     cutoff   42               -   15.37500      -  28.0 5800s
 74319328 11162425   15.50370   34   98          -   15.37931      -  28.1 5805s
 74375199 11160357 infeasible   43               -   15.38235      -  28.1 5810s
 74432373 11156692   15.60105   40   88          -   15.38462      -  28.1 5815s
 74486263 11154968     cutoff   46               -   15.38710      -  28.1 5820s
 74543483 11152200 infeasible   46               -   15.38889      -  28.1 5825s
 74602796 11150110     cutoff   36               -   15.39245      -  28.1 5830s
 74653334 11148425   16.00000   36   39          -   15.39535      -  28.1 5835s
 74706994 11144751 infeasible   42               -   15.40000      -  28.1 5840s
 74759692 11137909   16.59459   44   90          -   15.40000      -  28.1 5845s
 74811207 11132089   16.28289   41  105          -   15.40000      -  28.1 5850s
 74867412 11126751   16.50000   48   64          -   15.40000      -  28.1 5855s
 74928632 11121627   16.24615   47   63          -   15.40000      -  28.1 5860s
 74984446 11117786   15.68750   44   68          -   15.40000      -  28.1 5865s
 75041141 11114847   16.51622   50   96          -   15.40000      -  28.1 5870s
 75101587 11112011   16.60000   41   73          -   15.40000      -  28.1 5875s
 75162825 11109808     cutoff   48               -   15.40000      -  28.1 5880s
 75217108 11108205   16.00000   45   64          -   15.40299      -  28.1 5885s
 75267977 11106300   16.34444   35   84          -   15.40625      -  28.1 5890s
 75323473 11103638     cutoff   38               -   15.40909      -  28.1 5895s
 75378392 11100864   16.22481   50   99          -   15.41176      -  28.1 5900s
 75432492 11098909   15.87374   39   98          -   15.41546      -  28.1 5905s
 75490724 11093663   16.66667   51   32          -   15.41667      -  28.1 5910s
 75550068 11091014   15.60000   37   54          -   15.41711      -  28.1 5915s
 75606526 11088469 infeasible   42               -   15.42105      -  28.1 5920s
 75661808 11086035   15.81967   38   75          -   15.42361      -  28.1 5925s
 75715380 11083359   15.86207   49   62          -   15.42781      -  28.1 5930s
 75772960 11075834 infeasible   47               -   15.42857      -  28.1 5935s
 75824696 11071333 infeasible   34               -   15.42857      -  28.1 5940s
 75886747 11067486   16.17480   34   98          -   15.42857      -  28.1 5945s
 75942333 11065175   16.00000   42   23          -   15.42857      -  28.1 5950s
 75996059 11062857   15.89300   46  107          -   15.43220      -  28.1 5955s
 76051418 11060003   15.63023   40  109          -   15.43519      -  28.1 5960s
 76101866 11056313   16.32258   41   86          -   15.43750      -  28.1 5965s
 76160691 11053933   16.43750   37   93          -   15.44017      -  28.2 5970s
 76213171 11050512 infeasible   38               -   15.44444      -  28.2 5975s
 76270212 11044656 infeasible   38               -   15.44444      -  28.2 5980s
 76330667 11040786   16.00000   51   45          -   15.44444      -  28.2 5985s
 76383877 11038816   16.24490   43   59          -   15.44643      -  28.2 5990s
 76438704 11035262   16.29412   50   67          -   15.45000      -  28.2 5995s
 76493376 11032379 infeasible   45               -   15.45270      -  28.2 6000s
 76550306 11027067     cutoff   40               -   15.45455      -  28.2 6005s
 76608775 11024714   16.37283   39   92          -   15.45600      -  28.2 6010s
 76662456 11021214   16.77778   45   73          -   15.45890      -  28.2 6015s
 76718345 11016877   16.00000   37   51          -   15.46154      -  28.2 6020s
 76772109 11014168   16.35714   43   85          -   15.46364      -  28.2 6025s
 76827907 11009776     cutoff   44               -   15.46667      -  28.2 6030s
 76882493 11006796 infeasible   44               -   15.46875      -  28.2 6035s
 76938758 11003393   15.83696   45   92          -   15.47080      -  28.2 6040s
 76989413 10999879   16.58383   44  104          -   15.47368      -  28.2 6045s
 77044234 10996463 infeasible   45               -   15.47619      -  28.2 6050s
 77098207 10992869   15.48649   40   67          -   15.48000      -  28.2 6055s
 77153820 10989192   15.78571   39   64          -   15.48276      -  28.2 6060s
 77203915 10986168   16.00000   41   42          -   15.48624      -  28.2 6065s
 77259074 10982945     cutoff   54               -   15.49020      -  28.2 6070s
 77308988 10980247   15.73545   35  124          -   15.49495      -  28.2 6075s
 77359843 10974182   16.11111   48   40          -   15.50000      -  28.2 6080s
 77415735 10962011 infeasible   40               -   15.50000      -  28.2 6085s
 77470932 10949972     cutoff   49               -   15.50000      -  28.2 6090s
 77522079 10939831   16.00000   43    8          -   15.50000      -  28.2 6095s
 77572626 10929382 infeasible   45               -   15.50000      -  28.2 6100s
 77623054 10919267   15.50000   42   25          -   15.50000      -  28.2 6105s
 77673515 10909311   16.00000   42   30          -   15.50000      -  28.2 6110s
 77729281 10898611   16.50000   47   39          -   15.50000      -  28.3 6115s
 77785888 10888880   16.14286   53   28          -   15.50000      -  28.3 6120s
 77841900 10878841   15.96354   42  100          -   15.50000      -  28.3 6125s
 77898209 10869218 infeasible   48               -   15.50000      -  28.3 6130s
 77954143 10859534   17.00000   43    7          -   15.50000      -  28.3 6135s
 78005054 10850968   15.85714   44   45          -   15.50000      -  28.3 6140s
 78061126 10841366     cutoff   42               -   15.50000      -  28.3 6145s
 78118137 10832810     cutoff   48               -   15.50000      -  28.3 6150s
 78173670 10823900   16.56000   44   80          -   15.50000      -  28.3 6155s
 78231021 10815355   16.00000   47   41          -   15.50000      -  28.3 6160s
 78292095 10806027   16.00000   50   12          -   15.50000      -  28.3 6165s
 78348102 10797646   16.50000   44   23          -   15.50000      -  28.3 6170s
 78405393 10789185     cutoff   51               -   15.50000      -  28.3 6175s
 78460983 10780767   16.40909   46   87          -   15.50000      -  28.3 6180s
 78522003 10772385   15.68750   41   72          -   15.50000      -  28.3 6185s
 78581581 10764036   16.80000   33   49          -   15.50000      -  28.3 6190s
 78642203 10756263     cutoff   48               -   15.50000      -  28.3 6195s
 78701954 10748337   16.00000   43   12          -   15.50000      -  28.3 6200s
 78762304 10740798 infeasible   48               -   15.50000      -  28.3 6205s
 78827552 10732412     cutoff   40               -   15.50000      -  28.3 6210s
 78888273 10724662 infeasible   50               -   15.50000      -  28.3 6215s
 78949743 10717272     cutoff   39               -   15.50000      -  28.3 6220s
 79009994 10710329   15.80000   55   58          -   15.50000      -  28.3 6225s
 79070740 10703104   17.00000   49   23          -   15.50000      -  28.3 6230s
 79126423 10696637   16.00000   42   57          -   15.50000      -  28.3 6235s
 79192320 10689679   16.00000   32   12          -   15.50000      -  28.3 6240s
 79253765 10682389   16.00000   45   89          -   15.50000      -  28.3 6245s
 79314144 10675382   16.10526   37   63          -   15.50000      -  28.3 6250s
 79380599 10668309   16.83333   37   40          -   15.50000      -  28.3 6255s
 79436098 10662412   15.75000   45   68          -   15.50000      -  28.3 6260s
 79497132 10655802   15.70000   42   53          -   15.50000      -  28.3 6265s
 79563113 10648910   16.00000   42   35          -   15.50000      -  28.3 6270s
 79624549 10642899   16.00000   46   11          -   15.50000      -  28.3 6275s
 79684914 10636407   16.50000   46   36          -   15.50000      -  28.3 6280s
 79746456 10630639 infeasible   39               -   15.50000      -  28.3 6285s
 79802866 10625096 infeasible   43               -   15.50000      -  28.3 6290s
 79863724 10619174     cutoff   46               -   15.50000      -  28.3 6295s
 79924598 10613272     cutoff   35               -   15.50000      -  28.3 6300s
 79985936 10607686   16.00000   45   25          -   15.50000      -  28.3 6305s
 80042641 10602848   16.50000   51   23          -   15.50000      -  28.3 6310s
 80103369 10597681   16.35119   39   99          -   15.50000      -  28.3 6315s
 80159826 10593045   16.13878   32  112          -   15.50000      -  28.3 6320s
 80226121 10587776     cutoff   48               -   15.50000      -  28.3 6325s
 80282692 10583672   15.65306   46   61          -   15.50000      -  28.3 6330s
 80338272 10579208 infeasible   41               -   15.50000      -  28.3 6335s
 80394973 10575139   16.00000   45   66          -   15.50000      -  28.3 6340s
 80451074 10571525   16.05556   41   65          -   15.50000      -  28.3 6345s
 80506759 10567766 infeasible   40               -   15.50000      -  28.3 6350s
 80567987 10564128   16.22222   44   57          -   15.50000      -  28.3 6355s
 80628827 10560205   15.66667   48   32          -   15.50000      -  28.3 6360s
 80685002 10556919   16.00000   36   46          -   15.50000      -  28.3 6365s
 80740357 10553845     cutoff   37               -   15.50000      -  28.3 6370s
 80796482 10550840   15.81387   33  106          -   15.50000      -  28.3 6375s
 80850905 10546858 infeasible   49               -   15.50272      -  28.3 6380s
 80906406 10543040   16.22222   38   67          -   15.50877      -  28.3 6385s
 80957321 10539265     cutoff   51               -   15.51282      -  28.4 6390s
 81012738 10535030   16.12917   39   94          -   15.51667      -  28.4 6395s
 81069301 10531093 infeasible   39               -   15.52000      -  28.4 6400s
 81118746 10526861   16.44776   41   87          -   15.52358      -  28.4 6405s
 81169516 10522619   16.24638   48   73          -   15.52632      -  28.4 6410s
 81225650 10517909 infeasible   46               -   15.52941      -  28.4 6415s
 81281125 10514023 infeasible   44               -   15.53228      -  28.4 6420s
 81337029 10508323   16.33333   40   69          -   15.53398      -  28.4 6425s
 81388239 10504356   15.62627   39   90          -   15.53795      -  28.4 6430s
 81448759 10499109     cutoff   41               -   15.53871      -  28.4 6435s
 81499409 10494643 infeasible   43               -   15.54237      -  28.4 6440s
 81555430 10488570   16.42593   39   93          -   15.54545      -  28.4 6445s
 81609917 10484218     cutoff   40               -   15.54585      -  28.4 6450s
 81664289 10479213 infeasible   45               -   15.55000      -  28.4 6455s
 81718634 10475270   16.00000   50   57          -   15.55319      -  28.4 6460s
 81774729 10467454 infeasible   44               -   15.55556      -  28.4 6465s
 81830148 10460950 infeasible   51               -   15.55556      -  28.4 6470s
 81889791 10456427   16.62500   42   60          -   15.55592      -  28.4 6475s
 81938026 10452282   16.39005   40  110          -   15.56000      -  28.4 6480s
 81993925 10446559 infeasible   40               -   15.56250      -  28.4 6485s
 82047765 10442435   15.80000   46   42          -   15.56564      -  28.4 6490s
 82096891 10438343   16.00000   45   11          -   15.56923      -  28.4 6495s
 82148573 10430131   16.00000   40   20          -   15.57143      -  28.4 6500s
 82204449 10422167 infeasible   51               -   15.57143      -  28.4 6505s
 82264727 10415476     cutoff   45               -   15.57143      -  28.4 6510s
 82319509 10411002   15.75000   46   54          -   15.57143      -  28.4 6515s
 82367849 10407221 infeasible   46               -   15.57500      -  28.4 6520s
 82422304 10402116 infeasible   50               -   15.57895      -  28.4 6525s
 82472745 10397754   15.80536   51   83          -   15.58140      -  28.4 6530s
 82527974 10390506   16.17021   39   78          -   15.58333      -  28.5 6535s
 82584200 10385473 infeasible   40               -   15.58333      -  28.5 6540s
 82632776 10380741   16.00000   40   15          -   15.58779      -  28.5 6545s
 82687845 10375272 infeasible   45               -   15.59091      -  28.5 6550s
 82737978 10370725   16.09231   46   84          -   15.59325      -  28.5 6555s
 82793033 10365829   15.68182   41   51          -   15.59770      -  28.5 6560s
 82844484 10355757   16.00000   40   67          -   15.60000      -  28.5 6565s
 82895188 10346828     cutoff   53               -   15.60000      -  28.5 6570s
 82950755 10338100     cutoff   56               -   15.60000      -  28.5 6575s
 83011464 10329209 infeasible   44               -   15.60000      -  28.5 6580s
 83061918 10322736     cutoff   37               -   15.60000      -  28.5 6585s
 83122742 10315666   16.17308   40   67          -   15.60000      -  28.5 6590s
 83183120 10309489   16.34615   44   68          -   15.60000      -  28.5 6595s
 83237837 10304100 infeasible   51               -   15.60000      -  28.5 6600s
 83290846 10299505   16.38298   41   93          -   15.60263      -  28.5 6605s
 83336453 10295219   15.93653   36  112          -   15.60606      -  28.5 6610s
 83391494 10289519 infeasible   49               -   15.60976      -  28.5 6615s
 83442125 10283685   15.83893   46  108          -   15.61159      -  28.5 6620s
 83497399 10276949     cutoff   46               -   15.61538      -  28.5 6625s
 83552033 10271734   16.49096   35  106          -   15.61732      -  28.5 6630s
 83602314 10266273     cutoff   44               -   15.62022      -  28.5 6635s
 83651331 10260694   15.70310   42  102          -   15.62449      -  28.5 6640s
 83704198 10251084   16.00000   38   11          -   15.62500      -  28.5 6645s
 83760064 10243473     cutoff   51               -   15.62500      -  28.5 6650s
 83815394 10237317   16.47059   41   82          -   15.62500      -  28.5 6655s
 83840900 10233210   16.19127   35  120          -   15.62500      -  28.5 6671s
 83888648 10228275   15.72500   41   91          -   15.62817      -  28.5 6675s
 83940261 10222499 infeasible   39               -   15.63158      -  28.5 6680s
 83990056 10217530     cutoff   34               -   15.63455      -  28.5 6685s
 84042063 10209798   15.68889   47   94          -   15.63636      -  28.5 6690s
 84091559 10204993   16.50000   29   39          -   15.63750      -  28.5 6695s
 84145660 10198727   15.89985   44   81          -   15.64147      -  28.5 6700s
 84198043 10191459   16.00000   53   44          -   15.64286      -  28.6 6705s
 84251334 10185886 infeasible   43               -   15.64632      -  28.6 6710s
 84301337 10179647   16.50000   43   45          -   15.64882      -  28.6 6715s
 84351796 10173262 infeasible   54               -   15.65179      -  28.6 6720s
 84401615 10167376 infeasible   40               -   15.65493      -  28.6 6725s
 84452098 10161745   17.00000   39   45          -   15.65854      -  28.6 6730s
 84501473 10156350   16.00000   48   51          -   15.66327      -  28.6 6735s
 84548942 10145701     cutoff   38               -   15.66667      -  28.6 6740s
 84604374 10131304   16.00000   41   20          -   15.66667      -  28.6 6745s
 84660120 10117228   16.57692   43   61          -   15.66667      -  28.6 6750s
 84710540 10104922   16.50000   45   48          -   15.66667      -  28.6 6755s
 84760929 10093331     cutoff   53               -   15.66667      -  28.6 6760s
 84812131 10082009 infeasible   48               -   15.66667      -  28.6 6765s
 84873164 10068743   16.00000   44   14          -   15.66667      -  28.6 6770s
 84923213 10058391     cutoff   48               -   15.66667      -  28.6 6775s
 84974403 10047978     cutoff   51               -   15.66667      -  28.6 6780s
 85030124 10037151   16.59091   42   71          -   15.66667      -  28.6 6785s
 85086426 10026980 infeasible   44               -   15.66667      -  28.6 6790s
 85136529 10017738     cutoff   38               -   15.66667      -  28.6 6795s
 85191393 10007777   15.75000   46   54          -   15.66667      -  28.6 6800s
 85246908 9998131   16.66667   49   32          -   15.66667      -  28.6 6805s
 85302052 9989088     cutoff   49               -   15.66667      -  28.6 6810s
 85362226 9979306 infeasible   57               -   15.66667      -  28.6 6815s
 85417130 9970835   16.50000   44   60          -   15.66667      -  28.6 6820s
 85477455 9961756     cutoff   40               -   15.66667      -  28.6 6825s
 85532786 9953678   16.18410   45   97          -   15.66667      -  28.6 6830s
 85588022 9945924   16.13793   50   87          -   15.66667      -  28.6 6835s
 85643121 9938497   16.00000   47   66          -   15.66667      -  28.6 6840s
 85698563 9931319 infeasible   54               -   15.66667      -  28.6 6845s
 85758641 9923876   15.71111   48   65          -   15.66667      -  28.6 6850s
 85813378 9917375   16.39037   38   99          -   15.66667      -  28.6 6855s
 85868150 9911215   16.00000   42   10          -   15.66667      -  28.6 6860s
 85922626 9905690     cutoff   42               -   15.66667      -  28.6 6865s
 85970484 9899731   16.62766   41  111          -   15.67143      -  28.6 6870s
 86020905 9893481 infeasible   38               -   15.67611      -  28.6 6875s
 86071031 9886920   15.88119   43   79          -   15.68000      -  28.6 6880s
 86120860 9880676 infeasible   49               -   15.68280      -  28.7 6885s
 86176000 9873878     cutoff   37               -   15.68627      -  28.7 6890s
 86222369 9867020   16.50000   38   47          -   15.68750      -  28.7 6895s
 86275671 9859634   16.50000   46   37          -   15.69231      -  28.7 6900s
 86327184 9852932   16.61429   31   96          -   15.69256      -  28.7 6905s
 86380859 9845718   16.95279   40   83          -   15.69697      -  28.7 6910s
 86426994 9837542   16.00000   39   26          -   15.70000      -  28.7 6915s
 86473110 9829659 infeasible   40               -   15.70000      -  28.7 6920s
 86527135 9822943 infeasible   48               -   15.70020      -  28.7 6925s
 86576145 9816518   16.33333   38   55          -   15.70455      -  28.7 6930s
 86626294 9809505   16.23629   43   83          -   15.70760      -  28.7 6935s
 86676433 9802486   16.33333   56   47          -   15.71053      -  28.7 6940s
 86726989 9792594 infeasible   50               -   15.71429      -  28.7 6945s
 86778603 9782474 infeasible   38               -   15.71429      -  28.7 6950s
 86829264 9774141   16.57143   34   68          -   15.71429      -  28.7 6955s
 86884746 9766519     cutoff   42               -   15.71429      -  28.7 6960s
 86932090 9760499   16.31104   38   86          -   15.71642      -  28.7 6965s
 86982611 9753433   15.79255   39   83          -   15.72026      -  28.7 6970s
 87033485 9745556   16.00000   43   19          -   15.72235      -  28.7 6975s
 87082054 9737725 infeasible   50               -   15.72727      -  28.7 6980s
 87134872 9729008   16.00000   42   14          -   15.72727      -  28.7 6985s
 87188163 9721664   16.06481   33   91          -   15.73077      -  28.7 6990s
 87234584 9714038     cutoff   51               -   15.73333      -  28.7 6995s
 87282890 9707438   15.86179   46   82          -   15.73611      -  28.7 7000s
 87328291 9700465   16.50000   51   18          -   15.73913      -  28.7 7005s
 87377885 9693114 infeasible   52               -   15.74242      -  28.7 7010s
 87427751 9686233   15.78571   46   47          -   15.74731      -  28.7 7015s
 87474687 9673379     cutoff   37               -   15.75000      -  28.8 7020s
 87520746 9660775 infeasible   34               -   15.75000      -  28.8 7025s
 87576370 9647015     cutoff   59               -   15.75000      -  28.8 7030s
 87626570 9634676     cutoff   52               -   15.75000      -  28.8 7035s
 87682821 9622048 infeasible   40               -   15.75000      -  28.8 7040s
 87733125 9611050     cutoff   48               -   15.75000      -  28.8 7045s
 87788895 9599561 infeasible   48               -   15.75000      -  28.8 7050s
 87844788 9588535   16.50000   44   34          -   15.75000      -  28.8 7055s
 87900667 9578115 infeasible   54               -   15.75000      -  28.8 7060s
 87951040 9568915 infeasible   56               -   15.75000      -  28.8 7065s
 88006644 9558988   16.28571   43   68          -   15.75000      -  28.8 7070s
 88062397 9549991 infeasible   50               -   15.75000      -  28.8 7075s
 88112596 9541831   16.00000   43   29          -   15.75000      -  28.8 7080s
 88168087 9533058   16.52778   55   65          -   15.75000      -  28.8 7085s
 88218023 9525770   16.17241   40   51          -   15.75000      -  28.8 7090s
 88272988 9518353   15.90698   41   84          -   15.75000      -  28.8 7095s
 88321008 9511815   16.34211   41   73          -   15.75352      -  28.8 7100s
 88366893 9505002 infeasible   46               -   15.75767      -  28.8 7105s
 88411595 9497592   16.51928   42  106          -   15.76136      -  28.8 7110s
 88462847 9489354 infeasible   42               -   15.76471      -  28.8 7115s
 88512741 9481896     cutoff   48               -   15.76744      -  28.8 7120s
 88559847 9473177   16.53556   49  100          -   15.76923      -  28.8 7125s
 88608646 9465432 infeasible   41               -   15.77273      -  28.8 7130s
 88658376 9457801 infeasible   38               -   15.77665      -  28.8 7135s
 88706113 9446676     cutoff   38               -   15.77778      -  28.8 7140s
 88761231 9436928   17.00000   41   47          -   15.77778      -  28.8 7145s
 88812943 9429026 infeasible   36               -   15.78000      -  28.8 7150s
 88857979 9421693   16.21970   41   99          -   15.78348      -  28.8 7155s
 88908856 9411872 infeasible   44               -   15.78571      -  28.8 7160s
 88961823 9402720   16.25352   39   78          -   15.78947      -  28.8 7165s
 89012046 9394686     cutoff   46               -   15.79203      -  28.8 7170s
 89055950 9387557   16.42762   29   95          -   15.79592      -  28.8 7175s
 89106985 9374510 infeasible   42               -   15.80000      -  28.9 7180s
 89152722 9362029 infeasible   42               -   15.80000      -  28.9 7185s
 89208343 9348962   16.45614   42   80          -   15.80000      -  28.9 7190s
 89262946 9336910   16.06522   47   57          -   15.80000      -  28.9 7195s
 89312910 9326774 infeasible   33               -   15.80000      -  28.9 7200s
 89367564 9316352 infeasible   52               -   15.80000      -  28.9 7205s
 89422712 9306995     cutoff   42               -   15.80000      -  28.9 7210s
 89471823 9299328   15.93671   38  105          -   15.80000      -  28.9 7215s
 89524587 9291324 infeasible   38               -   15.80392      -  28.9 7220s
 89569668 9283449   17.00000   36   13          -   15.80769      -  28.9 7225s
 89614094 9275760   16.42697   51   70          -   15.81081      -  28.9 7230s
 89664813 9265981   16.65911   37  115          -   15.81267      -  28.9 7235s
 89708358 9258368 infeasible   46               -   15.81678      -  28.9 7240s
 89755650 9248218 infeasible   44               -   15.81818      -  28.9 7245s
 89803220 9240318     cutoff   45               -   15.82051      -  28.9 7250s
 89854258 9230807 infeasible   49               -   15.82353      -  28.9 7255s
 89898392 9223216   16.31667   40   76          -   15.82692      -  28.9 7260s
 89951761 9212756     cutoff   43               -   15.83333      -  28.9 7265s
 90004591 9196910   16.33333   45   43          -   15.83333      -  28.9 7270s
 90050774 9184935   16.00000   61   26          -   15.83333      -  28.9 7275s
 90106661 9171319     cutoff   58               -   15.83333      -  28.9 7280s
 90152685 9160902   16.29477   42  111          -   15.83333      -  28.9 7285s
 90203472 9149999   16.00000   53   40          -   15.83333      -  28.9 7290s
 90259102 9139008 infeasible   49               -   15.83333      -  28.9 7295s
 90309018 9130019     cutoff   40               -   15.83333      -  28.9 7300s
 90352232 9122846 infeasible   43               -   15.83482      -  28.9 7305s
 90396689 9114199     cutoff   51               -   15.83974      -  28.9 7310s
 90447350 9104849   16.46324   42   99          -   15.84314      -  28.9 7315s
 90488215 9095812 infeasible   40               -   15.84615      -  28.9 7320s
 90532896 9087780   16.60000   42   54          -   15.84787      -  29.0 7325s
 90578387 9079027 infeasible   44               -   15.85106      -  29.0 7330s
 90628145 9069479   15.91265   33  100          -   15.85572      -  29.0 7335s
 90675706 9055015 infeasible   51               -   15.85714      -  29.0 7340s
 90727427 9042646   16.50000   37   21          -   15.85714      -  29.0 7345s
 90778804 9032612   16.77778   43   58          -   15.85714      -  29.0 7350s
 90822110 9025060   16.20856   38   94          -   15.85817      -  29.0 7355s
 90867126 9016326   17.00000   42   11          -   15.86275      -  29.0 7360s
 90907391 9008266   16.10390   41   78          -   15.86585      -  29.0 7365s
 90953762 8998375 infeasible   45               -   15.86747      -  29.0 7370s
 91003523 8988587 infeasible   48               -   15.87179      -  29.0 7375s
 91055916 8974069     cutoff   49               -   15.87500      -  29.0 7380s
 91102470 8962377 infeasible   47               -   15.87500      -  29.0 7385s
 91153717 8951298 infeasible   45               -   15.87500      -  29.0 7390s
 91202787 8942147 infeasible   40               -   15.87611      -  29.0 7395s
 91247712 8932809   16.16667   44   53          -   15.88060      -  29.0 7400s
 91288720 8924261   16.50000   50   16          -   15.88333      -  29.0 7405s
 91333608 8915147 infeasible   48               -   15.88764      -  29.0 7410s
 91381971 8901363   16.00000   41   61          -   15.88889      -  29.0 7415s
 91438145 8889020   16.90909   43   79          -   15.88889      -  29.0 7420s
 91476425 8881541 infeasible   40               -   15.89189      -  29.0 7425s
 91522783 8871656   16.83688   38   94          -   15.89508      -  29.0 7430s
 91567509 8860520     cutoff   49               -   15.90000      -  29.0 7435s
 91615832 8848083   15.93750   42   65          -   15.90000      -  29.0 7440s
 91665071 8837908 infeasible   38               -   15.90076      -  29.0 7445s
 91710761 8827928   16.00000   38   32          -   15.90476      -  29.0 7450s
 91756266 8816273     cutoff   48               -   15.90909      -  29.0 7455s
 91803233 8806122 infeasible   46               -   15.90909      -  29.1 7460s
 91842804 8797115   16.03333   40   91          -   15.91304      -  29.1 7465s
 91889593 8784370 infeasible   45               -   15.91667      -  29.1 7470s
 91941172 8772885   16.15254   40   98          -   15.91667      -  29.1 7475s
 91979634 8764144   16.57525   36   84          -   15.92063      -  29.1 7480s
 92027036 8752487 infeasible   40               -   15.92308      -  29.1 7485s
 92071365 8742730   16.35821   44   77          -   15.92701      -  29.1 7490s
 92113749 8731304   16.00000   45   13          -   15.92857      -  29.1 7495s
 92157530 8721156   16.16175   37  102          -   15.93312      -  29.1 7500s
 92204306 8710494   16.18078   41  112          -   15.93502      -  29.1 7505s
 92250910 8699099   16.50000   43   71          -   15.93750      -  29.1 7510s
 92296452 8688487   17.00000   57   14          -   15.94118      -  29.1 7515s
 92342157 8676766   17.00000   34   10          -   15.94444      -  29.1 7520s
 92386801 8666277 infeasible   40               -   15.94819      -  29.1 7525s
 92432151 8654662   16.65000   36   71          -   15.95229      -  29.1 7530s
 92472850 8644660 infeasible   48               -   15.95484      -  29.1 7535s
 92518419 8633268     cutoff   50               -   15.95889      -  29.1 7540s
 92563450 8622197 infeasible   35               -   15.96296      -  29.1 7545s
 92607401 8610625 infeasible   38               -   15.96759      -  29.1 7550s
 92651790 8599430   16.10899   50   99          -   15.97222      -  29.1 7555s
 92691340 8589345     cutoff   41               -   15.97674      -  29.1 7560s
 92735323 8578039   16.04167   42   90          -   15.98246      -  29.1 7565s
 92774745 8568193     cutoff   43               -   15.98876      -  29.1 7570s
 92820197 8555318     cutoff   41               -   16.00000      -  29.2 7575s
 92862232 8538058 infeasible   53               -   16.00000      -  29.2 7580s
 92907940 8517461 infeasible   48               -   16.00000      -  29.2 7585s
 92953829 8496970     cutoff   48               -   16.00000      -  29.2 7590s
 93004774 8474197 infeasible   42               -   16.00000      -  29.2 7595s
 93048847 8452334   16.50000   50   42          -   16.00000      -  29.2 7600s
 93095078 8430407     cutoff   39               -   16.00000      -  29.2 7605s
 93140430 8408300     cutoff   44               -   16.00000      -  29.2 7610s
 93186711 8386108     cutoff   37               -   16.00000      -  29.2 7615s
 93232302 8363318     cutoff   33               -   16.00000      -  29.2 7620s
 93279066 8341284   17.00000   54   56          -   16.00000      -  29.2 7625s
 93325204 8318935     cutoff   41               -   16.00000      -  29.2 7630s
 93371124 8296374   17.00000   46   15          -   16.00000      -  29.2 7635s
 93417492 8273381 infeasible   45               -   16.00000      -  29.2 7640s
 93464665 8251231     cutoff   45               -   16.00000      -  29.2 7645s
 93515792 8226591   16.08333   55   71          -   16.00000      -  29.2 7650s
 93557175 8207525     cutoff   44               -   16.00000      -  29.2 7655s
 93604236 8186432     cutoff   47               -   16.00000      -  29.2 7660s
 93650878 8164779   16.60000   43   79          -   16.00000      -  29.2 7665s
 93692605 8146168   16.00000   51    6          -   16.00000      -  29.2 7670s
 93739154 8124684     cutoff   44               -   16.00000      -  29.2 7675s
 93789130 8101245     cutoff   40               -   16.00000      -  29.2 7680s
 93834017 8079946 infeasible   48               -   16.00000      -  29.2 7685s
 93879368 8058299 infeasible   46               -   16.00000      -  29.2 7690s
 93929746 8034374   16.00000   42   11          -   16.00000      -  29.2 7695s
 93975996 8013023   16.00000   36   11          -   16.00000      -  29.2 7700s
 94020931 7991879 infeasible   45               -   16.00000      -  29.2 7705s
 94072665 7969037 infeasible   45               -   16.00000      -  29.2 7710s
 94119321 7950667 infeasible   46               -   16.00000      -  29.2 7715s
 94170423 7930285     cutoff   44               -   16.00000      -  29.2 7720s
 94220801 7909600     cutoff   42               -   16.00000      -  29.2 7725s
 94266654 7890418   17.00000   43    8          -   16.00000      -  29.2 7730s
 94318234 7869193     cutoff   36               -   16.00000      -  29.2 7735s
 94364228 7850020   17.00000   51    8          -   16.00000      -  29.2 7740s
 94415349 7828533 infeasible   42               -   16.00000      -  29.2 7745s
 94456691 7811416 infeasible   47               -   16.00000      -  29.2 7750s
 94503180 7792056   16.00000   47    8          -   16.00000      -  29.2 7755s
 94549322 7772586     cutoff   51               -   16.00000      -  29.2 7760s
 94601721 7750833 infeasible   49               -   16.00000      -  29.2 7765s
 94648204 7731263   17.00000   54   13          -   16.00000      -  29.2 7770s
 94695111 7712603   17.00000   52   14          -   16.00000      -  29.2 7775s
 94742123 7694510   17.00000   49   15          -   16.00000      -  29.2 7780s
 94789973 7675900 infeasible   48               -   16.00000      -  29.2 7785s
 94836008 7657442 infeasible   46               -   16.00000      -  29.2 7790s
 94883284 7638418     cutoff   49               -   16.00000      -  29.2 7795s
 94930137 7619109     cutoff   50               -   16.00000      -  29.3 7800s
 94977112 7599936     cutoff   47               -   16.00000      -  29.3 7805s
 95029249 7578682     cutoff   54               -   16.00000      -  29.3 7810s
 95080772 7562570   17.00000   51   15          -   16.00000      -  29.3 7815s
 95130750 7547036   17.00000   53   14          -   16.00000      -  29.3 7820s
 95181451 7530785 infeasible   41               -   16.00000      -  29.3 7825s
 95237136 7513390 infeasible   38               -   16.00000      -  29.3 7830s
 95292151 7495551     cutoff   38               -   16.00000      -  29.3 7835s
 95342254 7479003     cutoff   36               -   16.00000      -  29.3 7840s
 95392745 7462821 infeasible   42               -   16.00000      -  29.3 7845s
 95443936 7445874 infeasible   44               -   16.00000      -  29.3 7850s
 95494300 7429206     cutoff   44               -   16.00000      -  29.3 7855s
 95545179 7412156 infeasible   43               -   16.00000      -  29.3 7860s
 95591005 7396898 infeasible   42               -   16.00000      -  29.3 7865s
 95647626 7378528 infeasible   46               -   16.00000      -  29.3 7870s
 95693719 7363220 infeasible   38               -   16.00000      -  29.3 7875s
 95745647 7347288     cutoff   43               -   16.00000      -  29.3 7880s
 95801651 7329899 infeasible   44               -   16.00000      -  29.3 7885s
 95849056 7315429   17.00000   45    9          -   16.00000      -  29.3 7890s
 95900314 7299122 infeasible   40               -   16.00000      -  29.3 7895s
 95951808 7282576     cutoff   50               -   16.00000      -  29.3 7900s
 96003519 7265871     cutoff   39               -   16.00000      -  29.3 7905s
 96055613 7249404   17.00000   39   14          -   16.00000      -  29.3 7910s
 96112694 7231262 infeasible   46               -   16.00000      -  29.3 7915s
 96165881 7216793     cutoff   58               -   16.00000      -  29.3 7920s
 96223103 7201289 infeasible   44               -   16.00000      -  29.3 7925s
 96274101 7186752   16.38462   51   63          -   16.00000      -  29.3 7930s
 96326275 7172204 infeasible   53               -   16.00000      -  29.3 7935s
 96378288 7157921   17.00000   39   10          -   16.00000      -  29.3 7940s
 96425588 7145022 infeasible   36               -   16.00000      -  29.3 7945s
 96477003 7130383     cutoff   51               -   16.00000      -  29.3 7950s
 96528853 7115368   16.35784   39   81          -   16.00000      -  29.3 7955s
 96581018 7100868     cutoff   44               -   16.00000      -  29.3 7960s
 96627534 7087634 infeasible   45               -   16.00000      -  29.3 7965s
 96679925 7072541   16.34375   42   83          -   16.00000      -  29.3 7970s
 96732277 7057599   16.16667   35   45          -   16.00000      -  29.3 7975s
 96784256 7042524 infeasible   42               -   16.00000      -  29.3 7980s
 96836701 7028358 infeasible   42               -   16.00000      -  29.3 7985s
 96893139 7013348   17.00000   45   16          -   16.00000      -  29.3 7990s
 96943195 6999662     cutoff   37               -   16.00000      -  29.3 7995s
 97002725 6983126 infeasible   46               -   16.00000      -  29.3 8000s
 97053121 6969069     cutoff   54               -   16.00000      -  29.3 8005s
 97103391 6955264   17.00000   44   16          -   16.00000      -  29.3 8010s
 97158662 6939936 infeasible   53               -   16.00000      -  29.3 8015s
 97214202 6924575   16.47436   50   67          -   16.00000      -  29.3 8020s
 97265202 6911228     cutoff   51               -   16.00000      -  29.3 8025s
 97320607 6897520   16.50000   48   13          -   16.00000      -  29.3 8030s
 97375936 6883528 infeasible   52               -   16.00000      -  29.3 8035s
 97426826 6870546   16.00000   38   13          -   16.00000      -  29.3 8040s
 97482556 6856873   16.40000   48   49          -   16.00000      -  29.3 8045s
 97538168 6842921   17.00000   42   17          -   16.00000      -  29.3 8050s
 97594218 6828901     cutoff   39               -   16.00000      -  29.3 8055s
 97650033 6814373     cutoff   43               -   16.00000      -  29.3 8060s
 97701777 6801172   16.50000   46   18          -   16.00000      -  29.3 8065s
 97757245 6786782 infeasible   51               -   16.00000      -  29.3 8070s
 97808832 6773896   16.05882   39   60          -   16.00000      -  29.3 8075s
 97864494 6759729   16.50000   39   26          -   16.00000      -  29.3 8080s
 97915471 6746665   16.00000   46   26          -   16.00000      -  29.3 8085s
 97972055 6732322     cutoff   57               -   16.00000      -  29.3 8090s
 98023072 6719134 infeasible   56               -   16.00000      -  29.3 8095s
 98079723 6704945   17.00000   44    8          -   16.00000      -  29.3 8100s
 98131148 6692355 infeasible   41               -   16.00000      -  29.3 8105s
 98183773 6680539     cutoff   45               -   16.00000      -  29.3 8110s
 98238188 6667251     cutoff   51               -   16.00000      -  29.3 8115s
 98289631 6654962   16.57929   40  102          -   16.00000      -  29.3 8120s
 98340487 6642860     cutoff   42               -   16.00000      -  29.3 8125s
 98391771 6630622   17.00000   51   13          -   16.00000      -  29.3 8130s
 98448835 6617314     cutoff   42               -   16.00000      -  29.3 8135s
 98499966 6605250     cutoff   39               -   16.00000      -  29.3 8140s
 98551232 6593203 infeasible   46               -   16.00000      -  29.3 8145s
 98602459 6580803     cutoff   37               -   16.00000      -  29.3 8150s
 98653578 6568380     cutoff   37               -   16.00000      -  29.3 8155s
 98705194 6556645     cutoff   55               -   16.00000      -  29.3 8160s
 98750939 6546123   17.00000   44   30          -   16.00000      -  29.4 8165s
 98807671 6533413     cutoff   46               -   16.00000      -  29.4 8170s
 98858655 6521814     cutoff   46               -   16.00000      -  29.4 8175s
 98905157 6511533   16.00000   45    9          -   16.00000      -  29.4 8180s
 98956138 6499945   16.00000   44   18          -   16.00000      -  29.4 8185s
 99002091 6489740   16.64706   32   48          -   16.00000      -  29.4 8190s
 99053446 6478960   17.00000   35   14          -   16.00000      -  29.4 8195s
 99098630 6468941     cutoff   41               -   16.00000      -  29.4 8200s
 99149867 6457663 infeasible   57               -   16.00000      -  29.4 8205s
 99195447 6447762     cutoff   43               -   16.00000      -  29.4 8210s
 99241144 6437603   16.09091   48   57          -   16.00000      -  29.4 8215s
 99289432 6426226   16.50000   46   31          -   16.00000      -  29.4 8220s
 99341805 6414354     cutoff   45               -   16.00000      -  29.4 8225s
 99376368 6404281   16.36639   42   84          -   16.01172      -  29.4 8230s
 99421635 6391788   16.50000   48   12          -   16.02000      -  29.4 8235s
 99462210 6380579 infeasible   44               -   16.02632      -  29.4 8240s
 99507357 6367776     cutoff   40               -   16.03243      -  29.4 8245s
 99547554 6356643 infeasible   49               -   16.03736      -  29.4 8250s
 99587752 6345082 infeasible   39               -   16.04167      -  29.4 8255s
 99627253 6333169 infeasible   39               -   16.04688      -  29.4 8260s
 99672343 6319911     cutoff   34               -   16.05161      -  29.4 8265s
 99712961 6307425     cutoff   39               -   16.05556      -  29.4 8270s
 99757418 6295033   16.33333   35   29          -   16.06024      -  29.4 8275s
 99802533 6281608     cutoff   44               -   16.06452      -  29.4 8280s
 99847449 6267971     cutoff   42               -   16.06849      -  29.4 8285s
 99893187 6253839 infeasible   45               -   16.07143      -  29.4 8290s
 99937850 6239207   16.51692   41   68          -   16.07692      -  29.4 8295s
 99981286 6226799   16.40594   43   73          -   16.08116      -  29.4 8300s
 100023848 6211312     cutoff   50               -   16.08333      -  29.4 8305s
 100066989 6199032     cutoff   36               -   16.08696      -  29.4 8310s
 100107954 6184748   16.64172   45   95          -   16.09091      -  29.5 8315s
 100156641 6169795     cutoff   43               -   16.09524      -  29.5 8320s
 100197068 6155122   16.12500   40   55          -   16.10000      -  29.5 8325s
 100228996 6146054     cutoff   52               -   16.10000      -  29.5 8330s
 100229885 6145875   16.63616   42  105          -   16.10000      -  29.5 8335s
 100230726 6145563 infeasible   39               -   16.10000      -  29.5 8340s
 100231291 6145444     cutoff   44               -   16.10000      -  29.5 8346s
 100232139 6145022   16.27500   39   78          -   16.10000      -  29.5 8350s
 100246429 6137768   16.39130   37   76          -   16.10000      -  29.5 8355s
 100284987 6126674   16.55950   41   91          -   16.10526      -  29.5 8360s
 100328504 6110090     cutoff   47               -   16.11111      -  29.5 8365s
 100381891 6092416 infeasible   36               -   16.11111      -  29.5 8370s
 100419674 6080550 infeasible   48               -   16.11538      -  29.5 8375s
 100462009 6066499   16.57143   36   75          -   16.12000      -  29.5 8380s
 100504538 6048190 infeasible   43               -   16.12500      -  29.5 8385s
 100550538 6031324   17.00000   47   12          -   16.12500      -  29.5 8390s
 100597349 6016793   16.41379   45   58          -   16.12593      -  29.5 8395s
 100635918 6003822   16.42857   38   85          -   16.13158      -  29.5 8400s
 100677718 5988163     cutoff   48               -   16.13580      -  29.5 8405s
 100722686 5971942 infeasible   47               -   16.14173      -  29.5 8410s
 100763445 5954621   16.62500   40   60          -   16.14286      -  29.5 8415s
 100805900 5939504   16.42076   53   97          -   16.14286      -  29.5 8420s
 100849093 5924900 infeasible   40               -   16.14604      -  29.5 8425s
 100890199 5910096   16.50000   45   38          -   16.15079      -  29.5 8430s
 100931649 5895028   16.68182   37   79          -   16.15385      -  29.5 8435s
 100974859 5879152 infeasible   40               -   16.16000      -  29.5 8440s
 101014549 5861758 infeasible   52               -   16.16667      -  29.5 8445s
 101058469 5840807   16.57589   37   70          -   16.16667      -  29.5 8450s
 101104124 5820924   16.50000   34   26          -   16.16667      -  29.5 8455s
 101149331 5802633   16.50000   53   16          -   16.16667      -  29.5 8460s
 101193811 5785930 infeasible   46               -   16.16667      -  29.5 8465s
 101237283 5770770   16.27350   38   88          -   16.16667      -  29.5 8470s
 101274619 5757038   16.49020   39   85          -   16.17308      -  29.5 8475s
 101319851 5740367     cutoff   49               -   16.17857      -  29.5 8480s
 101360667 5723570 infeasible   38               -   16.18182      -  29.6 8485s
 101401384 5709836 infeasible   43               -   16.18581      -  29.6 8490s
 101443439 5691373 infeasible   58               -   16.19048      -  29.6 8495s
 101482599 5676698     cutoff   46               -   16.19565      -  29.6 8500s
 101524966 5654234     cutoff   56               -   16.20000      -  29.6 8505s
 101566082 5634654     cutoff   50               -   16.20000      -  29.6 8510s
 101611168 5614421   16.82796   46   88          -   16.20000      -  29.6 8515s
 101660481 5593681   16.22000   31   47          -   16.20000      -  29.6 8520s
 101704591 5576747     cutoff   48               -   16.20000      -  29.6 8525s
 101741594 5562631   16.60638   43   62          -   16.20482      -  29.6 8530s
 101781291 5545827 infeasible   41               -   16.21053      -  29.6 8535s
 101822517 5528400   16.50000   41   18          -   16.21429      -  29.6 8540s
 101860440 5513138 infeasible   53               -   16.21875      -  29.6 8545s
 101902597 5492952 infeasible   41               -   16.22222      -  29.6 8550s
 101945395 5475562 infeasible   50               -   16.22327      -  29.6 8555s
 101984162 5458895 infeasible   37               -   16.22951      -  29.6 8560s
 102024077 5441576     cutoff   46               -   16.23333      -  29.6 8565s
 102063922 5424473     cutoff   58               -   16.23810      -  29.6 8570s
 102107123 5405520     cutoff   44               -   16.24598      -  29.6 8575s
 102146237 5380141     cutoff   58               -   16.25000      -  29.6 8580s
 102189964 5355127   16.58824   49   52          -   16.25000      -  29.6 8585s
 102238350 5329260     cutoff   43               -   16.25000      -  29.6 8590s
 102280692 5306799     cutoff   41               -   16.25000      -  29.6 8595s
 102323135 5285712     cutoff   40               -   16.25000      -  29.6 8600s
 102370070 5262888     cutoff   53               -   16.25000      -  29.6 8605s
 102416495 5240763     cutoff   50               -   16.25000      -  29.6 8610s
 102457810 5222072 infeasible   41               -   16.25000      -  29.6 8615s
 102503622 5201786 infeasible   43               -   16.25000      -  29.6 8620s
 102542689 5184796   16.60000   42   69          -   16.25000      -  29.6 8625s
 102580733 5169081     cutoff   52               -   16.25331      -  29.6 8630s
 102620275 5151372   16.42781   38   87          -   16.26087      -  29.7 8635s
 102654826 5134709     cutoff   53               -   16.26667      -  29.7 8640s
 102699095 5113906     cutoff   37               -   16.27200      -  29.7 8645s
 102735290 5097624   16.58592   42  106          -   16.27356      -  29.7 8650s
 102774100 5079035 infeasible   46               -   16.27907      -  29.7 8655s
 102815433 5057075 infeasible   42               -   16.28571      -  29.7 8660s
 102857888 5034793   16.58824   48   68          -   16.28571      -  29.7 8665s
 102897884 5016963 infeasible   45               -   16.28571      -  29.7 8670s
 102936137 4997670 infeasible   40               -   16.29356      -  29.7 8675s
 102971254 4979874 infeasible   52               -   16.30000      -  29.7 8680s
 103018494 4956071 infeasible   50               -   16.30000      -  29.7 8685s
 103050743 4940021     cutoff   43               -   16.30588      -  29.7 8690s
 103090505 4919405     cutoff   55               -   16.31111      -  29.7 8695s
 103130825 4899140     cutoff   34               -   16.31579      -  29.7 8700s
 103169805 4879171 infeasible   37               -   16.32331      -  29.7 8705s
 103210010 4854014     cutoff   38               -   16.33333      -  29.7 8710s
 103253679 4824531 infeasible   45               -   16.33333      -  29.7 8715s
 103294776 4797743 infeasible   36               -   16.33333      -  29.7 8720s
 103341192 4768824     cutoff   45               -   16.33333      -  29.7 8725s
 103392828 4737035   16.50000   49   32          -   16.33333      -  29.7 8730s
 103438106 4708955 infeasible   52               -   16.33333      -  29.7 8735s
 103483729 4682365     cutoff   51               -   16.33333      -  29.7 8740s
 103528198 4656727   16.50000   56   18          -   16.33333      -  29.7 8745s
 103572925 4631355 infeasible   43               -   16.33333      -  29.7 8750s
 103616439 4606594     cutoff   49               -   16.33333      -  29.7 8755s
 103659791 4583266     cutoff   46               -   16.33333      -  29.7 8760s
 103702971 4560220     cutoff   42               -   16.33333      -  29.7 8765s
 103750912 4535166   16.48485   41   71          -   16.33333      -  29.7 8770s
 103793180 4513374     cutoff   48               -   16.33333      -  29.7 8775s
 103834533 4492807   16.70588   53   51          -   16.33333      -  29.7 8780s
 103878507 4471711   16.50000   47   13          -   16.33696      -  29.7 8785s
 103912198 4453651     cutoff   39               -   16.34545      -  29.7 8790s
 103947228 4434501   17.00000   43   48          -   16.35185      -  29.7 8795s
 103989023 4411988 infeasible   39               -   16.35714      -  29.8 8800s
 104022813 4392102     cutoff   45               -   16.36364      -  29.8 8805s
 104067634 4368227     cutoff   48               -   16.36842      -  29.8 8810s
 104109198 4342183     cutoff   48               -   16.37500      -  29.8 8815s
 104148686 4318933     cutoff   40               -   16.37500      -  29.8 8820s
 104185045 4298583     cutoff   41               -   16.38000      -  29.8 8825s
 104220733 4278438 infeasible   40               -   16.38462      -  29.8 8830s
 104254186 4258519 infeasible   44               -   16.39130      -  29.8 8835s
 104295334 4230539 infeasible   44               -   16.40000      -  29.8 8840s
 104337512 4202358   16.66667   41   25          -   16.40000      -  29.8 8845s
 104383323 4173125     cutoff   46               -   16.40000      -  29.8 8850s
 104422744 4149180     cutoff   46               -   16.40000      -  29.8 8855s
 104458993 4129732     cutoff   34               -   16.40204      -  29.8 8860s
 104499107 4105115 infeasible   44               -   16.41176      -  29.8 8865s
 104538027 4080214     cutoff   48               -   16.41667      -  29.8 8870s
 104572719 4059656     cutoff   40               -   16.42308      -  29.8 8875s
 104613139 4031189   16.50000   43   47          -   16.42857      -  29.8 8880s
 104655143 4005073 infeasible   37               -   16.42857      -  29.8 8885s
 104693188 3980512   16.65116   46   59          -   16.43750      -  29.8 8890s
 104724476 3960226     cutoff   42               -   16.44366      -  29.8 8895s
 104770372 3932720   17.00000   44    7          -   16.44444      -  29.8 8900s
 104805130 3907233 infeasible   40               -   16.45455      -  29.8 8905s
 104844752 3883313 infeasible   41               -   16.45968      -  29.8 8910s
 104884172 3856843     cutoff   36               -   16.46667      -  29.8 8915s
 104919775 3832230     cutoff   44               -   16.47482      -  29.8 8920s
 104954744 3809524     cutoff   54               -   16.48426      -  29.8 8925s
 104990012 3782537     cutoff   43               -   16.50000      -  29.8 8930s
 105041542 3740939 infeasible   47               -   16.50000      -  29.8 8935s
 105088321 3704328     cutoff   46               -   16.50000      -  29.8 8940s
 105134836 3667815     cutoff   45               -   16.50000      -  29.8 8945s
 105190494 3625030 infeasible   39               -   16.50000      -  29.8 8950s
 105236734 3589455 infeasible   43               -   16.50000      -  29.8 8955s
 105282841 3554861     cutoff   41               -   16.50000      -  29.8 8960s
 105328896 3520264 infeasible   40               -   16.50000      -  29.8 8965s
 105375267 3485986     cutoff   37               -   16.50000      -  29.8 8970s
 105420882 3451189     cutoff   44               -   16.50000      -  29.8 8975s
 105475912 3410697 infeasible   38               -   16.50000      -  29.8 8980s
 105521558 3376642     cutoff   56               -   16.50000      -  29.8 8985s
 105567544 3343130     cutoff   39               -   16.50000      -  29.8 8990s
 105621619 3304764 infeasible   48               -   16.50000      -  29.8 8995s
 105667299 3272709 infeasible   36               -   16.50000      -  29.8 9000s
 105712215 3240906   17.50000   43   18          -   16.50000      -  29.8 9005s
 105756558 3209965     cutoff   50               -   16.50000      -  29.9 9010s
 105809283 3172948     cutoff   47               -   16.50000      -  29.9 9015s
 105853521 3141954 infeasible   44               -   16.50000      -  29.9 9020s
 105896681 3112512     cutoff   43               -   16.50000      -  29.9 9025s
 105948997 3076938 infeasible   50               -   16.50000      -  29.9 9030s
 106001542 3041468 infeasible   49               -   16.50000      -  29.9 9035s
 106044876 3012137   17.00000   48   14          -   16.50000      -  29.9 9040s
 106088438 2983073 infeasible   42               -   16.50000      -  29.9 9045s
 106139536 2949736   17.00000   47   18          -   16.50000      -  29.9 9050s
 106182828 2921782 infeasible   48               -   16.50000      -  29.9 9055s
 106225646 2893766   16.50000   49   80          -   16.50000      -  29.9 9060s
 106275974 2861781     cutoff   46               -   16.50000      -  29.9 9065s
 106317785 2835619     cutoff   45               -   16.50000      -  29.9 9070s
 106359368 2810584 infeasible   52               -   16.50000      -  29.9 9075s
 106396910 2787430 infeasible   44               -   16.51250      -  29.9 9080s
 106431468 2761119     cutoff   40               -   16.52459      -  29.9 9085s
 106470468 2731844 infeasible   43               -   16.53571      -  29.9 9090s
 106504090 2701063 infeasible   37               -   16.54545      -  29.9 9095s
 106546982 2665849 infeasible   35               -   16.55556      -  29.9 9100s
 106588100 2638498     cutoff   44               -   16.56250      -  29.9 9105s
 106632258 2594326     cutoff   48               -   16.57143      -  29.9 9111s
 106668621 2571922 infeasible   56               -   16.57895      -  29.9 9115s
 106706346 2540458 infeasible   35               -   16.58955      -  29.9 9120s
 106740096 2501354     cutoff   49               -   16.60000      -  29.9 9125s
 106802006 2448157     cutoff   44               -   16.60000      -  29.9 9131s
 106836774 2428049   16.71875   41   72          -   16.60714      -  29.9 9135s
 106872932 2397863     cutoff   40               -   16.62069      -  29.9 9140s
 106919936 2356968     cutoff   42               -   16.62766      -  29.9 9145s
 106956550 2321947 infeasible   52               -   16.64286      -  29.9 9150s
 106997440 2287195     cutoff   38               -   16.66337      -  29.9 9155s
 107043919 2231426 infeasible   48               -   16.66667      -  29.9 9160s
 107112050 2166383 infeasible   46               -   16.66667      -  29.9 9166s
 107158915 2122085     cutoff   47               -   16.66667      -  29.9 9170s
 107229009 2058448     cutoff   43               -   16.66667      -  29.9 9176s
 107274776 2018680 infeasible   38               -   16.66667      -  29.9 9180s
 107331886 1984493     cutoff   44               -   16.67857      -  29.9 9185s
 107366988 1952634 infeasible   40               -   16.69643      -  29.9 9190s
 107407470 1896881 infeasible   42               -   16.71429      -  29.9 9196s
 107455707 1872044     cutoff   35               -   16.72727      -  29.9 9200s
 107490882 1819703     cutoff   48               -   16.75000      -  29.9 9205s
 107564723 1751500 infeasible   47               -   16.75000      -  29.9 9211s
 107630667 1702369     cutoff   49               -   16.75000      -  29.9 9216s
 107667426 1671955 infeasible   42               -   16.77273      -  29.9 9220s
 107713685 1609422 infeasible   38               -   16.80000      -  29.9 9226s
 107765421 1579656     cutoff   45               -   16.81250      -  29.9 9230s
 107815983 1520129     cutoff   42               -   16.83333      -  29.9 9235s
 107875121 1471467     cutoff   40               -   16.87255      -  29.9 9240s
 107927120 1423096     cutoff   40               -   16.91667      -  29.9 9245s
 107985703 1347108     cutoff   38               -   17.00000      -  29.9 9250s
 108107154 1229081 infeasible   54               -   17.00000      -  29.9 9255s
 108226985 1112672 infeasible   41               -   17.00000      -  29.8 9260s
 108321251 1021640 infeasible   49               -   17.00000      -  29.8 9265s
 108439862 905642 infeasible   46               -   17.00000      -  29.8 9271s
 108536239 812554 infeasible   48               -   17.00000      -  29.8 9275s
 108630699 724067 infeasible   45               -   17.00000      -  29.8 9280s
 108723255 633301     cutoff   52               -   17.00000      -  29.8 9285s
 108818906 543919 infeasible   45               -   17.00000      -  29.7 9291s
 108889290 475667     cutoff   59               -   17.00000      -  29.7 9295s
 108983157 387398 infeasible   41               -   17.00000      -  29.7 9300s
 109054822 320436     cutoff   39               -   17.00000      -  29.7 9305s
 109122833 256666 infeasible   54               -   17.00000      -  29.7 9310s

Cutting planes:
  Gomory: 7
  Implied bound: 211
  MIR: 334
  Flow cover: 1
  Zero half: 524
  Relax-and-lift: 31

Explored 109164088 nodes (3242848681 simplex iterations) in 9312.37 seconds (8131.87 work units)
Thread count was 48 (of 64 available processors)

Solution count 0

Model objective exceeds cutoff
Best objective -, best bound 1.750000000185e+01, gap -

Gurobi 13.0.3 (linux64) logging started Fri Oct  2 09:09:31 2026

Set parameter LogFile to value "D2_10_gurobi.log"
Set parameter Threads to value 48
Set parameter NodefileStart to value 200
Set parameter NodefileDir to value "."
Set parameter SoftMemLimit to value 1000
Set parameter Cutoff to value 17.5
Set parameter MIPFocus to value 3
Set parameter Symmetry to value 2
Gurobi Optimizer version 13.0.3 build v13.0.3rc0 (linux64 - "Ubuntu 24.04.4 LTS")

CPU model: AMD Ryzen Threadripper PRO 9975WX 32-Cores, instruction set [SSE2|AVX|AVX2|AVX512]
Thread count: 32 physical cores, 64 logical processors, using up to 48 threads

Non-default parameters:
Cutoff  17.5
SoftMemLimit  1000
MIPFocus  3
NodefileStart  200
Symmetry  2
Threads  48

Optimize a model with 109 rows, 325 columns and 883 nonzeros (Min)
Model fingerprint: 0x7e4714f2
Model has 216 linear objective coefficients
Variable types: 0 continuous, 325 integer (216 binary)
Coefficient statistics:
  Matrix range     [1e+00, 2e+00]
  Objective range  [1e+00, 1e+00]
  Bounds range     [1e+00, 9e+00]
  RHS range        [1e+00, 1e+00]

Presolve time: 0.00s
Presolved: 109 rows, 325 columns, 883 nonzeros
Variable types: 0 continuous, 325 integer (216 binary)
Root relaxation presolve removed 109 rows and 325 columns
Root relaxation presolve: All rows and columns removed

Root relaxation: objective 1.000000e+00, 0 iterations, 0.00 seconds (0.00 work units)

    Nodes    |    Current Node    |     Objective Bounds      |     Work
 Expl Unexpl |  Obj  Depth IntInf | Incumbent    BestBd   Gap | It/Node Time

     0     0    2.00000    0    6          -    2.00000      -     -    0s
     0     0    3.00000    0    4          -    3.00000      -     -    0s
     0     0    4.00000    0   14          -    4.00000      -     -    0s
     0     0    5.00000    0   15          -    5.00000      -     -    0s
     0     0    5.00000    0   15          -    5.00000      -     -    0s
     0     0    5.00000    0   15          -    5.00000      -     -    0s
     0     0    5.00000    0   15          -    5.00000      -     -    0s
     0     0    5.00000    0   11          -    5.00000      -     -    0s
     0     2    5.00000    0    4          -    5.00000      -     -    0s
 11263  9427   12.31533   32  104          -   11.14330      -  71.7    5s
 40826 28679   12.61726   37  144          -   11.76389      -  51.2   10s
 83054 53659   13.14069   28  140          -   12.11940      -  44.5   15s
 142237 84658   14.15778   35  108          -   12.46481      -  41.3   20s
 201633 112011   13.18342   38  103          -   12.69768      -  39.8   25s
 262562 139088   13.42553   30   92          -   12.88319      -  39.0   30s
 298374 169773 infeasible   41               -   13.00000      -  38.8   45s
 395929 191201   15.11533   52  100          -   13.20000      -  38.3   50s
 461543 216481   14.27056   32  103          -   13.32884      -  38.2   55s
 523203 237183   14.50000   34   44          -   13.43348      -  38.2   60s
 576963 255820   15.03704   35   71          -   13.50000      -  38.2   65s
 641786 276955   15.58974   31   52          -   13.61078      -  38.2   70s
 702366 295555   14.65244   41  111          -   13.68688      -  38.2   75s
 759150 313110   14.69866   34  112          -   13.76190      -  38.3   80s
 819189 330804   15.02429   25  130          -   13.83663      -  38.3   85s
 875806 347314   15.00000   26   80          -   13.90476      -  38.4   90s
 938616 364317   15.59023   30  116          -   13.98803      -  38.5   95s
 996480 377342   15.00000   38   24          -   14.00000      -  38.7  100s
 1052541 393205   14.50311   29   98          -   14.03960      -  38.7  105s
 1111122 408566   14.40161   31   96          -   14.10859      -  38.8  110s
 1163513 421386   14.76344   46   88          -   14.15385      -  38.8  115s
 1220951 435234   14.25000   43   66          -   14.20000      -  38.8  120s
 1276772 447841   15.80952   42   88          -   14.25000      -  38.9  125s
 1333306 461099   15.86667   39   78          -   14.29412      -  38.9  130s
 1383070 471610   16.38776   35  109          -   14.33333      -  39.0  135s
 1438389 483698   14.73953   40  111          -   14.36416      -  39.0  140s
 1497056 495389   15.34199   28  130          -   14.40244      -  39.0  145s
 1552598 506671   15.81658   36  127          -   14.44444      -  39.1  150s
 1608475 518341   14.77849   31  110          -   14.49122      -  39.2  155s
 1660817 525140   14.95902   33   76          -   14.50000      -  39.3  160s
 1720805 537170   15.00329   33  133          -   14.53247      -  39.3  165s
 1740691 540809   16.40789   52   59          -   14.54545      -  39.4  170s
 1786198 549203   15.50000   36   61          -   14.57407      -  39.4  175s
 1833198 556800     cutoff   43               -   14.60256      -  39.5  180s
 1885016 565656   15.08451   35  126          -   14.64157      -  39.5  185s
 1941039 573192   14.80000   30   71          -   14.66667      -  39.6  190s
 1990451 581317   15.13058   38  105          -   14.69355      -  39.7  195s
 2040622 588999     cutoff   40               -   14.72727      -  39.7  200s
 2097534 596770   15.64286   34   56          -   14.75000      -  39.8  205s
 2148146 604144   15.26102   34  118          -   14.78299      -  39.9  210s
 2198284 611404   15.47063   36  132          -   14.80983      -  40.0  215s
 2252784 618523   15.72158   34  124          -   14.83824      -  40.0  220s
 2302909 625708     cutoff   44               -   14.86957      -  40.1  225s
 2353174 631964   15.22222   33   55          -   14.90000      -  40.2  230s
 2403837 638517   15.83432   36   82          -   14.93208      -  40.3  235s
 2448028 644095   15.56597   41   88          -   14.96296      -  40.3  240s
 2496499 648220     cutoff   32               -   15.00000      -  40.5  245s
 2542191 648236   15.55994   44  109          -   15.00000      -  40.6  250s
 2588592 650489   16.07692   37   42          -   15.00000      -  40.7  255s
 2634522 653948   16.00000   38   10          -   15.00000      -  40.8  260s
 2685619 659046   15.20000   30   43          -   15.00000      -  40.8  265s
 2737294 665343   15.14286   36   56          -   15.00000      -  40.9  270s
 2786866 670899   16.43243   35   73          -   15.04598      -  40.9  275s
 2837088 676093   16.25000   44   85          -   15.07826      -  41.0  280s
 2887392 680564 infeasible   44               -   15.10714      -  41.0  285s
 2932722 684164   16.33333   32   57          -   15.12903      -  41.1  290s
 2983899 688459   16.12000   37   85          -   15.15517      -  41.1  295s
 3033054 691785     cutoff   45               -   15.17647      -  41.2  300s
 3077929 694177   15.89655   36   76          -   15.20000      -  41.3  305s
 3133204 697957   15.66667   31   56          -   15.22222      -  41.3  310s
 3176602 700125 infeasible   28               -   15.25000      -  41.4  315s
 3227802 701981 infeasible   35               -   15.25893      -  41.4  320s
 3272659 703999   16.25000   50   59          -   15.28571      -  41.5  325s
 3317877 706139   15.50000   38   67          -   15.30472      -  41.6  330s
 3366971 706984   16.00000   42   13          -   15.33333      -  41.7  335s
 3414211 706302   15.72012   42   92          -   15.33333      -  41.7  340s
 3457393 708138 infeasible   48               -   15.35294      -  41.8  345s
 3502012 708816   16.00000   26   76          -   15.37500      -  41.9  350s
 3545053 709328     cutoff   50               -   15.40000      -  41.9  355s
 3590519 709880   15.45614   41   75          -   15.41429      -  42.0  360s
 3635034 710159   16.00000   36   10          -   15.43478      -  42.1  365s
 3679563 710157   16.14286   41   35          -   15.45714      -  42.2  370s
 3728302 710277     cutoff   31               -   15.48649      -  42.3  375s
 3769022 705415 infeasible   52               -   15.50000      -  42.4  380s
 3815276 701169     cutoff   39               -   15.50000      -  42.4  385s
 3860799 699308   15.78571   54   51          -   15.50000      -  42.5  390s
 3904635 699300     cutoff   35               -   15.51000      -  42.5  395s
 3944431 698797   15.95238   43   79          -   15.53543      -  42.6  400s
 3994368 697566   15.90845   37   99          -   15.56159      -  42.7  405s
 4039168 695821     cutoff   46               -   15.58333      -  42.8  410s
 4079736 693414   15.60000   47   59          -   15.60000      -  42.9  415s
 4123374 691645   16.51581   44   82          -   15.62295      -  43.0  420s
 4163497 689749   16.65385   34   70          -   15.64103      -  43.0  425s
 4208404 685320   16.75000   45   87          -   15.66667      -  43.1  430s
 4251409 680748   16.18750   42   66          -   15.66667      -  43.2  435s
 4293197 678437   15.98746   39   76          -   15.68553      -  43.3  440s
 4332870 675500   16.86254   40  128          -   15.70721      -  43.3  445s
 4372684 672088   16.62595   42   82          -   15.72727      -  43.4  450s
 4412906 667145 infeasible   46               -   15.75000      -  43.5  455s
 4453394 663205     cutoff   29               -   15.75422      -  43.6  460s
 4497676 659065     cutoff   39               -   15.78025      -  43.7  465s
 4543132 653237   16.51000   35   88          -   15.80000      -  43.7  470s
 4581383 648960     cutoff   43               -   15.82353      -  43.8  475s
 4621437 643232   15.91892   43  109          -   15.84141      -  43.9  480s
 4661453 637744   16.62255   39  109          -   15.86364      -  44.0  485s
 4700780 631502   16.80000   40   65          -   15.88710      -  44.1  490s
 4736056 626399   16.72139   39  113          -   15.90645      -  44.2  495s
 4770545 620558     cutoff   38               -   15.92857      -  44.3  500s
 4810402 613686   16.93872   42  133          -   15.96055      -  44.4  505s
 4843975 605962 infeasible   47               -   16.00000      -  44.5  510s
 4880848 590891 infeasible   31               -   16.00000      -  44.6  515s
 4916820 576831   16.66667   39   41          -   16.00000      -  44.7  520s
 4953709 565573   16.33333   38   16          -   16.00000      -  44.7  525s
 4995083 554716   16.00000   37    6          -   16.00000      -  44.8  530s
 5035778 545286   16.38983   37   62          -   16.00000      -  44.9  535s
 5072001 537854   16.50000   40   25          -   16.00000      -  44.9  540s
 5111998 530211 infeasible   32               -   16.00000      -  45.0  545s
 5152147 523826   16.41183   41  112          -   16.00000      -  45.1  550s
 5185328 517879     cutoff   44               -   16.02222      -  45.2  555s
 5225178 508826 infeasible   38               -   16.06250      -  45.3  560s
 5260105 500314     cutoff   46               -   16.09091      -  45.4  565s
 5294392 490818 infeasible   34               -   16.11864      -  45.4  570s
 5334459 478860     cutoff   40               -   16.14706      -  45.5  575s
 5369268 467300   16.49174   42  104          -   16.16977      -  45.6  580s
 5403151 454902 infeasible   35               -   16.20000      -  45.7  585s
 5441487 441025     cutoff   48               -   16.22674      -  45.8  590s
 5472297 426923     cutoff   42               -   16.25000      -  45.9  595s
 5510189 412030     cutoff   46               -   16.27273      -  46.0  600s
 5539840 399074     cutoff   35               -   16.30000      -  46.1  605s
 5574816 380385     cutoff   31               -   16.33333      -  46.2  610s
 5609075 364303     cutoff   34               -   16.33333      -  46.2  615s
 5642558 347627     cutoff   33               -   16.37500      -  46.3  620s
 5672473 330927     cutoff   33               -   16.40000      -  46.4  625s
 5705814 311195 infeasible   37               -   16.44444      -  46.5  630s
 5734451 292581   16.50000   46   31          -   16.48936      -  46.6  635s
 5772545 264792   17.00000   37   12          -   16.50000      -  46.6  640s
 5806688 242596     cutoff   40               -   16.50000      -  46.7  645s
 5840112 221809     cutoff   38               -   16.53557      -  46.8  650s
 5875444 195401 infeasible   42               -   16.60000      -  46.9  655s
 5911004 163662 infeasible   39               -   16.66667      -  46.9  660s
 5942684 139379     cutoff   34               -   16.71462      -  46.9  665s
 5981541 103391     cutoff   37               -   16.82759      -  46.9  670s
 6042376 39836     cutoff   45               -   17.00000      -  46.7  675s

Cutting planes:
  Gomory: 20
  Implied bound: 233
  MIR: 318
  Zero half: 493
  Relax-and-lift: 14

Explored 6079089 nodes (283422085 simplex iterations) in 678.60 seconds (617.48 work units)
Thread count was 48 (of 64 available processors)

Solution count 0

Model objective exceeds cutoff
Best objective -, best bound 1.750000000185e+01, gap -

Gurobi 13.0.3 (linux64) logging started Fri Oct  2 09:20:50 2026

Set parameter LogFile to value "D2_10_gurobi.log"
Set parameter Threads to value 48
Set parameter NodefileStart to value 200
Set parameter NodefileDir to value "."
Set parameter SoftMemLimit to value 1000
Set parameter Cutoff to value 17.5
Set parameter MIPFocus to value 3
Set parameter Symmetry to value 2
Gurobi Optimizer version 13.0.3 build v13.0.3rc0 (linux64 - "Ubuntu 24.04.4 LTS")

CPU model: AMD Ryzen Threadripper PRO 9975WX 32-Cores, instruction set [SSE2|AVX|AVX2|AVX512]
Thread count: 32 physical cores, 64 logical processors, using up to 48 threads

Non-default parameters:
Cutoff  17.5
SoftMemLimit  1000
MIPFocus  3
NodefileStart  200
Symmetry  2
Threads  48

Optimize a model with 109 rows, 325 columns and 883 nonzeros (Min)
Model fingerprint: 0xa452fcef
Model has 216 linear objective coefficients
Variable types: 0 continuous, 325 integer (216 binary)
Coefficient statistics:
  Matrix range     [1e+00, 2e+00]
  Objective range  [1e+00, 1e+00]
  Bounds range     [1e+00, 9e+00]
  RHS range        [1e+00, 1e+00]

Presolve time: 0.00s
Presolved: 109 rows, 325 columns, 883 nonzeros
Variable types: 0 continuous, 325 integer (216 binary)
Root relaxation presolve removed 109 rows and 325 columns
Root relaxation presolve: All rows and columns removed

Root relaxation: objective 1.000000e+00, 0 iterations, 0.00 seconds (0.00 work units)

    Nodes    |    Current Node    |     Objective Bounds      |     Work
 Expl Unexpl |  Obj  Depth IntInf | Incumbent    BestBd   Gap | It/Node Time

     0     0    2.00000    0    6          -    2.00000      -     -    0s
     0     0    3.00000    0   10          -    3.00000      -     -    0s
     0     0    3.00000    0    4          -    3.00000      -     -    0s
     0     0    5.00000    0    6          -    5.00000      -     -    0s
     0     0    5.00000    0    6          -    5.00000      -     -    0s
     0     0    5.00000    0    6          -    5.00000      -     -    0s
     0     2    5.00000    0    6          -    5.00000      -     -    0s
 12002  9782   11.30327   28  157          -   11.22373      -  57.4    5s
 49627 34257   14.15569   29  115          -   11.83359      -  38.6   10s
 101260 63630   13.87719   35   62          -   12.22222      -  34.3   15s
 163371 93502   12.52554   39  120          -   12.50000      -  32.4   20s
 222546 121768   15.25954   40  108          -   12.71321      -  31.8   25s
 278960 144985   13.77310   28  113          -   12.88355      -  31.5   30s
 319526 160165   14.00000   23   10          -   13.00000      -  31.3   35s
 319966 160590   14.50607   30   74          -   13.00000      -  31.5   40s
 320354 160971   15.07653   34  122          -   13.00985      -  31.6   45s
 320827 161630   14.11006   39  107          -   13.03125      -  31.7   50s
 341189 172779   13.63415   37   84          -   13.05536      -  31.6   55s
 405867 196698   14.18302   39  121          -   13.21842      -  31.4   60s
 459887 218548   14.28358   30  124          -   13.31111      -  31.3   65s
 525218 241067   14.38740   31  149          -   13.41176      -  31.2   70s
 581052 260072   15.44737   33   97          -   13.50000      -  31.3   75s
 637078 278621   14.76036   38   92          -   13.56533      -  31.2   80s
 690837 296960   15.50505   33  103          -   13.63780      -  31.3   85s
 753004 316746   14.00368   41  112          -   13.71004      -  31.3   90s
 807646 334337   14.46588   25  118          -   13.77004      -  31.3   95s
 864057 352438   15.52077   27  125          -   13.83333      -  31.4  100s
 918705 368939   14.52052   31  122          -   13.88889      -  31.4  105s
 975055 385055   16.00676   27  101          -   13.95327      -  31.4  110s
 1028742 398051   16.00000   30   12          -   14.00000      -  31.5  115s
 1086437 413179   15.38718   36   99          -   14.00000      -  31.5  120s
 1144585 429627   15.00000   33   86          -   14.06142      -  31.6  125s
 1200931 445872   15.12179   30   72          -   14.11538      -  31.6  130s
 1256450 460216   15.54191   31  130          -   14.16381      -  31.6  135s
 1320224 476598   14.80249   23  116          -   14.21007      -  31.7  140s
 1371427 488794   14.72297   33   97          -   14.25000      -  31.7  145s
 1428938 503021   14.72667   37  106          -   14.28571      -  31.8  150s
 1479432 515445   15.13613   27  117          -   14.32867      -  31.8  155s
 1535271 527202   15.07824   30  119          -   14.34934      -  31.9  160s
 1586836 539023   15.61267   27  127          -   14.38474      -  31.9  165s
 1642536 550611   14.65731   28  124          -   14.41791      -  31.9  170s
 1702424 563383   15.20326   32  110          -   14.45745      -  32.0  175s
 1712943 564960   16.00000   34   57          -   14.46875      -  32.0  180s
 1713455 565404   17.00000   32   62          -   14.47368      -  32.1  185s
 1713767 565670   15.76719   31  127          -   14.47679      -  32.1  190s
 1714261 566083   14.61383   36  121          -   14.48109      -  32.1  195s
 1720712 568982   14.82456   30  102          -   14.48513      -  32.1  201s
 1755271 572612   16.40000   32   46          -   14.50000      -  32.2  205s
 1799487 579543   16.11765   33   90          -   14.50000      -  32.2  210s
 1854202 591206   14.59524   32   74          -   14.53333      -  32.2  215s
 1905405 601492   16.00000   35   19          -   14.56550      -  32.3  220s
 1957694 610598 infeasible   30               -   14.59737      -  32.3  225s
 2009587 620062   14.88235   38   66          -   14.62172      -  32.3  230s
 2061598 629744   15.39146   33  109          -   14.65040      -  32.4  235s
 2112813 636538   15.09333   39   57          -   14.66667      -  32.4  240s
 2169347 646743   15.68980   38   71          -   14.69375      -  32.5  245s
 2214393 654393   14.80645   29   74          -   14.71579      -  32.5  250s
 2268635 662059   16.37069   38  100          -   14.74877      -  32.6  255s
 2321075 670039   15.62179   31   98          -   14.76471      -  32.6  260s
 2370950 678271   15.22367   34  109          -   14.79167      -  32.7  265s
 2420599 685443     cutoff   42               -   14.81250      -  32.7  270s
 2473092 692476   16.00000   38  102          -   14.83333      -  32.8  275s
 2523265 699924   15.00000   33   81          -   14.85938      -  32.8  280s
 2573942 706673 infeasible   39               -   14.88621      -  32.9  285s
 2623941 713458 infeasible   39               -   14.90909      -  32.9  290s
 2669130 719543   15.09785   34  107          -   14.93333      -  33.0  295s
 2715048 725830   16.50000   35   42          -   14.95833      -  33.1  300s
 2761108 732011   16.39286   35   91          -   14.98969      -  33.1  305s
 2805716 731729 infeasible   37               -   15.00000      -  33.2  310s
 2851917 732527     cutoff   30               -   15.00000      -  33.3  315s
 2898765 735499 infeasible   32               -   15.00000      -  33.3  320s
 2951178 740322     cutoff   46               -   15.00000      -  33.3  325s
 3002687 746349   15.29617   33  108          -   15.00000      -  33.3  330s
 3052484 753442   15.45951   39  109          -   15.01835      -  33.3  335s
 3102762 759403   16.63559   31  101          -   15.05063      -  33.4  340s
 3153557 765304   16.05263   40   78          -   15.07692      -  33.4  345s
 3204419 770406   15.41270   27   65          -   15.10000      -  33.5  350s
 3254688 775063   15.37968   28  110          -   15.12500      -  33.5  355s
 3302275 779081 infeasible   39               -   15.14286      -  33.6  360s
 3346201 782681   16.66038   40  105          -   15.16529      -  33.6  365s
 3391582 786573   15.82500   33  122          -   15.17969      -  33.7  370s
 3437101 789502   16.56250   42   61          -   15.20000      -  33.7  375s
 3481390 792943 infeasible   48               -   15.21429      -  33.7  380s
 3525005 795996   16.10000   34   49          -   15.23333      -  33.8  385s
 3569279 797008   16.19084   31   78          -   15.25000      -  33.8  390s
 3618003 799856   15.85402   43  127          -   15.26148      -  33.9  395s
 3661927 802461   15.74487   35  112          -   15.28186      -  33.9  400s
 3706326 804604     cutoff   35               -   15.30000      -  34.0  405s
 3750276 806922 infeasible   42               -   15.31655      -  34.0  410s
 3790018 806362     cutoff   39               -   15.33333      -  34.1  415s
 3841572 806450   16.29600   31   87          -   15.33333      -  34.1  420s
 3883993 808875   16.55285   35  118          -   15.35294      -  34.2  425s
 3927772 809738   16.85714   36   97          -   15.37337      -  34.2  430s
 3968104 810824 infeasible   30               -   15.38824      -  34.3  435s
 4013696 810716   16.42857   32   61          -   15.40000      -  34.3  440s
 4056774 812008   16.46911   37  119          -   15.41935      -  34.4  445s
 4095831 812483   16.27273   35   70          -   15.43420      -  34.4  450s
 4136954 813135   15.67353   32  147          -   15.45000      -  34.5  455s
 4181613 813376   15.92273   33   96          -   15.47059      -  34.5  460s
 4225492 814122   15.86813   43   97          -   15.49458      -  34.6  465s
 4266529 807813   15.63971   44  103          -   15.50000      -  34.6  470s
 4312246 804070   16.00000   31   32          -   15.50000      -  34.7  475s
 4357205 802498   16.20000   35   54          -   15.50000      -  34.7  480s
 4401336 802806   15.50000   35   17          -   15.50000      -  34.7  485s
 4445106 803251 infeasible   38               -   15.52727      -  34.8  490s
 4484641 803081   16.53406   39  151          -   15.54545      -  34.8  495s
 4529127 802560   16.23576   42  109          -   15.56368      -  34.9  500s
 4568757 801499   15.83306   40  116          -   15.57895      -  34.9  505s
 4612782 799595 infeasible   43               -   15.60000      -  35.0  510s
 4652510 798239   16.15101   35   73          -   15.60869      -  35.0  515s
 4696389 796409     cutoff   42               -   15.62500      -  35.1  520s
 4734298 794892   16.08421   31   74          -   15.64286      -  35.1  525s
 4773808 792638     cutoff   34               -   15.66499      -  35.2  530s
 4815183 786266 infeasible   39               -   15.66667      -  35.2  535s
 4854624 784190   16.65975   29  128          -   15.66883      -  35.3  540s
 4893027 782240   15.79685   33  119          -   15.69136      -  35.3  545s
 4932680 779802     cutoff   36               -   15.70833      -  35.4  550s
 4972632 776677   16.63519   33  126          -   15.72340      -  35.4  555s
 5006856 774420   17.00000   34   10          -   15.74000      -  35.5  560s
 5048333 768425   16.21348   37   87          -   15.75000      -  35.5  565s
 5086300 765647   16.66667   32   62          -   15.75866      -  35.6  570s
 5125659 762042   16.70833   33   58          -   15.77778      -  35.6  575s
 5159971 759470   16.12262   31  126          -   15.79439      -  35.7  580s
 5199933 754051   16.09013   34  107          -   15.80451      -  35.7  585s
 5234204 750674   16.65359   37   84          -   15.82222      -  35.8  590s
 5274737 745230   16.29325   32  131          -   15.83333      -  35.8  595s
 5312827 740347     cutoff   39               -   15.85595      -  35.9  600s
 5352277 735408   16.56250   47   50          -   15.87281      -  36.0  605s
 5392100 730037 infeasible   32               -   15.88889      -  36.0  610s
 5425538 724949 infeasible   43               -   15.90580      -  36.1  615s
 5465322 719252     cutoff   37               -   15.92562      -  36.2  620s
 5499371 713918 infeasible   32               -   15.94444      -  36.2  625s
 5538249 707632     cutoff   39               -   15.97041      -  36.3  630s
 5572481 699259 infeasible   31               -   16.00000      -  36.4  635s
 5609050 683246   16.00000   46    8          -   16.00000      -  36.4  640s
 5644401 668778   17.00000   38   13          -   16.00000      -  36.4  645s
 5685186 655895 infeasible   33               -   16.00000      -  36.5  650s
 5724756 645155   16.78109   40  119          -   16.00000      -  36.5  655s
 5764824 635715   16.00000   33   12          -   16.00000      -  36.5  660s
 5809287 626664 infeasible   35               -   16.00000      -  36.5  665s
 5843342 620233   16.21429   33   50          -   16.00000      -  36.6  670s
 5882486 614091   16.53091   40  143          -   16.00000      -  36.6  675s
 5919671 608458     cutoff   32               -   16.01235      -  36.7  680s
 5953230 601995     cutoff   37               -   16.04237      -  36.7  685s
 5988254 594939 infeasible   36               -   16.06667      -  36.8  690s
 6022419 587085 infeasible   40               -   16.08889      -  36.8  695s
 6056405 578513   16.20702   28  130          -   16.10985      -  36.9  700s
 6086479 570755 infeasible   36               -   16.12500      -  37.0  705s
 6120480 561034     cutoff   38               -   16.14586      -  37.0  710s
 6155193 549339     cutoff   47               -   16.16667      -  37.1  715s
 6183722 541081     cutoff   34               -   16.18367      -  37.1  720s
 6219135 528617   17.00000   34   35          -   16.20000      -  37.2  725s
 6246760 518784 infeasible   38               -   16.22222      -  37.3  730s
 6275470 507805   16.88889   35   90          -   16.24510      -  37.3  735s
 6312048 492191   16.54732   37  107          -   16.25000      -  37.4  740s
 6344022 479907     cutoff   46               -   16.27778      -  37.4  745s
 6373554 467277 infeasible   43               -   16.30000      -  37.5  750s
 6402013 455355   16.54545   32   85          -   16.32432      -  37.6  755s
 6434074 436317 infeasible   34               -   16.33333      -  37.6  760s
 6465009 422574 infeasible   35               -   16.34451      -  37.6  765s
 6493593 407902 infeasible   39               -   16.37500      -  37.7  770s
 6529227 388953 infeasible   42               -   16.40000      -  37.8  775s
 6556297 373497 infeasible   39               -   16.42647      -  37.8  780s
 6585517 357821     cutoff   38               -   16.45405      -  37.9  785s
 6613614 339093 infeasible   37               -   16.49676      -  37.9  790s
 6653514 309691     cutoff   44               -   16.50000      -  37.9  795s
 6689984 285816 infeasible   42               -   16.50000      -  38.0  800s
 6719585 269270 infeasible   29               -   16.51429      -  38.0  805s
 6747538 249209   16.88906   40  108          -   16.56098      -  38.1  810s
 6773355 228618 infeasible   43               -   16.60000      -  38.1  815s
 6802199 207134 infeasible   44               -   16.64384      -  38.2  820s
 6837447 177190     cutoff   34               -   16.67391      -  38.2  825s
 6865563 148262     cutoff   38               -   16.75000      -  38.2  830s
 6901948 117413   16.86885   37   85          -   16.82753      -  38.2  835s
 6947402 68712     cutoff   44               -   17.00000      -  38.1  840s
 7010284 12194 infeasible   38               -   17.00000      -  37.9  845s

Cutting planes:
  Gomory: 33
  Implied bound: 221
  MIR: 374
  Zero half: 523
  Relax-and-lift: 5

Explored 7017328 nodes (266055998 simplex iterations) in 845.30 seconds (829.65 work units)
Thread count was 48 (of 64 available processors)

Solution count 0

Model objective exceeds cutoff
Best objective -, best bound 1.750000000185e+01, gap -

Gurobi 13.0.3 (linux64) logging started Fri Oct  2 09:34:55 2026

Set parameter LogFile to value "D2_10_gurobi.log"
Set parameter Threads to value 48
Set parameter NodefileStart to value 200
Set parameter NodefileDir to value "."
Set parameter SoftMemLimit to value 1000
Set parameter Cutoff to value 17.5
Set parameter MIPFocus to value 3
Set parameter Symmetry to value 2
Gurobi Optimizer version 13.0.3 build v13.0.3rc0 (linux64 - "Ubuntu 24.04.4 LTS")

CPU model: AMD Ryzen Threadripper PRO 9975WX 32-Cores, instruction set [SSE2|AVX|AVX2|AVX512]
Thread count: 32 physical cores, 64 logical processors, using up to 48 threads

Non-default parameters:
Cutoff  17.5
SoftMemLimit  1000
MIPFocus  3
NodefileStart  200
Symmetry  2
Threads  48

Optimize a model with 109 rows, 325 columns and 883 nonzeros (Min)
Model fingerprint: 0xb89f1095
Model has 216 linear objective coefficients
Variable types: 0 continuous, 325 integer (216 binary)
Coefficient statistics:
  Matrix range     [1e+00, 2e+00]
  Objective range  [1e+00, 1e+00]
  Bounds range     [1e+00, 9e+00]
  RHS range        [1e+00, 1e+00]

Presolve time: 0.00s
Presolved: 109 rows, 325 columns, 883 nonzeros
Variable types: 0 continuous, 325 integer (216 binary)
Root relaxation presolve removed 109 rows and 325 columns
Root relaxation presolve: All rows and columns removed

Root relaxation: objective 1.000000e+00, 0 iterations, 0.00 seconds (0.00 work units)

    Nodes    |    Current Node    |     Objective Bounds      |     Work
 Expl Unexpl |  Obj  Depth IntInf | Incumbent    BestBd   Gap | It/Node Time

     0     0    2.00000    0    6          -    2.00000      -     -    0s
     0     0    3.00000    0    6          -    3.00000      -     -    0s
     0     0    4.00000    0    6          -    4.00000      -     -    0s
     0     0    4.00000    0    6          -    4.00000      -     -    0s
     0     2    4.00000    0    6          -    4.00000      -     -    0s
 11560  9545   13.95183   19   87          -   11.33333      -  65.4    5s
 48304 33308   12.41633   22  139          -   11.97176      -  42.3   10s
 94594 59327   13.73469   38   88          -   12.34884      -  37.6   15s
 143861 83303   12.71099   34  135          -   12.59763      -  35.4   20s
 206771 111046   13.02546   24  115          -   12.84120      -  34.3   25s
 248386 126981   13.41656   33  127          -   13.00000      -  34.0   30s
 248827 127403   15.19231   42   96          -   13.00000      -  34.2   35s
 249213 127787   13.12356   35  145          -   13.01561      -  34.4   40s
 249694 129075   14.17324   28  121          -   13.03690      -  34.5   45s
 298930 151634   16.05953   33  141          -   13.16832      -  34.1   50s
 353210 171015   13.78945   31  141          -   13.29403      -  33.9   55s
 411920 191860   13.64320   27  128          -   13.40830      -  33.7   60s
 473123 212616   16.14966   29  128          -   13.50000      -  33.6   65s
 521159 229544   15.18911   40  140          -   13.59191      -  33.6   70s
 575095 246902   14.61721   32  151          -   13.67264      -  33.6   75s
 627678 263184   15.95927   33  113          -   13.75000      -  33.6   80s
 679302 279556   14.56223   35  120          -   13.82125      -  33.5   85s
 737158 296616   14.69482   30   98          -   13.89750      -  33.6   90s
 743818 297386   14.23932   39  100          -   13.91641      -  33.7   95s
 748710 299285   14.80556   34   85          -   13.92465      -  33.7  100s
 757591 303639   14.36173   31  151          -   13.93204      -  33.7  106s
 791968 312490   14.75676   34   89          -   13.94510      -  33.7  110s
 841976 323813   16.00000   32    8          -   14.00000      -  33.8  115s
 894487 338308   14.77180   32  108          -   14.06504      -  33.8  120s
 950435 353392   14.75000   34   39          -   14.12708      -  33.8  125s
 1001822 366324   14.82133   32  104          -   14.18007      -  33.9  130s
 1053960 379539   16.19890   40  109          -   14.23077      -  33.9  135s
 1108143 391601 infeasible   33               -   14.27778      -  34.0  140s
 1159743 403388   14.72119   38  103          -   14.32500      -  34.0  145s
 1207659 412365   15.14012   37   87          -   14.35484      -  34.1  150s
 1258354 423070   14.66071   40   87          -   14.40000      -  34.1  155s
 1309789 434307   14.64995   30  102          -   14.44376      -  34.2  160s
 1361809 444904   16.00000   32   27          -   14.48969      -  34.2  165s
 1414461 452412     cutoff   41               -   14.50000      -  34.3  170s
 1462039 462134   15.51220   55   78          -   14.53846      -  34.4  175s
 1518147 473079   15.02490   45   96          -   14.58098      -  34.4  180s
 1564143 481443   16.29332   27  146          -   14.61453      -  34.5  185s
 1621285 491435   15.81481   38  104          -   14.65807      -  34.5  190s
 1666955 497637   15.50000   30   57          -   14.67568      -  34.6  195s
 1717502 506162   15.55556   39   98          -   14.71429      -  34.7  200s
 1767360 513887     cutoff   32               -   14.75000      -  34.7  205s
 1819547 522014   15.91538   47  104          -   14.77690      -  34.8  210s
 1866755 528584   14.84642   33  103          -   14.80026      -  34.8  215s
 1910919 535025 infeasible   35               -   14.83333      -  34.9  220s
 1961943 542259   15.04605   33  136          -   14.86486      -  35.0  225s
 2008716 548501   16.64350   36  109          -   14.89329      -  35.0  230s
 2054899 554127   15.45556   47   89          -   14.92348      -  35.1  235s
 2105257 560694   15.09133   48   87          -   14.96025      -  35.1  240s
 2145507 565407   15.22122   32  128          -   14.99820      -  35.2  245s
 2190444 565524   16.00000   41   11          -   15.00000      -  35.3  250s
 2237104 568208   16.00000   31   11          -   15.00000      -  35.4  255s
 2282555 572568 infeasible   33               -   15.00000      -  35.4  260s
 2327333 578374   16.35863   39  133          -   15.02094      -  35.4  265s
 2377193 584165   16.50000   38   31          -   15.05921      -  35.5  270s
 2421395 588519   16.28571   39   50          -   15.08875      -  35.6  275s
 2467009 592779   16.12727   30   88          -   15.11748      -  35.6  280s
 2511786 596355   16.54386   34   89          -   15.14286      -  35.7  285s
 2557246 599788   16.00000   37   85          -   15.16667      -  35.7  290s
 2596650 603007   15.50431   41   96          -   15.18974      -  35.8  295s
 2641877 605580   16.79246   38  127          -   15.21207      -  35.8  300s
 2681363 608198 infeasible   47               -   15.23529      -  35.9  305s
 2726792 609251   16.32366   30  151          -   15.25000      -  36.0  310s
 2766466 611572   16.39993   45   95          -   15.27556      -  36.0  315s
 2810494 613387 infeasible   30               -   15.29933      -  36.1  320s
 2849982 615150   16.76282   37   91          -   15.32143      -  36.2  325s
 2891271 613836     cutoff   39               -   15.33333      -  36.2  330s
 2930651 615449 infeasible   39               -   15.34790      -  36.3  335s
 2974890 616660   16.06897   30  101          -   15.37500      -  36.3  340s
 3019137 616955 infeasible   42               -   15.40000      -  36.4  345s
 3058368 617643   16.00000   43    9          -   15.41525      -  36.5  350s
 3098230 618104   16.49073   32  126          -   15.43430      -  36.5  355s
 3137375 618414   16.51064   49   73          -   15.45455      -  36.6  360s
 3181162 618616   16.00000   32   68          -   15.48077      -  36.7  365s
 3216077 615381   16.27273   36   45          -   15.50000      -  36.8  370s
 3257157 611072   16.77778   34   52          -   15.50000      -  36.8  375s
 3297635 609506     cutoff   47               -   15.50000      -  36.8  380s
 3336475 609612   16.40698   31   97          -   15.52381      -  36.9  385s
 3375983 609078   15.97973   43   55          -   15.54839      -  37.0  390s
 3415132 607612 infeasible   35               -   15.57143      -  37.0  395s
 3455340 606736     cutoff   36               -   15.59259      -  37.1  400s
 3494208 604613   16.43731   33  117          -   15.60938      -  37.2  405s
 3530031 602885   17.30000   32   80          -   15.62791      -  37.2  410s
 3568913 601161     cutoff   38               -   15.65217      -  37.3  415s
 3609709 595494 infeasible   44               -   15.66667      -  37.4  420s
 3648191 593127   16.78947   33   98          -   15.67760      -  37.4  425s
 3688757 590110     cutoff   34               -   15.70209      -  37.5  430s
 3723212 587096   16.58759   33  110          -   15.72214      -  37.6  435s
 3762620 583097   16.65772   29   76          -   15.74882      -  37.7  440s
 3798782 578580   16.25000   38   59          -   15.75000      -  37.7  445s
 3837233 574804 infeasible   31               -   15.77778      -  37.8  450s
 3871883 570138   16.87179   35   86          -   15.80000      -  37.9  455s
 3906050 566398   16.98498   37   90          -   15.81553      -  37.9  460s
 3946883 561195   16.47975   33   88          -   15.83333      -  38.0  465s
 3980147 556434     cutoff   31               -   15.85714      -  38.1  470s
 4015454 551515   16.55014   36  122          -   15.87500      -  38.1  475s
 4049351 546266     cutoff   28               -   15.89968      -  38.2  480s
 4083884 540809   16.24742   38  117          -   15.92089      -  38.3  485s
 4118708 534894   16.93506   35   77          -   15.94643      -  38.4  490s
 4152446 528658   16.20357   27  102          -   15.97614      -  38.5  495s
 4182922 518404     cutoff   45               -   16.00000      -  38.5  500s
 4219722 503582   16.00000   34    5          -   16.00000      -  38.6  505s
 4250673 493831   16.00000   34   10          -   16.00000      -  38.6  510s
 4291245 483513 infeasible   34               -   16.00000      -  38.7  515s
 4326383 475479 infeasible   50               -   16.00000      -  38.7  520s
 4355932 469541     cutoff   38               -   16.00000      -  38.8  525s
 4393548 462997     cutoff   39               -   16.01333      -  38.8  530s
 4427544 455709 infeasible   35               -   16.05000      -  38.9  535s
 4456824 448414   16.55682   32   90          -   16.07717      -  39.0  540s
 4491338 439029     cutoff   39               -   16.10638      -  39.1  545s
 4521180 430593     cutoff   32               -   16.12972      -  39.1  550s
 4550308 421831   16.17826   37   90          -   16.15385      -  39.2  555s
 4584139 410075 infeasible   40               -   16.18077      -  39.3  560s
 4614614 399107   17.00000   37   38          -   16.20000      -  39.3  565s
 4647765 386849     cutoff   35               -   16.23505      -  39.4  570s
 4677432 374354     cutoff   33               -   16.25000      -  39.5  575s
 4706024 361478   17.00000   46   26          -   16.27817      -  39.6  580s
 4735286 348144 infeasible   35               -   16.30769      -  39.6  585s
 4766640 330441     cutoff   44               -   16.33333      -  39.7  590s
 4794415 317749 infeasible   35               -   16.34625      -  39.8  595s
 4822798 302907     cutoff   34               -   16.37988      -  39.8  600s
 4852241 285948 infeasible   49               -   16.41176      -  39.9  605s
 4876430 271487     cutoff   36               -   16.44444      -  40.0  610s
 4904704 252350     cutoff   39               -   16.49180      -  40.0  615s
 4938042 227891   16.62500   30   73          -   16.50000      -  40.0  620s
 4967495 209485   17.02222   39   71          -   16.50000      -  40.1  625s
 4993463 191277 infeasible   30               -   16.54605      -  40.2  630s
 5024006 168326 infeasible   35               -   16.60000      -  40.2  635s
 5054115 140270     cutoff   38               -   16.66667      -  40.2  640s
 5084292 117123     cutoff   39               -   16.71790      -  40.3  645s
 5121142 82550     cutoff   48               -   16.83333      -  40.2  650s
 5167121 34039 infeasible   36               -   17.00000      -  40.1  655s

Cutting planes:
  Gomory: 26
  Implied bound: 246
  MIR: 384
  Zero half: 528
  Relax-and-lift: 6

Explored 5200091 nodes (207866897 simplex iterations) in 657.62 seconds (660.77 work units)
Thread count was 48 (of 64 available processors)

Solution count 0

Model objective exceeds cutoff
Best objective -, best bound 1.750000000185e+01, gap -

Gurobi 13.0.3 (linux64) logging started Fri Oct  2 09:45:53 2026

Set parameter LogFile to value "D2_10_gurobi.log"
Set parameter Threads to value 48
Set parameter NodefileStart to value 200
Set parameter NodefileDir to value "."
Set parameter SoftMemLimit to value 1000
Set parameter Cutoff to value 17.5
Set parameter MIPFocus to value 3
Set parameter Symmetry to value 2
Gurobi Optimizer version 13.0.3 build v13.0.3rc0 (linux64 - "Ubuntu 24.04.4 LTS")

CPU model: AMD Ryzen Threadripper PRO 9975WX 32-Cores, instruction set [SSE2|AVX|AVX2|AVX512]
Thread count: 32 physical cores, 64 logical processors, using up to 48 threads

Non-default parameters:
Cutoff  17.5
SoftMemLimit  1000
MIPFocus  3
NodefileStart  200
Symmetry  2
Threads  48

Optimize a model with 109 rows, 325 columns and 883 nonzeros (Min)
Model fingerprint: 0xcfa9ca0c
Model has 216 linear objective coefficients
Variable types: 0 continuous, 325 integer (216 binary)
Coefficient statistics:
  Matrix range     [1e+00, 2e+00]
  Objective range  [1e+00, 1e+00]
  Bounds range     [1e+00, 9e+00]
  RHS range        [1e+00, 1e+00]

Presolve time: 0.00s
Presolved: 109 rows, 325 columns, 883 nonzeros
Variable types: 0 continuous, 325 integer (216 binary)
Root relaxation presolve removed 109 rows and 325 columns
Root relaxation presolve: All rows and columns removed

Root relaxation: objective 1.000000e+00, 0 iterations, 0.00 seconds (0.00 work units)

    Nodes    |    Current Node    |     Objective Bounds      |     Work
 Expl Unexpl |  Obj  Depth IntInf | Incumbent    BestBd   Gap | It/Node Time

     0     0    2.00000    0    4          -    2.00000      -     -    0s
     0     0    3.00000    0    6          -    3.00000      -     -    0s
     0     0    4.00000    0    6          -    4.00000      -     -    0s
     0     0    4.00000    0    6          -    4.00000      -     -    0s
     0     2    4.00000    0    6          -    4.00000      -     -    0s
 11807  9099   13.45302   29  164          -   10.95186      -  67.1    5s
 41577 28524   12.82548   28  164          -   11.61992      -  46.6   10s
 77533 48057   15.43214   37  138          -   12.08696      -  41.8   15s
 125903 72440   14.69739   35  142          -   12.50000      -  39.4   20s
 170344 91783   13.50000   35  127          -   12.76155      -  38.3   25s
 217745 110825   14.75069   24  122          -   13.00000      -  38.0   30s
 263115 128949   16.15135   38  116          -   13.16800      -  37.9   35s
 295550 140005   13.94270   28  133          -   13.28571      -  37.9   40s
 328450 153288   17.00000   38   49          -   13.37500      -  38.0   45s
 369838 166876     cutoff   40               -   13.50000      -  38.0   50s
 420704 183526   16.06093   32  139          -   13.62270      -  38.0   55s
 466805 198095   14.73001   41  136          -   13.72774      -  38.1   60s
 511283 212052   14.41718   32  134          -   13.82424      -  38.2   65s
 551114 223978   15.21970   28  144          -   13.90484      -  38.3   70s
 597412 236732     cutoff   39               -   14.00000      -  38.5   75s
 636484 247317   15.56801   31  130          -   14.04348      -  38.7   80s
 682324 259706   14.62000   34  108          -   14.12525      -  38.8   85s
 727251 271789   14.72912   32  131          -   14.19512      -  38.9   90s
 765802 281377   16.38791   37  103          -   14.25000      -  39.1   95s
 810411 291186   15.80407   30  130          -   14.31414      -  39.2  100s
 810800 291472   14.89803   24  120          -   14.32495      -  39.3  105s
 811119 291691   15.69033   32   96          -   14.33333      -  39.3  110s
 811416 291798 infeasible   40               -   14.33333      -  39.4  115s
 811665 291941     cutoff   35               -   14.33333      -  39.4  120s
 811909 292090   15.28464   28  115          -   14.33333      -  39.5  125s
 813860 294112   16.57562   27  128          -   14.33629      -  39.5  130s
 839860 300278   15.57742   31  120          -   14.34459      -  39.5  135s
 869183 306495   15.02427   38  118          -   14.40213      -  39.7  140s
 910678 315736   16.38373   34  139          -   14.45992      -  39.8  145s
 947272 322279     cutoff   35               -   14.50000      -  40.0  150s
 989345 330870   15.80831   31  121          -   14.54902      -  40.1  155s
 1031066 338920   15.75875   34   99          -   14.59805      -  40.2  160s
 1072681 346793   15.54276   27  116          -   14.64479      -  40.4  165s
 1114035 353628   15.81250   29  111          -   14.68324      -  40.5  170s
 1154191 360894   16.93641   35  124          -   14.72727      -  40.7  175s
 1194480 367819   15.82111   40  113          -   14.76676      -  40.8  180s
 1234700 374335   16.15087   30  131          -   14.80628      -  41.0  185s
 1269395 379679     cutoff   38               -   14.84211      -  41.1  190s
 1309853 385301   16.43223   31  143          -   14.88235      -  41.3  195s
 1349405 391245   16.84821   32  118          -   14.92308      -  41.4  200s
 1384296 396121   16.04919   32  147          -   14.96269      -  41.6  205s
 1423040 398478     cutoff   41               -   15.00000      -  41.8  210s
 1455919 401127   16.75236   34  138          -   15.00000      -  41.9  215s
 1495913 406895     cutoff   34               -   15.03329      -  42.1  220s
 1530751 411394     cutoff   46               -   15.07143      -  42.2  225s
 1570435 415812   15.27088   36  159          -   15.11058      -  42.3  230s
 1604539 419380   15.47990   36  124          -   15.14242      -  42.4  235s
 1639359 422439     cutoff   35               -   15.17229      -  42.6  240s
 1673456 425138   16.40404   31   85          -   15.20192      -  42.7  245s
 1707639 427744   16.22056   32  120          -   15.23338      -  42.8  250s
 1742139 429673   15.63791   41  118          -   15.25926      -  43.0  255s
 1775790 431614     cutoff   41               -   15.29017      -  43.1  260s
 1810094 433522   15.99776   38  133          -   15.32031      -  43.2  265s
 1844943 433795   15.68071   38  146          -   15.34165      -  43.4  270s
 1879290 435084   16.56877   37  139          -   15.37319      -  43.5  275s
 1912471 435626   16.40325   36  126          -   15.40000      -  43.7  280s
 1946189 436181   16.13898   32  114          -   15.42857      -  43.8  285s
 1975324 436922   16.26120   28  126          -   15.45369      -  43.9  290s
 2009108 437340   16.02881   28  153          -   15.48460      -  44.1  295s
 2037002 433538     cutoff   32               -   15.50000      -  44.2  300s
 2066788 433415 infeasible   38               -   15.51182      -  44.3  305s
 2101937 433152 infeasible   33               -   15.54545      -  44.5  310s
 2130575 432234   15.93658   35  118          -   15.57143      -  44.6  315s
 2159227 430753 infeasible   34               -   15.59833      -  44.7  320s
 2194014 429487   16.78532   46  121          -   15.62500      -  44.9  325s
 2223280 428099   16.70361   32  130          -   15.65038      -  45.0  330s
 2252242 424541   16.22722   33  106          -   15.66667      -  45.2  335s
 2282070 422624     cutoff   35               -   15.69231      -  45.3  340s
 2311056 420010   16.64623   33  145          -   15.71731      -  45.4  345s
 2340533 416554   16.41952   27  170          -   15.74716      -  45.6  350s
 2369778 413167   16.45431   44  116          -   15.76623      -  45.7  355s
 2393869 410401     cutoff   39               -   15.78947      -  45.8  360s
 2423271 406276     cutoff   40               -   15.81379      -  46.0  365s
 2452478 401931   16.24221   31  101          -   15.83871      -  46.1  370s
 2476995 398160     cutoff   35               -   15.86111      -  46.2  375s
 2506374 393114     cutoff   44               -   15.88930      -  46.4  380s
 2530487 388787   16.02353   42   95          -   15.91429      -  46.5  385s
 2554971 384393   16.44618   37  110          -   15.94019      -  46.6  390s
 2583803 378854     cutoff   45               -   15.97345      -  46.8  395s
 2607091 369264     cutoff   47               -   16.00000      -  46.9  400s
 2626897 359719     cutoff   36               -   16.00000      -  47.0  405s
 2652008 352344     cutoff   47               -   16.00000      -  47.1  410s
 2680263 346811     cutoff   38               -   16.01319      -  47.2  415s
 2703686 340696 infeasible   36               -   16.04730      -  47.4  420s
 2732871 332428 infeasible   35               -   16.08333      -  47.5  425s
 2757357 325070 infeasible   45               -   16.11207      -  47.7  430s
 2781569 316734     cutoff   38               -   16.14130      -  47.8  435s
 2800853 309425   16.88406   33   89          -   16.16514      -  47.9  440s
 2825029 300219   16.92105   36   94          -   16.19231      -  48.0  445s
 2849516 290307   16.40340   42  115          -   16.22202      -  48.1  450s
 2873342 278856     cutoff   40               -   16.25000      -  48.3  455s
 2897056 267951 infeasible   33               -   16.27707      -  48.4  460s
 2916307 258520     cutoff   42               -   16.30303      -  48.5  465s
 2941122 243371   17.15988   42   94          -   16.33333      -  48.6  470s
 2963804 231090     cutoff   34               -   16.36207      -  48.7  475s
 2988220 216361     cutoff   39               -   16.40000      -  48.8  481s
 3007656 204328 infeasible   44               -   16.42769      -  48.9  485s
 3013835 202939     cutoff   30               -   16.43736      -  48.9  490s
 3015183 201809     cutoff   31               -   16.44000      -  48.9  495s
 3017008 198492     cutoff   46               -   16.44444      -  48.9  501s
 3035589 182921     cutoff   40               -   16.48166      -  49.0  506s
 3058506 162093     cutoff   35               -   16.50000      -  49.0  510s
 3084138 145949 infeasible   31               -   16.53731      -  49.1  516s
 3103342 130130     cutoff   51               -   16.58117      -  49.2  520s
 3128155 109005   16.89445   31  105          -   16.63906      -  49.2  525s
 3154379 85158     cutoff   35               -   16.69891      -  49.2  530s
 3179643 61546 infeasible   45               -   16.77500      -  49.2  535s
 3211354 28002     cutoff   31               -   16.95270      -  49.1  540s

Cutting planes:
  Gomory: 31
  Implied bound: 219
  MIR: 598
  Inf proof: 5
  Zero half: 571
  Relax-and-lift: 13

Explored 3246513 nodes (158408782 simplex iterations) in 543.41 seconds (626.52 work units)
Thread count was 48 (of 64 available processors)

Solution count 0

Model objective exceeds cutoff
Best objective -, best bound 1.750000000185e+01, gap -

Gurobi 13.0.3 (linux64) logging started Fri Oct  2 09:54:57 2026

Set parameter LogFile to value "D2_10_gurobi.log"
Set parameter Threads to value 48
Set parameter NodefileStart to value 200
Set parameter NodefileDir to value "."
Set parameter SoftMemLimit to value 1000
Set parameter Cutoff to value 17.5
Set parameter MIPFocus to value 3
Set parameter Symmetry to value 2
Gurobi Optimizer version 13.0.3 build v13.0.3rc0 (linux64 - "Ubuntu 24.04.4 LTS")

CPU model: AMD Ryzen Threadripper PRO 9975WX 32-Cores, instruction set [SSE2|AVX|AVX2|AVX512]
Thread count: 32 physical cores, 64 logical processors, using up to 48 threads

Non-default parameters:
Cutoff  17.5
SoftMemLimit  1000
MIPFocus  3
NodefileStart  200
Symmetry  2
Threads  48

Optimize a model with 109 rows, 325 columns and 911 nonzeros (Min)
Model fingerprint: 0xd4546bbf
Model has 216 linear objective coefficients
Variable types: 0 continuous, 325 integer (216 binary)
Coefficient statistics:
  Matrix range     [1e+00, 2e+00]
  Objective range  [1e+00, 1e+00]
  Bounds range     [1e+00, 2e+01]
  RHS range        [1e+00, 1e+00]

Presolve time: 0.00s
Presolved: 109 rows, 325 columns, 911 nonzeros
Variable types: 0 continuous, 325 integer (216 binary)
Root relaxation presolve removed 109 rows and 325 columns
Root relaxation presolve: All rows and columns removed

Root relaxation: objective 1.000000e+00, 0 iterations, 0.00 seconds (0.00 work units)

    Nodes    |    Current Node    |     Objective Bounds      |     Work
 Expl Unexpl |  Obj  Depth IntInf | Incumbent    BestBd   Gap | It/Node Time

     0     0    1.00000    0    3          -    1.00000      -     -    0s
     0     0    1.00000    0    3          -    1.00000      -     -    0s
     0     0    1.00000    0    3          -    1.00000      -     -    0s
     0     0    2.00000    0    3          -    2.00000      -     -    0s
     0     0    2.00000    0    3          -    2.00000      -     -    0s
     0     2    2.00000    0    3          -    2.00000      -     -    0s
  8181  6982    8.45620   41  132          -    7.61583      -  75.9    5s
 49815 36378    8.78445   21  141          -    8.69110      -  47.1   10s
 110644 79117   10.19495   40   92          -    9.15467      -  40.8   15s
 185740 123687   10.56809   32  102          -    9.51235      -  37.9   20s
 257785 163380   10.50000   30   38          -    9.78723      -  36.6   25s
 289229 178715   12.67631   27  110          -    9.92359      -  36.3   30s
 289568 179048   12.80089   36  105          -    9.95699      -  36.6   35s
 293353 181358   11.32655   19  128          -   10.00000      -  36.8   40s
 302925 189435   10.20748   34  119          -   10.00000      -  36.9   45s
 346645 213770   11.73797   30  106          -   10.11765      -  36.4   50s
 426840 257158   11.10299   29  110          -   10.31173      -  35.9   55s
 497869 295626   11.35078   30  112          -   10.44661      -  35.7   60s
 562314 332213   12.03846   30  107          -   10.54983      -  35.6   65s
 630847 365154   12.69605   39  123          -   10.66667      -  35.6   70s
 699633 400902   11.96576   42  106          -   10.75000      -  35.5   75s
 765177 435348   11.36082   32   99          -   10.83937      -  35.4   80s
 834379 471908   12.90000   37   74          -   10.93160      -  35.4   85s
 905296 504577   11.98916   33   85          -   11.00000      -  35.5   90s
 972361 537805   13.58140   43   49          -   11.04088      -  35.5   95s
 1044981 574469   12.00000   34   42          -   11.12500      -  35.4  100s
 1116606 610239   12.06743   36  126          -   11.20000      -  35.3  105s
 1180923 641692   12.11765   37   57          -   11.25000      -  35.3  110s
 1250772 674392   11.91892   32  114          -   11.31250      -  35.3  115s
 1318475 705598   12.70098   40  115          -   11.35714      -  35.4  120s
 1389337 739141   12.33333   39   79          -   11.41304      -  35.4  125s
 1462680 771820   11.73580   34  136          -   11.47196      -  35.4  130s
 1526242 800548   12.69231   33   64          -   11.50000      -  35.5  135s
 1595727 832252   12.15943   39  138          -   11.54167      -  35.5  140s
 1662541 863288   12.09935   41  116          -   11.59100      -  35.5  145s
 1736255 897053   12.10091   37  111          -   11.63636      -  35.6  150s
 1813354 929929   13.65031   40   83          -   11.66903      -  35.6  155s
 1886851 962348   13.69174   33  101          -   11.71920      -  35.6  160s
 1951371 990157   12.75255   38  106          -   11.75000      -  35.7  165s
 2015398 1018581   12.15055   36  102          -   11.78947      -  35.7  170s
 2082756 1047896   12.42502   24  100          -   11.82593      -  35.7  175s
 2152142 1077349   12.81790   37  102          -   11.86096      -  35.7  180s
 2219952 1106820   12.37549   38  132          -   11.89929      -  35.7  185s
 2282365 1134043   13.32174   54  117          -   11.93333      -  35.8  190s
 2356861 1165827   12.25041   47   96          -   11.98026      -  35.8  195s
 2421419 1187835   13.94118   36   72          -   12.00000      -  35.9  200s
 2477521 1208289   13.22736   39  102          -   12.00000      -  36.0  205s
 2541000 1233268   12.92857   35   64          -   12.00000      -  36.1  210s
 2598926 1256237   13.76068   36  121          -   12.00000      -  36.1  215s
 2667615 1285879   13.52128   37  100          -   12.04545      -  36.1  220s
 2735712 1314104   13.80000   31  107          -   12.08434      -  36.1  225s
 2810187 1345463   14.59259   32   91          -   12.12274      -  36.1  230s
 2888324 1376756   13.66667   37   21          -   12.15538      -  36.1  235s
 2949401 1401634   12.73684   37   82          -   12.17910      -  36.1  240s
 3023675 1431636   14.37500   29  106          -   12.20438      -  36.1  245s
 3096348 1461800   14.00000   46   71          -   12.23605      -  36.2  250s
 3167686 1489402   15.19565   35   74          -   12.25000      -  36.2  255s
 3240532 1518899   12.90102   32  132          -   12.28571      -  36.2  260s
 3307924 1545380   13.31136   33  136          -   12.30882      -  36.2  265s
 3375870 1571158   13.93279   38   97          -   12.33333      -  36.2  270s
 3436891 1593852   12.90769   34   77          -   12.33524      -  36.3  275s
 3509566 1622152   12.73534   41  116          -   12.36689      -  36.3  280s
 3576863 1648901   13.52042   24  111          -   12.39088      -  36.3  285s
 3644796 1674060   13.58511   40  103          -   12.40845      -  36.3  290s
 3711948 1699386   12.48000   40   62          -   12.42857      -  36.3  295s
 3782233 1726539   14.71429   48   51          -   12.45455      -  36.4  300s
 3849776 1751574   14.00000   42    6          -   12.47845      -  36.4  305s
 3908620 1771612   14.57105   47   91          -   12.50000      -  36.4  310s
 3973611 1791749   14.68464   48  108          -   12.50000      -  36.5  315s
 4034484 1811317   12.65625   43   73          -   12.50000      -  36.5  320s
 4101340 1834554   13.60169   38  114          -   12.50397      -  36.5  325s
 4166829 1859621   13.53488   43  118          -   12.53230      -  36.5  330s
 4227888 1881672   14.54711   38  114          -   12.55357      -  36.5  335s
 4299953 1907477   13.60667   40   91          -   12.57143      -  36.6  340s
 4366467 1932272   14.97849   47   86          -   12.59459      -  36.6  345s
 4432243 1955521   14.83333   39   83          -   12.60784      -  36.6  350s
 4495103 1977239   13.25167   44  104          -   12.62500      -  36.6  355s
 4560580 2001231   13.00000   45   32          -   12.64702      -  36.6  360s
 4630433 2025002   14.48649   39   55          -   12.66667      -  36.6  365s
 4692329 2044782   14.36293   38   94          -   12.66667      -  36.7  370s
 4753380 2066203   13.09825   37   93          -   12.68000      -  36.7  375s
 4826181 2091400   13.04545   43   55          -   12.70000      -  36.7  380s
 4887031 2112512   13.14620   37  109          -   12.71439      -  36.7  385s
 4957605 2137579   13.31285   31  109          -   12.73659      -  36.7  390s
 5018247 2157738   13.82075   43   88          -   12.75000      -  36.7  395s
 5082930 2179620   13.38011   41  101          -   12.75420      -  36.8  400s
 5147956 2203171   14.08541   37   95          -   12.77510      -  36.8  405s
 5215754 2226214     cutoff   39               -   12.79167      -  36.8  410s
 5280850 2246643   16.06183   31  129          -   12.80000      -  36.8  415s
 5348497 2270066   15.18182   46   91          -   12.81852      -  36.8  420s
 5409510 2289655   13.68644   39   96          -   12.83333      -  36.8  425s
 5475457 2312402   15.12721   34   91          -   12.84615      -  36.8  430s
 5547048 2336089   14.28141   39  111          -   12.86289      -  36.9  435s
 5608146 2356274   13.92607   44   99          -   12.87500      -  36.9  440s
 5668467 2376266   13.94266   26  135          -   12.88974      -  36.9  445s
 5730510 2397268   13.18950   31  123          -   12.90574      -  36.9  450s
 5792988 2418825   14.24691   35   85          -   12.92029      -  36.9  455s
 5856107 2439305   13.60396   39   84          -   12.93548      -  36.9  460s
 5922388 2461018   13.34351   40  108          -   12.95244      -  36.9  465s
 5993566 2484653   13.11913   35  112          -   12.97271      -  36.9  470s
 6059882 2506864   14.46882   40  117          -   12.99865      -  37.0  475s
 6106552 2516971   14.21250   38   73          -   13.00000      -  37.0  480s
 6159824 2528328   15.29894   38   76          -   13.00000      -  37.1  485s
 6209704 2539218   13.50000   36   24          -   13.00000      -  37.2  490s
 6265688 2552391   15.13542   38  137          -   13.00000      -  37.3  495s
 6320228 2566575   14.85417   52   90          -   13.00000      -  37.3  500s
 6381206 2582828   15.25000   35   48          -   13.00000      -  37.4  505s
 6441633 2600039   14.37037   41  108          -   13.00000      -  37.4  510s
 6502321 2617370   14.00000   35   52          -   13.00000      -  37.4  515s
 6557939 2632795   14.00000   36   31          -   13.00000      -  37.5  520s
 6620519 2651548   14.44619   33   93          -   13.00000      -  37.5  525s
 6681178 2670495   15.51715   48   86          -   13.00000      -  37.5  530s
 6747476 2691824   13.20000   29  102          -   13.01310      -  37.5  535s
 6813924 2713113   13.66667   32   23          -   13.03497      -  37.5  540s
 6871843 2730775   13.88525   33  101          -   13.05128      -  37.5  545s
 6941418 2754264   13.52804   40  100          -   13.06915      -  37.5  550s
 7004464 2773280   13.80032   33  108          -   13.08333      -  37.5  555s
 7065687 2792728   13.78715   33  108          -   13.09722      -  37.5  560s
 7126697 2811870   13.19768   46  108          -   13.11020      -  37.5  565s
 7187478 2831037   15.08783   38  118          -   13.12195      -  37.5  570s
 7252209 2851037   14.00000   39   41          -   13.13333      -  37.5  575s
 7319037 2869757   15.33333   40   80          -   13.14286      -  37.5  580s
 7381134 2890689   13.90000   40   94          -   13.15789      -  37.5  585s
 7441380 2908008   13.39130   35   68          -   13.16667      -  37.5  590s
 7511904 2929323   13.89105   37  100          -   13.17839      -  37.5  595s
 7573159 2947870   13.45455   38   88          -   13.19028      -  37.5  600s
 7644222 2968499   14.71429   54   41          -   13.20000      -  37.5  605s
 7709255 2987649   13.67647   35   78          -   13.21021      -  37.5  610s
 7773321 3006641   14.04316   27  118          -   13.22222      -  37.5  615s
 7834902 3023824   13.82692   35  108          -   13.23333      -  37.5  620s
 7898084 3043385   14.00000   41    4          -   13.24823      -  37.5  625s
 7957834 3057703   15.26667   49   73          -   13.25000      -  37.6  630s
 8023387 3075526   14.57143   49   63          -   13.25000      -  37.6  635s
 8084095 3094272   13.43562   39  118          -   13.26415      -  37.6  640s
 8150508 3113888   13.49466   40  102          -   13.27634      -  37.6  645s
 8211371 3130685   14.73077   43   92          -   13.28571      -  37.6  650s
 8276801 3150209   14.09763   35  116          -   13.29751      -  37.6  655s
 8346334 3169338   14.88999   40  127          -   13.30769      -  37.6  660s
 8410810 3187946   14.50000   40    9          -   13.31915      -  37.6  665s
 8474576 3204997   16.42683   41   69          -   13.33333      -  37.6  670s
 8530676 3217089   15.00000   31    9          -   13.33333      -  37.7  675s
 8586726 3230648   14.88800   36   97          -   13.33333      -  37.7  680s
 8653531 3248612 infeasible   38               -   13.33333      -  37.7  685s
 8713960 3265847   14.82353   41  104          -   13.34483      -  37.7  690s
 8779693 3284902   15.25062   51  120          -   13.35714      -  37.7  695s
 8850865 3303679   14.32943   36  127          -   13.36842      -  37.7  700s
 8913455 3320018   14.45192   37  110          -   13.37500      -  37.7  705s
 8979162 3337886   14.12500   30   88          -   13.38678      -  37.7  710s
 9039518 3354695   14.00000   38   11          -   13.39940      -  37.7  715s
 9105717 3370623   14.04638   44  106          -   13.40000      -  37.7  720s
 9168879 3388579   14.27953   45   99          -   13.41026      -  37.7  725s
 9236290 3406902   14.25000   54   27          -   13.42105      -  37.8  730s
 9302572 3423817   13.80412   39   84          -   13.42857      -  37.8  735s
 9367853 3442198   13.85408   41  114          -   13.43855      -  37.8  740s
 9434699 3459658   15.33871   37   81          -   13.44720      -  37.8  745s
 9499088 3476880   14.41530   38   96          -   13.45714      -  37.8  750s
 9564192 3494158   14.39640   46   91          -   13.46667      -  37.8  755s
 9622163 3509842   13.91687   37  110          -   13.47643      -  37.8  760s
 9691491 3528618   15.18895   32  113          -   13.48958      -  37.8  765s
 9747969 3541592   15.64436   38  122          -   13.50000      -  37.8  770s
 9801439 3550871 infeasible   40               -   13.50000      -  37.9  775s
 9860430 3562186   14.35772   36   81          -   13.50000      -  37.9  780s
 9919355 3574434   14.80496   29  111          -   13.50000      -  37.9  785s
 9970695 3585150   16.00000   45    2          -   13.50000      -  38.0  790s
 10030831 3598320   16.13043   42   91          -   13.50000      -  38.0  795s
 10091261 3611390   14.27964   36  113          -   13.50000      -  38.0  800s
 10156687 3626418   14.57143   36   46          -   13.50000      -  38.0  805s
 10217282 3641228   15.10811   38   85          -   13.50000      -  38.0  810s
 10278262 3657558   15.50543   42   95          -   13.50714      -  38.0  815s
 10338818 3673943   15.20000   45   62          -   13.51977      -  38.0  820s
 10399551 3690147   14.61905   38   67          -   13.52941      -  38.0  825s
 10465350 3707303   14.33333   34   77          -   13.53949      -  38.0  830s
 10524588 3722700   13.69101   36  127          -   13.54882      -  38.0  835s
 10585976 3737888   14.20787   36   97          -   13.55556      -  38.1  840s
 10647390 3754278   14.00864   41  107          -   13.56634      -  38.1  845s
 10708203 3768848   13.94340   31   89          -   13.57143      -  38.1  850s
 10768716 3784515   13.82022   32  101          -   13.58140      -  38.1  855s
 10824081 3798151   15.00000   36    9          -   13.58824      -  38.1  860s
 10884487 3813050   14.33333   44   27          -   13.59883      -  38.1  865s
 10950637 3826559   14.90244   40   75          -   13.60000      -  38.1  870s
 11015930 3842854   15.46622   38   89          -   13.60694      -  38.1  875s
 11075531 3858131   14.01709   39  105          -   13.61538      -  38.1  880s
 11136052 3873338   15.26754   37   66          -   13.62500      -  38.1  885s
 11192576 3887095   14.11438   34  141          -   13.62857      -  38.1  890s
 11258643 3903342   14.16928   37  112          -   13.63696      -  38.1  895s
 11314198 3917591   14.84615   35   61          -   13.64516      -  38.1  900s
 11374154 3932490   15.71429   35  123          -   13.65385      -  38.1  905s
 11434626 3947451   14.88889   45   47          -   13.66667      -  38.1  910s
 11494119 3956982   14.90000   46   98          -   13.66667      -  38.2  915s
 11554766 3968264   14.90323   42   93          -   13.66667      -  38.2  920s
 11620382 3981959   15.09868   39  121          -   13.66667      -  38.2  925s
 11671578 3992345   15.47902   33   97          -   13.66667      -  38.2  930s
 11675299 3994045   14.39286   40   69          -   13.66667      -  38.2  936s
 11692141 3998492   14.05882   40   78          -   13.66667      -  38.2  940s
 11714699 4004101   14.39698   37  116          -   13.66667      -  38.2  945s
 11756308 4014192   14.93770   35  118          -   13.67647      -  38.2  950s
 11809400 4026991   15.01418   37  102          -   13.68540      -  38.3  955s
 11864232 4039054   14.79508   36   71          -   13.69291      -  38.3  960s
 11922086 4052780   13.88235   52   55          -   13.70000      -  38.3  965s
 11988044 4068675   14.45389   30   97          -   13.70968      -  38.3  970s
 12045201 4080911   14.31366   40  123          -   13.71429      -  38.3  975s
 12104881 4095862   14.48113   39   93          -   13.72182      -  38.3  980s
 12156579 4108054   14.50000   45   45          -   13.72727      -  38.3  985s
 12216479 4122750   13.91667   38   75          -   13.73566      -  38.3  990s
 12272679 4137143   14.38095   40   61          -   13.74484      -  38.3  995s
 12326524 4147126   14.87083   34   96          -   13.75000      -  38.3 1000s
 12391872 4158955   15.57143   54   39          -   13.75000      -  38.4 1005s
 12457082 4172787   15.70077   36  106          -   13.75000      -  38.4 1010s
 12511923 4185508   15.03571   32   55          -   13.75342      -  38.4 1015s
 12572319 4199870   14.69028   38  119          -   13.76308      -  38.4 1020s
 12632452 4214097 infeasible   46               -   13.77083      -  38.4 1025s
 12691447 4227124   15.10000   35   76          -   13.77778      -  38.4 1030s
 12750063 4241267   14.00000   40   26          -   13.78440      -  38.4 1035s
 12806300 4253963   14.02709   29  105          -   13.79167      -  38.4 1040s
 12870227 4267838   14.87179   46   85          -   13.80000      -  38.4 1045s
 12930739 4279535   14.70464   36  117          -   13.80000      -  38.4 1050s
 12989451 4293384   14.23886   32  106          -   13.80435      -  38.4 1055s
 13053673 4308233 infeasible   49               -   13.81250      -  38.5 1060s
 13114407 4321987   13.88931   55   93          -   13.81949      -  38.5 1065s
 13178396 4336576   14.90909   36   68          -   13.82847      -  38.5 1070s
 13235673 4347409   14.60000   34   61          -   13.83333      -  38.5 1075s
 13297609 4359511   14.48517   36  117          -   13.83333      -  38.5 1080s
 13362745 4373979   15.41304   46   74          -   13.84211      -  38.5 1085s
 13422572 4387050   14.16364   41   99          -   13.84914      -  38.5 1090s
 13477325 4399077   14.00000   41   11          -   13.85714      -  38.5 1095s
 13538144 4411851   16.31481   52   83          -   13.85855      -  38.5 1100s
 13592406 4424126     cutoff   34               -   13.86667      -  38.5 1105s
 13649515 4437323     cutoff   47               -   13.87387      -  38.5 1110s
 13704617 4447255   14.70141   48   90          -   13.87500      -  38.5 1115s
 13764337 4460435   13.96296   40   78          -   13.88235      -  38.5 1120s
 13829571 4474304   14.21392   44  109          -   13.88889      -  38.6 1125s
 13891057 4488007   15.03478   42  109          -   13.89600      -  38.6 1130s
 13947229 4499228   16.02059   51  114          -   13.90000      -  38.6 1135s
 14006985 4511090   14.78056   40  106          -   13.90842      -  38.6 1140s
 14062892 4523739   14.96000   41  101          -   13.91379      -  38.6 1145s
 14127784 4537338   15.70729   43   82          -   13.92063      -  38.6 1150s
 14183053 4548999   14.40845   37  106          -   13.92727      -  38.6 1155s
 14245087 4561463   15.81346   35  114          -   13.93333      -  38.6 1160s
 14299542 4573100   15.50000   40   23          -   13.94030      -  38.6 1165s
 14359254 4586006   15.97348   38  109          -   13.94737      -  38.6 1170s
 14424184 4600204   15.10698   37   95          -   13.95522      -  38.6 1175s
 14484000 4612887   14.76923   38   90          -   13.96296      -  38.6 1180s
 14549514 4626679   14.73333   39   88          -   13.97168      -  38.7 1185s
 14609328 4639444   14.70426   44  103          -   13.98101      -  38.7 1190s
 14669942 4652884   15.11111   43   63          -   13.99265      -  38.7 1195s
 14715452 4659648     cutoff   45               -   14.00000      -  38.7 1200s
 14761589 4663018   15.37500   44   81          -   14.00000      -  38.7 1205s
 14804954 4665853   16.40642   42   86          -   14.00000      -  38.8 1210s
 14853194 4669307   15.18384   36   94          -   14.00000      -  38.8 1215s
 14896777 4671944 infeasible   40               -   14.00000      -  38.9 1220s
 14940878 4675037   15.81818   41   50          -   14.00000      -  38.9 1225s
 14993505 4679155 infeasible   46               -   14.00000      -  39.0 1230s
 15041399 4683674   14.00000   42    9          -   14.00000      -  39.0 1235s
 15086147 4688509   15.07648   43   94          -   14.00000      -  39.0 1240s
 15135462 4694512   16.50000   48   51          -   14.00000      -  39.1 1245s
 15189113 4701456   16.05882   46  106          -   14.00000      -  39.1 1250s
 15237785 4707781   15.46000   49   79          -   14.00000      -  39.1 1255s
 15292763 4715512   15.10214   36  130          -   14.00000      -  39.1 1260s
 15346529 4722854   15.00000   53   32          -   14.00000      -  39.2 1265s
 15402186 4731243     cutoff   38               -   14.00000      -  39.2 1270s
 15456488 4738638   14.90104   36   83          -   14.00000      -  39.2 1275s
 15506448 4746732   14.50000   41   59          -   14.00000      -  39.2 1280s
 15517654 4747887   15.00000   49   66          -   14.00000      -  39.2 1285s
 15518086 4748218   15.00000   48    9          -   14.00000      -  39.2 1290s
 15518469 4748511   15.14286   35   64          -   14.00000      -  39.2 1295s
 15518690 4748675   14.00000   36   24          -   14.00000      -  39.2 1300s
 15518953 4748893   14.00000   49    8          -   14.00000      -  39.2 1306s
 15519114 4749017   15.50000   42   92          -   14.00000      -  39.2 1310s
 15519327 4749187 infeasible   56               -   14.00000      -  39.2 1316s
 15519494 4749310   15.02809   43   93          -   14.00000      -  39.2 1320s
 15519705 4749484   15.25000   42   28          -   14.00000      -  39.2 1326s
 15520292 4749746   15.00000   47    9          -   14.00000      -  39.2 1330s
 15526624 4751364   14.74648   39   82          -   14.00000      -  39.3 1335s
 15532093 4752831   15.00000   50   10          -   14.00000      -  39.3 1340s
 15563113 4756706   15.47736   32  102          -   14.00000      -  39.3 1345s
 15585092 4759604   15.00000   41   15          -   14.00000      -  39.3 1352s
 15617172 4764448   14.80916   36  105          -   14.00000      -  39.3 1355s
 15649081 4769362   14.27778   33   66          -   14.00000      -  39.3 1360s
 15699686 4777736   15.33333   46   37          -   14.00000      -  39.3 1365s
 15760771 4787230     cutoff   43               -   14.00000      -  39.3 1370s
 15816720 4796553     cutoff   41               -   14.00000      -  39.3 1375s
 15872786 4806022   15.00000   41   34          -   14.00000      -  39.3 1380s
 15928848 4815431   14.93750   47   78          -   14.00000      -  39.3 1385s
 15990697 4826308   14.33333   39   56          -   14.00000      -  39.3 1390s
 16051604 4837205   14.20000   45   42          -   14.00000      -  39.3 1395s
 16113218 4848910   14.76499   47   89          -   14.00000      -  39.3 1400s
 16168504 4859836   14.76835   42  127          -   14.00000      -  39.3 1405s
 16220585 4870089   14.65789   42  126          -   14.00000      -  39.3 1410s
 16285592 4884045   14.55592   50  121          -   14.00760      -  39.4 1415s
 16341277 4895733   14.91176   26   99          -   14.01881      -  39.4 1420s
 16407130 4909195   14.72148   33  117          -   14.02995      -  39.4 1425s
 16464405 4920825 infeasible   48               -   14.03825      -  39.4 1430s
 16530428 4934457   14.61634   38   88          -   14.04721      -  39.4 1435s
 16592219 4947356   15.00000   34    9          -   14.05517      -  39.4 1440s
 16647818 4958196   14.75000   45   34          -   14.06203      -  39.4 1445s
 16705907 4969872   14.66514   38   92          -   14.06800      -  39.4 1450s
 16772694 4983444   15.67057   40  101          -   14.07576      -  39.4 1455s
 16840223 4995886   15.66667   44   69          -   14.08333      -  39.4 1460s
 16897961 5007767   15.24228   34  131          -   14.08883      -  39.4 1465s
 16958916 5019425   14.50000   40   18          -   14.09505      -  39.4 1470s
 17014887 5030255 infeasible   43               -   14.10000      -  39.4 1475s
 17075781 5042010   15.15909   43   75          -   14.10638      -  39.4 1480s
 17130584 5051690   14.94062   34  115          -   14.11111      -  39.4 1485s
 17191705 5063498   15.53429   37   96          -   14.11765      -  39.4 1490s
 17251751 5074992   15.23111   43  104          -   14.12500      -  39.4 1495s
 17313790 5086250   14.79368   40  112          -   14.12616      -  39.4 1500s
 17373890 5097954   16.20292   41  133          -   14.13333      -  39.4 1505s
 17440032 5110724   15.28379   38  118          -   14.14191      -  39.4 1510s
 17495894 5119980   14.59259   34   85          -   14.14286      -  39.4 1515s
 17562043 5132724   14.40417   39  124          -   14.15000      -  39.4 1520s
 17617270 5142834   14.84030   38  117          -   14.15616      -  39.4 1525s
 17678122 5153937   15.13366   35  122          -   14.16327      -  39.4 1530s
 17732978 5161463   16.00000   39   72          -   14.16667      -  39.4 1535s
 17790511 5170455     cutoff   36               -   14.16667      -  39.4 1540s
 17850599 5181391   14.48981   31  117          -   14.17152      -  39.4 1545s
 17910598 5192545   14.80000   41   54          -   14.17857      -  39.4 1550s
 17966775 5202918 infeasible   47               -   14.18306      -  39.4 1555s
 18028233 5214278     cutoff   43               -   14.18966      -  39.4 1560s
 18089139 5225928   15.02269   37   96          -   14.19685      -  39.4 1565s
 18144947 5233155   16.37179   36  101          -   14.20000      -  39.4 1570s
 18196268 5240802   15.00000   48   43          -   14.20000      -  39.4 1575s
 18251349 5250937   14.54348   39   96          -   14.20149      -  39.4 1580s
 18311980 5262402   15.76471   36   92          -   14.20930      -  39.5 1585s
 18372509 5272790   14.76804   43  106          -   14.21429      -  39.5 1590s
 18432733 5283118   14.91568   39  100          -   14.22215      -  39.5 1595s
 18487854 5291931   15.50000   38   51          -   14.22346      -  39.5 1600s
 18548602 5302527   15.31487   38  124          -   14.23077      -  39.5 1605s
 18608476 5313159   15.85714   37   65          -   14.23529      -  39.5 1610s
 18677267 5325663   14.49038   43  111          -   14.24299      -  39.5 1615s
 18731158 5333644     cutoff   53               -   14.25000      -  39.5 1620s
 18791225 5339788   15.86316   40   73          -   14.25000      -  39.5 1625s
 18846697 5346526   14.47989   36  104          -   14.25000      -  39.5 1630s
 18912096 5355916   15.11049   36   96          -   14.25000      -  39.5 1635s
 18976359 5366183 infeasible   42               -   14.25000      -  39.5 1640s
 19037237 5377080   14.43970   39  103          -   14.25581      -  39.5 1645s
 19103049 5388653   15.39474   36   75          -   14.26316      -  39.5 1650s
 19159019 5398099   15.39072   47   82          -   14.26804      -  39.5 1655s
 19219121 5407855   16.27586   44   70          -   14.27273      -  39.5 1660s
 19288550 5419104   15.38128   37  118          -   14.27882      -  39.5 1665s
 19342850 5427923   14.75000   41   25          -   14.28571      -  39.5 1670s
 19403004 5436522   15.61620   33  123          -   14.28571      -  39.6 1675s
 19462441 5446575   14.57143   39   99          -   14.29167      -  39.6 1680s
 19523449 5456626   15.66667   34   49          -   14.29730      -  39.6 1685s
 19589351 5466086 infeasible   37               -   14.30000      -  39.6 1690s
 19643671 5475636   16.32432   36   86          -   14.30682      -  39.6 1695s
 19702884 5485301   16.13008   41   99          -   14.31250      -  39.6 1700s
 19765655 5495354   15.27778   43   78          -   14.31756      -  39.6 1705s
 19824090 5505398   14.82682   47  125          -   14.32323      -  39.6 1710s
 19883282 5515563   17.00000   44   12          -   14.33110      -  39.6 1715s
 19929108 5518386     cutoff   43               -   14.33333      -  39.6 1720s
 19984871 5522781   16.00000   41   46          -   14.33333      -  39.6 1725s
 20034915 5527685   14.40000   37   73          -   14.33333      -  39.7 1730s
 20089293 5533347   16.00000   42   76          -   14.33333      -  39.7 1735s
 20143804 5539730   16.33754   39   85          -   14.33333      -  39.7 1740s
 20199180 5546868 infeasible   45               -   14.33333      -  39.7 1745s
 20254855 5554356   16.00000   41   48          -   14.33333      -  39.7 1750s
 20315928 5563075   15.84726   41  116          -   14.33333      -  39.7 1755s
 20375961 5573253   15.00000   46   10          -   14.33784      -  39.7 1760s
 20430966 5582194   15.44872   38  102          -   14.34426      -  39.7 1765s
 20484727 5590456     cutoff   40               -   14.35000      -  39.7 1770s
 20545104 5600085   15.89049   36  106          -   14.35552      -  39.7 1775s
 20605137 5609120   15.33333   41   41          -   14.36000      -  39.7 1780s
 20665182 5618751   15.46055   38  100          -   14.36364      -  39.7 1785s
 20725078 5628416   14.91572   37   92          -   14.37037      -  39.7 1790s
 20779582 5635310   15.30702   40   87          -   14.37500      -  39.7 1795s
 20841435 5643971   15.16216   39   75          -   14.37500      -  39.7 1800s
 20896863 5652714   16.00000   29   55          -   14.38158      -  39.7 1805s
 20953426 5660639   15.87743   26  129          -   14.38576      -  39.7 1810s
 21008988 5669140   15.00000   45    9          -   14.39091      -  39.7 1815s
 21069084 5677913   15.80653   39   96          -   14.39706      -  39.7 1820s
 21121642 5682588     cutoff   43               -   14.40000      -  39.8 1825s
 21172845 5688214   15.20000   38   50          -   14.40000      -  39.8 1830s
 21233453 5696337   14.50000   40   62          -   14.40000      -  39.8 1835s
 21288460 5704799   15.00000   36   79          -   14.40462      -  39.8 1840s
 21347052 5713322   15.46187   34   97          -   14.41053      -  39.8 1845s
 21401616 5721083   14.43534   43   72          -   14.41564      -  39.8 1850s
 21457392 5728569   15.17647   36   82          -   14.41818      -  39.8 1855s
 21513187 5736608   14.60456   39  126          -   14.42308      -  39.8 1860s
 21566130 5743346   16.00000   47   13          -   14.42857      -  39.8 1865s
 21623322 5750062   15.07143   50   68          -   14.42857      -  39.8 1870s
 21677917 5758799   14.83556   45   95          -   14.43312      -  39.8 1875s
 21732680 5766097   15.88889   48   68          -   14.43750      -  39.8 1880s
 21793711 5774815   15.25000   38   63          -   14.44390      -  39.8 1885s
 21849441 5781150   15.17293   39   82          -   14.44444      -  39.8 1890s
 21903146 5788932   15.00000   38   46          -   14.45000      -  39.8 1895s
 21963417 5796613 infeasible   43               -   14.45455      -  39.8 1900s
 22024331 5805872   16.33665   38   96          -   14.45912      -  39.9 1905s
 22078424 5813211   15.00000   37    8          -   14.46341      -  39.9 1910s
 22139634 5821502   15.64286   42   76          -   14.46809      -  39.9 1915s
 22193593 5829146   14.83004   44   94          -   14.47296      -  39.9 1920s
 22254823 5838466   15.91867   40  103          -   14.47826      -  39.9 1925s
 22309812 5846185   15.70000   51   53          -   14.48333      -  39.9 1930s
 22365676 5854070   15.19672   52   91          -   14.48931      -  39.9 1935s
 22424918 5863174   15.45331   37  114          -   14.49760      -  39.9 1940s
 22471650 5864324   16.25000   46   63          -   14.50000      -  39.9 1945s
 22516409 5865109 infeasible   52               -   14.50000      -  39.9 1950s
 22560544 5866112   15.23134   41   98          -   14.50000      -  40.0 1955s
 22609621 5867782   16.00000   42   35          -   14.50000      -  40.0 1960s
 22657898 5869464     cutoff   50               -   14.50000      -  40.0 1965s
 22708302 5871921   15.50000   41   29          -   14.50000      -  40.0 1970s
 22757717 5874555   15.40000   38   64          -   14.50000      -  40.0 1975s
 22813108 5878047     cutoff   48               -   14.50000      -  40.1 1980s
 22862649 5881547   16.16667   58   55          -   14.50000      -  40.1 1985s
 22918100 5885428     cutoff   34               -   14.50000      -  40.1 1990s
 22968828 5888960   15.97312   41   74          -   14.50000      -  40.1 1995s
 23025038 5893357   15.00000   44   14          -   14.50000      -  40.1 2000s
 23074093 5897733 infeasible   47               -   14.50000      -  40.1 2005s
 23133864 5903089   15.00000   36   55          -   14.50000      -  40.1 2010s
 23188738 5908129   16.13084   56   61          -   14.50000      -  40.1 2015s
 23243873 5913591   15.00000   40   33          -   14.50000      -  40.1 2020s
 23303601 5919569   15.14286   37   66          -   14.50000      -  40.1 2025s
 23359218 5925742   15.00000   39    9          -   14.50000      -  40.1 2030s
 23414217 5931674   15.98583   42  105          -   14.50000      -  40.1 2035s
 23477046 5939241   15.52381   48   84          -   14.50000      -  40.1 2040s
 23537140 5947456   15.63561   39  110          -   14.50000      -  40.1 2045s
 23591274 5955166   16.20792   45   84          -   14.50704      -  40.2 2050s
 23645785 5962897   16.78571   43   73          -   14.51336      -  40.2 2055s
 23705068 5970880   16.44355   39  100          -   14.51948      -  40.2 2060s
 23759286 5978448   16.74348   36  104          -   14.52416      -  40.2 2065s
 23819706 5986413   15.00000   36    9          -   14.52941      -  40.2 2070s
 23874220 5993416   15.26389   41   95          -   14.53333      -  40.2 2075s
 23934405 6001021   14.98391   40  110          -   14.53846      -  40.2 2080s
 23994011 6008962   15.32603   40  122          -   14.54437      -  40.2 2085s
 24043671 6014695     cutoff   41               -   14.54674      -  40.2 2090s
 24099234 6021851     cutoff   47               -   14.55172      -  40.2 2095s
 24153083 6027468   15.50000   47   25          -   14.55556      -  40.2 2100s
 24213520 6034771   15.80612   43   94          -   14.55833      -  40.2 2105s
 24273846 6042313   15.56045   47  109          -   14.56250      -  40.2 2110s
 24334105 6050406   15.50000   35   21          -   14.56858      -  40.2 2115s
 24386992 6054793   16.13333   44   67          -   14.57143      -  40.2 2120s
 24448043 6061871   15.83333   30   60          -   14.57143      -  40.2 2125s
 24511624 6070129   15.68750   39   80          -   14.57854      -  40.2 2130s
 24565455 6076600   14.86000   37   83          -   14.58333      -  40.3 2135s
 24625750 6083823   15.41667   48   53          -   14.58622      -  40.3 2140s
 24686452 6091404   14.78307   42   72          -   14.59123      -  40.3 2145s
 24746411 6098903   16.05428   35   92          -   14.59701      -  40.3 2150s
 24798058 6101816   16.13362   37   97          -   14.60000      -  40.3 2155s
 24853635 6105697   15.98965   45  131          -   14.60000      -  40.3 2160s
 24909125 6110683   15.54162   40   96          -   14.60000      -  40.3 2165s
 24963736 6117048   14.95801   44   93          -   14.60075      -  40.3 2170s
 25023464 6125063   15.63866   47   92          -   14.60720      -  40.3 2175s
 25082700 6131907   14.80936   42  103          -   14.61194      -  40.3 2180s
 25142032 6138596   15.71154   47  109          -   14.61610      -  40.3 2185s
 25201850 6146009   15.45126   41  116          -   14.62176      -  40.3 2190s
 25255545 6150717   16.34375   39   69          -   14.62500      -  40.3 2195s
 25321420 6157582   16.00000   37   48          -   14.62500      -  40.3 2200s
 25375308 6163952   15.54557   38   93          -   14.63106      -  40.3 2205s
 25429427 6170257   16.19512   42  109          -   14.63596      -  40.3 2210s
 25483729 6175964   15.30747   40  132          -   14.63830      -  40.4 2215s
 25542723 6182379   15.33333   34   79          -   14.64286      -  40.4 2220s
 25596064 6188110   16.00000   40    8          -   14.64706      -  40.4 2225s
 25650392 6194284 infeasible   46               -   14.65079      -  40.4 2230s
 25704910 6200599   16.25510   38   90          -   14.65568      -  40.4 2235s
 25760161 6207365   15.49557   41  131          -   14.66122      -  40.4 2240s
 25814863 6210883     cutoff   38               -   14.66667      -  40.4 2245s
 25858993 6210841   15.00000   44    7          -   14.66667      -  40.4 2250s
 25908692 6211548   15.09533   38  119          -   14.66667      -  40.4 2255s
 25958885 6213045 infeasible   54               -   14.66667      -  40.4 2260s
 26007771 6215096   15.33333   42   33          -   14.66667      -  40.5 2265s
 26061587 6218155   15.12606   38  116          -   14.66667      -  40.5 2270s
 26115899 6221396   15.28571   48   91          -   14.66667      -  40.5 2275s
 26171761 6225224   14.80000   46   50          -   14.66667      -  40.5 2280s
 26226424 6229688     cutoff   32               -   14.66667      -  40.5 2285s
 26286058 6235069   16.65707   39  123          -   14.66667      -  40.5 2290s
 26346236 6241450   16.23843   36  112          -   14.66667      -  40.5 2295s
 26401262 6248026 infeasible   59               -   14.67257      -  40.5 2300s
 26455052 6254217     cutoff   36               -   14.67797      -  40.5 2305s
 26505128 6259539 infeasible   51               -   14.68182      -  40.5 2310s
 26560474 6265011   15.85390   40  112          -   14.68673      -  40.5 2315s
 26614778 6270624   15.89189   41   83          -   14.69048      -  40.5 2320s
 26674412 6276857   15.50000   49   33          -   14.69444      -  40.5 2325s
 26728209 6282597   16.09132   43  112          -   14.70000      -  40.5 2330s
 26783739 6287060   15.60793   28  116          -   14.70000      -  40.5 2335s
 26842329 6293259   16.11111   42   64          -   14.70588      -  40.6 2340s
 26898017 6299072     cutoff   53               -   14.70968      -  40.6 2345s
 26950358 6303377   15.53704   44   72          -   14.71429      -  40.6 2350s
 27000128 6306726   15.93333   40   77          -   14.71429      -  40.6 2355s
 27060332 6313211   16.00000   38   64          -   14.71667      -  40.6 2360s
 27119827 6319254   16.00000   47   12          -   14.72222      -  40.6 2365s
 27174206 6324918   15.19854   40   87          -   14.72593      -  40.6 2370s
 27229047 6329559   15.62500   40  111          -   14.72807      -  40.6 2375s
 27283422 6335065   17.00000   48   13          -   14.73333      -  40.6 2380s
 27338932 6340615   15.06695   39   88          -   14.73684      -  40.6 2385s
 27392499 6346152   16.12500   41   77          -   14.74074      -  40.6 2390s
 27447142 6351941   15.35236   46  103          -   14.74609      -  40.6 2395s
 27494497 6353908   16.50000   40   18          -   14.75000      -  40.6 2400s
 27548681 6354343   15.42574   42   94          -   14.75000      -  40.6 2405s
 27598641 6355613   16.77778   39   81          -   14.75000      -  40.7 2410s
 27654259 6358049 infeasible   33               -   14.75000      -  40.7 2415s
 27709758 6360961 infeasible   42               -   14.75000      -  40.7 2420s
 27764842 6364897   14.75000   42   68          -   14.75000      -  40.7 2425s
 27820137 6369145   15.33333   48   54          -   14.75000      -  40.7 2430s
 27880224 6375056   15.62500   38   33          -   14.75000      -  40.7 2435s
 27939271 6381127   16.16129   40  115          -   14.75745      -  40.7 2440s
 27993349 6386325   15.54658   34   87          -   14.76190      -  40.7 2445s
 28054143 6391855   15.50000   53   38          -   14.76650      -  40.7 2450s
 28108168 6396515   15.71930   37   97          -   14.76923      -  40.7 2455s
 28166425 6402150   15.08430   41   81          -   14.77442      -  40.7 2460s
 28215219 6405434   15.28315   44   82          -   14.77778      -  40.7 2465s
 28272091 6409944   15.16287   35   79          -   14.77823      -  40.7 2470s
 28331310 6415430   16.13889   41   79          -   14.78404      -  40.7 2475s
 28380905 6419377   15.25000   37   79          -   14.78641      -  40.7 2480s
 28429922 6424004     cutoff   44               -   14.79048      -  40.8 2485s
 28489847 6429033   15.00826   34   68          -   14.79540      -  40.8 2490s
 28532790 6431989 infeasible   56               -   14.80000      -  40.8 2495s
 28577460 6432205   15.00000   39    9          -   14.80000      -  40.8 2500s
 28627830 6434267 infeasible   40               -   14.80000      -  40.8 2505s
 28687153 6438115   16.06667   36   73          -   14.80000      -  40.8 2510s
 28737699 6442309   16.24132   37  130          -   14.80000      -  40.8 2515s
 28791440 6447574   15.45161   42   94          -   14.80556      -  40.8 2520s
 28846379 6452259   15.15182   39  106          -   14.80952      -  40.8 2525s
 28895220 6456170   17.04734   43  103          -   14.81250      -  40.8 2530s
 28949566 6461020   16.42327   43  102          -   14.81757      -  40.8 2535s
 29004102 6464916     cutoff   39               -   14.81944      -  40.8 2540s
 29058844 6469278 infeasible   49               -   14.82353      -  40.8 2545s
 29114078 6474207   16.17424   45   96          -   14.82807      -  40.8 2550s
 29167841 6477682   15.27052   47   99          -   14.83333      -  40.9 2555s
 29213995 6478161   14.94444   38   66          -   14.83333      -  40.9 2560s
 29266254 6479848   16.09677   45   61          -   14.83333      -  40.9 2565s
 29323098 6483005   15.89691   35   99          -   14.83333      -  40.9 2570s
 29377658 6487385   16.83796   34   93          -   14.83402      -  40.9 2575s
 29427356 6491882   15.66667   31   48          -   14.83926      -  40.9 2580s
 29482062 6496240   16.01369   41   92          -   14.84346      -  40.9 2585s
 29542076 6500734   16.33333   52   55          -   14.84678      -  40.9 2590s
 29595430 6504976   15.10526   42   48          -   14.85106      -  40.9 2595s
 29649652 6509531   15.06452   49   95          -   14.85621      -  40.9 2600s
 29698458 6510306   15.28571   48   59          -   14.85714      -  40.9 2605s
 29754796 6514170   15.22000   48   95          -   14.85714      -  40.9 2610s
 29808525 6518809   15.86765   42  103          -   14.86184      -  40.9 2615s
 29864443 6522751   15.97159   42   92          -   14.86667      -  40.9 2620s
 29913542 6526288   15.37500   38   46          -   14.86957      -  40.9 2625s
 29969423 6530728   15.27273   43   62          -   14.87500      -  41.0 2630s
 30019354 6531795   16.08805   42   90          -   14.87500      -  41.0 2635s
 30074673 6535303   15.03390   45   95          -   14.87500      -  41.0 2640s
 30124195 6539016 infeasible   46               -   14.87973      -  41.0 2645s
 30179513 6543333   15.99432   40  108          -   14.88372      -  41.0 2650s
 30228868 6547146   14.92647   41   78          -   14.88803      -  41.0 2655s
 30279118 6548443   15.16667   42   45          -   14.88889      -  41.0 2660s
 30335627 6552527   15.05717   48  123          -   14.89201      -  41.0 2665s
 30389797 6556454     cutoff   52               -   14.89617      -  41.0 2670s
 30438943 6558881   16.00000   48   27          -   14.90000      -  41.0 2675s
 30490366 6561879     cutoff   42               -   14.90000      -  41.0 2680s
 30544624 6565915   15.44366   36  108          -   14.90476      -  41.0 2685s
 30603174 6569229   15.88889   48   55          -   14.90909      -  41.0 2690s
 30654054 6572874   16.00000   43   43          -   14.91176      -  41.0 2695s
 30706958 6575800   15.00000   44    7          -   14.91667      -  41.1 2700s
 30757721 6578493   15.03481   42   96          -   14.91711      -  41.1 2705s
 30811755 6582464 infeasible   39               -   14.92222      -  41.1 2710s
 30861627 6585455   16.96296   38   75          -   14.92500      -  41.1 2715s
 30911800 6588175   15.52475   35  104          -   14.92857      -  41.1 2720s
 30968069 6591968   16.09375   41   81          -   14.93252      -  41.1 2725s
 31023440 6594978   16.35294   44   92          -   14.93590      -  41.1 2730s
 31067895 6597361   15.80617   44  111          -   14.93827      -  41.1 2735s
 31117572 6600266     cutoff   41               -   14.94211      -  41.1 2740s
 31174419 6603215   16.24008   37  102          -   14.94595      -  41.1 2745s
 31226292 6606556   15.26063   36  105          -   14.95000      -  41.1 2750s
 31275341 6609795     cutoff   40               -   14.95369      -  41.1 2755s
 31325590 6612743   16.56818   46   89          -   14.95745      -  41.1 2760s
 31380017 6615857   15.72727   34   51          -   14.96154      -  41.1 2765s
 31428840 6618714   16.00000   39  101          -   14.96549      -  41.2 2770s
 31478037 6621516   15.64706   35  104          -   14.96970      -  41.2 2775s
 31533719 6625004   15.07143   35   81          -   14.97436      -  41.2 2780s
 31583099 6627995   15.35836   37  121          -   14.97881      -  41.2 2785s
 31631779 6631240 infeasible   43               -   14.98387      -  41.2 2790s
 31682548 6634476   15.88095   44   83          -   14.98963      -  41.2 2795s
 31732198 6638068 infeasible   41               -   14.99731      -  41.2 2800s
 31776692 6634095   16.00000   41   25          -   15.00000      -  41.2 2805s
 31814962 6628429   16.37368   47   95          -   15.00000      -  41.2 2810s
 31850130 6623493   16.31469   39   85          -   15.00000      -  41.3 2815s
 31884487 6618461   15.37209   39   59          -   15.00000      -  41.3 2820s
 31918716 6612721     cutoff   53               -   15.00000      -  41.3 2825s
 31958261 6606298     cutoff   41               -   15.00000      -  41.3 2830s
 31993173 6600968 infeasible   48               -   15.00000      -  41.4 2835s
 32032347 6594611   16.57143   42   73          -   15.00000      -  41.4 2840s
 32067292 6589238   15.96863   44   91          -   15.00000      -  41.4 2845s
 32101962 6584065   16.25000   39   45          -   15.00000      -  41.4 2850s
 32141885 6578470   16.00000   37    9          -   15.00000      -  41.5 2855s
 32177062 6573997 infeasible   48               -   15.00000      -  41.5 2860s
 32216122 6568767   15.93939   35   79          -   15.00000      -  41.5 2865s
 32251942 6564654     cutoff   35               -   15.00000      -  41.5 2870s
 32297284 6560852   16.00000   44   10          -   15.00000      -  41.6 2875s
 32337344 6557294   16.22807   37   98          -   15.00000      -  41.6 2880s
 32377741 6554577     cutoff   50               -   15.00000      -  41.6 2885s
 32417961 6552142     cutoff   49               -   15.00000      -  41.6 2890s
 32462843 6549647   16.54849   37  126          -   15.00000      -  41.6 2895s
 32507131 6546678   15.58537   31   82          -   15.00000      -  41.7 2900s
 32547717 6544696   15.90909   44   40          -   15.00000      -  41.7 2905s
 32587009 6542958 infeasible   46               -   15.00000      -  41.7 2910s
 32632453 6541047   15.58000   56   91          -   15.00000      -  41.7 2915s
 32681885 6538925   15.39055   41  107          -   15.00000      -  41.7 2920s
 32727086 6537500   15.00000   41    8          -   15.00000      -  41.7 2925s
 32771182 6536341   16.00000   47   12          -   15.00000      -  41.8 2930s
 32821248 6535045   16.00000   41   15          -   15.00000      -  41.8 2935s
 32866268 6534126   16.00000   40    9          -   15.00000      -  41.8 2940s
 32909308 6533243   16.00000   38   20          -   15.00000      -  41.8 2945s
 32959170 6532802 infeasible   45               -   15.00000      -  41.8 2950s
 33003376 6532453   16.49635   47   90          -   15.00000      -  41.8 2955s
 33051360 6531861   15.37500   42   66          -   15.00000      -  41.8 2960s
 33101486 6531416   15.81906   44  127          -   15.00000      -  41.8 2965s
 33146005 6531397   15.15375   39   91          -   15.00000      -  41.8 2970s
 33194566 6531413   16.00000   48   59          -   15.00000      -  41.9 2975s
 33238976 6531590     cutoff   48               -   15.00000      -  41.9 2980s
 33283085 6531704   15.96512   37   84          -   15.00000      -  41.9 2985s
 33332330 6532148     cutoff   41               -   15.00000      -  41.9 2990s
 33382955 6532752   15.22222   40   67          -   15.00000      -  41.9 2995s
 33427145 6533160   15.39773   32   93          -   15.00000      -  41.9 3000s
 33476932 6533530   15.60000   40   45          -   15.00000      -  41.9 3005s
 33522205 6534216   16.00000   37   23          -   15.00000      -  41.9 3010s
 33572133 6535027 infeasible   46               -   15.00000      -  41.9 3015s
 33626825 6535659   16.00000   49   24          -   15.00000      -  41.9 3020s
 33677325 6536552   15.30000   38   88          -   15.00000      -  41.9 3025s
 33722856 6537580   16.00000   45   13          -   15.00000      -  42.0 3030s
 33772844 6538896 infeasible   46               -   15.00000      -  42.0 3035s
 33821852 6539990 infeasible   40               -   15.00000      -  42.0 3040s
 33870989 6541318   16.00000   46    8          -   15.00000      -  42.0 3045s
 33920985 6542867   15.26285   44  101          -   15.00000      -  42.0 3050s
 33981393 6544758   15.22662   43  113          -   15.00000      -  42.0 3055s
 34030562 6546783   16.12500   35   85          -   15.00000      -  42.0 3060s
 34082067 6548586   16.00000   36   74          -   15.00000      -  42.0 3065s
 34131990 6550417   16.00000   46   10          -   15.00000      -  42.0 3070s
 34186737 6552618   16.12500   42   48          -   15.00000      -  42.0 3075s
 34242081 6555392   17.03986   47   94          -   15.00000      -  42.0 3080s
 34286448 6557742   15.10748   49   84          -   15.00000      -  42.0 3085s
 34341274 6560516   15.13011   34  127          -   15.00000      -  42.0 3090s
 34389883 6563395   15.00000   36   67          -   15.00000      -  42.0 3095s
 34440101 6566485   15.49189   39  102          -   15.00000      -  42.0 3100s
 34494626 6570112   15.54839   34  100          -   15.00000      -  42.0 3105s
 34548084 6572767 infeasible   39               -   15.00253      -  42.0 3110s
 34602573 6575966   15.36424   43   90          -   15.01129      -  42.0 3115s
 34651338 6578729     cutoff   37               -   15.01724      -  42.0 3120s
 34700949 6581549 infeasible   46               -   15.02273      -  42.1 3125s
 34755460 6584760     cutoff   35               -   15.02833      -  42.1 3130s
 34805032 6587294 infeasible   41               -   15.03297      -  42.1 3135s
 34863272 6590514   15.88889   44   83          -   15.03846      -  42.1 3140s
 34912714 6593139   16.10550   40  150          -   15.04264      -  42.1 3145s
 34966626 6596083   15.63415   46   69          -   15.04762      -  42.1 3150s
 35020466 6599059   15.61273   42   97          -   15.05155      -  42.1 3155s
 35070528 6601174   16.66667   39   94          -   15.05556      -  42.1 3160s
 35125823 6603909     cutoff   41               -   15.05941      -  42.1 3165s
 35179583 6606216   16.30435   53   59          -   15.06331      -  42.1 3170s
 35234988 6608415     cutoff   35               -   15.06723      -  42.1 3175s
 35284556 6610176     cutoff   40               -   15.07143      -  42.1 3180s
 35333532 6612761   15.90323   32   80          -   15.07459      -  42.1 3185s
 35389255 6614938   16.00000   33   57          -   15.07813      -  42.1 3190s
 35442784 6616854 infeasible   40               -   15.08333      -  42.1 3195s
 35498573 6619057   15.82203   42   79          -   15.08491      -  42.1 3200s
 35547803 6621545   16.04585   35   99          -   15.08929      -  42.1 3205s
 35597682 6622699   15.83333   35   37          -   15.09108      -  42.1 3210s
 35651613 6625001   16.54456   43  109          -   15.09589      -  42.1 3215s
 35700726 6625842   15.43902   41   61          -   15.10000      -  42.1 3220s
 35755826 6627942   15.28000   53   81          -   15.10148      -  42.1 3225s
 35811498 6630020 infeasible   41               -   15.10603      -  42.1 3230s
 35859897 6631470     cutoff   55               -   15.11111      -  42.1 3235s
 35910595 6631732   16.33333   41   45          -   15.11111      -  42.1 3240s
 35966588 6634327 infeasible   41               -   15.11538      -  42.2 3245s
 36020505 6636251   15.75383   45  108          -   15.11905      -  42.2 3250s
 36075545 6638544   15.97991   39  112          -   15.12369      -  42.2 3255s
 36120483 6637449     cutoff   44               -   15.12500      -  42.2 3260s
 36175946 6638723   16.10000   45   64          -   15.12500      -  42.2 3265s
 36219731 6640595   16.00000   39   42          -   15.12903      -  42.2 3270s
 36269190 6642000   16.00000   41   84          -   15.13314      -  42.2 3275s
 36321805 6643433   16.35380   41  107          -   15.13636      -  42.2 3280s
 36371998 6645115   16.20000   43   62          -   15.14000      -  42.2 3285s
 36415947 6644399   15.91293   43  119          -   15.14286      -  42.2 3290s
 36461907 6644413   15.74194   30   97          -   15.14286      -  42.2 3295s
 36510755 6645977   15.85600   43   77          -   15.14485      -  42.2 3300s
 36559904 6647463   15.78690   44  101          -   15.14904      -  42.2 3305s
 36613257 6648648   16.53926   43  100          -   15.15292      -  42.2 3310s
 36663182 6649455   16.12500   56   56          -   15.15556      -  42.2 3315s
 36712301 6650554   16.14706   40   72          -   15.15913      -  42.2 3320s
 36761089 6651886     cutoff   46               -   15.16327      -  42.2 3325s
 36808055 6649792 infeasible   42               -   15.16667      -  42.2 3330s
 36854583 6647904   16.00000   37   62          -   15.16667      -  42.2 3335s
 36905379 6647096   17.00000   42   10          -   15.16667      -  42.2 3340s
 36954480 6647333   15.84211   49   74          -   15.16667      -  42.2 3345s
 37003080 6648722 infeasible   42               -   15.16901      -  42.2 3350s
 37052072 6649841   15.46154   42   90          -   15.17373      -  42.3 3355s
 37106671 6651242   16.42857   43  101          -   15.17708      -  42.3 3360s
 37155365 6652102   16.50000   48   55          -   15.18163      -  42.3 3365s
 37209610 6652474     cutoff   43               -   15.18333      -  42.3 3370s
 37253338 6653139   16.31401   44   89          -   15.18726      -  42.3 3375s
 37303257 6653953   15.32005   48   90          -   15.18986      -  42.3 3380s
 37352351 6654749   15.55882   35   60          -   15.19333      -  42.3 3385s
 37397321 6655769   16.00000   42   84          -   15.19718      -  42.3 3390s
 37439339 6653016   15.57702   47   85          -   15.20000      -  42.3 3395s
 37485911 6650502 infeasible   42               -   15.20000      -  42.3 3400s
 37533449 6648887     cutoff   40               -   15.20000      -  42.3 3405s
 37582474 6648662   15.60417   39   91          -   15.20000      -  42.3 3410s
 37627026 6649179   16.46703   41  120          -   15.20000      -  42.3 3415s
 37670903 6650129     cutoff   49               -   15.20481      -  42.3 3420s
 37725195 6650823   15.78502   41  105          -   15.20874      -  42.3 3425s
 37769833 6651262   16.05556   48   71          -   15.21212      -  42.3 3430s
 37820159 6650961     cutoff   36               -   15.21429      -  42.3 3435s
 37868878 6651454   16.56818   48   69          -   15.21875      -  42.3 3440s
 37917886 6650912   15.95455   39   55          -   15.22222      -  42.3 3445s
 37964603 6650317   16.00000   41   13          -   15.22222      -  42.3 3450s
 38007334 6651101     cutoff   45               -   15.22535      -  42.4 3455s
 38055222 6651536   16.63158   44   74          -   15.22901      -  42.4 3460s
 38100589 6651293   16.00000   38   52          -   15.23077      -  42.4 3465s
 38153985 6651529   15.62069   50   49          -   15.23529      -  42.4 3470s
 38198279 6651774   16.53333   40  104          -   15.23810      -  42.4 3475s
 38247467 6651802   15.93925   50   87          -   15.24211      -  42.4 3480s
 38291525 6652389   15.53086   37   88          -   15.24590      -  42.4 3485s
 38331962 6649400   16.33333   39   30          -   15.25000      -  42.4 3490s
 38372922 6644787   16.75000   42   67          -   15.25000      -  42.4 3495s
 38418590 6640705   16.49573   37  106          -   15.25000      -  42.4 3500s
 38463870 6637182   16.07635   37   95          -   15.25000      -  42.4 3505s
 38509149 6634371   16.52336   42   84          -   15.25000      -  42.4 3510s
 38555173 6632423   16.73247   42  102          -   15.25000      -  42.4 3515s
 38600241 6630582   16.18557   40  115          -   15.25000      -  42.4 3520s
 38650942 6629209   15.92874   43   90          -   15.25000      -  42.4 3525s
 38700181 6628969   16.35714   38   86          -   15.25000      -  42.4 3530s
 38743728 6629285   15.62644   47   78          -   15.25000      -  42.4 3535s
 38791891 6629868   16.30000   43   76          -   15.25581      -  42.5 3540s
 38840643 6630015   16.31940   41  102          -   15.25979      -  42.5 3545s
 38890133 6629694   15.60144   35  117          -   15.26316      -  42.5 3550s
 38933715 6629199 infeasible   43               -   15.26667      -  42.5 3555s
 38979574 6629146   16.30239   36   93          -   15.26923      -  42.5 3560s
 39023343 6628078   15.50000   37   35          -   15.27273      -  42.5 3565s
 39073188 6627804   15.55754   37   97          -   15.27453      -  42.5 3570s
 39117580 6627335   16.00000   43   12          -   15.27778      -  42.5 3575s
 39166583 6627501   15.50000   43   31          -   15.28125      -  42.5 3580s
 39209989 6627163 infeasible   46               -   15.28571      -  42.5 3585s
 39254779 6623886 infeasible   44               -   15.28571      -  42.5 3590s
 39300701 6622817   16.03883   42   89          -   15.28571      -  42.5 3595s
 39353693 6622732   16.50452   41  112          -   15.28902      -  42.5 3600s
 39393050 6622352   15.45198   41   63          -   15.29167      -  42.5 3605s
 39442800 6621750   15.74150   41  108          -   15.29530      -  42.5 3610s
 39486762 6621540   16.11136   41  106          -   15.29911      -  42.5 3615s
 39537437 6618553 infeasible   45               -   15.30000      -  42.5 3620s
 39581619 6618775     cutoff   38               -   15.30233      -  42.5 3625s
 39625554 6618483   15.47636   39   77          -   15.30556      -  42.6 3630s
 39673471 6617143   16.60000   46   65          -   15.30769      -  42.6 3635s
 39719753 6616845     cutoff   36               -   15.31169      -  42.6 3640s
 39763831 6615825   15.77864   34  117          -   15.31373      -  42.6 3645s
 39811549 6615041   16.00000   37   21          -   15.31746      -  42.6 3650s
 39851515 6614251     cutoff   43               -   15.32000      -  42.6 3655s
 39900157 6613803   15.72840   39   99          -   15.32394      -  42.6 3660s
 39948980 6613350   15.70796   38  107          -   15.32836      -  42.6 3665s
 39990982 6610102     cutoff   53               -   15.33333      -  42.6 3670s
 40029852 6602428   16.39130   44   85          -   15.33333      -  42.6 3675s
 40065109 6596554     cutoff   44               -   15.33333      -  42.6 3680s
 40105579 6590775   16.16495   41   91          -   15.33333      -  42.6 3685s
 40145317 6585547 infeasible   39               -   15.33333      -  42.7 3690s
 40185714 6581235   16.33333   47   51          -   15.33333      -  42.7 3695s
 40235688 6576384   15.86207   44   76          -   15.33333      -  42.7 3700s
 40281317 6572136   15.67857   51   68          -   15.33333      -  42.7 3705s
 40325714 6568457     cutoff   44               -   15.33333      -  42.7 3710s
 40371241 6565222     cutoff   40               -   15.33333      -  42.7 3715s
 40415660 6562381   15.59259   45   50          -   15.33333      -  42.7 3720s
 40465873 6560003   16.58333   43   70          -   15.33333      -  42.7 3725s
 40516161 6557830     cutoff   35               -   15.33333      -  42.7 3730s
 40521324 6555878 infeasible   45               -   15.33333      -  42.7 3750s
 40586196 6552598     cutoff   47               -   15.33333      -  42.7 3755s
 40628770 6551814   15.92308   43   70          -   15.33333      -  42.7 3760s
 40672038 6551402     cutoff   40               -   15.33827      -  42.7 3765s
 40721685 6550557   16.67714   48  104          -   15.34286      -  42.7 3770s
 40765504 6549434   16.37438   40   88          -   15.34615      -  42.7 3775s
 40815289 6547857 infeasible   41               -   15.35000      -  42.7 3780s
 40859362 6546627   16.27273   52   79          -   15.35294      -  42.7 3785s
 40904357 6545969   15.92338   38  125          -   15.35616      -  42.7 3790s
 40949129 6543758   16.16327   40   79          -   15.35758      -  42.8 3795s
 40993103 6542621   16.45455   37   88          -   15.36129      -  42.8 3800s
 41037682 6540245 infeasible   41               -   15.36364      -  42.8 3805s
 41086217 6539164   16.85185   50   68          -   15.36667      -  42.8 3810s
 41135103 6537862   16.14141   44   89          -   15.37037      -  42.8 3815s
 41178904 6536377 infeasible   37               -   15.37458      -  42.8 3820s
 41219089 6531783     cutoff   47               -   15.37500      -  42.8 3825s
 41260172 6529234   16.83784   38   84          -   15.37500      -  42.8 3830s
 41308744 6528090     cutoff   48               -   15.37662      -  42.8 3835s
 41354021 6526634   16.83144   33  122          -   15.38085      -  42.8 3840s
 41398206 6524871   15.77273   41   75          -   15.38424      -  42.8 3845s
 41446895 6522726   15.92430   46   99          -   15.38636      -  42.8 3850s
 41493071 6520975     cutoff   38               -   15.38889      -  42.8 3855s
 41536759 6519410     cutoff   43               -   15.39286      -  42.8 3860s
 41580960 6518036 infeasible   36               -   15.39623      -  42.8 3865s
 41618680 6514373     cutoff   48               -   15.40000      -  42.9 3870s
 41663204 6508577   16.45833   49   91          -   15.40000      -  42.9 3875s
 41705131 6503788     cutoff   41               -   15.40000      -  42.9 3880s
 41750301 6500173   16.23363   35  100          -   15.40000      -  42.9 3885s
 41795670 6497390   15.67925   41   78          -   15.40000      -  42.9 3890s
 41845384 6495937     cutoff   36               -   15.40102      -  42.9 3895s
 41888679 6494576   16.50000   53   28          -   15.40541      -  42.9 3900s
 41933196 6492460 infeasible   47               -   15.40909      -  42.9 3905s
 41978635 6490561   15.80000   38   62          -   15.41176      -  42.9 3910s
 42017979 6489408   16.27736   37   85          -   15.41505      -  42.9 3915s
 42063127 6485736     cutoff   50               -   15.41667      -  42.9 3920s
 42102781 6484267   17.00000   51   50          -   15.41860      -  42.9 3925s
 42147790 6482257 infeasible   43               -   15.42194      -  42.9 3930s
 42191740 6480469   16.25820   40  107          -   15.42553      -  42.9 3935s
 42234797 6476108     cutoff   47               -   15.42857      -  42.9 3940s
 42276415 6471787   16.57143   39   88          -   15.42857      -  43.0 3945s
 42327222 6469173   16.01299   39   99          -   15.42857      -  43.0 3950s
 42374364 6467243     cutoff   45               -   15.43293      -  43.0 3955s
 42419541 6465178   16.53788   43   76          -   15.43662      -  43.0 3960s
 42464036 6462565   16.53846   40   96          -   15.43887      -  43.0 3965s
 42503846 6460792     cutoff   37               -   15.44218      -  43.0 3970s
 42543013 6456633     cutoff   45               -   15.44444      -  43.0 3975s
 42589633 6453505 infeasible   40               -   15.44444      -  43.0 3980s
 42633349 6451764   16.81808   34  105          -   15.44812      -  43.0 3985s
 42677059 6449683     cutoff   45               -   15.45098      -  43.0 3990s
 42721844 6446338   16.00000   42   12          -   15.45455      -  43.0 3995s
 42762985 6444058     cutoff   48               -   15.45528      -  43.0 4000s
 42812094 6441503   15.82266   43  130          -   15.45933      -  43.0 4005s
 42851616 6438435   15.76471   34   82          -   15.46154      -  43.0 4010s
 42896429 6436183   16.31146   41   99          -   15.46460      -  43.0 4015s
 42941561 6432965   15.54545   41   78          -   15.46686      -  43.1 4020s
 42985380 6430072 infeasible   41               -   15.47059      -  43.1 4025s
 43030349 6427415   16.00000   40   47          -   15.47368      -  43.1 4030s
 43075482 6424827 infeasible   35               -   15.47679      -  43.1 4035s
 43124985 6421631   16.07143   47  102          -   15.48077      -  43.1 4040s
 43169590 6418935   16.69014   38  107          -   15.48445      -  43.1 4045s
 43214425 6416455   15.93519   41   87          -   15.48837      -  43.1 4050s
 43253651 6414357   16.54762   42   90          -   15.49254      -  43.1 4055s
 43293505 6412462   16.19068   35   98          -   15.49814      -  43.1 4060s
 43329592 6402891 infeasible   52               -   15.50000      -  43.1 4065s
 43364009 6393292     cutoff   44               -   15.50000      -  43.1 4070s
 43399252 6383981   16.23661   43   93          -   15.50000      -  43.2 4075s
 43428784 6376099   16.00000   45   45          -   15.50000      -  43.2 4080s
 43468975 6366765     cutoff   54               -   15.50000      -  43.2 4085s
 43503267 6358322 infeasible   52               -   15.50000      -  43.2 4090s
 43538594 6350379 infeasible   47               -   15.50000      -  43.2 4095s
 43578554 6341857   16.00000   41   12          -   15.50000      -  43.2 4100s
 43612949 6334331   16.00000   42   58          -   15.50000      -  43.2 4105s
 43653471 6326576   16.37500   42   94          -   15.50000      -  43.2 4110s
 43693168 6319028   16.00000   43   14          -   15.50000      -  43.3 4115s
 43732392 6311427   16.00000   40   10          -   15.50000      -  43.3 4120s
 43773506 6304452 infeasible   38               -   15.50000      -  43.3 4125s
 43813432 6297959   16.62500   49   59          -   15.50000      -  43.3 4130s
 43852501 6291087 infeasible   40               -   15.50000      -  43.3 4135s
 43892887 6284845   16.00000   42   34          -   15.50000      -  43.3 4140s
 43937746 6277933   16.18868   47  102          -   15.50000      -  43.3 4145s
 43977546 6271932   16.75000   49   39          -   15.50000      -  43.3 4150s
 44017366 6266570   16.47059   40   69          -   15.50000      -  43.3 4155s
 44057383 6261063     cutoff   44               -   15.50000      -  43.3 4160s
 44097743 6255810   17.50000   43   22          -   15.50000      -  43.3 4165s
 44142128 6250273   15.93548   47   64          -   15.50000      -  43.4 4170s
 44186902 6244531   16.58880   47  110          -   15.50000      -  43.4 4175s
 44226825 6239878   15.87500   42   40          -   15.50000      -  43.4 4180s
 44266778 6235276   16.00000   46   53          -   15.50000      -  43.4 4185s
 44307094 6230999   16.87500   40   87          -   15.50000      -  43.4 4190s
 44351957 6226081   16.25000   41   37          -   15.50000      -  43.4 4195s
 44396766 6221266   16.00000   45   19          -   15.50000      -  43.4 4200s
 44437195 6217543   16.32978   44  108          -   15.50000      -  43.4 4205s
 44481897 6213559 infeasible   39               -   15.50000      -  43.4 4210s
 44526749 6210009 infeasible   41               -   15.50000      -  43.4 4215s
 44571312 6206498   15.66667   42   69          -   15.50000      -  43.4 4220s
 44611416 6203682   15.54870   43  108          -   15.50000      -  43.4 4225s
 44661392 6200681   16.00000   43   32          -   15.50000      -  43.4 4230s
 44706327 6197851   16.26083   41   99          -   15.50000      -  43.4 4235s
 44749739 6195287   16.74462   47  121          -   15.50622      -  43.4 4240s
 44790024 6192836   16.28758   45   83          -   15.51042      -  43.4 4245s
 44829337 6189990   15.83613   38   87          -   15.51429      -  43.5 4250s
 44874295 6186629     cutoff   44               -   15.51818      -  43.5 4255s
 44919018 6183095   15.87715   36  118          -   15.52174      -  43.5 4260s
 44968711 6179322   16.01079   44  107          -   15.52582      -  43.5 4265s
 45013544 6175786     cutoff   42               -   15.52941      -  43.5 4270s
 45058731 6172791   16.12698   38   64          -   15.53268      -  43.5 4275s
 45098312 6169299     cutoff   48               -   15.53488      -  43.5 4280s
 45142939 6165474   16.20339   41   93          -   15.53846      -  43.5 4285s
 45187437 6162128   16.49216   43  106          -   15.54122      -  43.5 4290s
 45232594 6158333   16.80696   43   74          -   15.54528      -  43.5 4295s
 45272791 6154086   16.44602   44  108          -   15.54545      -  43.5 4300s
 45316638 6150657   16.50000   50   29          -   15.55000      -  43.5 4305s
 45356983 6147775   16.51426   48  103          -   15.55263      -  43.5 4310s
 45400828 6141630   15.87500   42   64          -   15.55556      -  43.5 4315s
 45442028 6137560     cutoff   54               -   15.55556      -  43.6 4320s
 45485910 6134316   15.87692   34   91          -   15.55952      -  43.6 4325s
 45525810 6130565   15.76429   48  104          -   15.56250      -  43.6 4330s
 45570813 6127168   16.34615   35   76          -   15.56554      -  43.6 4335s
 45614882 6123564     cutoff   43               -   15.56977      -  43.6 4340s
 45649058 6117068 infeasible   49               -   15.57143      -  43.6 4345s
 45695476 6111217   16.37037   44   68          -   15.57143      -  43.6 4350s
 45740047 6107679 infeasible   42               -   15.57233      -  43.6 4355s
 45778904 6104461   16.27273   54   84          -   15.57627      -  43.6 4360s
 45824292 6100753   16.00595   48  117          -   15.57971      -  43.6 4365s
 45868227 6095555   15.77660   44   87          -   15.58333      -  43.6 4370s
 45909095 6091715   16.71429   35   60          -   15.58364      -  43.6 4375s
 45950210 6088198   16.74380   42   98          -   15.58824      -  43.6 4380s
 45993241 6083940   16.38342   38   87          -   15.59091      -  43.6 4385s
 46037840 6080009     cutoff   39               -   15.59459      -  43.7 4390s
 46076945 6076129 infeasible   52               -   15.59922      -  43.7 4395s
 46115651 6066509   15.66667   43   65          -   15.60000      -  43.7 4400s
 46156536 6059050 infeasible   45               -   15.60000      -  43.7 4405s
 46196882 6053037     cutoff   40               -   15.60000      -  43.7 4410s
 46242048 6047200   15.84615   36   64          -   15.60000      -  43.7 4415s
 46287016 6042482   16.38852   43  109          -   15.60000      -  43.7 4420s
 46330743 6039049   16.15789   44   79          -   15.60377      -  43.7 4425s
 46370362 6035396     cutoff   44               -   15.60714      -  43.7 4430s
 46414878 6030595 infeasible   38               -   15.61111      -  43.7 4435s
 46459810 6026544   16.45363   49  124          -   15.61418      -  43.7 4440s
 46504681 6021141     cutoff   39               -   15.61650      -  43.7 4445s
 46549479 6016673   16.33333   50   10          -   15.62019      -  43.7 4450s
 46588713 6012487   16.22197   44  104          -   15.62443      -  43.7 4455s
 46633694 6004205   16.00000   46   14          -   15.62500      -  43.8 4460s
 46674363 5999102     cutoff   42               -   15.62500      -  43.8 4465s
 46718067 5995119   15.71930   52   78          -   15.62792      -  43.8 4470s
 46762817 5990467   15.83333   45   78          -   15.63158      -  43.8 4475s
 46802450 5986573   16.19231   44   83          -   15.63514      -  43.8 4480s
 46842689 5980595   16.33333   44   43          -   15.63636      -  43.8 4485s
 46886998 5976123     cutoff   38               -   15.64000      -  43.8 4490s
 46926618 5970698   16.50000   40   75          -   15.64286      -  43.8 4495s
 46967168 5966550     cutoff   39               -   15.64557      -  43.8 4500s
 47011148 5961529   16.52143   38  116          -   15.64912      -  43.8 4505s
 47050750 5956884   16.14430   43   82          -   15.65217      -  43.8 4510s
 47090135 5952503   16.26543   39  100          -   15.65517      -  43.8 4515s
 47129603 5948073     cutoff   52               -   15.65909      -  43.8 4520s
 47174415 5943728   16.21560   41   97          -   15.66500      -  43.9 4525s
 47211593 5930936 infeasible   48               -   15.66667      -  43.9 4530s
 47246535 5919759     cutoff   47               -   15.66667      -  43.9 4535s
 47281442 5909705 infeasible   47               -   15.66667      -  43.9 4540s
 47316574 5900597     cutoff   36               -   15.66667      -  43.9 4545s
 47356305 5890487 infeasible   41               -   15.66667      -  43.9 4550s
 47396056 5880883     cutoff   41               -   15.66667      -  43.9 4555s
 47436551 5872143 infeasible   44               -   15.66667      -  43.9 4560s
 47471522 5865139 infeasible   48               -   15.66667      -  43.9 4565s
 47511639 5857356     cutoff   41               -   15.66667      -  43.9 4570s
 47556259 5849102   16.66667   47   82          -   15.66667      -  44.0 4575s
 47596354 5842043   15.93836   38   85          -   15.66667      -  44.0 4580s
 47641560 5835177     cutoff   42               -   15.66667      -  44.0 4585s
 47686012 5828629   17.00000   39   14          -   15.66667      -  44.0 4590s
 47726406 5823363 infeasible   35               -   15.66667      -  44.0 4595s
 47766365 5818908 infeasible   50               -   15.66667      -  44.0 4600s
 47809528 5814382     cutoff   41               -   15.66912      -  44.0 4605s
 47848943 5809924   15.86677   36   87          -   15.67391      -  44.0 4610s
 47889170 5805285   16.65333   36   97          -   15.67778      -  44.0 4615s
 47928687 5800271   16.74648   37  119          -   15.68139      -  44.0 4620s
 47968751 5795158   16.00000   38   12          -   15.68421      -  44.0 4625s
 48008318 5789563   16.25000   48   46          -   15.68750      -  44.0 4630s
 48052829 5784240   16.07143   39   80          -   15.69091      -  44.0 4635s
 48092960 5778597   16.14909   42  128          -   15.69256      -  44.0 4640s
 48131873 5773460     cutoff   42               -   15.69643      -  44.1 4645s
 48171339 5767039 infeasible   37               -   15.70000      -  44.1 4650s
 48207795 5761059     cutoff   43               -   15.70000      -  44.1 4655s
 48251312 5755671   16.49153   43   89          -   15.70346      -  44.1 4660s
 48291022 5750124     cutoff   46               -   15.70631      -  44.1 4665s
 48330779 5744735   16.22857   54   68          -   15.70974      -  44.1 4670s
 48374331 5736772   16.00000   43   10          -   15.71429      -  44.1 4675s
 48410229 5729300   16.00000   43   15          -   15.71429      -  44.1 4680s
 48451103 5723119     cutoff   43               -   15.71429      -  44.1 4685s
 48494566 5717835   16.21668   41  106          -   15.71717      -  44.1 4690s
 48534233 5712529   16.03125   39  110          -   15.72093      -  44.1 4695s
 48574102 5706469   16.75904   36   94          -   15.72388      -  44.1 4700s
 48612919 5699565     cutoff   46               -   15.72727      -  44.1 4705s
 48652967 5693970   16.24128   44  105          -   15.72908      -  44.2 4710s
 48692765 5687965   16.17285   44   91          -   15.73317      -  44.2 4715s
 48737535 5681650   16.50000   40   48          -   15.73585      -  44.2 4720s
 48776952 5675800 infeasible   42               -   15.73913      -  44.2 4725s
 48811859 5670875   16.19886   44   84          -   15.74233      -  44.2 4730s
 48851371 5665612   15.95833   40   80          -   15.74681      -  44.2 4735s
 48889582 5654541     cutoff   44               -   15.75000      -  44.2 4740s
 48924612 5643545   16.32432   42   63          -   15.75000      -  44.2 4745s
 48959539 5633819   16.33333   43   57          -   15.75000      -  44.2 4750s
 48999870 5623503 infeasible   41               -   15.75000      -  44.2 4755s
 49039722 5613849 infeasible   40               -   15.75000      -  44.2 4760s
 49080126 5605217     cutoff   52               -   15.75000      -  44.3 4765s
 49119940 5597199 infeasible   43               -   15.75000      -  44.3 4770s
 49159599 5589731   16.12903   44   63          -   15.75000      -  44.3 4775s
 49199807 5582975   16.21154   35   95          -   15.75000      -  44.3 4780s
 49244575 5576481     cutoff   40               -   15.75000      -  44.3 4785s
 49283498 5571770 infeasible   51               -   15.75145      -  44.3 4790s
 49322427 5566434 infeasible   43               -   15.75664      -  44.3 4795s
 49362596 5560486   16.12500   42   80          -   15.76042      -  44.3 4800s
 49401699 5553985   16.54755   43  108          -   15.76413      -  44.3 4805s
 49441793 5547847   16.16667   41  104          -   15.76740      -  44.3 4810s
 49481936 5540743   16.75000   46   36          -   15.76923      -  44.3 4815s
 49526007 5533762 infeasible   41               -   15.77387      -  44.3 4820s
 49564789 5525852     cutoff   50               -   15.77778      -  44.3 4825s
 49606483 5517652 infeasible   34               -   15.77778      -  44.4 4830s
 49645133 5512282   16.25000   48   52          -   15.78030      -  44.4 4835s
 49684335 5505870   16.00000   44    8          -   15.78409      -  44.4 4840s
 49724698 5498433 infeasible   47               -   15.78571      -  44.4 4845s
 49764034 5491852 infeasible   50               -   15.78977      -  44.4 4850s
 49798848 5486076   16.16667   48   71          -   15.79310      -  44.4 4855s
 49837894 5479592   16.74144   36   97          -   15.79767      -  44.4 4860s
 49871239 5468425     cutoff   43               -   15.80000      -  44.4 4865s
 49910830 5458098 infeasible   51               -   15.80000      -  44.4 4870s
 49947731 5448355   16.13901   43   78          -   15.80000      -  44.4 4875s
 49987670 5439704   16.15539   36  111          -   15.80000      -  44.4 4880s
 50027442 5432364     cutoff   39               -   15.80000      -  44.4 4885s
 50066040 5426374   16.00000   36   14          -   15.80247      -  44.4 4890s
 50105617 5419702     cutoff   44               -   15.80702      -  44.5 4895s
 50145351 5412757   16.12143   39   90          -   15.81057      -  44.5 4900s
 50185309 5405404 infeasible   41               -   15.81333      -  44.5 4905s
 50223917 5397687     cutoff   39               -   15.81818      -  44.5 4910s
 50259766 5390733   16.00000   49   90          -   15.81818      -  44.5 4915s
 50298922 5383949   16.73529   44   74          -   15.82265      -  44.5 4920s
 50341214 5376521   16.00000   50   34          -   15.82609      -  44.5 4925s
 50382979 5369040     cutoff   43               -   15.83102      -  44.5 4930s
 50416876 5357616 infeasible   45               -   15.83333      -  44.5 4935s
 50457677 5345605 infeasible   41               -   15.83333      -  44.5 4940s
 50493438 5336756   16.00000   43   12          -   15.83333      -  44.5 4945s
 50528869 5328963   16.50000   44   59          -   15.83333      -  44.6 4950s
 50568673 5321260   16.04134   41   94          -   15.83333      -  44.6 4955s
 50607056 5314772 infeasible   48               -   15.83710      -  44.6 4960s
 50647299 5307513     cutoff   43               -   15.84138      -  44.6 4965s
 50681781 5300945   16.16300   39  103          -   15.84454      -  44.6 4970s
 50722263 5292688   16.82037   41   92          -   15.84706      -  44.6 4975s
 50761560 5284959     cutoff   47               -   15.85075      -  44.6 4980s
 50795982 5278410 infeasible   50               -   15.85455      -  44.6 4985s
 50830411 5267887     cutoff   38               -   15.85714      -  44.6 4990s
 50871584 5257770 infeasible   48               -   15.85714      -  44.6 4995s
 50911011 5250606     cutoff   42               -   15.85821      -  44.6 5000s
 50945546 5243937     cutoff   35               -   15.86239      -  44.6 5005s
 50979899 5236499   16.00000   41   44          -   15.86607      -  44.7 5010s
 51019670 5228082   16.28261   40   93          -   15.86905      -  44.7 5015s
 51054580 5221295   16.55030   46   90          -   15.87302      -  44.7 5020s
 51089335 5209753     cutoff   38               -   15.87500      -  44.7 5025s
 51125299 5200719   16.14669   38  105          -   15.87500      -  44.7 5030s
 51164911 5193359 infeasible   47               -   15.87667      -  44.7 5035s
 51204030 5185505     cutoff   47               -   15.88125      -  44.7 5040s
 51238855 5178005 infeasible   39               -   15.88462      -  44.7 5045s
 51278103 5168194     cutoff   41               -   15.88889      -  44.7 5050s
 51314641 5158837     cutoff   42               -   15.88889      -  44.7 5055s
 51353735 5151183   16.62157   41  119          -   15.89189      -  44.7 5060s
 51393464 5142495     cutoff   38               -   15.89583      -  44.7 5065s
 51427655 5133894   16.83193   43  116          -   15.90000      -  44.8 5070s
 51469061 5123777 infeasible   43               -   15.90000      -  44.8 5075s
 51507661 5115908     cutoff   40               -   15.90401      -  44.8 5080s
 51542521 5108510 infeasible   31               -   15.90769      -  44.8 5085s
 51578484 5099118   16.00000   38   34          -   15.90909      -  44.8 5090s
 51612291 5091759 infeasible   49               -   15.91304      -  44.8 5095s
 51652040 5081199   16.73203   40  106          -   15.91667      -  44.8 5100s
 51687685 5073280   16.63559   40   82          -   15.91762      -  44.8 5105s
 51722884 5065802   16.16667   41   50          -   15.92187      -  44.8 5110s
 51761811 5055948 infeasible   43               -   15.92500      -  44.8 5115s
 51796262 5046734     cutoff   40               -   15.92857      -  44.8 5120s
 51836507 5037939   16.30769   42   44          -   15.93182      -  44.8 5125s
 51871306 5029163   16.77143   42   86          -   15.93462      -  44.9 5130s
 51911340 5019190   16.44830   47  109          -   15.93774      -  44.9 5135s
 51951074 5009637     cutoff   46               -   15.94231      -  44.9 5140s
 51985725 5001096     cutoff   47               -   15.94545      -  44.9 5145s
 52019975 4992539   16.09873   47  124          -   15.94955      -  44.9 5150s
 52058440 4984082   16.56222   39  102          -   15.95238      -  44.9 5155s
 52093928 4974494   16.23239   40  105          -   15.95699      -  44.9 5160s
 52128407 4965495   16.58824   37  102          -   15.96088      -  44.9 5165s
 52167689 4955534     cutoff   44               -   15.96552      -  44.9 5170s
 52202206 4946854 infeasible   32               -   15.96970      -  44.9 5175s
 52241659 4936938 infeasible   48               -   15.97500      -  44.9 5180s
 52275870 4928448     cutoff   41               -   15.98000      -  45.0 5185s
 52310320 4919864   16.00000   49    9          -   15.98551      -  45.0 5190s
 52349383 4910288   16.56944   49   92          -   15.99360      -  45.0 5195s
 52382882 4896688     cutoff   48               -   16.00000      -  45.0 5200s
 52411482 4877856   17.13832   38  111          -   16.00000      -  45.0 5205s
 52440958 4859551     cutoff   42               -   16.00000      -  45.0 5210s
 52475480 4838483     cutoff   49               -   16.00000      -  45.0 5215s
 52504840 4820393 infeasible   36               -   16.00000      -  45.0 5220s
 52538904 4798852     cutoff   46               -   16.00000      -  45.1 5225s
 52568529 4780154 infeasible   46               -   16.00000      -  45.1 5230s
 52597506 4761441 infeasible   41               -   16.00000      -  45.1 5235s
 52626700 4742352     cutoff   56               -   16.00000      -  45.1 5240s
 52656466 4724780 infeasible   44               -   16.00000      -  45.1 5245s
 52690578 4703786     cutoff   41               -   16.00000      -  45.1 5250s
 52720007 4685584     cutoff   42               -   16.00000      -  45.1 5255s
 52749598 4667266 infeasible   47               -   16.00000      -  45.1 5260s
 52779200 4649395   16.14286   47   40          -   16.00000      -  45.2 5265s
 52811818 4631104     cutoff   41               -   16.00000      -  45.2 5270s
 52842534 4609498     cutoff   40               -   16.00000      -  45.2 5275s
 52873091 4593142   16.00000   41   10          -   16.00000      -  45.2 5280s
 52908207 4576448     cutoff   44               -   16.00000      -  45.2 5285s
 52937578 4562836   16.00000   46   11          -   16.00000      -  45.2 5290s
 52972171 4546401   16.87500   44   32          -   16.00000      -  45.2 5295s
 53006581 4530118 infeasible   46               -   16.00000      -  45.2 5300s
 53041059 4513249     cutoff   55               -   16.00000      -  45.3 5305s
 53076005 4497361   17.00000   44   13          -   16.00000      -  45.3 5310s
 53105859 4484587     cutoff   54               -   16.00000      -  45.3 5315s
 53140966 4470943 infeasible   55               -   16.00000      -  45.3 5320s
 53175311 4457091 infeasible   39               -   16.00000      -  45.3 5325s
 53209959 4442984   16.70000   46   57          -   16.00000      -  45.3 5330s
 53244746 4429315     cutoff   50               -   16.00000      -  45.3 5335s
 53274235 4417323 infeasible   42               -   16.00000      -  45.3 5340s
 53308766 4403421     cutoff   48               -   16.00000      -  45.3 5345s
 53348322 4387470 infeasible   44               -   16.00000      -  45.4 5350s
 53383319 4374013 infeasible   40               -   16.00000      -  45.4 5355s
 53418376 4362035     cutoff   36               -   16.00000      -  45.4 5360s
 53458320 4348361   16.20588   46   69          -   16.00000      -  45.4 5365s
 53492384 4336022 infeasible   44               -   16.00000      -  45.4 5370s
 53527432 4323487     cutoff   44               -   16.00000      -  45.4 5375s
 53562200 4311122     cutoff   51               -   16.00000      -  45.4 5380s
 53601725 4296719     cutoff   49               -   16.00000      -  45.4 5385s
 53636743 4284815   16.65306   54   97          -   16.00000      -  45.4 5390s
 53671050 4273058 infeasible   52               -   16.00000      -  45.4 5395s
 53711045 4260546 infeasible   44               -   16.00000      -  45.5 5400s
 53746115 4249688   16.00000   43    9          -   16.00000      -  45.5 5405s
 53780585 4238428     cutoff   45               -   16.00000      -  45.5 5410s
 53820074 4225149     cutoff   46               -   16.00000      -  45.5 5415s
 53855095 4214185 infeasible   51               -   16.00000      -  45.5 5420s
 53894560 4201161     cutoff   40               -   16.00000      -  45.5 5425s
 53929699 4190097   16.34862   48   84          -   16.00000      -  45.5 5430s
 53963993 4178947     cutoff   46               -   16.00000      -  45.5 5435s
 54004263 4167223 infeasible   37               -   16.00000      -  45.5 5440s
 54039577 4157627   16.66667   34   67          -   16.00000      -  45.5 5445s
 54073778 4147389     cutoff   45               -   16.00000      -  45.5 5450s
 54107947 4137068     cutoff   40               -   16.00000      -  45.6 5455s
 54148493 4125571     cutoff   54               -   16.00000      -  45.6 5460s
 54187812 4114051     cutoff   50               -   16.00000      -  45.6 5465s
 54222623 4104041     cutoff   40               -   16.00000      -  45.6 5470s
 54262749 4093233     cutoff   53               -   16.00000      -  45.6 5475s
 54297315 4083664 infeasible   47               -   16.00000      -  45.6 5480s
 54332382 4074099   16.73132   39   99          -   16.00000      -  45.6 5485s
 54371706 4063368 infeasible   40               -   16.00000      -  45.6 5490s
 54406706 4054582     cutoff   39               -   16.00000      -  45.6 5495s
 54417495 4053200     cutoff   47               -   16.00000      -  45.6 5500s
 54418207 4053076     cutoff   39               -   16.00000      -  45.6 5505s
 54418631 4053025 infeasible   48               -   16.00000      -  45.6 5512s
 54418870 4052984     cutoff   44               -   16.00000      -  45.6 5515s
 54419195 4052937   16.00000   51    5          -   16.00000      -  45.6 5520s
 54419540 4052880     cutoff   45               -   16.00000      -  45.6 5525s
 54420458 4052368     cutoff   43               -   16.00000      -  45.6 5531s
 54423773 4050417     cutoff   40               -   16.00000      -  45.6 5536s
 54439292 4044364 infeasible   44               -   16.00000      -  45.6 5540s
 54477779 4036040   16.00000   40    5          -   16.00000      -  45.6 5545s
 54514459 4027190     cutoff   53               -   16.00000      -  45.6 5550s
 54554430 4017611 infeasible   47               -   16.00000      -  45.7 5555s
 54589213 4009492     cutoff   37               -   16.00000      -  45.7 5560s
 54628725 4000351     cutoff   34               -   16.00000      -  45.7 5565s
 54668195 3991761     cutoff   47               -   16.00000      -  45.7 5570s
 54703820 3983388   16.03125   35   83          -   16.00000      -  45.7 5575s
 54739620 3974862 infeasible   42               -   16.01020      -  45.7 5580s
 54776062 3964198 infeasible   46               -   16.01835      -  45.7 5585s
 54810475 3954679     cutoff   43               -   16.02459      -  45.7 5590s
 54845250 3945031     cutoff   46               -   16.03030      -  45.7 5595s
 54884757 3933773   16.21103   31  128          -   16.03670      -  45.7 5600s
 54919502 3923922   16.60000   42   59          -   16.04167      -  45.7 5605s
 54958952 3912618     cutoff   44               -   16.04762      -  45.8 5610s
 54993377 3902544 infeasible   41               -   16.05208      -  45.8 5615s
 55028272 3892612   16.75385   37   72          -   16.05602      -  45.8 5620s
 55062804 3882639 infeasible   44               -   16.06122      -  45.8 5625s
 55097282 3872232   16.58348   43  103          -   16.06557      -  45.8 5630s
 55131362 3861878   16.31194   38  107          -   16.06977      -  45.8 5635s
 55166351 3850731   16.45161   47   97          -   16.07377      -  45.8 5640s
 55205591 3838722     cutoff   56               -   16.07838      -  45.8 5645s
 55240263 3826781     cutoff   43               -   16.08333      -  45.8 5650s
 55274636 3816446 infeasible   46               -   16.08611      -  45.8 5655s
 55309238 3804755     cutoff   38               -   16.09091      -  45.8 5660s
 55343573 3794388 infeasible   39               -   16.09459      -  45.8 5665s
 55377591 3782572     cutoff   43               -   16.10000      -  45.8 5670s
 55417637 3769605   16.27586   35   82          -   16.10185      -  45.9 5675s
 55451575 3758684     cutoff   42               -   16.10714      -  45.9 5680s
 55486767 3745145   16.74334   39  107          -   16.11111      -  45.9 5685s
 55520632 3734228 infeasible   44               -   16.11340      -  45.9 5690s
 55560178 3721119   17.11574   43   95          -   16.11911      -  45.9 5695s
 55594046 3707767     cutoff   39               -   16.12500      -  45.9 5700s
 55630264 3693502     cutoff   41               -   16.12500      -  45.9 5705s
 55663693 3682817 infeasible   47               -   16.12834      -  45.9 5710s
 55698145 3670529 infeasible   39               -   16.13333      -  45.9 5715s
 55732130 3658860     cutoff   48               -   16.13793      -  45.9 5720s
 55767058 3643786   16.63636   48   81          -   16.14286      -  45.9 5725s
 55802634 3630155   16.58833   45  101          -   16.14286      -  45.9 5730s
 55835608 3618854     cutoff   40               -   16.14800      -  46.0 5735s
 55864961 3608176   16.50000   45   17          -   16.15217      -  46.0 5740s
 55899502 3594997     cutoff   46               -   16.15625      -  46.0 5745s
 55928825 3584108     cutoff   39               -   16.16116      -  46.0 5750s
 55963546 3567387     cutoff   47               -   16.16667      -  46.0 5755s
 55998914 3549992   17.00000   47   10          -   16.16667      -  46.0 5760s
 56033884 3535048 infeasible   43               -   16.16667      -  46.0 5765s
 56067824 3522582 infeasible   47               -   16.16667      -  46.0 5770s
 56101127 3510198   16.52137   43   90          -   16.17391      -  46.0 5775s
 56135424 3496823   16.50000   42   56          -   16.17910      -  46.0 5780s
 56170466 3482578     cutoff   45               -   16.18269      -  46.0 5785s
 56204605 3468430     cutoff   44               -   16.18750      -  46.1 5790s
 56238599 3454813     cutoff   35               -   16.19343      -  46.1 5795s
 56272951 3437713 infeasible   51               -   16.20000      -  46.1 5800s
 56308427 3418659 infeasible   42               -   16.20000      -  46.1 5805s
 56343070 3402518     cutoff   35               -   16.20000      -  46.1 5810s
 56377171 3389233   16.46056   43   84          -   16.20000      -  46.1 5815s
 56410162 3375457     cutoff   37               -   16.20787      -  46.1 5820s
 56444702 3360958 infeasible   38               -   16.21374      -  46.1 5825s
 56474521 3348534 infeasible   45               -   16.21739      -  46.1 5830s
 56508974 3331592     cutoff   43               -   16.22222      -  46.1 5835s
 56538481 3319244 infeasible   45               -   16.22382      -  46.1 5840s
 56572241 3303878 infeasible   47               -   16.23077      -  46.1 5845s
 56606753 3288715 infeasible   43               -   16.23529      -  46.2 5850s
 56636414 3276196 infeasible   37               -   16.24000      -  46.2 5855s
 56670291 3260674     cutoff   51               -   16.24815      -  46.2 5860s
 56705866 3236187   16.70930   45   91          -   16.25000      -  46.2 5865s
 56740680 3215115   16.54128   41   68          -   16.25000      -  46.2 5870s
 56774836 3195354   16.50000   43   34          -   16.25000      -  46.2 5875s
 56804426 3179463     cutoff   51               -   16.25000      -  46.2 5880s
 56838929 3162244 infeasible   42               -   16.25000      -  46.2 5885s
 56873222 3146343   16.61905   43   88          -   16.25000      -  46.2 5890s
 56905980 3132530     cutoff   44               -   16.25452      -  46.2 5895s
 56935479 3119317   16.81818   42   49          -   16.26087      -  46.2 5900s
 56970400 3102890     cutoff   50               -   16.26667      -  46.3 5905s
 57004374 3085875     cutoff   45               -   16.27273      -  46.3 5910s
 57033538 3071954   16.36170   48   72          -   16.27673      -  46.3 5915s
 57067874 3055871 infeasible   49               -   16.28302      -  46.3 5920s
 57098502 3037162     cutoff   45               -   16.28571      -  46.3 5925s
 57132038 3021075 infeasible   37               -   16.28780      -  46.3 5930s
 57161046 3006403     cutoff   46               -   16.29412      -  46.3 5935s
 57196055 2987322     cutoff   42               -   16.30000      -  46.3 5940s
 57229731 2970621   16.42857   44   40          -   16.30392      -  46.3 5945s
 57259489 2955282 infeasible   39               -   16.30851      -  46.3 5950s
 57293126 2937093   17.10419   39  109          -   16.31546      -  46.3 5955s
 57322563 2922034   16.62893   36  104          -   16.32136      -  46.4 5960s
 57356539 2904435     cutoff   39               -   16.33051      -  46.4 5965s
 57390793 2876353 infeasible   50               -   16.33333      -  46.4 5970s
 57420968 2854194   16.66667   41   59          -   16.33333      -  46.4 5975s
 57456864 2829052     cutoff   49               -   16.33333      -  46.4 5980s
 57492940 2804697     cutoff   33               -   16.33333      -  46.4 5985s
 57528426 2781902     cutoff   46               -   16.33333      -  46.4 5990s
 57558020 2763694     cutoff   40               -   16.33333      -  46.4 5995s
 57593043 2742894     cutoff   40               -   16.33333      -  46.4 6000s
 57634183 2720665     cutoff   40               -   16.33333      -  46.4 6005s
 57666040 2705465     cutoff   51               -   16.33465      -  46.4 6010s
 57694709 2690402 infeasible   37               -   16.34375      -  46.4 6015s
 57730020 2670234     cutoff   41               -   16.35185      -  46.5 6020s
 57762288 2652870 infeasible   45               -   16.35714      -  46.5 6025s
 57793262 2634004     cutoff   44               -   16.36364      -  46.5 6030s
 57822598 2618143     cutoff   37               -   16.36957      -  46.5 6035s
 57857116 2594443 infeasible   46               -   16.37500      -  46.5 6040s
 57890468 2576035     cutoff   39               -   16.37778      -  46.5 6045s
 57921221 2557599     cutoff   39               -   16.38462      -  46.5 6050s
 57951330 2539446   16.54903   43  104          -   16.39130      -  46.5 6055s
 57982806 2516466 infeasible   37               -   16.40000      -  46.5 6060s
 58019996 2489828     cutoff   45               -   16.40000      -  46.5 6065s
 58055412 2466964   16.67660   42   98          -   16.40000      -  46.5 6070s
 58085884 2450942   16.54153   45  104          -   16.40712      -  46.5 6075s
 58115341 2432379 infeasible   44               -   16.41449      -  46.6 6080s
 58149930 2410013     cutoff   52               -   16.42105      -  46.6 6085s
 58182739 2384494 infeasible   44               -   16.42857      -  46.6 6090s
 58217894 2364361     cutoff   45               -   16.42991      -  46.6 6095s
 58249656 2343653   16.60714   46   89          -   16.43846      -  46.6 6100s
 58282331 2319138 infeasible   36               -   16.44444      -  46.6 6105s
 58313123 2301255 infeasible   41               -   16.45161      -  46.6 6110s
 58342761 2280909 infeasible   49               -   16.45833      -  46.6 6115s
 58378352 2256474   16.46667   47   56          -   16.46667      -  46.6 6120s
 58407433 2236507     cutoff   48               -   16.47500      -  46.6 6125s
 58436746 2216732   16.57350   38   94          -   16.48438      -  46.6 6130s
 58465567 2191838     cutoff   51               -   16.50000      -  46.7 6135s
 58507879 2153084     cutoff   44               -   16.50000      -  46.7 6140s
 58544945 2117825 infeasible   46               -   16.50000      -  46.7 6145s
 58589337 2079783 infeasible   37               -   16.50000      -  46.7 6150s
 58633323 2042999     cutoff   46               -   16.50000      -  46.7 6156s
 58677506 2005459     cutoff   44               -   16.50000      -  46.7 6161s
 58706941 1982020   17.00000   47   11          -   16.50000      -  46.7 6165s
 58750983 1946448   17.00000   47    9          -   16.50000      -  46.7 6171s
 58794952 1911288 infeasible   43               -   16.50000      -  46.7 6176s
 58824132 1888732     cutoff   48               -   16.50000      -  46.7 6180s
 58868933 1854215 infeasible   45               -   16.50000      -  46.7 6185s
 58912189 1820911     cutoff   46               -   16.50000      -  46.7 6191s
 58956443 1788861     cutoff   46               -   16.50000      -  46.7 6196s
 58985546 1767768     cutoff   41               -   16.50000      -  46.7 6200s
 59029079 1737839     cutoff   40               -   16.50000      -  46.7 6206s
 59057577 1718628     cutoff   44               -   16.50000      -  46.7 6210s
 59099090 1697174   16.75000   45   23          -   16.50943      -  46.8 6215s
 59128818 1675140     cutoff   39               -   16.52174      -  46.8 6220s
 59158587 1652281 infeasible   39               -   16.53333      -  46.8 6225s
 59189564 1628155     cutoff   44               -   16.54305      -  46.8 6230s
 59221734 1592822     cutoff   41               -   16.55556      -  46.8 6236s
 59251698 1578221 infeasible   38               -   16.56180      -  46.8 6240s
 59288704 1543158     cutoff   37               -   16.57143      -  46.8 6245s
 59322018 1514939     cutoff   41               -   16.58333      -  46.8 6251s
 59353130 1496363 infeasible   48               -   16.59281      -  46.8 6255s
 59381573 1457449     cutoff   45               -   16.60000      -  46.8 6260s
 59430895 1428757 infeasible   40               -   16.60606      -  46.8 6265s
 59464928 1399908     cutoff   38               -   16.62137      -  46.8 6270s
 59499317 1370258     cutoff   44               -   16.62963      -  46.8 6275s
 59528619 1344569 infeasible   46               -   16.64286      -  46.8 6280s
 59562053 1315880     cutoff   42               -   16.66071      -  46.8 6285s
 59612963 1249467 infeasible   53               -   16.66667      -  46.8 6291s
 59659782 1206782 infeasible   43               -   16.66667      -  46.8 6296s
 59704828 1166660 infeasible   41               -   16.66667      -  46.8 6301s
 59751708 1140867 infeasible   40               -   16.67643      -  46.8 6305s
 59782171 1114070     cutoff   35               -   16.69284      -  46.8 6310s
 59816078 1081951   17.06190   43  122          -   16.71051      -  46.8 6315s
 59854514 1045435     cutoff   41               -   16.72636      -  46.8 6320s
 59893154 992328     cutoff   45               -   16.75000      -  46.8 6326s
 59941253 949072 infeasible   48               -   16.75000      -  46.8 6330s
 59989987 919662     cutoff   34               -   16.76056      -  46.8 6335s
 60030986 881413 infeasible   36               -   16.78737      -  46.8 6340s
 60080453 833874 infeasible   45               -   16.80814      -  46.8 6345s
 60111446 785061     cutoff   39               -   16.83333      -  46.8 6350s
 60175314 740854     cutoff   44               -   16.87302      -  46.8 6355s
 60216327 703300     cutoff   36               -   16.90895      -  46.8 6360s
 60263028 638442     cutoff   45               -   17.00000      -  46.8 6365s
 60358334 545229 infeasible   40               -   17.00000      -  46.7 6370s
 60451928 452132     cutoff   48               -   17.00000      -  46.7 6375s
 60518975 388186     cutoff   39               -   17.00000      -  46.7 6380s
 60609736 299404     cutoff   41               -   17.00000      -  46.6 6386s
 60678426 233098     cutoff   40               -   17.00000      -  46.6 6391s
 60745784 169767 infeasible   48               -   17.00000      -  46.6 6396s

Cutting planes:
  Gomory: 24
  Lift-and-project: 2
  Cover: 1
  Implied bound: 299
  MIR: 374
  Zero half: 569
  Relax-and-lift: 35

Explored 60795039 nodes (2831710845 simplex iterations) in 6399.83 seconds (5791.23 work units)
Thread count was 48 (of 64 available processors)

Solution count 0

Model objective exceeds cutoff
Best objective -, best bound 1.750000000185e+01, gap -

Gurobi 13.0.3 (linux64) logging started Fri Oct  2 11:41:38 2026

Set parameter LogFile to value "D2_10_gurobi.log"
Set parameter Threads to value 48
Set parameter NodefileStart to value 200
Set parameter NodefileDir to value "."
Set parameter SoftMemLimit to value 1000
Set parameter Cutoff to value 17.5
Set parameter MIPFocus to value 3
Set parameter Symmetry to value 2
Gurobi Optimizer version 13.0.3 build v13.0.3rc0 (linux64 - "Ubuntu 24.04.4 LTS")

CPU model: AMD Ryzen Threadripper PRO 9975WX 32-Cores, instruction set [SSE2|AVX|AVX2|AVX512]
Thread count: 32 physical cores, 64 logical processors, using up to 48 threads

Non-default parameters:
Cutoff  17.5
SoftMemLimit  1000
MIPFocus  3
NodefileStart  200
Symmetry  2
Threads  48

Optimize a model with 109 rows, 325 columns and 917 nonzeros (Min)
Model fingerprint: 0x53889591
Model has 216 linear objective coefficients
Variable types: 0 continuous, 325 integer (216 binary)
Coefficient statistics:
  Matrix range     [1e+00, 2e+00]
  Objective range  [1e+00, 1e+00]
  Bounds range     [1e+00, 3e+01]
  RHS range        [1e+00, 1e+00]

Presolve time: 0.00s
Presolved: 109 rows, 325 columns, 917 nonzeros
Variable types: 0 continuous, 325 integer (216 binary)
Root relaxation presolve removed 109 rows and 325 columns
Root relaxation presolve: All rows and columns removed

Root relaxation: objective 1.000000e+00, 0 iterations, 0.00 seconds (0.00 work units)

    Nodes    |    Current Node    |     Objective Bounds      |     Work
 Expl Unexpl |  Obj  Depth IntInf | Incumbent    BestBd   Gap | It/Node Time

     0     0    1.00000    0    3          -    1.00000      -     -    0s
     0     0    1.00000    0    4          -    1.00000      -     -    0s
     0     0    1.00000    0    3          -    1.00000      -     -    0s
     0     0    2.00000    0    3          -    2.00000      -     -    0s
     0     0    2.00000    0    3          -    2.00000      -     -    0s
     0     2    2.00000    0    3          -    2.00000      -     -    0s
  7115  5872    9.65402   43  116          -    7.14521      -  68.6    5s
 27182 19759    9.32750   32  134          -    8.02212      -  43.7   10s
 54722 40833   10.35484   33   67          -    8.46938      -  35.7   15s
 112368 82659   10.55469   49   98          -    8.89155      -  30.7   20s
 183288 124881    9.75471   40  118          -    9.19208      -  28.7   25s
 247786 163937   12.00000   50   42          -    9.41667      -  27.8   30s
 322360 208580   11.25294   25  112          -    9.64000      -  27.3   35s
 383382 244801   11.25000   22  102          -    9.79584      -  26.9   40s
 461976 290039   10.77620   40  114          -    9.98743      -  26.6   45s
 533305 329776   10.31776   34  117          -   10.09217      -  26.4   50s
 598234 367041   11.00130   29  121          -   10.21429      -  26.3   55s
 670371 406571   11.44620   37   93          -   10.32302      -  26.1   60s
 676089 431998   12.23718   33  105          -   10.33333      -  26.1   66s
 771006 461671   11.07843   32   81          -   10.44828      -  26.0   70s
 832531 494431   14.08086   31  109          -   10.50353      -  26.0   75s
 895897 529384   13.88333   36  127          -   10.58824      -  26.0   80s
 966153 566594   11.10000   37   41          -   10.66667      -  25.9   85s
 1031075 601392   11.38093   42   95          -   10.71845      -  25.9   90s
 1100984 638327   13.52632   41   75          -   10.78641      -  26.0   95s
 1169588 673371   11.53001   27  124          -   10.84615      -  26.0  100s
 1237899 710577   11.97243   29  104          -   10.90904      -  26.0  105s
 1308711 746227   13.37396   40  105          -   10.97087      -  26.0  110s
 1380224 779691   13.48811   36  112          -   11.00000      -  26.1  115s
 1448478 812939   12.33333   50   94          -   11.00000      -  26.1  120s
 1518458 850612   11.37571   42  109          -   11.07562      -  26.1  125s
 1583262 884012   12.28466   39  108          -   11.12558      -  26.1  130s
 1652602 918186   11.72954   31   82          -   11.17069      -  26.1  135s
 1715950 950000   11.80105   41   66          -   11.21429      -  26.1  140s
 1777193 980375   11.33333   26   30          -   11.25000      -  26.1  145s
 1849159 1016260   12.88431   41  130          -   11.28861      -  26.1  150s
 1918518 1049576   13.11940   43  105          -   11.33333      -  26.1  155s
 1985810 1082835   12.59168   36  124          -   11.35480      -  26.2  160s
 2047972 1112705   11.82489   35   88          -   11.38889      -  26.2  165s
 2108857 1142277   12.87129   49  117          -   11.41791      -  26.2  170s
 2170509 1172731   11.81094   37  123          -   11.45389      -  26.2  175s
 2233437 1203578   13.13855   39  111          -   11.49180      -  26.2  180s
 2304694 1233531   12.61176   49   85          -   11.50000      -  26.3  185s
 2360382 1259959   13.79433   48  124          -   11.51007      -  26.3  190s
 2428672 1291763   13.32376   41  137          -   11.54969      -  26.3  195s
 2495439 1322652   11.73383   37  112          -   11.58197      -  26.3  200s
 2562612 1353806   13.40046   37  130          -   11.61045      -  26.4  205s
 2629900 1385204   12.67731   38  113          -   11.64286      -  26.4  210s
 2692131 1412470   15.03739   37  109          -   11.66667      -  26.4  215s
 2758184 1442483   12.14007   33   98          -   11.68201      -  26.4  220s
 2820086 1471351   13.30712   41  102          -   11.71239      -  26.4  225s
 2886971 1501575   12.11067   34  125          -   11.73766      -  26.4  230s
 2946445 1527687   12.52632   40   70          -   11.75000      -  26.5  235s
 3014306 1559048   12.63888   31  100          -   11.77778      -  26.5  240s
 3082043 1588635   12.21545   46  106          -   11.80000      -  26.5  245s
 3144203 1617263   12.40365   45   97          -   11.82692      -  26.5  250s
 3206431 1645009   12.48314   33  105          -   11.84615      -  26.5  255s
 3267615 1673432   12.09016   36  117          -   11.86957      -  26.5  260s
 3329255 1700665   14.97365   37  106          -   11.89091      -  26.6  265s
 3401021 1732469   14.53374   41  106          -   11.91832      -  26.6  270s
 3468805 1762207   14.51445   38  125          -   11.94444      -  26.6  275s
 3534848 1791397   14.06178   43  117          -   11.97368      -  26.6  280s
 3590345 1815814   13.43823   42  128          -   12.00000      -  26.6  285s
 3647480 1834557   15.33333   37   50          -   12.00000      -  26.7  290s
 3667710 1840057   13.67033   48   89          -   12.00000      -  26.7  295s
 3668115 1840421   13.00000   40   11          -   12.00000      -  26.7  300s
 3668578 1840823   14.26667   43   65          -   12.00000      -  26.7  305s
 3668979 1841192   12.64072   33   74          -   12.00000      -  26.7  310s
 3669127 1841333   12.20000   30   55          -   12.00000      -  26.8  315s
 3669373 1841575   14.45894   45   77          -   12.00000      -  26.8  320s
 3670519 1842261   12.25000   34   49          -   12.00000      -  26.8  325s
 3680771 1848344   12.65037   41  114          -   12.00000      -  26.8  332s
 3696960 1854166   13.66667   35   33          -   12.00000      -  26.8  335s
 3731007 1866319   16.69697   38  102          -   12.00000      -  26.8  340s
 3764401 1878417   14.50000   45   85          -   12.00000      -  26.8  345s
 3820315 1900312   15.06667   45   74          -   12.00000      -  26.8  350s
 3882260 1925254   13.45123   41  107          -   12.00000      -  26.9  355s
 3941422 1949712   12.22759   35  118          -   12.00832      -  26.9  360s
 3998654 1975029   12.55553   41  117          -   12.03846      -  26.9  365s
 4062502 2002352   12.28100   47  119          -   12.06515      -  26.9  370s
 4127137 2029163   12.35927   34  103          -   12.08696      -  26.9  375s
 4189616 2055530   12.82971   46  102          -   12.10638      -  26.9  380s
 4258021 2084222   13.00000   41    7          -   12.12500      -  26.9  385s
 4314236 2108815   12.46300   24  144          -   12.14286      -  26.9  390s
 4378049 2135621   13.22067   49   96          -   12.16268      -  26.9  395s
 4440787 2161126   12.30439   32  115          -   12.17561      -  26.9  400s
 4507794 2190080   12.57143   41   85          -   12.19637      -  26.9  405s
 4571383 2215439   13.27097   35  102          -   12.20854      -  26.9  410s
 4638375 2243482   12.84324   34  106          -   12.22727      -  26.9  415s
 4701390 2270165   12.46973   46   93          -   12.24818      -  26.9  420s
 4763034 2293298   12.37500   53   52          -   12.25000      -  26.9  425s
 4820815 2316727   15.07068   34  107          -   12.26507      -  27.0  430s
 4891642 2344793   12.51125   28  135          -   12.28570      -  27.0  435s
 4953843 2370489   14.13108   30  109          -   12.30000      -  27.0  440s
 5016036 2395954   13.19178   36  106          -   12.31429      -  27.0  445s
 5078958 2420898   14.55556   52   55          -   12.33333      -  27.0  450s
 5144913 2443817   12.74774   27  100          -   12.33333      -  27.0  455s
 5210372 2470214   13.85748   42  121          -   12.33962      -  27.0  460s
 5275149 2495688   12.82615   33  112          -   12.35714      -  27.0  465s
 5347093 2523932   15.39027   44   90          -   12.37500      -  27.0  470s
 5412312 2550956   13.69880   47  104          -   12.39130      -  27.0  475s
 5478104 2576151   12.95660   42  103          -   12.40000      -  27.1  480s
 5540569 2601308   13.15000   46   92          -   12.41667      -  27.1  485s
 5607096 2626552   15.17699   33  105          -   12.43000      -  27.1  490s
 5672218 2653120   12.85366   43   96          -   12.44444      -  27.1  495s
 5738966 2678953   13.06433   25   83          -   12.46154      -  27.1  500s
 5806248 2705349   12.62438   35  128          -   12.47761      -  27.1  505s
 5870966 2729873   13.43515   33  134          -   12.49744      -  27.1  510s
 5934662 2749426   13.70242   35   79          -   12.50000      -  27.2  515s
 5991802 2766975   13.68000   43   77          -   12.50000      -  27.2  520s
 6059085 2790503   14.85408   35  113          -   12.50000      -  27.2  525s
 6122002 2813362   12.65190   40  113          -   12.50000      -  27.2  530s
 6187752 2838519   14.25358   31  119          -   12.50000      -  27.2  535s
 6257733 2865124   15.60000   37   66          -   12.52000      -  27.3  540s
 6329376 2892430   13.11111   38  118          -   12.53797      -  27.3  545s
 6398538 2918934   14.00000   46   17          -   12.55319      -  27.3  550s
 6470039 2946054   13.37500   43   59          -   12.56779      -  27.3  555s
 6535601 2970676   14.02340   40  126          -   12.57917      -  27.3  560s
 6597890 2993919   14.48625   46  111          -   12.59259      -  27.3  565s
 6664646 3017361   13.18104   39  138          -   12.60000      -  27.3  570s
 6732642 3042539   12.90180   33  106          -   12.61364      -  27.3  575s
 6792804 3065617   13.19691   35  145          -   12.62500      -  27.3  580s
 6865145 3092780   14.00635   35  107          -   12.63833      -  27.3  585s
 6930192 3117715   13.83333   43   76          -   12.65271      -  27.3  590s
 6990543 3139145   14.83107   35  112          -   12.66667      -  27.4  595s
 7057014 3160028   13.68015   34   88          -   12.66667      -  27.4  600s
 7118361 3180312   14.00000   40   31          -   12.66667      -  27.4  605s
 7186372 3204813   12.91310   31  108          -   12.67561      -  27.4  610s
 7258495 3231645   13.72460   30   99          -   12.69114      -  27.4  615s
 7324177 3255594   13.01847   28   89          -   12.70244      -  27.4  620s
 7385414 3277426   14.43478   33   83          -   12.71429      -  27.4  625s
 7456286 3303954   12.97411   36  115          -   12.72682      -  27.4  630s
 7528872 3330804   16.51057   39  106          -   12.73964      -  27.5  635s
 7598507 3353417   14.19048   38   57          -   12.75000      -  27.5  640s
 7664924 3374962   14.61430   50  104          -   12.75000      -  27.5  645s
 7735521 3400412   14.15950   30  113          -   12.76061      -  27.5  650s
 7808044 3426356   13.39716   32  107          -   12.77465      -  27.5  655s
 7877666 3450882   14.00000   51   13          -   12.78571      -  27.5  660s
 7936289 3471881   13.91111   40   89          -   12.79762      -  27.5  665s
 8008656 3495135   14.08219   50  118          -   12.80000      -  27.5  670s
 8040832 3507020   13.00000   47    9          -   12.80682      -  27.6  675s
 8095046 3525484   13.68893   34  124          -   12.81818      -  27.6  680s
 8157507 3548338   15.28744   36  108          -   12.82979      -  27.6  685s
 8223754 3568546   13.80952   41  103          -   12.83333      -  27.6  690s
 8291228 3592273   13.71772   36  110          -   12.84478      -  27.6  695s
 8362262 3617428   14.57586   37   79          -   12.85714      -  27.6  700s
 8429720 3640757   13.00000   43   77          -   12.86550      -  27.6  705s
 8496919 3663603   13.92857   33   69          -   12.87500      -  27.6  710s
 8565625 3688282   12.98762   32  136          -   12.88636      -  27.6  715s
 8632725 3710808   13.87182   40  104          -   12.89508      -  27.6  720s
 8699805 3733138   13.36196   34   86          -   12.90509      -  27.6  725s
 8765278 3756218   14.84821   41   90          -   12.91667      -  27.7  730s
 8821938 3775345   13.63723   33   97          -   12.92391      -  27.7  735s
 8886963 3798468   13.93976   41  108          -   12.93505      -  27.7  740s
 8952621 3820960   14.50838   51   95          -   12.94643      -  27.7  745s
 9013211 3841510   13.28169   37   56          -   12.95685      -  27.7  750s
 9080090 3864760   14.33435   36  126          -   12.96970      -  27.7  755s
 9146757 3888105   13.47033   34  124          -   12.98410      -  27.7  760s
 9217405 3910661   14.22018   41   64          -   13.00000      -  27.7  765s
 9276800 3924933     cutoff   45               -   13.00000      -  27.8  770s
 9331544 3937431   15.77273   43   78          -   13.00000      -  27.8  775s
 9386880 3950326   13.80088   34   58          -   13.00000      -  27.8  780s
 9448318 3964284   15.83333   50   54          -   13.00000      -  27.8  785s
 9504058 3977410   13.25059   33   91          -   13.00000      -  27.9  790s
 9564624 3992619   15.55769   40   71          -   13.00000      -  27.9  795s
 9629517 4009837   15.48148   31   97          -   13.00000      -  27.9  800s
 9694195 4027295   15.00000   34   10          -   13.00000      -  27.9  805s
 9760482 4045722   14.08383   32   95          -   13.00000      -  28.0  810s
 9822337 4063162   14.00000   38   57          -   13.00000      -  28.0  815s
 9884799 4081462   13.03688   41  114          -   13.00000      -  28.0  820s
 9956518 4102344   14.53351   49   99          -   13.00000      -  28.0  825s
 10018687 4120505   14.27194   48  118          -   13.00000      -  28.0  830s
 10085624 4139796   14.40396   43  100          -   13.00000      -  28.0  835s
 10151927 4161152   13.81127   33   99          -   13.00000      -  28.0  840s
 10218859 4183022   14.16097   39  104          -   13.00000      -  28.0  845s
 10287164 4205022   13.23308   39  100          -   13.00000      -  28.0  850s
 10358238 4229624   13.76553   34  130          -   13.00470      -  28.0  855s
 10423891 4252486   13.66667   49   22          -   13.02184      -  28.0  860s
 10495003 4276143   15.00000   47   43          -   13.03648      -  28.0  865s
 10561973 4298842   13.63080   48  125          -   13.04933      -  28.0  870s
 10628935 4320631   13.36713   41  106          -   13.06034      -  28.0  875s
 10694378 4343717     cutoff   41               -   13.07143      -  28.0  880s
 10765622 4367337   14.74546   29  114          -   13.08271      -  28.0  885s
 10825802 4386350   15.33333   46   52          -   13.09091      -  28.1  890s
 10892329 4408047   13.94681   45   77          -   13.10000      -  28.1  895s
 10959239 4429476   13.57065   42   95          -   13.11004      -  28.1  900s
 11025879 4450550   14.71283   37  103          -   13.11765      -  28.1  905s
 11091440 4471415   15.00000   23   85          -   13.12500      -  28.1  910s
 11152542 4490888   13.41388   41   97          -   13.13333      -  28.1  915s
 11217738 4511927   15.18182   35   83          -   13.14286      -  28.1  920s
 11285396 4532920   15.50877   35  122          -   13.14960      -  28.1  925s
 11346488 4552964   13.93000   39   73          -   13.15789      -  28.1  930s
 11410855 4572791   14.66667   42   40          -   13.16667      -  28.1  935s
 11473560 4591957   15.05759   44  107          -   13.16667      -  28.1  940s
 11544707 4614985   14.14039   40   98          -   13.17857      -  28.1  945s
 11605551 4633282   14.01657   30  127          -   13.18644      -  28.1  950s
 11672577 4653785   15.10870   43  104          -   13.19517      -  28.1  955s
 11739348 4672378   15.56452   39   71          -   13.20000      -  28.1  960s
 11807359 4692369   14.27354   32  102          -   13.20395      -  28.1  965s
 11866827 4711978   13.66412   44  115          -   13.21290      -  28.1  970s
 11928168 4731116   13.76087   40   74          -   13.22156      -  28.1  975s
 11994548 4750869   14.10000   43   74          -   13.22727      -  28.1  980s
 12055266 4768691   16.03659   36   96          -   13.23529      -  28.1  985s
 12119347 4788626   16.00000   48   12          -   13.24419      -  28.1  990s
 12177971 4804067   15.13924   35   70          -   13.25000      -  28.1  995s
 12240342 4819642   14.60064   37  108          -   13.25000      -  28.2 1000s
 12305918 4837757   13.94286   38   84          -   13.25000      -  28.2 1005s
 12372279 4858429   16.00000   47    9          -   13.25714      -  28.2 1010s
 12432761 4877535   15.76974   41   82          -   13.26582      -  28.2 1015s
 12504620 4899030   14.69333   31   75          -   13.27273      -  28.2 1020s
 12563627 4917242   14.37531   34  102          -   13.28116      -  28.2 1025s
 12624694 4934798   14.42756   42  101          -   13.28571      -  28.2 1030s
 12683745 4952904   13.90000   36   61          -   13.29241      -  28.2 1035s
 12749936 4972082   13.73050   46   98          -   13.30000      -  28.2 1040s
 12810645 4990372   13.96605   35   96          -   13.30667      -  28.2 1045s
 12874801 5010031   13.71662   41  104          -   13.31373      -  28.2 1050s
 12939744 5029771   14.00000   29   10          -   13.32258      -  28.2 1055s
 13003425 5048096   16.29657   36  105          -   13.33333      -  28.2 1060s
 13059837 5060165   15.83333   43   53          -   13.33333      -  28.2 1065s
 13119557 5074103   14.06660   35  113          -   13.33333      -  28.3 1070s
 13187251 5090763   14.50000   44   30          -   13.33333      -  28.3 1075s
 13252900 5108172   16.60000   45   80          -   13.33333      -  28.3 1080s
 13318981 5126826   13.97778   38   87          -   13.33333      -  28.3 1085s
 13392264 5149881   15.03448   51   67          -   13.34375      -  28.3 1090s
 13453189 5167967   15.40515   36  114          -   13.35176      -  28.3 1095s
 13522407 5188967   13.59271   45  102          -   13.35962      -  28.3 1100s
 13592590 5209140   13.62963   42   94          -   13.36667      -  28.3 1105s
 13661395 5228623   15.34844   37  111          -   13.37500      -  28.3 1110s
 13721807 5245745   14.36667   46   68          -   13.37838      -  28.3 1115s
 13782191 5263809   14.68271   29  127          -   13.38492      -  28.3 1120s
 13847469 5283139   15.00000   51   11          -   13.39286      -  28.3 1125s
 13911053 5298925   13.46296   56   57          -   13.40000      -  28.3 1130s
 13979127 5316637   13.76445   37  118          -   13.40000      -  28.3 1135s
 14048368 5336259   14.00000   53   11          -   13.40555      -  28.3 1140s
 14107863 5353592   14.88710   35   94          -   13.41262      -  28.3 1145s
 14172423 5371709   14.26856   49   98          -   13.41860      -  28.3 1150s
 14232625 5388890 infeasible   38               -   13.42667      -  28.4 1155s
 14293070 5404727   13.85484   43   66          -   13.42857      -  28.4 1160s
 14358551 5423396   14.00000   34    8          -   13.43638      -  28.4 1165s
 14423495 5441227   13.82944   34  113          -   13.44444      -  28.4 1170s
 14483702 5458179   16.44668   39   93          -   13.44737      -  28.4 1175s
 14493759 5471985     cutoff   50               -   13.44894      -  28.4 1190s
 14582984 5483926   14.37500   50   63          -   13.45652      -  28.4 1195s
 14647261 5501684   14.54676   39  101          -   13.46392      -  28.4 1200s
 14702020 5517011   14.25407   35   92          -   13.46988      -  28.4 1205s
 14756659 5532291   15.75472   38  104          -   13.47619      -  28.4 1210s
 14816528 5549231   14.18815   39   92          -   13.48333      -  28.4 1215s
 14876189 5567049   13.88591   43  107          -   13.49167      -  28.4 1220s
 14931003 5581148   15.35714   44   65          -   13.50000      -  28.4 1225s
 14986644 5591078   13.50000   33   44          -   13.50000      -  28.4 1230s
 15036237 5600246 infeasible   42               -   13.50000      -  28.5 1235s
 15096705 5612450   14.62957   33   89          -   13.50000      -  28.5 1240s
 15147667 5622403   15.77778   43  101          -   13.50000      -  28.5 1245s
 15208018 5634843   14.00000   44   16          -   13.50000      -  28.5 1250s
 15263542 5646507   16.66667   52   67          -   13.50000      -  28.5 1255s
 15323603 5659407   14.87931   37   95          -   13.50000      -  28.5 1260s
 15385012 5672947   15.31111   37   76          -   13.50000      -  28.5 1265s
 15455113 5690130   15.38462   46   73          -   13.50000      -  28.5 1270s
 15514972 5704384   14.33333   36   31          -   13.50000      -  28.5 1275s
 15577013 5719438   15.00000   57   13          -   13.50000      -  28.5 1280s
 15643274 5736240   15.50000   49   30          -   13.50000      -  28.6 1285s
 15706794 5752271   13.54255   45  111          -   13.50000      -  28.6 1290s
 15771610 5769369   14.00000   37   41          -   13.50218      -  28.6 1295s
 15831219 5786552   16.52473   43  126          -   13.51155      -  28.6 1300s
 15897693 5804315   14.50560   42  112          -   13.51926      -  28.6 1305s
 15957953 5820323   15.66667   41   70          -   13.52632      -  28.6 1310s
 16018633 5837482   16.58333   36   54          -   13.53333      -  28.6 1315s
 16078961 5853530   15.64480   41  117          -   13.53846      -  28.6 1320s
 16138424 5869814   16.47561   36   95          -   13.54545      -  28.6 1325s
 16207315 5888695   14.00937   40   94          -   13.55117      -  28.6 1330s
 16261244 5902447   14.80250   40  114          -   13.55556      -  28.6 1335s
 16321847 5918756   14.40834   29  118          -   13.56048      -  28.6 1340s
 16390796 5938296   14.04108   35  104          -   13.56800      -  28.6 1345s
 16451513 5951999   13.93500   45   85          -   13.57143      -  28.6 1350s
 16521717 5970425   14.80217   43  105          -   13.57692      -  28.6 1355s
 16585913 5987083   16.05874   36   90          -   13.58333      -  28.6 1360s
 16656389 6006102   14.65217   43   98          -   13.58856      -  28.6 1365s
 16720279 6022814   15.44280   41   94          -   13.59599      -  28.6 1370s
 16785486 6037234   14.00000   44   33          -   13.60000      -  28.6 1375s
 16846151 6051692   14.69697   49   85          -   13.60000      -  28.6 1380s
 16912071 6068523   14.99903   35   85          -   13.60305      -  28.6 1385s
 16971653 6084306   14.35206   36   90          -   13.61005      -  28.6 1390s
 17038046 6100879   14.21516   41  107          -   13.61538      -  28.7 1395s
 17097946 6116650   15.83145   46  107          -   13.62221      -  28.7 1400s
 17158285 6131081   14.85139   35  100          -   13.62500      -  28.7 1405s
 17223443 6147860   15.16667   34   99          -   13.63021      -  28.7 1410s
 17283411 6162816   15.77054   40  114          -   13.63636      -  28.7 1415s
 17349667 6180330   15.10753   36   89          -   13.64138      -  28.7 1420s
 17409282 6195329   14.37896   42  119          -   13.64692      -  28.7 1425s
 17474612 6212379   13.91629   35   96          -   13.65306      -  28.7 1430s
 17535509 6228655   14.55496   45  102          -   13.65998      -  28.7 1435s
 17595564 6242291     cutoff   48               -   13.66667      -  28.7 1440s
 17657216 6252344   16.25000   45   43          -   13.66667      -  28.7 1445s
 17712456 6262217   13.89474   43  106          -   13.66667      -  28.7 1450s
 17776925 6275176   14.48387   36  101          -   13.66667      -  28.7 1455s
 17842543 6289024   16.30000   41   68          -   13.66667      -  28.8 1460s
 17914635 6304640   13.75000   42   41          -   13.66667      -  28.8 1465s
 17981329 6320319   14.00000   41   50          -   13.66667      -  28.8 1470s
 18046622 6336911   16.00000   50    9          -   13.66864      -  28.8 1475s
 18110927 6354166   15.38191   40   92          -   13.67699      -  28.8 1480s
 18171825 6369899   14.93182   49   87          -   13.68333      -  28.8 1485s
 18243008 6387470 infeasible   49               -   13.68966      -  28.8 1490s
 18299109 6401557   14.23907   50   96          -   13.69444      -  28.8 1495s
 18363648 6417574   14.62857   42   95          -   13.70000      -  28.8 1500s
 18423767 6432520   14.33333   58   83          -   13.70423      -  28.8 1505s
 18489535 6448443 infeasible   39               -   13.71016      -  28.8 1510s
 18549386 6461712   14.66667   35   50          -   13.71429      -  28.8 1515s
 18609486 6476302   15.57143   50   81          -   13.71600      -  28.8 1520s
 18674755 6492530   16.12500   39   95          -   13.72222      -  28.8 1525s
 18734516 6507035   14.48922   40  123          -   13.72727      -  28.8 1530s
 18795414 6521857   15.00000   42    8          -   13.73214      -  28.8 1535s
 18844208 6533886   14.51304   46  101          -   13.73611      -  28.8 1540s
 18904598 6549138   15.73333   32   77          -   13.74194      -  28.8 1545s
 18965601 6563630   14.51641   47  122          -   13.75000      -  28.8 1550s
 19018718 6572480   16.57143   46   63          -   13.75000      -  28.9 1555s
 19069686 6581802   15.70370   50  101          -   13.75000      -  28.9 1560s
 19129566 6593929   14.55747   34  106          -   13.75000      -  28.9 1565s
 19190238 6606657   15.92145   35  132          -   13.75000      -  28.9 1570s
 19240935 6618032   16.00000   37   11          -   13.75000      -  28.9 1575s
 19300682 6633229   15.99953   38   98          -   13.75376      -  28.9 1580s
 19360366 6647646   15.09836   39   99          -   13.76000      -  28.9 1585s
 19425727 6663431   16.02749   43  101          -   13.76577      -  28.9 1590s
 19489721 6678356   14.66822   34   94          -   13.77083      -  28.9 1595s
 19548256 6692530   14.15551   34   90          -   13.77730      -  28.9 1600s
 19615579 6707310   13.91270   37   79          -   13.77904      -  28.9 1605s
 19680077 6722674   14.66667   46   19          -   13.78571      -  28.9 1610s
 19741246 6737072   15.34579   40   82          -   13.78983      -  28.9 1615s
 19802438 6751849   14.19298   38   75          -   13.79592      -  28.9 1620s
 19856986 6762405     cutoff   48               -   13.80000      -  28.9 1625s
 19922265 6775035   14.26667   40   46          -   13.80000      -  28.9 1630s
 19983391 6788995   14.61111   40   50          -   13.80000      -  28.9 1635s
 20048949 6804777   15.06579   38   94          -   13.80556      -  28.9 1640s
 20108577 6818989   15.20000   40   80          -   13.81119      -  29.0 1645s
 20168963 6832861   14.52939   38  109          -   13.81579      -  29.0 1650s
 20227256 6845976   14.71429   40   61          -   13.81944      -  29.0 1655s
 20285912 6859647   15.02755   44  118          -   13.82500      -  29.0 1660s
 20340413 6873160   14.87521   36  122          -   13.83036      -  29.0 1665s
 20404690 6884551   15.00000   35   36          -   13.83333      -  29.0 1670s
 20464851 6896337   16.53409   34   80          -   13.83333      -  29.0 1675s
 20520915 6908545   14.06792   40   94          -   13.83333      -  29.0 1680s
 20579752 6922714   14.03155   35   87          -   13.83985      -  29.0 1685s
 20644600 6937984   16.00000   38   63          -   13.84615      -  29.0 1690s
 20704542 6951457   14.57333   57   86          -   13.85000      -  29.0 1695s
 20763288 6965361   15.16667   37   99          -   13.85531      -  29.0 1700s
 20818188 6976287   14.32432   42   65          -   13.85714      -  29.0 1705s
 20883269 6991521   14.67847   35   93          -   13.86029      -  29.0 1710s
 20937383 7004209   14.51456   34  107          -   13.86526      -  29.0 1715s
 21001751 7018731   14.40741   39   81          -   13.87026      -  29.0 1720s
 21059949 7031328   14.80851   40   65          -   13.87500      -  29.0 1725s
 21125008 7045552   14.81918   55   96          -   13.87500      -  29.0 1730s
 21188421 7060317   15.36364   52   60          -   13.88220      -  29.1 1735s
 21252355 7075276   15.00000   40   50          -   13.88764      -  29.1 1740s
 21312377 7086827   14.73742   45  103          -   13.88889      -  29.1 1745s
 21371494 7101142   14.67366   36  104          -   13.89465      -  29.1 1750s
 21433908 7114385   15.32727   47   82          -   13.90000      -  29.1 1755s
 21494581 7127575   15.00000   38   91          -   13.90210      -  29.1 1760s
 21559209 7142068   15.77667   53  107          -   13.90798      -  29.1 1765s
 21623876 7156235   14.10873   43  112          -   13.91192      -  29.1 1770s
 21680867 7168349   14.98148   40   65          -   13.91667      -  29.1 1775s
 21745896 7182382   15.30526   39  102          -   13.92000      -  29.1 1780s
 21805701 7196143   14.81473   36  113          -   13.92461      -  29.1 1785s
 21865293 7209166   14.18987   37   72          -   13.92857      -  29.1 1790s
 21930727 7223479   14.57489   41  104          -   13.93333      -  29.1 1795s
 21996420 7237975 infeasible   47               -   13.93895      -  29.1 1800s
 22055282 7250713   14.33970   45  102          -   13.94400      -  29.1 1805s
 22114502 7264209   15.02607   34  116          -   13.94805      -  29.1 1810s
 22169260 7276081   16.10000   49   84          -   13.95238      -  29.1 1815s
 22234152 7290556 infeasible   46               -   13.95833      -  29.1 1820s
 22294222 7303606   14.39728   39  121          -   13.96296      -  29.1 1825s
 22348935 7315965   15.98230   37  114          -   13.96774      -  29.2 1830s
 22415569 7330351   15.01090   43  102          -   13.97382      -  29.2 1835s
 22474315 7343154   15.45108   33  105          -   13.97963      -  29.2 1840s
 22538259 7357358   15.52333   42  105          -   13.98632      -  29.2 1845s
 22599702 7370897   16.27778   47   49          -   13.99468      -  29.2 1850s
 22650632 7379802   16.50000   51   33          -   14.00000      -  29.2 1855s
 22699639 7385129   14.35000   50   77          -   14.00000      -  29.2 1860s
 22753222 7389737   16.00000   41   11          -   14.00000      -  29.2 1865s
 22801922 7394182   16.22202   41  101          -   14.00000      -  29.2 1870s
 22854910 7399402   16.44598   36  118          -   14.00000      -  29.3 1875s
 22903804 7403717   14.80000   36   66          -   14.00000      -  29.3 1880s
 22957546 7408650     cutoff   51               -   14.00000      -  29.3 1885s
 23006027 7413487   16.26282   40  100          -   14.00000      -  29.3 1890s
 23060505 7418400   15.12500   41   49          -   14.00000      -  29.3 1895s
 23108919 7422621   15.00000   46   11          -   14.00000      -  29.3 1900s
 23167625 7427863 infeasible   46               -   14.00000      -  29.3 1905s
 23217018 7432307   16.60000   41   57          -   14.00000      -  29.4 1910s
 23265878 7436728   15.91667   39  106          -   14.00000      -  29.4 1915s
 23314695 7442041   16.66667   34   76          -   14.00000      -  29.4 1920s
 23364216 7447244 infeasible   41               -   14.00000      -  29.4 1925s
 23418405 7453587   15.19146   39  111          -   14.00000      -  29.4 1930s
 23471338 7459663 infeasible   51               -   14.00000      -  29.4 1935s
 23521132 7466106   14.00000   27   10          -   14.00000      -  29.4 1940s
 23576083 7473596   15.71667   46   82          -   14.00000      -  29.4 1945s
 23635042 7481499   15.67471   36  131          -   14.00000      -  29.4 1950s
 23685534 7488226   16.45333   39   87          -   14.00000      -  29.5 1955s
 23745827 7497113   14.72340   42   94          -   14.00000      -  29.5 1960s
 23805243 7506184   14.73874   47   84          -   14.00000      -  29.5 1965s
 23860083 7514559   15.90909   52   77          -   14.00000      -  29.5 1970s
 23913888 7522413   14.28040   39  107          -   14.00000      -  29.5 1975s
 23970093 7531758   15.25685   34  110          -   14.00000      -  29.5 1980s
 24029271 7541461   15.00000   31   10          -   14.00000      -  29.5 1985s
 24084113 7550111   15.00000   40   13          -   14.00000      -  29.5 1990s
 24144326 7559794   16.00000   45   77          -   14.00000      -  29.5 1995s
 24210230 7571051   14.00000   40    8          -   14.00000      -  29.5 2000s
 24265567 7580045     cutoff   49               -   14.00000      -  29.5 2005s
 24326220 7590759   14.22222   45   29          -   14.00000      -  29.5 2010s
 24386645 7600644   15.72222   54   66          -   14.00000      -  29.6 2015s
 24451674 7612004   16.23437   38   94          -   14.00000      -  29.6 2020s
 24512281 7622571   14.83333   45   41          -   14.00000      -  29.6 2025s
 24568186 7632754   14.80000   43   75          -   14.00000      -  29.6 2030s
 24629831 7644126   14.09677   36   85          -   14.00000      -  29.6 2035s
 24690854 7655726   14.19231   44   59          -   14.00000      -  29.6 2040s
 24751856 7667135   15.00000   58   11          -   14.00000      -  29.6 2045s
 24808085 7677933     cutoff   50               -   14.00000      -  29.6 2050s
 24874101 7690306   14.67957   29  114          -   14.00000      -  29.6 2055s
 24933527 7702038   14.69565   37   49          -   14.00000      -  29.6 2060s
 24996539 7713936   14.50000   34   41          -   14.00000      -  29.6 2065s
 25062174 7726564   14.80000   39   43          -   14.00000      -  29.6 2070s
 25116848 7737331   14.50000   47   19          -   14.00000      -  29.6 2075s
 25182465 7751329   14.00000   41    9          -   14.00000      -  29.6 2080s
 25241306 7763984   14.04762   35   97          -   14.00000      -  29.6 2085s
 25301963 7777092   14.56713   33   99          -   14.00000      -  29.6 2090s
 25362277 7790696 infeasible   43               -   14.00000      -  29.6 2095s
 25422153 7803079   14.50000   55   59          -   14.00000      -  29.6 2100s
 25477498 7815131   16.70141   32  109          -   14.00884      -  29.6 2105s
 25539077 7828549   15.07143   28  109          -   14.01688      -  29.6 2110s
 25599725 7841857   14.22482   39   91          -   14.02381      -  29.6 2115s
 25659086 7855128   14.85329   32  126          -   14.03020      -  29.6 2120s
 25719424 7868143   14.60702   47  119          -   14.03571      -  29.6 2125s
 25784922 7882227   16.01940   43   75          -   14.04167      -  29.6 2130s
 25850957 7895554   16.20183   45   93          -   14.04762      -  29.6 2135s
 25911477 7908491   15.85714   48   57          -   14.05263      -  29.6 2140s
 25977700 7922549   14.24756   40  120          -   14.05753      -  29.6 2145s
 26032566 7933889   15.31250   40   83          -   14.06250      -  29.6 2150s
 26096212 7946669   16.61972   36   73          -   14.06667      -  29.6 2155s
 26151711 7957911   14.68472   41  119          -   14.07124      -  29.6 2160s
 26212065 7970112 infeasible   43               -   14.07500      -  29.6 2165s
 26275487 7983179   14.29895   40   98          -   14.07965      -  29.6 2170s
 26336773 7994908   14.66667   51   42          -   14.08333      -  29.6 2175s
 26401351 8008282   14.85714   46   64          -   14.08796      -  29.6 2180s
 26467695 8021480   14.78899   43   93          -   14.09167      -  29.6 2185s
 26523240 8032519   14.87981   39  125          -   14.09644      -  29.6 2190s
 26583497 8043664   14.35714   42   77          -   14.10000      -  29.6 2195s
 26648871 8057531   15.00000   39   24          -   14.10417      -  29.6 2200s
 26703734 8068682   15.12789   38  103          -   14.10855      -  29.6 2205s
 26763924 8079131   14.54545   47   66          -   14.11111      -  29.7 2210s
 26822851 8091020   14.78072   40   87          -   14.11475      -  29.7 2215s
 26883230 8103476   14.84314   41   72          -   14.11915      -  29.7 2220s
 26943160 8114615     cutoff   46               -   14.12500      -  29.7 2225s
 27004918 8125085   14.55901   41  128          -   14.12500      -  29.7 2230s
 27064530 8137111 infeasible   58               -   14.12847      -  29.7 2235s
 27124087 8149107   15.24640   43   83          -   14.13333      -  29.7 2240s
 27183812 8160825   15.87165   42   95          -   14.13711      -  29.7 2245s
 27239384 8171642   16.27461   37  127          -   14.14208      -  29.7 2250s
 27299642 8181382   15.90164   37   82          -   14.14286      -  29.7 2255s
 27359810 8193390   15.71519   36   98          -   14.14530      -  29.7 2260s
 27420080 8205082   15.50000   31   70          -   14.15000      -  29.7 2265s
 27476238 8215783   14.75000   52   44          -   14.15385      -  29.7 2270s
 27535603 8227450   15.94053   43  117          -   14.15787      -  29.7 2275s
 27595348 8239559   14.35513   37  115          -   14.16185      -  29.7 2280s
 27648853 8248688   15.90000   45   59          -   14.16667      -  29.7 2285s
 27710181 8257143   15.33333   38   48          -   14.16667      -  29.7 2290s
 27776546 8268038   16.00354   35  117          -   14.16667      -  29.7 2295s
 27827182 8277346   14.34783   34   81          -   14.16667      -  29.7 2300s
 27885099 8288859   14.84946   36  138          -   14.17143      -  29.7 2305s
 27946308 8300391   15.80000   37   63          -   14.17647      -  29.7 2310s
 28007858 8312039   15.00000   37   10          -   14.18085      -  29.7 2315s
 28063746 8322528   14.50000   37   14          -   14.18315      -  29.7 2320s
 28124062 8333476 infeasible   44               -   14.18750      -  29.7 2325s
 28183589 8344860   14.50000   40   56          -   14.19072      -  29.7 2330s
 28243218 8355849   14.34568   51   94          -   14.19543      -  29.7 2335s
 28307464 8366276   15.08333   34   46          -   14.20000      -  29.7 2340s
 28362800 8373960   14.26087   52   66          -   14.20000      -  29.7 2345s
 28423842 8383530   16.72941   45  128          -   14.20000      -  29.7 2350s
 28484477 8394387   16.14286   37   55          -   14.20000      -  29.7 2355s
 28544290 8405848   15.00000   45   91          -   14.20513      -  29.7 2360s
 28600879 8416045   14.29268   44   77          -   14.20892      -  29.7 2365s
 28662312 8427908   14.66667   46   51          -   14.21333      -  29.7 2370s
 28722076 8438558   14.66667   47   34          -   14.21622      -  29.7 2375s
 28777623 8449344   14.95017   36  119          -   14.22059      -  29.7 2380s
 28838462 8458302   15.29588   50  116          -   14.22222      -  29.7 2385s
 28902501 8470688   15.15562   44  111          -   14.22581      -  29.7 2390s
 28957164 8481020   15.02667   38   67          -   14.22998      -  29.8 2395s
 29017517 8491119   14.50000   44   19          -   14.23315      -  29.8 2400s
 29077993 8502388   14.32554   33   99          -   14.23693      -  29.8 2405s
 29139527 8513035   16.18919   35   98          -   14.24104      -  29.8 2410s
 29199487 8523895   14.41111   48   83          -   14.24561      -  29.8 2415s
 29251766 8531067     cutoff   52               -   14.25000      -  29.8 2420s
 29301664 8536332   15.00000   41    5          -   14.25000      -  29.8 2425s
 29361305 8543503   14.43333   42  114          -   14.25000      -  29.8 2430s
 29417813 8551242 infeasible   43               -   14.25000      -  29.8 2435s
 29471997 8558733   14.30769   37   56          -   14.25000      -  29.8 2440s
 29532633 8567796   15.50941   37  110          -   14.25000      -  29.8 2445s
 29592961 8577706   14.67568   51   83          -   14.25000      -  29.8 2450s
 29657206 8589140   14.80000   41   53          -   14.25000      -  29.8 2455s
 29717336 8600182   15.78514   37   92          -   14.25610      -  29.8 2460s
 29781423 8611310   14.66667   37   72          -   14.26087      -  29.8 2465s
 29841947 8621792   15.00000   42   11          -   14.26471      -  29.8 2470s
 29901410 8631526   15.62821   38   67          -   14.26786      -  29.8 2475s
 29960974 8641789 infeasible   45               -   14.27244      -  29.8 2480s
 30020767 8651745   14.90071   35  109          -   14.27419      -  29.8 2485s
 30074454 8660979   15.67266   34  108          -   14.27778      -  29.8 2490s
 30134252 8670874   15.34896   45   79          -   14.28125      -  29.8 2495s
 30192601 8680087     cutoff   36               -   14.28571      -  29.8 2500s
 30247898 8687802 infeasible   49               -   14.28571      -  29.8 2505s
 30307749 8698127   15.01689   44   73          -   14.28671      -  29.8 2510s
 30366850 8708210   14.90909   46   60          -   14.29167      -  29.8 2515s
 30421215 8717681   15.38462   29   84          -   14.29444      -  29.8 2520s
 30480401 8727916   15.80769   42   87          -   14.29924      -  29.8 2525s
 30540921 8736623   14.51208   37   89          -   14.30000      -  29.9 2530s
 30595766 8746258   14.50000   43   29          -   14.30346      -  29.9 2535s
 30655336 8755933   14.53998   36  113          -   14.30769      -  29.9 2540s
 30719584 8766984   14.96478   36  111          -   14.31077      -  29.9 2545s
 30778102 8776782   14.92683   37   63          -   14.31395      -  29.9 2550s
 30831970 8786172   15.04136   36  132          -   14.31781      -  29.9 2555s
 30886603 8796022   14.50000   48   30          -   14.32143      -  29.9 2560s
 30942559 8805583   15.38217   36  128          -   14.32507      -  29.9 2565s
 31001025 8816241   14.64286   36   89          -   14.33019      -  29.9 2570s
 31055510 8820917   15.23647   46  103          -   14.33333      -  29.9 2575s
 31105152 8824098   14.75194   37  102          -   14.33333      -  29.9 2580s
 31154378 8828010     cutoff   39               -   14.33333      -  29.9 2585s
 31208749 8832726     cutoff   36               -   14.33333      -  29.9 2590s
 31263852 8837778   15.50000   39   42          -   14.33333      -  29.9 2595s
 31322894 8843681 infeasible   46               -   14.33333      -  29.9 2600s
 31376772 8849958   15.28571   38   68          -   14.33333      -  29.9 2605s
 31430772 8856196   15.28687   39   91          -   14.33333      -  29.9 2610s
 31490624 8864035   15.39198   55   82          -   14.33333      -  29.9 2615s
 31546061 8871545     cutoff   42               -   14.33333      -  29.9 2620s
 31605717 8880185   14.77652   43   95          -   14.33333      -  29.9 2625s
 31660316 8888507     cutoff   38               -   14.33333      -  29.9 2630s
 31720058 8897762   14.45455   42   65          -   14.33333      -  29.9 2635s
 31779562 8907853   15.43732   41  114          -   14.33486      -  29.9 2640s
 31833813 8917637   14.85185   45   68          -   14.34000      -  29.9 2645s
 31892620 8927797   16.44345   44  107          -   14.34441      -  29.9 2650s
 31947503 8937162   15.44462   47  109          -   14.34783      -  30.0 2655s
 32006570 8946396   15.72727   40   50          -   14.35135      -  30.0 2660s
 32060569 8955406   14.58000   44   83          -   14.35455      -  30.0 2665s
 32118967 8963811   16.79011   36  105          -   14.35714      -  30.0 2670s
 32170171 8972911   15.78344   44  110          -   14.36052      -  30.0 2675s
 32225201 8981137   16.00000   38   46          -   14.36364      -  30.0 2680s
 32281033 8990498   15.57143   33   64          -   14.36652      -  30.0 2685s
 32337600 9000286   16.07805   37  115          -   14.36983      -  30.0 2690s
 32392515 9009254   15.03630   38  106          -   14.37417      -  30.0 2695s
 32446890 9014913   15.33490   44  109          -   14.37500      -  30.0 2700s
 32506596 9022916   15.57985   40  106          -   14.37500      -  30.0 2705s
 32567242 9033397   15.38424   49  116          -   14.37914      -  30.0 2710s
 32628280 9043323     cutoff   51               -   14.38298      -  30.0 2715s
 32693196 9053073 infeasible   53               -   14.38628      -  30.0 2720s
 32753096 9062312   14.90960   41  101          -   14.38889      -  30.0 2725s
 32818575 9072884   16.66667   38   54          -   14.39362      -  30.0 2730s
 32880766 9082857   14.55682   35  110          -   14.39865      -  30.0 2735s
 32929443 9086473   15.16312   47   68          -   14.40000      -  30.0 2740s
 32990237 9092775   15.25000   40   34          -   14.40000      -  30.0 2745s
 33049759 9100486   15.00000   46   10          -   14.40000      -  30.0 2750s
 33114490 9109647   14.91237   51   93          -   14.40000      -  30.0 2755s
 33168131 9118168   15.05765   43  103          -   14.40132      -  30.0 2760s
 33226995 9127823   15.10458   49  114          -   14.40610      -  30.0 2765s
 33290952 9138015   14.61017   36   82          -   14.40973      -  30.0 2770s
 33351238 9147354   15.43158   45   81          -   14.41329      -  30.0 2775s
 33405415 9154847   15.30061   33  121          -   14.41667      -  30.1 2780s
 33461443 9162911   14.74230   35   99          -   14.41730      -  30.1 2785s
 33515170 9171267   15.65479   38  121          -   14.42105      -  30.1 2790s
 33574593 9180853   15.36161   39  108          -   14.42500      -  30.1 2795s
 33627906 9187567   16.00000   41   71          -   14.42857      -  30.1 2800s
 33688795 9194396   16.26667   54   52          -   14.42857      -  30.1 2805s
 33749171 9202621   15.03261   42   87          -   14.42857      -  30.1 2810s
 33812186 9212921   14.76204   41   93          -   14.43333      -  30.1 2815s
 33870532 9221687   14.81818   44   60          -   14.43719      -  30.1 2820s
 33931321 9230626     cutoff   44               -   14.44000      -  30.1 2825s
 33994866 9239968   16.50000   39   54          -   14.44444      -  30.1 2830s
 34049287 9246108   15.00000   54   23          -   14.44444      -  30.1 2835s
 34102533 9254488   15.94000   44   91          -   14.44626      -  30.1 2840s
 34163714 9263153   16.14286   38   90          -   14.45000      -  30.1 2845s
 34218354 9271727   14.94318   29  122          -   14.45361      -  30.1 2850s
 34278802 9279434   15.12537   41  125          -   14.45455      -  30.1 2855s
 34337177 9288313   15.93750   50   49          -   14.45837      -  30.1 2860s
 34391625 9296013   15.00000   40   11          -   14.46154      -  30.1 2865s
 34457243 9305919   15.25251   39  146          -   14.46500      -  30.1 2870s
 34516187 9314428   15.09449   49   71          -   14.46746      -  30.1 2875s
 34570579 9322499   14.87719   49  107          -   14.47059      -  30.1 2880s
 34619003 9329778   14.50000   42   39          -   14.47368      -  30.1 2885s
 34669764 9336446   16.68750   41   75          -   14.47619      -  30.1 2890s
 34728964 9345010   15.28333   46   84          -   14.48000      -  30.1 2895s
 34784241 9353058   15.07285   42  103          -   14.48333      -  30.1 2900s
 34843032 9361681   15.05021   38   76          -   14.48729      -  30.2 2905s
 34898660 9369920   14.99548   39  118          -   14.49132      -  30.2 2910s
 34953667 9378784   15.44184   44  126          -   14.49630      -  30.2 2915s
 35009913 9383351   15.70947   32   90          -   14.50000      -  30.2 2920s
 35053364 9384216   16.05128   52   85          -   14.50000      -  30.2 2925s
 35102798 9385165   15.77313   31  125          -   14.50000      -  30.2 2930s
 35151936 9386325     cutoff   40               -   14.50000      -  30.2 2935s
 35200773 9388016     cutoff   40               -   14.50000      -  30.2 2940s
 35243859 9389775     cutoff   38               -   14.50000      -  30.2 2945s
 35293015 9391694   14.95833   46   48          -   14.50000      -  30.2 2950s
 35342946 9394167   16.40789   47   98          -   14.50000      -  30.2 2955s
 35396361 9396965     cutoff   52               -   14.50000      -  30.2 2960s
 35451593 9399550   14.71644   42   87          -   14.50000      -  30.2 2965s
 35505316 9402577   16.00000   50   44          -   14.50000      -  30.3 2970s
 35554356 9405672   15.18966   38   70          -   14.50000      -  30.3 2975s
 35604635 9409026   14.75000   43   55          -   14.50000      -  30.3 2980s
 35657316 9412472   14.68571   43   68          -   14.50000      -  30.3 2985s
 35711156 9415978   15.00000   51   17          -   14.50000      -  30.3 2990s
 35766375 9420479   14.75000   41   34          -   14.50000      -  30.3 2995s
 35825088 9425001   16.39548   37  120          -   14.50000      -  30.3 3000s
 35879971 9429386   15.00000   40   26          -   14.50000      -  30.3 3005s
 35934046 9433910   14.75000   41   65          -   14.50000      -  30.3 3010s
 35988337 9438623   15.10000   49   43          -   14.50000      -  30.3 3015s
 36043557 9443435   14.65217   46   83          -   14.50000      -  30.3 3020s
 36104113 9448928   15.17910   46   64          -   14.50000      -  30.3 3025s
 36159274 9454587   15.44662   41   95          -   14.50000      -  30.3 3030s
 36209294 9459670   15.00000   48   12          -   14.50000      -  30.3 3035s
 36263505 9465591   15.50909   44   98          -   14.50000      -  30.3 3040s
 36323970 9472186 infeasible   34               -   14.50000      -  30.3 3045s
 36379355 9477859   15.80000   51   51          -   14.50000      -  30.3 3050s
 36434010 9484559   15.48849   48   98          -   14.50000      -  30.3 3055s
 36489346 9491229   15.00000   43   14          -   14.50000      -  30.3 3060s
 36551366 9498443   15.42997   46  113          -   14.50000      -  30.3 3065s
 36607128 9506154   14.59971   34  130          -   14.50000      -  30.3 3070s
 36657404 9513190   14.84569   51  129          -   14.50000      -  30.3 3075s
 36713909 9521167 infeasible   44               -   14.50000      -  30.3 3080s
 36773439 9529379   15.00000   51   12          -   14.50000      -  30.3 3085s
 36830855 9538320   15.02303   48   93          -   14.50632      -  30.3 3090s
 36881594 9545516   16.19588   51   85          -   14.51020      -  30.3 3095s
 36935752 9553600   15.46000   36   77          -   14.51423      -  30.3 3100s
 36990392 9561342   15.89412   48   79          -   14.51786      -  30.3 3105s
 37049597 9569414   14.64045   32  123          -   14.52172      -  30.4 3110s
 37104431 9577279   15.00000   41   63          -   14.52444      -  30.4 3115s
 37163363 9585521   15.50000   33   16          -   14.52778      -  30.4 3120s
 37217376 9592857   14.75294   44   93          -   14.53107      -  30.4 3125s
 37271981 9599738 infeasible   50               -   14.53333      -  30.4 3130s
 37331120 9608259   15.05162   44  130          -   14.53710      -  30.4 3135s
 37385425 9615001     cutoff   42               -   14.53891      -  30.4 3140s
 37436058 9621710   15.27967   31  126          -   14.54184      -  30.4 3145s
 37494857 9628811 infeasible   36               -   14.54545      -  30.4 3150s
 37550425 9635704   14.83779   32   88          -   14.54687      -  30.4 3155s
 37600258 9642898   15.25000   43   72          -   14.55000      -  30.4 3160s
 37655780 9650632   15.04738   36  107          -   14.55319      -  30.4 3165s
 37713665 9656424   14.91852   34   74          -   14.55556      -  30.4 3170s
 37774147 9663639   15.77966   41  110          -   14.55556      -  30.4 3175s
 37832630 9671935   16.41954   37   89          -   14.55970      -  30.4 3180s
 37887122 9678880   16.15181   28  116          -   14.56250      -  30.4 3185s
 37940170 9686283   15.33152   36  109          -   14.56522      -  30.4 3190s
 38002308 9694729   14.82461   43  119          -   14.56897      -  30.4 3195s
 38050299 9698980   15.16667   43   44          -   14.57143      -  30.4 3200s
 38101117 9703574   16.28571   50   57          -   14.57143      -  30.4 3205s
 38157634 9710289   14.62500   43   66          -   14.57143      -  30.4 3210s
 38206663 9717101   14.75533   42   88          -   14.57411      -  30.4 3215s
 38261685 9723859   15.40343   33   96          -   14.57738      -  30.4 3220s
 38310243 9729929   14.76563   42  104          -   14.58015      -  30.4 3225s
 38368800 9736277     cutoff   45               -   14.58333      -  30.4 3230s
 38429112 9743531   15.18421   40  114          -   14.58435      -  30.4 3235s
 38481930 9750156   16.00000   49   39          -   14.58824      -  30.4 3240s
 38536447 9757387   14.95246   38   93          -   14.59091      -  30.4 3245s
 38591467 9764623   15.30980   36  116          -   14.59375      -  30.5 3250s
 38651876 9772661   15.21429   39   92          -   14.59783      -  30.5 3255s
 38705478 9776020   14.81552   42   97          -   14.60000      -  30.5 3260s
 38764843 9779694   16.35867   50  107          -   14.60000      -  30.5 3265s
 38824907 9784809   16.25893   40   92          -   14.60000      -  30.5 3270s
 38878993 9790219   16.00000   41   15          -   14.60000      -  30.5 3275s
 38937731 9797071   15.12108   40  113          -   14.60000      -  30.5 3280s
 38995856 9805002   15.07407   42   89          -   14.60163      -  30.5 3285s
 39049495 9812400   16.15854   42   71          -   14.60543      -  30.5 3290s
 39104689 9819120   14.90741   49   67          -   14.60870      -  30.5 3295s
 39163888 9826295 infeasible   49               -   14.61111      -  30.5 3300s
 39220873 9833240   15.54380   39  100          -   14.61532      -  30.5 3305s
 39274507 9839642   15.69444   36   63          -   14.61688      -  30.5 3310s
 39329378 9846179   15.73825   38  104          -   14.61982      -  30.5 3315s
 39378812 9852721   15.92857   49   53          -   14.62295      -  30.5 3320s
 39432114 9856788   16.15557   53  119          -   14.62500      -  30.5 3325s
 39492522 9862434 infeasible   53               -   14.62500      -  30.5 3330s
 39546854 9869030   15.30137   50   86          -   14.62536      -  30.5 3335s
 39600345 9875978   14.77778   40   52          -   14.62963      -  30.5 3340s
 39655243 9883110     cutoff   50               -   14.63228      -  30.5 3345s
 39709074 9889447   16.22822   56   76          -   14.63590      -  30.5 3350s
 39764260 9894908   15.48160   41   81          -   14.63636      -  30.5 3355s
 39818227 9901402   16.00000   41   68          -   14.63977      -  30.5 3360s
 39871989 9907280   16.56452   38   89          -   14.64286      -  30.5 3365s
 39927260 9913460   15.50556   34  101          -   14.64444      -  30.5 3370s
 39986416 9920218   16.46316   39   87          -   14.64721      -  30.5 3375s
 40040382 9926637   15.16037   32  124          -   14.65000      -  30.6 3380s
 40098947 9933869 infeasible   40               -   14.65385      -  30.6 3385s
 40154779 9940467 infeasible   42               -   14.65693      -  30.6 3390s
 40208654 9947220   14.99204   56   98          -   14.66038      -  30.6 3395s
 40262295 9953890 infeasible   55               -   14.66460      -  30.6 3400s
 40314602 9954816   16.68266   38  100          -   14.66667      -  30.6 3405s
 40364000 9954842     cutoff   38               -   14.66667      -  30.6 3410s
 40411299 9955532 infeasible   48               -   14.66667      -  30.6 3415s
 40460744 9956537 infeasible   46               -   14.66667      -  30.6 3420s
 40514868 9958081   15.00000   50   14          -   14.66667      -  30.6 3425s
 40569391 9960155     cutoff   41               -   14.66667      -  30.6 3430s
 40618792 9962747   15.26667   33   32          -   14.66667      -  30.6 3435s
 40671780 9965245   14.99578   38  108          -   14.66667      -  30.6 3440s
 40726243 9968294   15.88889   40   61          -   14.66667      -  30.6 3445s
 40780101 9971810   17.00000   35   39          -   14.66667      -  30.6 3450s
 40830000 9975731   16.35484   42   78          -   14.66667      -  30.6 3455s
 40878802 9979538   15.96154   43   70          -   14.66667      -  30.6 3460s
 40932397 9983952   15.77333   37   64          -   14.66667      -  30.6 3465s
 40992165 9988957   15.82000   44   78          -   14.66667      -  30.6 3470s
 41050966 9994545 infeasible   39               -   14.66667      -  30.6 3475s
 41106533 10000059 infeasible   52               -   14.66667      -  30.6 3480s
 41166067 10006820   14.71429   43   54          -   14.66667      -  30.6 3485s
 41220791 10013310   16.31106   49  120          -   14.66803      -  30.6 3490s
 41279538 10020255   16.19508   43  112          -   14.67292      -  30.7 3495s
 41334112 10026214   15.86418   40  106          -   14.67647      -  30.7 3500s
 41393685 10033305   15.79295   31  126          -   14.68000      -  30.7 3505s
 41446791 10039574   16.00000   40   81          -   14.68286      -  30.7 3510s
 41505404 10045867   15.00000   39    5          -   14.68613      -  30.7 3515s
 41559727 10051167   15.25000   39   66          -   14.68807      -  30.7 3520s
 41617671 10057922     cutoff   39               -   14.69205      -  30.7 3525s
 41670934 10063513   16.12376   34  102          -   14.69327      -  30.7 3530s
 41731586 10069979   15.19011   47   87          -   14.69677      -  30.7 3535s
 41779815 10074960   15.05822   37   86          -   14.70000      -  30.7 3540s
 41834185 10079124   15.56098   42   96          -   14.70000      -  30.7 3545s
 41888718 10085642 infeasible   48               -   14.70213      -  30.7 3550s
 41946489 10091739     cutoff   38               -   14.70588      -  30.7 3555s
 42002728 10097637 infeasible   33               -   14.70833      -  30.7 3560s
 42052718 10103161   15.58824   39   62          -   14.71071      -  30.7 3565s
 42110977 10108173   15.90741   43   80          -   14.71429      -  30.7 3570s
 42167077 10111482   15.59760   42  108          -   14.71429      -  30.7 3575s
 42221537 10116210 infeasible   39               -   14.71429      -  30.7 3580s
 42275317 10122587   16.48723   41  110          -   14.71613      -  30.7 3585s
 42328483 10128493   14.90661   41  100          -   14.71946      -  30.7 3590s
 42353388 10130640   14.82415   42  122          -   14.72093      -  30.7 3595s
 42353876 10131017     cutoff   56               -   14.72140      -  30.7 3600s
 42354266 10131298   15.37566   40   82          -   14.72175      -  30.7 3605s
 42354600 10131525     cutoff   52               -   14.72222      -  30.7 3610s
 42354935 10131676   16.25714   48   60          -   14.72222      -  30.7 3615s
 42358127 10132305   16.00000   29   32          -   14.72222      -  30.7 3621s
 42380439 10134627   16.06748   53   76          -   14.72222      -  30.7 3625s
 42414334 10138375   15.57895   46   82          -   14.72414      -  30.7 3630s
 42457611 10141964   15.60976   42   78          -   14.72727      -  30.7 3635s
 42508867 10146354     cutoff   34               -   14.72727      -  30.7 3640s
 42562217 10152143 infeasible   32               -   14.73077      -  30.7 3645s
 42610940 10156518   15.50000   38   49          -   14.73333      -  30.7 3650s
 42666318 10162454   15.45833   40   86          -   14.73566      -  30.8 3655s
 42720633 10168057   16.24251   42   85          -   14.73846      -  30.8 3660s
 42780006 10174215   15.00482   43   99          -   14.74161      -  30.8 3665s
 42834483 10180210   15.83333   46   58          -   14.74510      -  30.8 3670s
 42889425 10185670   16.14790   43   98          -   14.75000      -  30.8 3675s
 42936842 10185212   16.73016   44   74          -   14.75000      -  30.8 3680s
 42986273 10185515   16.00000   33   12          -   14.75000      -  30.8 3685s
 43031342 10186236   15.60958   39  100          -   14.75000      -  30.8 3690s
 43086295 10187828   16.66667   43   62          -   14.75000      -  30.8 3695s
 43140602 10190215   16.00000   42   31          -   14.75000      -  30.8 3700s
 43190392 10192362 infeasible   44               -   14.75000      -  30.8 3705s
 43245698 10195611   15.75000   38   50          -   14.75000      -  30.8 3710s
 43305360 10199964   15.22256   41   69          -   14.75000      -  30.8 3715s
 43360545 10203921   15.00000   39   12          -   14.75000      -  30.8 3720s
 43420332 10208977   15.12500   34   82          -   14.75000      -  30.8 3725s
 43475841 10214349   15.85185   47   83          -   14.75000      -  30.8 3730s
 43529005 10220055 infeasible   36               -   14.75314      -  30.8 3735s
 43584119 10225666   15.11037   45   96          -   14.75676      -  30.8 3740s
 43632974 10230726   15.79431   39   99          -   14.76000      -  30.8 3745s
 43692686 10236571   15.68025   41  114          -   14.76263      -  30.8 3750s
 43742406 10241295   14.87387   44  101          -   14.76471      -  30.8 3755s
 43791209 10246118   14.89806   42   82          -   14.76786      -  30.8 3760s
 43851276 10251343   15.17621   31  105          -   14.76945      -  30.8 3765s
 43904260 10256576   16.36364   32   66          -   14.77273      -  30.8 3770s
 43958657 10261925   16.40387   42  122          -   14.77586      -  30.9 3775s
 44013354 10265266   15.20000   43   62          -   14.77778      -  30.9 3780s
 44073920 10269909   16.07143   53   75          -   14.77778      -  30.9 3785s
 44127386 10275756     cutoff   50               -   14.78049      -  30.9 3790s
 44182319 10280805   16.48799   35  107          -   14.78351      -  30.9 3795s
 44236242 10284989   16.00000   43   51          -   14.78571      -  30.9 3800s
 44295236 10291207     cutoff   34               -   14.78846      -  30.9 3805s
 44349476 10296010   15.94444   46   75          -   14.79154      -  30.9 3810s
 44405188 10301166   15.55893   45  118          -   14.79412      -  30.9 3815s
 44464656 10306831   15.69355   37   86          -   14.79767      -  30.9 3820s
 44512038 10308058 infeasible   45               -   14.80000      -  30.9 3825s
 44562196 10308912   15.77778   44   68          -   14.80000      -  30.9 3830s
 44612305 10310845     cutoff   46               -   14.80000      -  30.9 3835s
 44667227 10313818   16.37500   53   90          -   14.80000      -  30.9 3840s
 44717253 10316975   15.00000   43   25          -   14.80000      -  30.9 3845s
 44771913 10321549   15.69636   42  108          -   14.80000      -  30.9 3850s
 44822026 10326520   16.53282   41  102          -   14.80018      -  30.9 3855s
 44875441 10332147   15.19528   46  109          -   14.80460      -  30.9 3860s
 44929815 10337115   15.47756   43  102          -   14.80769      -  30.9 3865s
 44980259 10341878 infeasible   40               -   14.80995      -  30.9 3870s
 45033665 10346108     cutoff   44               -   14.81250      -  30.9 3875s
 45088845 10351037   16.50000   33   65          -   14.81481      -  30.9 3880s
 45150377 10355231   16.33333   44   38          -   14.81818      -  30.9 3885s
 45211235 10361332   14.95604   51   87          -   14.81944      -  30.9 3890s
 45260333 10365555   15.90323   43   84          -   14.82222      -  31.0 3895s
 45310346 10369862   15.32260   36  119          -   14.82446      -  31.0 3900s
 45359647 10374274     cutoff   44               -   14.82712      -  31.0 3905s
 45409391 10378923   15.50000   35   45          -   14.83004      -  31.0 3910s
 45457648 10381627 infeasible   43               -   14.83333      -  31.0 3915s
 45507153 10381914 infeasible   53               -   14.83333      -  31.0 3920s
 45556538 10383277   15.07692   42   57          -   14.83333      -  31.0 3925s
 45611435 10385363   16.58028   40  111          -   14.83333      -  31.0 3930s
 45660628 10388199     cutoff   43               -   14.83333      -  31.0 3935s
 45715252 10391849   15.57269   51   92          -   14.83333      -  31.0 3940s
 45770069 10396668   15.08735   37  122          -   14.83333      -  31.0 3945s
 45817739 10401590   15.00000   38   46          -   14.83721      -  31.0 3950s
 45867733 10405802   16.45455   47   88          -   14.84000      -  31.0 3955s
 45923032 10410571     cutoff   37               -   14.84286      -  31.0 3960s
 45971315 10414432   15.85987   47   91          -   14.84604      -  31.0 3965s
 46021484 10418364   15.64179   48   90          -   14.84650      -  31.0 3970s
 46070114 10422354   15.41737   36   75          -   14.85000      -  31.0 3975s
 46124813 10426897   15.50000   49   31          -   14.85186      -  31.0 3980s
 46173176 10430971   16.34615   45   64          -   14.85500      -  31.0 3985s
 46222569 10432298   15.26203   45   78          -   14.85714      -  31.0 3990s
 46271897 10433879 infeasible   46               -   14.85714      -  31.0 3995s
 46327175 10437312   16.72727   35   87          -   14.85714      -  31.0 4000s
 46376140 10441895   15.66667   47   50          -   14.85859      -  31.0 4005s
 46429461 10446439     cutoff   47               -   14.86207      -  31.0 4010s
 46482736 10450824   15.32955   39   86          -   14.86458      -  31.0 4015s
 46532012 10454166     cutoff   43               -   14.86667      -  31.1 4020s
 46585328 10458849   15.33333   41   19          -   14.86925      -  31.1 4025s
 46634668 10462693   15.68421   42   79          -   14.87179      -  31.1 4030s
 46687919 10465597   15.16667   43   21          -   14.87500      -  31.1 4035s
 46742563 10467037   15.87706   47   87          -   14.87500      -  31.1 4040s
 46792317 10469700   16.00000   42   47          -   14.87500      -  31.1 4045s
 46846524 10474279   15.25000   35   60          -   14.87645      -  31.1 4050s
 46899298 10478645   16.26630   43   90          -   14.87997      -  31.1 4055s
 46949947 10482335   15.32051   40   77          -   14.88235      -  31.1 4060s
 47004785 10486519   16.45290   50   95          -   14.88462      -  31.1 4065s
 47057796 10491011 infeasible   35               -   14.88839      -  31.1 4070s
 47113369 10491985 infeasible   40               -   14.88889      -  31.1 4075s
 47164525 10495233   15.09375   31   78          -   14.88889      -  31.1 4080s
 47217506 10499870   15.17937   33   89          -   14.89189      -  31.1 4085s
 47273317 10503628   15.39474   34   79          -   14.89474      -  31.1 4090s
 47321341 10507361   15.49681   39  100          -   14.89714      -  31.1 4095s
 47374907 10510052   16.00000   45   12          -   14.90000      -  31.1 4100s
 47430892 10512679   15.55286   48   84          -   14.90000      -  31.1 4105s
 47487737 10517170   16.14863   48   89          -   14.90244      -  31.1 4110s
 47538499 10520519   15.24242   44   83          -   14.90476      -  31.1 4115s
 47582327 10524094 infeasible   34               -   14.90741      -  31.1 4120s
 47632167 10526434   15.50000   43  106          -   14.90909      -  31.1 4125s
 47686041 10530594   15.09556   48   71          -   14.91083      -  31.1 4130s
 47735826 10533846     cutoff   45               -   14.91335      -  31.1 4135s
 47784480 10536747   15.90909   48   50          -   14.91667      -  31.2 4140s
 47839201 10538823   15.50000   39   42          -   14.91667      -  31.2 4145s
 47892396 10542700   16.11733   39   98          -   14.91919      -  31.2 4150s
 47941642 10546262   16.76632   33  105          -   14.92206      -  31.2 4155s
 47991211 10548706 infeasible   47               -   14.92308      -  31.2 4160s
 48044078 10552700   16.55318   42  118          -   14.92603      -  31.2 4165s
 48087265 10554680 infeasible   47               -   14.92857      -  31.2 4170s
 48146220 10558879   15.12052   38  117          -   14.93058      -  31.2 4175s
 48195912 10561562     cutoff   46               -   14.93333      -  31.2 4180s
 48250607 10565043   15.80137   37   98          -   14.93519      -  31.2 4185s
 48294487 10567103   16.68770   37  122          -   14.93750      -  31.2 4190s
 48342855 10570666   16.62294   43  102          -   14.93939      -  31.2 4195s
 48397733 10574330   15.65393   26  100          -   14.94153      -  31.2 4200s
 48445988 10577101   15.75000   44   31          -   14.94444      -  31.2 4205s
 48494903 10580463   16.24429   43  109          -   14.94620      -  31.2 4210s
 48543363 10583607   15.19602   39  105          -   14.94864      -  31.2 4215s
 48597156 10586937     cutoff   45               -   14.95105      -  31.2 4220s
 48646376 10590032   15.00000   46   11          -   14.95349      -  31.2 4225s
 48699661 10593153   16.82143   47   79          -   14.95652      -  31.2 4230s
 48749965 10596166   16.34783   50   93          -   14.95833      -  31.2 4235s
 48798336 10599288   16.35081   49  108          -   14.96154      -  31.2 4240s
 48852089 10602565 infeasible   38               -   14.96429      -  31.2 4245s
 48906101 10606224   15.46154   42   82          -   14.96691      -  31.2 4250s
 48961406 10609604   15.75691   47  109          -   14.97015      -  31.2 4255s
 49015014 10613114   15.90000   43   67          -   14.97321      -  31.3 4260s
 49065732 10616060 infeasible   48               -   14.97622      -  31.3 4265s
 49115136 10619215   15.55882   42   95          -   14.97952      -  31.3 4270s
 49167569 10623012   15.50000   39   22          -   14.98291      -  31.3 4275s
 49217757 10626390   16.30253   43   95          -   14.98642      -  31.3 4280s
 49266158 10629800   16.19623   41   92          -   14.99029      -  31.3 4285s
 49319266 10633507     cutoff   41               -   14.99537      -  31.3 4290s
 49372035 10634015   15.69231   40   67          -   15.00000      -  31.3 4295s
 49410753 10630448   15.00000   56    3          -   15.00000      -  31.3 4300s
 49450132 10626343     cutoff   50               -   15.00000      -  31.3 4305s
 49490620 10622099 infeasible   54               -   15.00000      -  31.3 4310s
 49496562 10622086   16.25905   35  107          -   15.00000      -  31.3 4315s
 49497752 10621981   15.48148   44   49          -   15.00000      -  31.3 4320s
 49498889 10621842   16.00000   36    8          -   15.00000      -  31.3 4325s
 49500140 10621667   16.00000   49    7          -   15.00000      -  31.3 4330s
 49503300 10620576   16.00000   47   12          -   15.00000      -  31.3 4336s
 49512541 10618666   16.11457   46  103          -   15.00000      -  31.3 4341s
 49530032 10615742 infeasible   38               -   15.00000      -  31.3 4347s
 49552248 10613406 infeasible   50               -   15.00000      -  31.3 4351s
 49586345 10609714 infeasible   48               -   15.00000      -  31.3 4355s
 49625102 10604864   16.50755   35   64          -   15.00000      -  31.3 4360s
 49662379 10600167   15.85714   36   38          -   15.00000      -  31.4 4365s
 49704214 10595175 infeasible   46               -   15.00000      -  31.4 4370s
 49746427 10590046   15.16667   40   29          -   15.00000      -  31.4 4375s
 49787535 10585357     cutoff   66               -   15.00000      -  31.4 4380s
 49832642 10579542 infeasible   37               -   15.00000      -  31.4 4385s
 49873320 10574727     cutoff   46               -   15.00000      -  31.4 4390s
 49908105 10570395     cutoff   50               -   15.00000      -  31.4 4395s
 49952662 10564690 infeasible   56               -   15.00000      -  31.4 4400s
 49997466 10559316   16.40580   44  115          -   15.00000      -  31.4 4405s
 50037050 10554558     cutoff   54               -   15.00000      -  31.4 4410s
 50076581 10549538   15.71818   39   86          -   15.00000      -  31.4 4415s
 50116042 10544590     cutoff   36               -   15.00000      -  31.4 4420s
 50160658 10539083     cutoff   39               -   15.00000      -  31.5 4425s
 50200455 10534435 infeasible   48               -   15.00000      -  31.5 4430s
 50240068 10529666   15.23684   43   67          -   15.00000      -  31.5 4435s
 50279657 10524915 infeasible   45               -   15.00000      -  31.5 4440s
 50320275 10520905   16.19192   45   85          -   15.00000      -  31.5 4445s
 50359779 10517277   15.50000   49   25          -   15.00000      -  31.5 4450s
 50404832 10512990   15.62319   35   88          -   15.00000      -  31.5 4455s
 50444736 10509326   16.96154   34   78          -   15.00000      -  31.5 4460s
 50489294 10505000     cutoff   43               -   15.00000      -  31.5 4465s
 50529102 10501336   15.76471   48   62          -   15.00000      -  31.5 4470s
 50573528 10497360   15.87500   54   88          -   15.00000      -  31.5 4475s
 50618631 10493363 infeasible   30               -   15.00000      -  31.5 4480s
 50659339 10490672   16.00000   44    9          -   15.00000      -  31.5 4485s
 50703020 10488007 infeasible   43               -   15.00000      -  31.5 4490s
 50748366 10485499   15.41651   41   72          -   15.00000      -  31.6 4495s
 50793515 10483097 infeasible   37               -   15.00000      -  31.6 4500s
 50837947 10480863   16.00000   38    9          -   15.00000      -  31.6 4505s
 50882559 10478333 infeasible   42               -   15.00000      -  31.6 4510s
 50927596 10475768     cutoff   46               -   15.00000      -  31.6 4515s
 50973248 10473529     cutoff   41               -   15.00000      -  31.6 4520s
 51016885 10472218 infeasible   42               -   15.00000      -  31.6 4525s
 51066639 10470367     cutoff   54               -   15.00000      -  31.6 4530s
 51116893 10468452   16.00000   54    7          -   15.00000      -  31.6 4535s
 51161709 10466905   16.57143   51   85          -   15.00000      -  31.6 4540s
 51210635 10465135   15.16667   58   24          -   15.00000      -  31.6 4545s
 51255051 10463464   16.00000   53   14          -   15.00000      -  31.6 4550s
 51305154 10462667 infeasible   45               -   15.00000      -  31.6 4555s
 51349181 10462201   16.50000   44   23          -   15.00000      -  31.6 4560s
 51398648 10461089     cutoff   45               -   15.00000      -  31.6 4565s
 51447741 10460144   15.16667   37   19          -   15.00000      -  31.6 4570s
 51492016 10459136   16.00000   46   13          -   15.00000      -  31.6 4575s
 51547609 10457947   16.00000   53   10          -   15.00000      -  31.6 4580s
 51591817 10457215   16.00000   49   13          -   15.00000      -  31.6 4585s
 51636012 10456738     cutoff   44               -   15.00000      -  31.7 4590s
 51685598 10456085   15.11111   50   46          -   15.00000      -  31.7 4595s
 51740729 10455916   16.00000   38   25          -   15.00000      -  31.7 4600s
 51790190 10455693     cutoff   46               -   15.00000      -  31.7 4605s
 51834226 10455622   16.00000   32   19          -   15.00000      -  31.7 4610s
 51882940 10455163   16.00000   46   23          -   15.00000      -  31.7 4615s
 51937728 10454647   15.00000   48   12          -   15.00000      -  31.7 4620s
 51987456 10454714   16.66667   47   37          -   15.00000      -  31.7 4625s
 52036277 10455048     cutoff   44               -   15.00000      -  31.7 4630s
 52085748 10455134   15.33333   46   34          -   15.00000      -  31.7 4635s
 52130220 10455594   15.00000   45   15          -   15.00000      -  31.7 4640s
 52179269 10455786   16.00000   47   11          -   15.00000      -  31.7 4645s
 52229116 10456141 infeasible   37               -   15.00000      -  31.7 4650s
 52279334 10456355   16.23973   39   86          -   15.00000      -  31.7 4655s
 52333892 10456887 infeasible   45               -   15.00000      -  31.7 4660s
 52383419 10457453   16.00000   49   13          -   15.00000      -  31.7 4665s
 52432972 10458187     cutoff   49               -   15.00000      -  31.7 4670s
 52488230 10459426 infeasible   46               -   15.00000      -  31.7 4675s
 52537877 10460319   15.68345   39   89          -   15.00000      -  31.7 4680s
 52586596 10461000 infeasible   45               -   15.00000      -  31.7 4685s
 52637306 10461810   15.00000   40   64          -   15.00000      -  31.7 4690s
 52691916 10463034   16.00000   32   13          -   15.00000      -  31.7 4695s
 52742528 10464065   15.00000   46    9          -   15.00000      -  31.7 4700s
 52793105 10465001   16.50000   38   27          -   15.00000      -  31.7 4705s
 52841862 10466573     cutoff   44               -   15.00000      -  31.7 4710s
 52890870 10467890 infeasible   40               -   15.00000      -  31.7 4715s
 52945320 10469342 infeasible   44               -   15.00000      -  31.7 4720s
 52994872 10471146   16.00000   37   11          -   15.00000      -  31.7 4725s
 53044147 10472739   15.69231   52   54          -   15.00000      -  31.7 4730s
 53094196 10474304   16.53846   33   83          -   15.00000      -  31.7 4735s
 53147975 10476633   15.25191   33  111          -   15.00000      -  31.7 4740s
 53197820 10478240 infeasible   56               -   15.00000      -  31.8 4745s
 53248199 10480374   15.80000   39   57          -   15.00000      -  31.8 4750s
 53297519 10482591   15.78125   44   43          -   15.00000      -  31.8 4755s
 53347075 10484637   15.66667   38   41          -   15.00000      -  31.8 4760s
 53402255 10486946   16.00000   40   31          -   15.00000      -  31.8 4765s
 53452394 10489287   16.50000   45   70          -   15.00000      -  31.8 4770s
 53506973 10491705   15.62833   42  105          -   15.00000      -  31.8 4775s
 53561384 10494464 infeasible   38               -   15.00000      -  31.8 4780s
 53610236 10496779   15.71311   50   93          -   15.00000      -  31.8 4785s
 53666125 10499702 infeasible   52               -   15.00000      -  31.8 4790s
 53721134 10502314 infeasible   33               -   15.00000      -  31.8 4795s
 53771095 10505024   15.00000   50   18          -   15.00000      -  31.8 4800s
 53822095 10508016   15.44444   42   53          -   15.00000      -  31.8 4805s
 53877119 10510987   16.07143   38   73          -   15.00000      -  31.8 4810s
 53932377 10514048   15.00000   46   73          -   15.00000      -  31.8 4815s
 53983328 10517116   16.14956   41   93          -   15.00000      -  31.8 4820s
 54034277 10520258 infeasible   53               -   15.00000      -  31.8 4825s
 54083788 10523477   15.50000   50   27          -   15.00000      -  31.8 4830s
 54138183 10527149   15.17120   43  113          -   15.00000      -  31.8 4835s
 54188712 10530408   16.00000   42    6          -   15.00000      -  31.8 4840s
 54238610 10534009 infeasible   39               -   15.00000      -  31.8 4845s
 54288042 10537213   15.33333   42   77          -   15.00000      -  31.8 4850s
 54343217 10539741   15.50000   41   61          -   15.00000      -  31.8 4855s
 54387769 10542736   15.47222   43   88          -   15.00577      -  31.8 4860s
 54436957 10545968     cutoff   39               -   15.01065      -  31.8 4865s
 54486358 10548907   15.59064   37  106          -   15.01481      -  31.8 4870s
 54535289 10552096   15.46906   42   92          -   15.01852      -  31.8 4875s
 54585409 10555006   16.65714   34   92          -   15.02219      -  31.8 4880s
 54633465 10557947   15.81429   35   87          -   15.02542      -  31.8 4885s
 54683556 10560781   15.48428   43   98          -   15.02858      -  31.8 4890s
 54737609 10563815   15.92954   38  108          -   15.03219      -  31.8 4895s
 54786622 10566690   16.33333   40   71          -   15.03509      -  31.8 4900s
 54840415 10569544 infeasible   55               -   15.03846      -  31.8 4905s
 54894504 10572200   16.78637   43  112          -   15.04167      -  31.8 4910s
 54942943 10574974   16.17416   50   90          -   15.04396      -  31.8 4915s
 54987809 10577398   16.23214   30   88          -   15.04651      -  31.8 4920s
 55038313 10580382   16.21910   59   95          -   15.04941      -  31.8 4925s
 55087358 10582841   15.50952   46  110          -   15.05181      -  31.8 4930s
 55136574 10585544   15.25424   46  101          -   15.05450      -  31.8 4935s
 55185468 10587810   16.10345   35   76          -   15.05637      -  31.8 4940s
 55236143 10590260     cutoff   34               -   15.05882      -  31.8 4945s
 55289286 10592550   16.08333   53   82          -   15.06250      -  31.8 4950s
 55337835 10595166   15.98605   42  106          -   15.06420      -  31.9 4955s
 55387664 10597004   16.71707   39   94          -   15.06667      -  31.9 4960s
 55440957 10599948   15.73899   40   96          -   15.06904      -  31.9 4965s
 55491066 10601734   16.50000   41   33          -   15.07143      -  31.9 4970s
 55543847 10604602   16.14467   42  109          -   15.07407      -  31.9 4975s
 55593004 10606534   16.33333   44   49          -   15.07692      -  31.9 4980s
 55642564 10608795 infeasible   41               -   15.07812      -  31.9 4985s
 55696255 10611284   16.00000   46   93          -   15.08108      -  31.9 4990s
 55743767 10612174   16.13559   46   98          -   15.08333      -  31.9 4995s
 55793342 10614022 infeasible   53               -   15.08333      -  31.9 5000s
 55842307 10616798   15.57353   43  116          -   15.08642      -  31.9 5005s
 55891622 10618960   16.33333   38   47          -   15.08913      -  31.9 5010s
 55941087 10620416   15.96154   53   65          -   15.09091      -  31.9 5015s
 55988692 10622691   15.98944   51  100          -   15.09259      -  31.9 5020s
 56038477 10624798   15.30357   44   82          -   15.09524      -  31.9 5025s
 56087151 10627276   17.03061   38   74          -   15.09804      -  31.9 5030s
 56135695 10627601   16.06079   38  122          -   15.10000      -  31.9 5035s
 56191153 10629520   16.25000   45   55          -   15.10000      -  31.9 5040s
 56238223 10632194   16.25587   42   88          -   15.10294      -  31.9 5045s
 56292085 10634079   16.60000   40   63          -   15.10526      -  31.9 5050s
 56341445 10636381   15.78383   40  113          -   15.10816      -  31.9 5055s
 56389817 10636860   15.50000   40   36          -   15.11111      -  31.9 5060s
 56440158 10637323     cutoff   49               -   15.11111      -  31.9 5065s
 56493592 10639658 infeasible   32               -   15.11191      -  31.9 5070s
 56542626 10641661     cutoff   43               -   15.11517      -  31.9 5075s
 56591703 10643593     cutoff   25               -   15.11765      -  31.9 5080s
 56640998 10645464 infeasible   38               -   15.11989      -  31.9 5085s
 56689154 10647440   16.42442   42   86          -   15.12230      -  31.9 5090s
 56734336 10647125     cutoff   56               -   15.12500      -  31.9 5095s
 56786155 10646877 infeasible   53               -   15.12500      -  31.9 5100s
 56845653 10648494   15.99444   48   90          -   15.12500      -  31.9 5105s
 56893745 10650595   15.90909   32  107          -   15.12712      -  31.9 5110s
 56947967 10652403   15.76249   36   96          -   15.13043      -  31.9 5115s
 56998276 10654468 infeasible   41               -   15.13333      -  31.9 5120s
 57047785 10655889   15.90909   40   57          -   15.13433      -  31.9 5125s
 57097628 10657587   15.39316   48   98          -   15.13675      -  32.0 5130s
 57146888 10659653     cutoff   45               -   15.13948      -  32.0 5135s
 57193381 10660476 infeasible   54               -   15.14286      -  32.0 5140s
 57242161 10659422 infeasible   46               -   15.14286      -  32.0 5145s
 57297273 10659891   15.96190   46   87          -   15.14286      -  32.0 5150s
 57351745 10661756   15.76374   44  102          -   15.14315      -  32.0 5155s
 57400105 10663479   15.20000   55   62          -   15.14667      -  32.0 5160s
 57449216 10665126   15.34694   40   89          -   15.14936      -  32.0 5165s
 57499669 10666260 infeasible   45               -   15.15152      -  32.0 5170s
 57549853 10667210   16.00000   38   20          -   15.15385      -  32.0 5175s
 57603076 10669001   15.20000   38   87          -   15.15556      -  32.0 5180s
 57658298 10670377   15.73859   33  110          -   15.15789      -  32.0 5185s
 57708028 10672046   15.66667   42   87          -   15.16075      -  32.0 5190s
 57757459 10673349   16.38983   36   61          -   15.16364      -  32.0 5195s
 57805086 10672041   16.10638   53   84          -   15.16667      -  32.0 5200s
 57846467 10669639     cutoff   34               -   15.16667      -  32.0 5205s
 57897386 10667808   16.00000   47   51          -   15.16667      -  32.0 5210s
 57943245 10667014 infeasible   35               -   15.16667      -  32.0 5215s
 57992471 10666846   16.60000   34   82          -   15.16667      -  32.0 5220s
 58042067 10667331   16.28829   47   96          -   15.16667      -  32.0 5225s
 58091823 10668157   16.33333   52   47          -   15.16667      -  32.0 5230s
 58144275 10670147 infeasible   35               -   15.16929      -  32.0 5235s
 58193112 10671372     cutoff   46               -   15.17241      -  32.0 5240s
 58242079 10672375 infeasible   36               -   15.17460      -  32.0 5245s
 58292249 10673085   15.60870   31   96          -   15.17647      -  32.0 5250s
 58339290 10674185   16.40000   39   48          -   15.17949      -  32.0 5255s
 58383256 10674345 infeasible   39               -   15.18182      -  32.0 5260s
 58438557 10675437   16.76137   39  101          -   15.18199      -  32.0 5265s
 58481732 10676572 infeasible   46               -   15.18505      -  32.0 5270s
 58529138 10677267   16.50000   45   62          -   15.18750      -  32.0 5275s
 58574443 10678080   15.89474   49   68          -   15.18841      -  32.0 5280s
 58623986 10679090   15.99042   41   94          -   15.19048      -  32.0 5285s
 58672626 10679928   16.49543   45  115          -   15.19310      -  32.0 5290s
 58721378 10680878   16.00000   44    7          -   15.19565      -  32.1 5295s
 58773447 10681445   15.66667   40   23          -   15.19995      -  32.1 5300s
 58813864 10677926   16.00000   33   42          -   15.20000      -  32.1 5305s
 58864880 10675391 infeasible   45               -   15.20000      -  32.1 5310s
 58909716 10673869 infeasible   42               -   15.20000      -  32.1 5315s
 58958717 10673050   16.37500   47   64          -   15.20000      -  32.1 5320s
 59007820 10672828 infeasible   32               -   15.20000      -  32.1 5325s
 59061049 10673421   16.08333   41   80          -   15.20000      -  32.1 5330s
 59115893 10674901     cutoff   48               -   15.20124      -  32.1 5335s
 59164460 10676266 infeasible   35               -   15.20455      -  32.1 5340s
 59212994 10676740   15.25581   49   75          -   15.20732      -  32.1 5345s
 59263245 10677503   15.48333   43   72          -   15.20963      -  32.1 5350s
 59316758 10677885   16.22581   39   76          -   15.21212      -  32.1 5355s
 59360122 10677315   15.89655   43   98          -   15.21429      -  32.1 5360s
 59414472 10678377   16.09396   44   74          -   15.21569      -  32.1 5365s
 59458294 10679204   16.33094   47   95          -   15.21817      -  32.1 5370s
 59507581 10679884   15.45946   48   85          -   15.22093      -  32.1 5375s
 59552269 10677790 infeasible   44               -   15.22222      -  32.1 5380s
 59603358 10677548   15.77902   38   99          -   15.22222      -  32.1 5385s
 59650814 10678306   16.06182   41   80          -   15.22340      -  32.1 5390s
 59700556 10679115   15.60000   48   53          -   15.22642      -  32.1 5395s
 59749192 10679533   16.10062   42  101          -   15.22857      -  32.1 5400s
 59798698 10679172     cutoff   47               -   15.23077      -  32.1 5405s
 59842323 10679606   15.79877   37  107          -   15.23214      -  32.1 5410s
 59891194 10680174   15.57143   42   82          -   15.23478      -  32.1 5415s
 59940241 10680328   16.13333   44   77          -   15.23684      -  32.1 5420s
 59989213 10680879   15.71976   43   97          -   15.23887      -  32.1 5425s
 60038760 10681673   15.76667   45   67          -   15.24138      -  32.1 5430s
 60087214 10682456   15.42023   40  103          -   15.24390      -  32.1 5435s
 60135218 10683038   15.71429   36   70          -   15.24706      -  32.1 5440s
 60175923 10679729 infeasible   47               -   15.25000      -  32.2 5445s
 60221736 10673804   16.12000   49   84          -   15.25000      -  32.2 5450s
 60267318 10669212     cutoff   43               -   15.25000      -  32.2 5455s
 60317567 10665092   16.19134   39   99          -   15.25000      -  32.2 5460s
 60362433 10662011     cutoff   48               -   15.25000      -  32.2 5465s
 60417519 10658617   16.00000   38   25          -   15.25000      -  32.2 5470s
 60467690 10656095   15.25000   39   47          -   15.25000      -  32.2 5475s
 60511656 10654221   16.00000   39   14          -   15.25000      -  32.2 5480s
 60566345 10652429   16.12500   45   56          -   15.25000      -  32.2 5485s
 60616355 10651239     cutoff   50               -   15.25000      -  32.2 5490s
 60666300 10650059   15.49812   37  101          -   15.25000      -  32.2 5495s
 60719851 10649539     cutoff   45               -   15.25000      -  32.2 5500s
 60773667 10649557   15.50000   43   41          -   15.25000      -  32.2 5505s
 60822536 10650001     cutoff   47               -   15.25000      -  32.2 5510s
 60875482 10651148   15.60938   39   87          -   15.25424      -  32.2 5515s
 60924625 10651688     cutoff   35               -   15.25714      -  32.2 5520s
 60967944 10651900   15.76923   45   73          -   15.25926      -  32.2 5525s
 61015647 10652149 infeasible   47               -   15.26190      -  32.2 5530s
 61059677 10652224   15.38235   35   50          -   15.26362      -  32.2 5535s
 61108340 10652154   16.35829   53   99          -   15.26667      -  32.2 5540s
 61157425 10651738   16.63158   49   66          -   15.26748      -  32.2 5545s
 61201981 10651958   16.12199   43   89          -   15.26978      -  32.2 5550s
 61244592 10651490   16.67722   43  111          -   15.27273      -  32.2 5555s
 61295812 10650274   16.00000   42    6          -   15.27273      -  32.2 5560s
 61343474 10650780   15.42857   38   59          -   15.27509      -  32.2 5565s
 61392426 10649996   15.60143   42   92          -   15.27778      -  32.2 5570s
 61437149 10650052   16.25287   36   83          -   15.27907      -  32.2 5575s
 61480874 10650263   16.01176   39   96          -   15.28125      -  32.2 5580s
 61529842 10650138   16.66667   56   37          -   15.28431      -  32.2 5585s
 61573678 10646384     cutoff   44               -   15.28571      -  32.3 5590s
 61619857 10643724 infeasible   54               -   15.28571      -  32.3 5595s
 61670154 10642362 infeasible   42               -   15.28571      -  32.3 5600s
 61714369 10642090 infeasible   30               -   15.28571      -  32.3 5605s
 61767901 10642466   15.73267   40   91          -   15.28947      -  32.3 5610s
 61812610 10642190   15.71429   38   70          -   15.29167      -  32.3 5615s
 61861028 10641434   16.00000   39    9          -   15.29412      -  32.3 5620s
 61910789 10641324   16.87891   35   85          -   15.29592      -  32.3 5625s
 61953792 10641006   15.83571   48   72          -   15.29818      -  32.3 5630s
 61998220 10638440   16.50000   55   18          -   15.30000      -  32.3 5635s
 62049058 10636699   15.57143   41   73          -   15.30000      -  32.3 5640s
 62092690 10636605     cutoff   42               -   15.30097      -  32.3 5645s
 62141336 10636271   15.40957   31  106          -   15.30399      -  32.3 5650s
 62185109 10635926 infeasible   45               -   15.30605      -  32.3 5655s
 62231048 10634455     cutoff   37               -   15.30769      -  32.3 5660s
 62281185 10634426 infeasible   42               -   15.30952      -  32.3 5665s
 62334716 10633265   16.05718   42  119          -   15.31250      -  32.3 5670s
 62378523 10632804   16.50000   37   83          -   15.31343      -  32.3 5675s
 62426133 10632014   16.00000   41   14          -   15.31579      -  32.3 5680s
 62472546 10631009   16.63636   43   83          -   15.31818      -  32.3 5685s
 62522277 10630696   16.53870   38  110          -   15.32031      -  32.3 5690s
 62569922 10629871     cutoff   45               -   15.32278      -  32.3 5695s
 62613991 10629485   16.50000   58   25          -   15.32536      -  32.3 5700s
 62657852 10629227   15.57351   45   98          -   15.32801      -  32.3 5705s
 62707287 10629350   16.08176   45   84          -   15.33198      -  32.3 5710s
 62745016 10622052 infeasible   41               -   15.33333      -  32.3 5715s
 62785245 10614665   16.38384   40   84          -   15.33333      -  32.4 5720s
 62825584 10608122 infeasible   53               -   15.33333      -  32.4 5725s
 62865330 10601963   16.92857   38   90          -   15.33333      -  32.4 5730s
 62910441 10595324   16.20000   40   55          -   15.33333      -  32.4 5735s
 62949948 10589850   16.00000   41   22          -   15.33333      -  32.4 5740s
 62990463 10585041   15.52830   37   68          -   15.33333      -  32.4 5745s
 63035206 10579791   16.00000   50   11          -   15.33333      -  32.4 5750s
 63075555 10575316     cutoff   40               -   15.33333      -  32.4 5755s
 63120617 10570690 infeasible   43               -   15.33333      -  32.4 5760s
 63165148 10566393   16.58929   44   83          -   15.33333      -  32.4 5765s
 63210436 10562371   15.60000   43   62          -   15.33333      -  32.4 5770s
 63255314 10558839   16.00000   45   12          -   15.33333      -  32.4 5775s
 63300714 10555445   16.45763   45   78          -   15.33333      -  32.4 5780s
 63345783 10552232   16.20000   42   67          -   15.33333      -  32.4 5785s
 63395544 10548879   15.78017   38  104          -   15.33333      -  32.4 5790s
 63440471 10546206   15.60000   47   79          -   15.33333      -  32.4 5795s
 63490799 10543816     cutoff   45               -   15.33333      -  32.4 5800s
 63535914 10542039   16.04975   46   86          -   15.33333      -  32.4 5805s
 63580855 10540138   16.09091   38   80          -   15.33333      -  32.4 5810s
 63630466 10538652   16.51370   42   87          -   15.33333      -  32.4 5815s
 63680121 10537438   16.69632   45  112          -   15.33333      -  32.4 5820s
 63724572 10536542   15.96774   44   86          -   15.33333      -  32.4 5825s
 63777781 10536092   16.03325   34  120          -   15.33333      -  32.4 5830s
 63820098 10535521   15.50000   43   41          -   15.33663      -  32.4 5835s
 63863330 10534938   15.66728   43   96          -   15.33976      -  32.4 5840s
 63912968 10534077   15.94904   40  106          -   15.34275      -  32.4 5845s
 63962131 10533430 infeasible   36               -   15.34524      -  32.4 5850s
 64006037 10532263 infeasible   43               -   15.34783      -  32.4 5855s
 64051362 10531088   16.14286   37   72          -   15.35000      -  32.4 5860s
 64096311 10530274   16.54585   41  109          -   15.35165      -  32.4 5865s
 64145455 10528988   16.48670   46   83          -   15.35361      -  32.5 5870s
 64190409 10528280   16.36311   47   93          -   15.35616      -  32.5 5875s
 64238910 10525467     cutoff   42               -   15.35714      -  32.5 5880s
 64287216 10524507   16.65714   44   81          -   15.35971      -  32.5 5885s
 64331530 10523728   15.51662   28  105          -   15.36183      -  32.5 5890s
 64376353 10520690   16.06707   35  109          -   15.36364      -  32.5 5895s
 64421685 10519714 infeasible   38               -   15.36367      -  32.5 5900s
 64469432 10518635     cutoff   39               -   15.36667      -  32.5 5905s
 64514822 10517320   15.59562   42  119          -   15.36842      -  32.5 5910s
 64561685 10516217 infeasible   41               -   15.37130      -  32.5 5915s
 64605328 10515686   16.20000   33  101          -   15.37402      -  32.5 5920s
 64645309 10510308   15.85714   43   62          -   15.37500      -  32.5 5925s
 64696029 10506156   16.10656   43   91          -   15.37500      -  32.5 5930s
 64741452 10503682   15.66667   36   74          -   15.37500      -  32.5 5935s
 64786155 10502623 infeasible   44               -   15.37500      -  32.5 5940s
 64829348 10501764   16.33356   41  112          -   15.37821      -  32.5 5945s
 64873664 10500580     cutoff   42               -   15.38083      -  32.5 5950s
 64918952 10499459   16.65941   40  107          -   15.38251      -  32.5 5955s
 64963409 10496592 infeasible   47               -   15.38462      -  32.5 5960s
 65007511 10495773     cutoff   40               -   15.38583      -  32.5 5965s
 65052520 10494434   16.85263   32  105          -   15.38865      -  32.5 5970s
 65097945 10492731   16.00000   38    8          -   15.38971      -  32.5 5975s
 65146512 10491255   15.53184   38   91          -   15.39235      -  32.5 5980s
 65190917 10489538   16.63725   49  103          -   15.39474      -  32.5 5985s
 65234241 10488570     cutoff   43               -   15.39726      -  32.5 5990s
 65277664 10484427 infeasible   40               -   15.40000      -  32.5 5995s
 65318073 10478292   16.29727   33  130          -   15.40000      -  32.6 6000s
 65363976 10472683   16.18182   52   72          -   15.40000      -  32.6 6005s
 65409196 10467974   16.33530   52   93          -   15.40000      -  32.6 6010s
 65449415 10464563   15.83333   46   58          -   15.40000      -  32.6 6015s
 65494668 10461483   16.05859   44  103          -   15.40000      -  32.6 6020s
 65539805 10458944   15.82572   40  103          -   15.40000      -  32.6 6025s
 65584527 10457182   16.26782   48   98          -   15.40000      -  32.6 6030s
 65633571 10456114   16.00000   36   14          -   15.40041      -  32.6 6035s
 65677394 10455058 infeasible   46               -   15.40385      -  32.6 6040s
 65726760 10453585   16.52720   50   93          -   15.40650      -  32.6 6045s
 65771387 10451432 infeasible   39               -   15.40909      -  32.6 6050s
 65820839 10449913   16.00000   40   14          -   15.41135      -  32.6 6055s
 65865444 10448033   15.81720   41  101          -   15.41298      -  32.6 6060s
 65910325 10446559   15.72727   38   56          -   15.41558      -  32.6 6065s
 65950259 10442361   16.83580   37  118          -   15.41667      -  32.6 6070s
 65996370 10439985   16.30303   39   75          -   15.41667      -  32.6 6075s
 66039697 10438862     cutoff   45               -   15.41892      -  32.6 6080s
 66083213 10436830   16.48459   54   74          -   15.42105      -  32.6 6085s
 66132434 10434831   16.00000   39   28          -   15.42336      -  32.6 6090s
 66175391 10433280 infeasible   41               -   15.42593      -  32.6 6095s
 66213112 10430365   16.19640   34  124          -   15.42857      -  32.6 6100s
 66258866 10424289   15.77383   40  102          -   15.42857      -  32.6 6105s
 66299388 10420657   16.22449   44   81          -   15.42857      -  32.6 6110s
 66344859 10417813   16.46823   44   96          -   15.42857      -  32.6 6115s
 66394208 10416138   16.31071   42  114          -   15.42898      -  32.6 6120s
 66437728 10414480   16.34737   52   67          -   15.43210      -  32.6 6125s
 66482892 10412225   16.08483   35   92          -   15.43478      -  32.6 6130s
 66523053 10410921   16.15785   36  124          -   15.43657      -  32.6 6135s
 66568407 10407615   15.62352   50   92          -   15.43750      -  32.7 6140s
 66612033 10405780     cutoff   40               -   15.44000      -  32.7 6145s
 66656820 10403865   16.72749   38   96          -   15.44248      -  32.7 6150s
 66694264 10400081   15.50000   43   46          -   15.44444      -  32.7 6155s
 66740819 10395446 infeasible   46               -   15.44444      -  32.7 6160s
 66786213 10392679     cutoff   45               -   15.44444      -  32.7 6165s
 66829665 10391146   16.26667   40   89          -   15.44667      -  32.7 6170s
 66872451 10389425     cutoff   50               -   15.44902      -  32.7 6175s
 66917282 10386931   15.78049   47  103          -   15.45082      -  32.7 6180s
 66942214 10383794 infeasible   46               -   15.45238      -  32.7 6198s
 66961391 10381106   15.59259   28   90          -   15.45238      -  32.7 6201s
 67014752 10376995   16.43590   46   97          -   15.45455      -  32.7 6205s
 67059190 10375093 infeasible   40               -   15.45534      -  32.7 6210s
 67099312 10373077   15.79891   48   86          -   15.45794      -  32.7 6215s
 67144088 10370748   16.78666   49  127          -   15.45985      -  32.7 6220s
 67189087 10366800   16.00000   32   34          -   15.46154      -  32.7 6225s
 67233898 10364809   15.59440   36  122          -   15.46327      -  32.7 6230s
 67274187 10362869   16.00000   42   11          -   15.46541      -  32.7 6235s
 67319396 10359191   15.94691   33   98          -   15.46667      -  32.7 6240s
 67368155 10356721 infeasible   54               -   15.46914      -  32.7 6245s
 67413767 10353829   15.91071   44   86          -   15.47074      -  32.7 6250s
 67457641 10351120   16.00000   48   30          -   15.47368      -  32.7 6255s
 67497624 10348888   16.07368   45  131          -   15.47515      -  32.7 6260s
 67537870 10346183   16.11432   41   99          -   15.47702      -  32.7 6265s
 67582832 10343901 infeasible   46               -   15.47917      -  32.7 6270s
 67627536 10341363   15.84211   43   85          -   15.48148      -  32.7 6275s
 67666914 10339301   15.66667   54   29          -   15.48387      -  32.8 6280s
 67711871 10336966 infeasible   50               -   15.48617      -  32.8 6285s
 67751837 10334821   16.02644   35  110          -   15.48851      -  32.8 6290s
 67801293 10332195     cutoff   41               -   15.49180      -  32.8 6295s
 67840324 10330046 infeasible   44               -   15.49495      -  32.8 6300s
 67879947 10327799 infeasible   32               -   15.49975      -  32.8 6305s
 67918713 10317897 infeasible   40               -   15.50000      -  32.8 6310s
 67953151 10308649     cutoff   42               -   15.50000      -  32.8 6315s
 67993033 10298198   15.75000   40   50          -   15.50000      -  32.8 6320s
 68032443 10287820   16.60581   42  106          -   15.50000      -  32.8 6325s
 68068126 10279275   17.00000   43   18          -   15.50000      -  32.8 6330s
 68107500 10269170 infeasible   50               -   15.50000      -  32.8 6335s
 68147099 10259610     cutoff   40               -   15.50000      -  32.8 6340s
 68186884 10250032     cutoff   45               -   15.50000      -  32.8 6345s
 68227108 10240836 infeasible   44               -   15.50000      -  32.8 6350s
 68267051 10232209 infeasible   52               -   15.50000      -  32.8 6355s
 68301588 10224333 infeasible   41               -   15.50000      -  32.8 6360s
 68341307 10215638 infeasible   50               -   15.50000      -  32.8 6365s
 68381314 10207122     cutoff   34               -   15.50000      -  32.8 6370s
 68421425 10199057 infeasible   44               -   15.50000      -  32.8 6375s
 68460995 10191324 infeasible   47               -   15.50000      -  32.9 6380s
 68500870 10183544   16.00000   39   13          -   15.50000      -  32.9 6385s
 68545869 10175170     cutoff   54               -   15.50000      -  32.9 6390s
 68585639 10167737   16.60000   47   32          -   15.50000      -  32.9 6395s
 68625554 10160485   16.00000   51   12          -   15.50000      -  32.9 6400s
 68665799 10153421   16.00000   47   13          -   15.50000      -  32.9 6405s
 68705731 10146515 infeasible   46               -   15.50000      -  32.9 6410s
 68750692 10139030   15.69150   45  113          -   15.50000      -  32.9 6415s
 68790177 10132148   16.28975   39   78          -   15.50000      -  32.9 6420s
 68835215 10124911 infeasible   45               -   15.50000      -  32.9 6425s
 68880267 10117949 infeasible   50               -   15.50000      -  32.9 6430s
 68919383 10112046   16.00000   39    9          -   15.50000      -  32.9 6435s
 68964573 10105073   16.53816   37  110          -   15.50000      -  32.9 6440s
 69008926 10098444     cutoff   39               -   15.50000      -  32.9 6445s
 69054365 10092161 infeasible   51               -   15.50000      -  32.9 6450s
 69098242 10086026 infeasible   44               -   15.50000      -  32.9 6455s
 69138587 10080739     cutoff   50               -   15.50000      -  32.9 6460s
 69183424 10075072   15.94828   44   96          -   15.50000      -  32.9 6465s
 69227724 10069322   16.40000   40   52          -   15.50000      -  32.9 6470s
 69272291 10063736   16.25000   41   34          -   15.50000      -  32.9 6475s
 69317307 10057875     cutoff   46               -   15.50000      -  32.9 6480s
 69366900 10051998 infeasible   43               -   15.50000      -  32.9 6485s
 69411731 10046654     cutoff   39               -   15.50000      -  32.9 6490s
 69456185 10041710   16.00000   38    9          -   15.50000      -  32.9 6495s
 69501072 10036962 infeasible   36               -   15.50000      -  32.9 6500s
 69551144 10032039   16.00000   42   48          -   15.50000      -  32.9 6505s
 69595625 10027358   16.62996   45  110          -   15.50000      -  32.9 6510s
 69645610 10022695 infeasible   40               -   15.50000      -  32.9 6515s
 69695031 10017998   16.42969   47   63          -   15.50000      -  33.0 6520s
 69739724 10013901   15.59701   41   92          -   15.50000      -  33.0 6525s
 69789398 10009406   15.89881   41   99          -   15.50000      -  33.0 6530s
 69834359 10005648 infeasible   47               -   15.50000      -  33.0 6535s
 69879209 10002155   16.16667   42   66          -   15.50000      -  33.0 6540s
 69929043 9998241   16.21739   33   90          -   15.50000      -  33.0 6545s
 69978394 9994788   16.00000   55   18          -   15.50000      -  33.0 6550s
 70023037 9991789     cutoff   55               -   15.50000      -  33.0 6555s
 70072619 9988685   15.76406   39  111          -   15.50000      -  33.0 6560s
 70117452 9986156   16.43038   45  105          -   15.50000      -  33.0 6565s
 70162125 9984031   16.30583   52   72          -   15.50000      -  33.0 6570s
 70207121 9981196   16.50000   43   40          -   15.50009      -  33.0 6575s
 70254697 9978828   16.28623   40   77          -   15.50549      -  33.0 6580s
 70294125 9976340   16.67021   55  102          -   15.50847      -  33.0 6585s
 70339361 9973743   15.65552   36  107          -   15.51136      -  33.0 6590s
 70388761 9970576   15.67095   37   95          -   15.51429      -  33.0 6595s
 70433086 9967384   15.65827   46  109          -   15.51716      -  33.0 6600s
 70477482 9964214   16.00000   48   36          -   15.51961      -  33.0 6605s
 70523187 9961039   15.54984   44   92          -   15.52174      -  33.0 6610s
 70568056 9957454   15.97849   48   96          -   15.52381      -  33.0 6615s
 70612752 9953918 infeasible   43               -   15.52632      -  33.0 6620s
 70656606 9950815   15.81100   47   84          -   15.52899      -  33.0 6625s
 70701286 9947291   15.96732   45  112          -   15.53086      -  33.0 6630s
 70745863 9943377 infeasible   47               -   15.53333      -  33.0 6635s
 70790460 9940044   15.56716   36   90          -   15.53448      -  33.0 6640s
 70834880 9936844 infeasible   39               -   15.53731      -  33.0 6645s
 70880529 9932168   16.30909   46  109          -   15.53846      -  33.0 6650s
 70919878 9929914   16.03158   42   86          -   15.54070      -  33.0 6655s
 70964568 9926354   16.05882   44   79          -   15.54286      -  33.1 6660s
 71008289 9921765   16.16667   43   68          -   15.54545      -  33.1 6665s
 71054890 9917659   16.05581   40   86          -   15.54545      -  33.1 6670s
 71092537 9914782   15.87179   44   71          -   15.54817      -  33.1 6675s
 71133352 9911457   15.87500   48   57          -   15.55000      -  33.1 6680s
 71177195 9908192     cutoff   46               -   15.55263      -  33.1 6685s
 71216608 9904078     cutoff   44               -   15.55556      -  33.1 6690s
 71262273 9896912   15.85714   44   61          -   15.55556      -  33.1 6695s
 71302516 9892830   15.75000   45   68          -   15.55556      -  33.1 6700s
 71346587 9890019   16.80000   43   46          -   15.55670      -  33.1 6705s
 71390753 9886540   15.88764   41   94          -   15.55975      -  33.1 6710s
 71430302 9883467     cutoff   40               -   15.56209      -  33.1 6715s
 71475712 9879365     cutoff   42               -   15.56315      -  33.1 6720s
 71520048 9875829   16.06944   37   69          -   15.56557      -  33.1 6725s
 71564324 9872348   16.00000   41    8          -   15.56818      -  33.1 6730s
 71608367 9866901   16.05000   47   68          -   15.57143      -  33.1 6735s
 71643738 9860458   15.75000   44   56          -   15.57143      -  33.1 6740s
 71689368 9854427 infeasible   41               -   15.57143      -  33.1 6745s
 71729346 9850214   16.14146   38   95          -   15.57143      -  33.1 6750s
 71774188 9846890 infeasible   51               -   15.57143      -  33.1 6755s
 71817247 9843769 infeasible   45               -   15.57490      -  33.1 6760s
 71862260 9840153     cutoff   39               -   15.57710      -  33.1 6765s
 71907171 9836043   16.50000   40   19          -   15.57927      -  33.1 6770s
 71946231 9832946 infeasible   49               -   15.58182      -  33.1 6775s
 71991450 9826409   16.04235   38   88          -   15.58333      -  33.1 6780s
 72032240 9822348   16.12702   35  128          -   15.58333      -  33.1 6785s
 72075120 9819006   16.24662   39  118          -   15.58590      -  33.1 6790s
 72120025 9814458   15.89286   41   95          -   15.58824      -  33.2 6795s
 72164505 9810663   15.80000   37   89          -   15.59064      -  33.2 6800s
 72209150 9806655     cutoff   46               -   15.59259      -  33.2 6805s
 72249104 9803322   16.00000   44   45          -   15.59494      -  33.2 6810s
 72293001 9799909     cutoff   38               -   15.59794      -  33.2 6815s
 72337281 9790713     cutoff   41               -   15.60000      -  33.2 6820s
 72377085 9782100     cutoff   43               -   15.60000      -  33.2 6825s
 72417725 9774712   16.67857   43   88          -   15.60000      -  33.2 6830s
 72462492 9767695     cutoff   45               -   15.60000      -  33.2 6835s
 72502526 9761866   16.10294   46   79          -   15.60000      -  33.2 6840s
 72547630 9756169   15.62857   35   51          -   15.60000      -  33.2 6845s
 72592619 9751249   16.50000   60   38          -   15.60000      -  33.2 6850s
 72637276 9747248   15.60000   36   51          -   15.60000      -  33.2 6855s
 72680135 9743850   16.59146   42   81          -   15.60179      -  33.2 6860s
 72724851 9739879 infeasible   39               -   15.60502      -  33.2 6865s
 72769984 9735736   15.86667   40   84          -   15.60746      -  33.2 6870s
 72809231 9731909   15.78122   41  124          -   15.60976      -  33.2 6875s
 72854892 9726669   15.69959   36   92          -   15.61111      -  33.2 6880s
 72893138 9723303     cutoff   45               -   15.61364      -  33.2 6885s
 72933612 9718109   15.93333   44   43          -   15.61538      -  33.2 6890s
 72982339 9713461 infeasible   40               -   15.61728      -  33.2 6895s
 73022873 9709270   15.91613   39   93          -   15.61905      -  33.2 6900s
 73061729 9705493   16.25000   31   88          -   15.62162      -  33.2 6905s
 73105758 9699110 infeasible   48               -   15.62500      -  33.2 6910s
 73146038 9690937   16.80000   39   82          -   15.62500      -  33.3 6915s
 73186933 9685155   16.00000   60    8          -   15.62500      -  33.3 6920s
 73236558 9679508   16.03614   42   94          -   15.62500      -  33.3 6925s
 73279840 9675988   15.86957   36   98          -   15.62693      -  33.3 6930s
 73319654 9671875     cutoff   46               -   15.62963      -  33.3 6935s
 73359010 9667487 infeasible   40               -   15.63158      -  33.3 6940s
 73403598 9662913   15.99320   42   73          -   15.63380      -  33.3 6945s
 73442584 9657432   16.00000   49   81          -   15.63636      -  33.3 6950s
 73484044 9652002   16.61990   40   90          -   15.63636      -  33.3 6955s
 73527452 9647635   16.56575   47  127          -   15.63889      -  33.3 6960s
 73567233 9643511   16.15455   36   91          -   15.64103      -  33.3 6965s
 73611972 9636882   16.59459   41   65          -   15.64286      -  33.3 6970s
 73651364 9632926     cutoff   41               -   15.64407      -  33.3 6975s
 73695766 9627611 infeasible   42               -   15.64706      -  33.3 6980s
 73736101 9623419   15.80000   56   30          -   15.64851      -  33.3 6985s
 73776406 9618741 infeasible   45               -   15.65000      -  33.3 6990s
 73820051 9613904     cutoff   39               -   15.65268      -  33.3 6995s
 73859112 9609437     cutoff   44               -   15.65517      -  33.3 7000s
 73899393 9605249   15.77272   39  114          -   15.65728      -  33.3 7005s
 73943945 9600246 infeasible   39               -   15.66038      -  33.3 7010s
 73983092 9596335   16.14706   43   77          -   15.66345      -  33.3 7015s
 74022001 9588102     cutoff   48               -   15.66667      -  33.3 7020s
 74061982 9575080 infeasible   48               -   15.66667      -  33.3 7025s
 74096541 9564280 infeasible   40               -   15.66667      -  33.3 7030s
 74136282 9552528   15.96420   55   96          -   15.66667      -  33.4 7035s
 74171140 9542470 infeasible   55               -   15.66667      -  33.4 7040s
 74206272 9533105     cutoff   55               -   15.66667      -  33.4 7045s
 74245686 9522522   16.73204   48   94          -   15.66667      -  33.4 7050s
 74285735 9512669 infeasible   50               -   15.66667      -  33.4 7055s
 74324996 9502929   16.60000   37   39          -   15.66667      -  33.4 7060s
 74370236 9492350   16.00000   37   10          -   15.66667      -  33.4 7065s
 74410082 9483506 infeasible   39               -   15.66667      -  33.4 7070s
 74454372 9473721     cutoff   45               -   15.66667      -  33.4 7075s
 74494475 9465452   16.00000   40   10          -   15.66667      -  33.4 7080s
 74534085 9457584 infeasible   52               -   15.66667      -  33.4 7085s
 74574181 9450055   16.00000   54   65          -   15.66667      -  33.4 7090s
 74618636 9441713     cutoff   42               -   15.66667      -  33.4 7095s
 74663485 9434038   16.12500   43   76          -   15.66667      -  33.4 7100s
 74708180 9426452   16.33333   53   29          -   15.66667      -  33.4 7105s
 74748380 9420212     cutoff   48               -   15.66667      -  33.4 7110s
 74792757 9413233     cutoff   39               -   15.66667      -  33.4 7115s
 74837583 9407022   15.76744   41   76          -   15.66667      -  33.4 7120s
 74877343 9401736   16.13333   44   90          -   15.66667      -  33.4 7125s
 74922190 9396253     cutoff   45               -   15.66667      -  33.4 7130s
 74967072 9391227 infeasible   45               -   15.66667      -  33.4 7135s
 75011176 9386809     cutoff   47               -   15.66667      -  33.4 7140s
 75054152 9382023   15.70051   35   90          -   15.66877      -  33.4 7145s
 75093742 9377760 infeasible   50               -   15.67227      -  33.4 7150s
 75133575 9373148 infeasible   48               -   15.67500      -  33.4 7155s
 75178041 9367986 infeasible   32               -   15.67797      -  33.4 7160s
 75218077 9362878     cutoff   41               -   15.68000      -  33.4 7165s
 75257643 9358022   15.92308   38   68          -   15.68217      -  33.5 7170s
 75297822 9352876     cutoff   45               -   15.68421      -  33.5 7175s
 75336417 9347564   15.89083   42   79          -   15.68709      -  33.5 7180s
 75382024 9341514 infeasible   38               -   15.68826      -  33.5 7185s
 75420193 9336301   16.67241   40   92          -   15.69091      -  33.5 7190s
 75460813 9329455   16.46779   36  112          -   15.69231      -  33.5 7195s
 75499470 9324541 infeasible   47               -   15.69444      -  33.5 7200s
 75534332 9319965   16.22481   36  108          -   15.69635      -  33.5 7205s
 75573976 9315233   16.28101   42  111          -   15.69922      -  33.5 7210s
 75614160 9306120   17.02899   52  119          -   15.70000      -  33.5 7215s
 75649547 9300550   16.50000   39   46          -   15.70000      -  33.5 7220s
 75687957 9295887   16.00000   42   60          -   15.70149      -  33.5 7225s
 75727797 9290586   16.21028   52   99          -   15.70388      -  33.5 7230s
 75767797 9284373   16.00000   37   19          -   15.70588      -  33.5 7235s
 75806874 9278806 infeasible   45               -   15.70833      -  33.5 7240s
 75846301 9273919   16.18917   42  112          -   15.71053      -  33.5 7245s
 75880446 9269546   16.72453   41   87          -   15.71295      -  33.5 7250s
 75920400 9259372     cutoff   42               -   15.71429      -  33.5 7255s
 75961134 9251035   16.41874   50  103          -   15.71429      -  33.5 7260s
 75996201 9245029     cutoff   42               -   15.71429      -  33.5 7265s
 76040955 9238743   16.53770   41   81          -   15.71429      -  33.5 7270s
 76078908 9234374     cutoff   44               -   15.71637      -  33.5 7275s
 76118380 9229021 infeasible   54               -   15.71895      -  33.5 7280s
 76158107 9223480 infeasible   43               -   15.72170      -  33.5 7285s
 76193214 9217716     cutoff   41               -   15.72222      -  33.5 7290s
 76232548 9212454   16.23579   38  119          -   15.72500      -  33.5 7295s
 76271690 9204449 infeasible   51               -   15.72727      -  33.6 7300s
 76312999 9198675   16.24181   48   72          -   15.72727      -  33.6 7305s
 76351024 9193588   16.36330   41   91          -   15.73016      -  33.6 7310s
 76390408 9187645   16.67189   37  112          -   15.73276      -  33.6 7315s
 76426523 9181475     cutoff   54               -   15.73333      -  33.6 7320s
 76464597 9176108   16.00000   49   18          -   15.73585      -  33.6 7325s
 76504264 9170061   16.10728   38   86          -   15.73810      -  33.6 7330s
 76543904 9163884 infeasible   38               -   15.74068      -  33.6 7335s
 76578843 9158980     cutoff   43               -   15.74260      -  33.6 7340s
 76618169 9153431   16.83621   42  118          -   15.74537      -  33.6 7345s
 76652331 9148935 infeasible   37               -   15.74866      -  33.6 7350s
 76681619 9138713 infeasible   44               -   15.75000      -  33.6 7355s
 76721188 9125096     cutoff   48               -   15.75000      -  33.6 7360s
 76756215 9114270     cutoff   44               -   15.75000      -  33.6 7365s
 76791250 9104020 infeasible   44               -   15.75000      -  33.6 7370s
 76826126 9094398     cutoff   39               -   15.75000      -  33.6 7375s
 76866124 9084353 infeasible   40               -   15.75000      -  33.6 7380s
 76905878 9074360     cutoff   52               -   15.75000      -  33.6 7385s
 76945773 9065163   16.43445   38  100          -   15.75000      -  33.6 7390s
 76985347 9056320     cutoff   44               -   15.75000      -  33.6 7395s
 77024978 9047611   16.01149   41   86          -   15.75000      -  33.6 7400s
 77065049 9039866     cutoff   46               -   15.75000      -  33.6 7405s
 77100305 9033377   16.37955   40   91          -   15.75000      -  33.6 7410s
 77139409 9026293   16.61506   38   92          -   15.75000      -  33.6 7415s
 77178631 9019608   16.28571   51   61          -   15.75000      -  33.6 7420s
 77223751 9012586   16.20000   47   38          -   15.75000      -  33.6 7425s
 77263143 9007093   16.40000   33   75          -   15.75000      -  33.6 7430s
 77300516 9001787   16.59216   36  125          -   15.75261      -  33.7 7435s
 77335560 8996607     cutoff   40               -   15.75556      -  33.7 7440s
 77374795 8990444     cutoff   42               -   15.75847      -  33.7 7445s
 77414792 8984509   16.20968   42   82          -   15.76087      -  33.7 7450s
 77449195 8978690 infeasible   34               -   15.76259      -  33.7 7455s
 77489964 8971865 infeasible   51               -   15.76471      -  33.7 7460s
 77528386 8966047   16.23810   48   90          -   15.76699      -  33.7 7465s
 77562837 8959059   16.23172   40  106          -   15.76923      -  33.7 7470s
 77607516 8952076   16.00000   49   35          -   15.77083      -  33.7 7475s
 77642482 8946037 infeasible   37               -   15.77273      -  33.7 7480s
 77676654 8940440 infeasible   36               -   15.77513      -  33.7 7485s
 77716511 8931401     cutoff   51               -   15.77778      -  33.7 7490s
 77752143 8923291   16.75424   46   87          -   15.77778      -  33.7 7495s
 77797122 8915147     cutoff   49               -   15.77778      -  33.7 7500s
 77830065 8910322   16.08777   45  112          -   15.77976      -  33.7 7505s
 77869392 8903514   15.89815   39   79          -   15.78261      -  33.7 7510s
 77903881 8898292 infeasible   46               -   15.78491      -  33.7 7515s
 77944380 8889412     cutoff   37               -   15.78571      -  33.7 7520s
 77978570 8884028     cutoff   52               -   15.78788      -  33.7 7525s
 78018480 8877585   15.89034   35   97          -   15.79008      -  33.7 7530s
 78052843 8871466 infeasible   58               -   15.79170      -  33.7 7535s
 78091732 8864693     cutoff   42               -   15.79476      -  33.7 7540s
 78131340 8858263     cutoff   47               -   15.79787      -  33.7 7545s
 78165332 8847064     cutoff   39               -   15.80000      -  33.7 7550s
 78200660 8835527 infeasible   47               -   15.80000      -  33.7 7555s
 78235732 8825595   16.26863   41  109          -   15.80000      -  33.8 7560s
 78276201 8815671   16.26389   50   98          -   15.80000      -  33.8 7565s
 78315904 8806505   16.45000   52   93          -   15.80000      -  33.8 7570s
 78355518 8798079   16.00000   35   11          -   15.80000      -  33.8 7575s
 78394948 8790448 infeasible   61               -   15.80000      -  33.8 7580s
 78434882 8783641     cutoff   57               -   15.80000      -  33.8 7585s
 78472930 8777917   16.16219   38  120          -   15.80159      -  33.8 7590s
 78507175 8771996   16.11038   42  102          -   15.80460      -  33.8 7595s
 78546738 8764956     cutoff   44               -   15.80755      -  33.8 7600s
 78581481 8758428     cutoff   40               -   15.80952      -  33.8 7605s
 78615701 8752503 infeasible   42               -   15.81176      -  33.8 7610s
 78651242 8744956     cutoff   48               -   15.81250      -  33.8 7615s
 78689921 8737873   16.26471   36   94          -   15.81538      -  33.8 7620s
 78724287 8730709 infeasible   49               -   15.81818      -  33.8 7625s
 78765712 8722128     cutoff   43               -   15.81818      -  33.8 7630s
 78803605 8715951   16.20896   45   99          -   15.82051      -  33.8 7635s
 78843019 8708212   16.00000   41   35          -   15.82353      -  33.8 7640s
 78878043 8702063 infeasible   46               -   15.82500      -  33.8 7645s
 78917158 8694606 infeasible   43               -   15.82759      -  33.8 7650s
 78951598 8688406     cutoff   46               -   15.83007      -  33.8 7655s
 78990964 8677694 infeasible   47               -   15.83333      -  33.8 7660s
 79026486 8665600 infeasible   45               -   15.83333      -  33.8 7665s
 79061692 8655016     cutoff   39               -   15.83333      -  33.8 7670s
 79096829 8645238 infeasible   43               -   15.83333      -  33.8 7675s
 79132064 8636397     cutoff   53               -   15.83333      -  33.8 7680s
 79171955 8627246     cutoff   40               -   15.83333      -  33.8 7685s
 79211513 8618441 infeasible   41               -   15.83333      -  33.9 7690s
 79251270 8610852 infeasible   52               -   15.83333      -  33.9 7695s
 79284741 8605229   16.36069   46  124          -   15.83444      -  33.9 7700s
 79318586 8599058   15.98771   54  111          -   15.83766      -  33.9 7705s
 79358677 8591572 infeasible   39               -   15.84028      -  33.9 7710s
 79393743 8584633     cutoff   46               -   15.84211      -  33.9 7715s
 79432631 8577420   16.07972   38  106          -   15.84530      -  33.9 7720s
 79469024 8568896 infeasible   32               -   15.84615      -  33.9 7725s
 79507155 8561949   16.41270   49   77          -   15.84874      -  33.9 7730s
 79542021 8554569   16.87500   53   65          -   15.85047      -  33.9 7735s
 79581121 8546592     cutoff   50               -   15.85333      -  33.9 7740s
 79615435 8539554 infeasible   43               -   15.85660      -  33.9 7745s
 79651044 8527227     cutoff   40               -   15.85714      -  33.9 7750s
 79691861 8516815   16.24615   43   89          -   15.85714      -  33.9 7755s
 79727257 8509285   16.75000   47   67          -   15.85714      -  33.9 7760s
 79761576 8503010     cutoff   37               -   15.85714      -  33.9 7765s
 79799479 8496148   16.89189   47  116          -   15.86052      -  33.9 7770s
 79834249 8488911 infeasible   53               -   15.86316      -  33.9 7775s
 79868808 8481908 infeasible   35               -   15.86523      -  33.9 7780s
 79904443 8473269     cutoff   41               -   15.86667      -  33.9 7785s
 79942585 8465446 infeasible   44               -   15.86939      -  33.9 7790s
 79977805 8458530 infeasible   38               -   15.87176      -  33.9 7795s
 80012035 8450026     cutoff   46               -   15.87500      -  33.9 7800s
 80046602 8439592   16.07966   46   95          -   15.87500      -  33.9 7805s
 80083294 8428550   16.33333   46   77          -   15.87500      -  34.0 7810s
 80118612 8420799 infeasible   46               -   15.87500      -  34.0 7815s
 80151767 8414354 infeasible   47               -   15.87571      -  34.0 7820s
 80185794 8407227   16.67189   33  118          -   15.87879      -  34.0 7825s
 80220588 8400071     cutoff   48               -   15.88158      -  34.0 7830s
 80255451 8392325 infeasible   36               -   15.88342      -  34.0 7835s
 80289807 8384682   16.33333   49   35          -   15.88596      -  34.0 7840s
 80319003 8376947 infeasible   47               -   15.88889      -  34.0 7845s
 80355155 8365881   16.43922   48   93          -   15.88889      -  34.0 7850s
 80395746 8356402   16.09677   47   80          -   15.88889      -  34.0 7855s
 80428232 8349627 infeasible   42               -   15.89083      -  34.0 7860s
 80438689 8348475     cutoff   51               -   15.89189      -  34.0 7865s
 80439303 8348449     cutoff   37               -   15.89189      -  34.0 7870s
 80439755 8348363     cutoff   53               -   15.89216      -  34.0 7875s
 80440387 8348116   16.05547   40   97          -   15.89231      -  34.0 7880s
 80450126 8343923   16.36842   45   76          -   15.89256      -  34.0 7886s
 80475577 8338075     cutoff   44               -   15.89351      -  34.0 7890s
 80510918 8331229 infeasible   36               -   15.89706      -  34.0 7895s
 80544710 8321692     cutoff   43               -   15.90000      -  34.0 7900s
 80581314 8310993     cutoff   38               -   15.90000      -  34.0 7905s
 80620478 8302546   16.39111   29  101          -   15.90021      -  34.0 7910s
 80653656 8295051     cutoff   41               -   15.90351      -  34.0 7915s
 80688303 8286710 infeasible   46               -   15.90580      -  34.0 7920s
 80727347 8276852   16.50000   39   71          -   15.90909      -  34.0 7925s
 80763943 8267737   16.59091   48   91          -   15.90909      -  34.0 7930s
 80796449 8260322   16.05000   34   59          -   15.91176      -  34.0 7935s
 80836345 8251508 infeasible   49               -   15.91454      -  34.0 7940s
 80871037 8240626   17.00000   36   12          -   15.91667      -  34.0 7945s
 80906717 8231500   16.00000   41   66          -   15.91667      -  34.0 7950s
 80944759 8223344   16.25581   35   79          -   15.91946      -  34.1 7955s
 80978701 8215493   16.86328   32  112          -   15.92222      -  34.1 7960s
 81014828 8205967     cutoff   45               -   15.92308      -  34.1 7965s
 81048494 8197935 infeasible   38               -   15.92593      -  34.1 7970s
 81087975 8187114 infeasible   44               -   15.92857      -  34.1 7975s
 81122531 8179527     cutoff   50               -   15.93000      -  34.1 7980s
 81155923 8170749     cutoff   42               -   15.93333      -  34.1 7985s
 81191276 8161894     cutoff   38               -   15.93408      -  34.1 7990s
 81225091 8152940     cutoff   49               -   15.93750      -  34.1 7995s
 81260004 8144454     cutoff   37               -   15.93865      -  34.1 8000s
 81294469 8135189 infeasible   51               -   15.94118      -  34.1 8005s
 81328594 8126688     cutoff   52               -   15.94402      -  34.1 8010s
 81363596 8117553     cutoff   42               -   15.94545      -  34.1 8015s
 81398339 8109260   16.10000   35   58          -   15.94787      -  34.1 8020s
 81433049 8100160     cutoff   41               -   15.95000      -  34.1 8025s
 81467440 8091608   16.00000   46   36          -   15.95238      -  34.1 8030s
 81501183 8082969   16.20388   39   70          -   15.95522      -  34.1 8035s
 81535331 8073849   16.64706   41   97          -   15.95833      -  34.1 8040s
 81570396 8065445 infeasible   38               -   15.96012      -  34.1 8045s
 81604873 8056697   16.21839   39   89          -   15.96296      -  34.1 8050s
 81644022 8046761     cutoff   41               -   15.96610      -  34.1 8055s
 81678430 8037834   16.50000   37   95          -   15.96875      -  34.1 8060s
 81712570 8028630   16.42857   48   81          -   15.97200      -  34.1 8065s
 81741946 8020914 infeasible   41               -   15.97463      -  34.2 8070s
 81776648 8012196 infeasible   42               -   15.97778      -  34.2 8075s
 81810955 8003357 infeasible   39               -   15.98131      -  34.2 8080s
 81845339 7994446     cutoff   37               -   15.98507      -  34.2 8085s
 81879460 7985715 infeasible   48               -   15.98933      -  34.2 8090s
 81908671 7978268     cutoff   49               -   15.99363      -  34.2 8095s
 81943920 7967075 infeasible   40               -   16.00000      -  34.2 8100s
 81978980 7949236 infeasible   57               -   16.00000      -  34.2 8105s
 82008586 7931621 infeasible   35               -   16.00000      -  34.2 8110s
 82043214 7911734   16.00000   42   31          -   16.00000      -  34.2 8115s
 82077982 7891817     cutoff   42               -   16.00000      -  34.2 8120s
 82111928 7872106     cutoff   33               -   16.00000      -  34.2 8125s
 82141467 7854317 infeasible   42               -   16.00000      -  34.2 8130s
 82175562 7833914 infeasible   44               -   16.00000      -  34.2 8135s
 82210017 7812976     cutoff   41               -   16.00000      -  34.2 8140s
 82239426 7795430 infeasible   35               -   16.00000      -  34.2 8145s
 82273990 7774694 infeasible   37               -   16.00000      -  34.2 8150s
 82308148 7753788 infeasible   44               -   16.00000      -  34.2 8155s
 82343038 7732943     cutoff   41               -   16.00000      -  34.2 8160s
 82372258 7715957     cutoff   41               -   16.00000      -  34.2 8165s
 82406723 7696898 infeasible   52               -   16.00000      -  34.2 8170s
 82441053 7677391     cutoff   54               -   16.00000      -  34.2 8175s
 82475400 7657498 infeasible   54               -   16.00000      -  34.2 8180s
 82509837 7637436   16.00000   49    8          -   16.00000      -  34.3 8185s
 82545004 7618505     cutoff   47               -   16.00000      -  34.3 8190s
 82579312 7599989   17.00000   41   10          -   16.00000      -  34.3 8195s
 82608862 7584096   16.00000   45   10          -   16.00000      -  34.3 8200s
 82643392 7565215 infeasible   49               -   16.00000      -  34.3 8205s
 82677887 7546798 infeasible   37               -   16.00000      -  34.3 8210s
 82712175 7527701     cutoff   42               -   16.00000      -  34.3 8215s
 82746803 7508966 infeasible   49               -   16.00000      -  34.3 8220s
 82775977 7492293 infeasible   55               -   16.00000      -  34.3 8225s
 82810575 7473155     cutoff   43               -   16.00000      -  34.3 8230s
 82844894 7453375     cutoff   51               -   16.00000      -  34.3 8235s
 82879409 7433899 infeasible   42               -   16.00000      -  34.3 8240s
 82913888 7414582     cutoff   34               -   16.00000      -  34.3 8245s
 82948465 7394853   16.57692   41   57          -   16.00000      -  34.3 8250s
 82983325 7375622     cutoff   39               -   16.00000      -  34.3 8255s
 83017561 7356419     cutoff   41               -   16.00000      -  34.3 8260s
 83052305 7338371 infeasible   37               -   16.00000      -  34.3 8265s
 83086859 7320031     cutoff   50               -   16.00000      -  34.3 8270s
 83121075 7301387     cutoff   43               -   16.00000      -  34.3 8275s
 83155577 7282693 infeasible   42               -   16.00000      -  34.3 8280s
 83190238 7263759   17.00000   43    6          -   16.00000      -  34.3 8285s
 83226154 7248777     cutoff   50               -   16.00000      -  34.3 8290s
 83261171 7234049   16.00000   43   11          -   16.00000      -  34.3 8295s
 83295440 7219740 infeasible   49               -   16.00000      -  34.3 8300s
 83330487 7205229     cutoff   41               -   16.00000      -  34.3 8305s
 83369855 7188250   16.43750   44   69          -   16.00000      -  34.3 8310s
 83404411 7173204     cutoff   46               -   16.00000      -  34.3 8315s
 83439243 7158031     cutoff   46               -   16.00000      -  34.3 8320s
 83478714 7140687     cutoff   45               -   16.00000      -  34.4 8325s
 83513094 7125183     cutoff   37               -   16.00000      -  34.4 8330s
 83548761 7109468     cutoff   47               -   16.00000      -  34.4 8335s
 83582831 7094426   17.00000   47   11          -   16.00000      -  34.4 8340s
 83618114 7080250 infeasible   55               -   16.00000      -  34.4 8345s
 83652492 7065967     cutoff   44               -   16.00000      -  34.4 8350s
 83687456 7051555 infeasible   51               -   16.00000      -  34.4 8355s
 83726872 7035056   17.00000   43   12          -   16.00000      -  34.4 8360s
 83762786 7022611 infeasible   39               -   16.00000      -  34.4 8365s
 83797865 7009935     cutoff   42               -   16.00000      -  34.4 8370s
 83837076 6995564 infeasible   46               -   16.00000      -  34.4 8375s
 83877074 6981050   17.00000   43    5          -   16.00000      -  34.4 8380s
 83911802 6968272     cutoff   46               -   16.00000      -  34.4 8385s
 83946262 6955330   16.42857   47   52          -   16.00000      -  34.4 8390s
 83985977 6940516   17.00000   54   10          -   16.00000      -  34.4 8395s
 84020920 6927386     cutoff   44               -   16.00000      -  34.4 8400s
 84055366 6914106 infeasible   42               -   16.00000      -  34.4 8405s
 84095497 6898880     cutoff   40               -   16.00000      -  34.4 8410s
 84130188 6885770 infeasible   42               -   16.00000      -  34.4 8415s
 84165392 6873573 infeasible   44               -   16.00000      -  34.4 8420s
 84205388 6859585 infeasible   38               -   16.00000      -  34.4 8425s
 84239958 6847404     cutoff   48               -   16.00000      -  34.4 8430s
 84279432 6833071 infeasible   48               -   16.00000      -  34.4 8435s
 84314685 6821180 infeasible   37               -   16.00000      -  34.4 8440s
 84354571 6808302 infeasible   50               -   16.00000      -  34.4 8445s
 84390182 6797190     cutoff   45               -   16.00000      -  34.4 8450s
 84429258 6784229   17.00000   43    7          -   16.00000      -  34.4 8455s
 84464251 6773009     cutoff   43               -   16.00000      -  34.4 8460s
 84499255 6761965     cutoff   45               -   16.00000      -  34.4 8465s
 84539122 6749113   16.56322   42  112          -   16.00000      -  34.4 8470s
 84578466 6735972     cutoff   45               -   16.00000      -  34.4 8475s
 84618196 6722617   17.00000   46   12          -   16.00000      -  34.4 8480s
 84653098 6711016     cutoff   51               -   16.00000      -  34.4 8485s
 84692773 6697488 infeasible   36               -   16.00000      -  34.4 8490s
 84733263 6685177 infeasible   44               -   16.00000      -  34.5 8495s
 84772986 6672873   17.00000   39   10          -   16.00000      -  34.5 8500s
 84808079 6662139 infeasible   53               -   16.00000      -  34.5 8505s
 84847579 6649819     cutoff   44               -   16.00000      -  34.5 8510s
 84882638 6638953     cutoff   48               -   16.00000      -  34.5 8515s
 84922584 6627527 infeasible   45               -   16.00000      -  34.5 8520s
 84967286 6615050   16.00000   40   19          -   16.00000      -  34.5 8525s
 85001969 6604706 infeasible   34               -   16.00000      -  34.5 8530s
 85037491 6594477   16.50000   52   36          -   16.00000      -  34.5 8535s
 85071669 6584263     cutoff   42               -   16.00000      -  34.5 8540s
 85111642 6572494     cutoff   45               -   16.00000      -  34.5 8545s
 85151243 6560384     cutoff   39               -   16.00000      -  34.5 8550s
 85191094 6548462     cutoff   43               -   16.00000      -  34.5 8555s
 85226099 6538693     cutoff   48               -   16.00000      -  34.5 8560s
 85266038 6527505   16.33333   43   72          -   16.00000      -  34.5 8565s
 85300653 6517499 infeasible   43               -   16.00000      -  34.5 8570s
 85340565 6506067 infeasible   57               -   16.00000      -  34.5 8575s
 85379707 6495344   16.00000   36   11          -   16.00000      -  34.5 8580s
 85420276 6484672 infeasible   47               -   16.00000      -  34.5 8585s
 85459913 6473934   16.40000   46   45          -   16.00000      -  34.5 8590s
 85499961 6463380   17.00000   48    9          -   16.00000      -  34.5 8595s
 85539535 6452741 infeasible   55               -   16.00000      -  34.5 8600s
 85574151 6443088 infeasible   51               -   16.00000      -  34.5 8605s
 85614359 6432663   16.00000   39   12          -   16.00000      -  34.5 8610s
 85653968 6422230   16.00000   39    8          -   16.00000      -  34.5 8615s
 85693557 6411390 infeasible   39               -   16.00000      -  34.5 8620s
 85728673 6402962 infeasible   49               -   16.00000      -  34.5 8625s
 85768684 6393243   16.28571   50   84          -   16.00000      -  34.5 8630s
 85808340 6383578 infeasible   51               -   16.00000      -  34.5 8635s
 85848019 6373789     cutoff   47               -   16.00000      -  34.5 8640s
 85888062 6364164 infeasible   52               -   16.00000      -  34.5 8645s
 85922464 6355818   17.00000   39    7          -   16.00000      -  34.5 8650s
 85961984 6346388     cutoff   43               -   16.00000      -  34.5 8655s
 85996726 6338009 infeasible   48               -   16.00000      -  34.5 8660s
 86036251 6328578     cutoff   53               -   16.00000      -  34.5 8665s
 86076263 6319666     cutoff   41               -   16.00000      -  34.5 8670s
 86110841 6311772 infeasible   53               -   16.00000      -  34.5 8675s
 86144979 6303937   17.00000   48   10          -   16.00000      -  34.6 8680s
 86185132 6294897   16.24194   38   98          -   16.00000      -  34.6 8685s
 86221588 6285983   17.00000   40   12          -   16.00000      -  34.6 8690s
 86251431 6277658 infeasible   38               -   16.00714      -  34.6 8695s
 86281255 6269509     cutoff   38               -   16.01205      -  34.6 8700s
 86316022 6260121   16.24157   39  108          -   16.01667      -  34.6 8705s
 86345973 6251836   16.67492   50  121          -   16.02060      -  34.6 8710s
 86380627 6242115 infeasible   39               -   16.02469      -  34.6 8715s
 86414853 6232209   16.25000   39   49          -   16.02857      -  34.6 8720s
 86449511 6222379     cutoff   49               -   16.03226      -  34.6 8725s
 86484510 6212396 infeasible   44               -   16.03571      -  34.6 8730s
 86515519 6203829   16.19768   44   97          -   16.03846      -  34.6 8735s
 86548566 6193483 infeasible   52               -   16.04167      -  34.6 8740s
 86582596 6183057     cutoff   36               -   16.04545      -  34.6 8745s
 86617450 6173110     cutoff   43               -   16.04808      -  34.6 8750s
 86651619 6162802     cutoff   44               -   16.05128      -  34.6 8755s
 86681253 6153875     cutoff   53               -   16.05405      -  34.6 8760s
 86716028 6142772     cutoff   49               -   16.05660      -  34.6 8765s
 86749983 6132505   16.15517   41   95          -   16.05963      -  34.6 8770s
 86780067 6122387   16.82558   38   82          -   16.06250      -  34.6 8775s
 86814022 6112602 infeasible   40               -   16.06522      -  34.6 8780s
 86848753 6101180   16.44110   44   98          -   16.06757      -  34.6 8785s
 86882568 6089666 infeasible   44               -   16.07143      -  34.6 8790s
 86917415 6079386     cutoff   39               -   16.07317      -  34.6 8795s
 86951879 6067682 infeasible   47               -   16.07692      -  34.6 8800s
 86986602 6057275 infeasible   49               -   16.07895      -  34.7 8805s
 87015851 6048516 infeasible   43               -   16.08219      -  34.7 8810s
 87051530 6033802     cutoff   48               -   16.08333      -  34.7 8815s
 87084572 6023788 infeasible   45               -   16.08571      -  34.7 8820s
 87119072 6012793     cutoff   34               -   16.08924      -  34.7 8825s
 87155206 5999576 infeasible   45               -   16.09091      -  34.7 8830s
 87187964 5989340   16.92593   49   85          -   16.09420      -  34.7 8835s
 87222253 5977856   16.55204   39   87          -   16.09756      -  34.7 8840s
 87252431 5965415 infeasible   34               -   16.10000      -  34.7 8845s
 87287683 5953346     cutoff   44               -   16.10000      -  34.7 8850s
 87320589 5942539 infeasible   52               -   16.10371      -  34.7 8855s
 87354946 5930811 infeasible   44               -   16.10714      -  34.7 8860s
 87384392 5920231 infeasible   40               -   16.11053      -  34.7 8865s
 87420785 5904895     cutoff   57               -   16.11111      -  34.7 8870s
 87454396 5893810     cutoff   47               -   16.11194      -  34.7 8875s
 87487842 5882251     cutoff   48               -   16.11570      -  34.7 8880s
 87522323 5870272 infeasible   45               -   16.11905      -  34.7 8885s
 87551769 5860255     cutoff   37               -   16.12195      -  34.7 8890s
 87587010 5843601     cutoff   45               -   16.12500      -  34.7 8895s
 87617524 5831074     cutoff   45               -   16.12500      -  34.7 8900s
 87651428 5819173     cutoff   44               -   16.12500      -  34.7 8905s
 87684252 5808053   16.47619   46   92          -   16.12903      -  34.7 8910s
 87718131 5795272   16.76471   45   78          -   16.13301      -  34.7 8915s
 87752982 5782911 infeasible   47               -   16.13514      -  34.7 8920s
 87782312 5772059 infeasible   41               -   16.13804      -  34.7 8925s
 87816136 5757718     cutoff   41               -   16.14286      -  34.7 8930s
 87847488 5743141 infeasible   48               -   16.14286      -  34.8 8935s
 87877703 5731325     cutoff   46               -   16.14286      -  34.8 8940s
 87910418 5719831     cutoff   41               -   16.14407      -  34.8 8945s
 87938930 5708892     cutoff   47               -   16.14783      -  34.8 8950s
 87973757 5695884 infeasible   43               -   16.15094      -  34.8 8955s
 88003303 5683473     cutoff   36               -   16.15385      -  34.8 8960s
 88037091 5671211   16.37558   43  116          -   16.15660      -  34.8 8965s
 88071859 5657997     cutoff   45               -   16.16000      -  34.8 8970s
 88100657 5647145     cutoff   56               -   16.16364      -  34.8 8975s
 88130428 5630224     cutoff   44               -   16.16667      -  34.8 8980s
 88165478 5611717 infeasible   39               -   16.16667      -  34.8 8985s
 88199910 5594855   16.66176   37   99          -   16.16667      -  34.8 8990s
 88234449 5579722     cutoff   45               -   16.16667      -  34.8 8995s
 88263952 5567582   16.63636   49   79          -   16.16667      -  34.8 9000s
 88297590 5555194     cutoff   51               -   16.16667      -  34.8 9005s
 88325499 5544698     cutoff   49               -   16.17143      -  34.8 9010s
 88360178 5531327 infeasible   42               -   16.17511      -  34.8 9015s
 88389375 5519130 infeasible   36               -   16.17803      -  34.8 9020s
 88418551 5506380 infeasible   53               -   16.18182      -  34.8 9025s
 88453542 5492497     cutoff   44               -   16.18288      -  34.8 9030s
 88482373 5480770 infeasible   35               -   16.18644      -  34.8 9035s
 88512052 5467877     cutoff   45               -   16.18857      -  34.8 9040s
 88546267 5453491 infeasible   39               -   16.19231      -  34.8 9045s
 88575435 5441811 infeasible   42               -   16.19565      -  34.8 9050s
 88605137 5426098   16.33333   40   27          -   16.20000      -  34.8 9055s
 88640768 5406045     cutoff   40               -   16.20000      -  34.8 9060s
 88675223 5388128 infeasible   40               -   16.20000      -  34.9 9065s
 88709538 5371677   16.41071   41   77          -   16.20000      -  34.9 9070s
 88739304 5358671 infeasible   45               -   16.20000      -  34.9 9075s
 88772794 5345564 infeasible   32               -   16.20000      -  34.9 9080s
 88805307 5331933 infeasible   34               -   16.20526      -  34.9 9085s
 88835250 5319275     cutoff   42               -   16.20833      -  34.9 9090s
 88869400 5304687     cutoff   32               -   16.21248      -  34.9 9095s
 88899810 5290466 infeasible   40               -   16.21429      -  34.9 9100s
 88928177 5278093     cutoff   49               -   16.21784      -  34.9 9105s
 88957584 5263413 infeasible   47               -   16.22222      -  34.9 9110s
 88988726 5247764 infeasible   50               -   16.22222      -  34.9 9115s
 89021917 5233974 infeasible   44               -   16.22388      -  34.9 9120s
 89050980 5221004 infeasible   43               -   16.22727      -  34.9 9125s
 89080475 5206978     cutoff   45               -   16.23077      -  34.9 9130s
 89114569 5192479     cutoff   38               -   16.23349      -  34.9 9135s
 89143611 5179231 infeasible   50               -   16.23684      -  34.9 9140s
 89173203 5165737   16.34872   42   81          -   16.24000      -  34.9 9145s
 89202393 5152709   16.34182   32  121          -   16.24396      -  34.9 9150s
 89236046 5133199 infeasible   38               -   16.25000      -  34.9 9155s
 89267675 5112149     cutoff   41               -   16.25000      -  34.9 9160s
 89302262 5089380 infeasible   49               -   16.25000      -  34.9 9165s
 89331783 5071126   16.50000   50   88          -   16.25000      -  34.9 9170s
 89366090 5050657     cutoff   48               -   16.25000      -  34.9 9175s
 89395456 5033610     cutoff   46               -   16.25000      -  34.9 9180s
 89430038 5014637   16.43470   47  111          -   16.25000      -  34.9 9185s
 89464194 4996692 infeasible   47               -   16.25000      -  34.9 9190s
 89493481 4981837   17.00000   44   13          -   16.25000      -  34.9 9195s
 89527173 4965159     cutoff   47               -   16.25000      -  35.0 9200s
 89556495 4952071 infeasible   52               -   16.25000      -  35.0 9205s
 89588808 4937860   16.36207   40   82          -   16.25373      -  35.0 9210s
 89618313 4924405   16.69854   45  103          -   16.25806      -  35.0 9215s
 89647600 4910384 infeasible   36               -   16.26190      -  35.0 9220s
 89682019 4892553 infeasible   54               -   16.26667      -  35.0 9225s
 89711545 4878735 infeasible   46               -   16.26923      -  35.0 9230s
 89741250 4862577 infeasible   51               -   16.27273      -  35.0 9235s
 89774915 4846474     cutoff   53               -   16.27515      -  35.0 9240s
 89804936 4831309     cutoff   49               -   16.27778      -  35.0 9245s
 89833291 4817174 infeasible   40               -   16.28235      -  35.0 9250s
 89864141 4798266     cutoff   47               -   16.28571      -  35.0 9255s
 89894225 4783459 infeasible   47               -   16.28571      -  35.0 9260s
 89895568 4782668 infeasible   32               -   16.28571      -  35.0 9265s
 89896569 4782061     cutoff   33               -   16.28571      -  35.0 9270s
 89897267 4781707     cutoff   45               -   16.28571      -  35.0 9276s
 89897710 4781385     cutoff   46               -   16.28571      -  35.0 9280s
 89898284 4780848     cutoff   41               -   16.28571      -  35.0 9286s
 89899589 4779515 infeasible   47               -   16.28571      -  35.0 9292s
 89901304 4776241     cutoff   48               -   16.28571      -  35.0 9296s
 89918754 4764760 infeasible   36               -   16.28571      -  35.0 9301s
 89944950 4754900 infeasible   47               -   16.28906      -  35.0 9305s
 89973146 4739241     cutoff   41               -   16.29323      -  35.0 9310s
 90008034 4723741   16.40000   49   69          -   16.29811      -  35.0 9315s
 90037515 4703951 infeasible   35               -   16.30000      -  35.0 9320s
 90073458 4687320 infeasible   36               -   16.30258      -  35.0 9325s
 90100761 4670979     cutoff   41               -   16.30657      -  35.0 9331s
 90128519 4657684     cutoff   39               -   16.30882      -  35.0 9335s
 90159501 4640709     cutoff   55               -   16.31250      -  35.0 9340s
 90193608 4621323     cutoff   37               -   16.31707      -  35.0 9346s
 90223165 4606198     cutoff   43               -   16.32143      -  35.0 9350s
 90250381 4592773     cutoff   41               -   16.32544      -  35.1 9355s
 90278907 4573407   16.47453   52  106          -   16.33218      -  35.1 9360s
 90317182 4542680 infeasible   51               -   16.33333      -  35.1 9366s
 90346314 4520958     cutoff   49               -   16.33333      -  35.1 9370s
 90384762 4492765     cutoff   35               -   16.33333      -  35.1 9375s
 90422732 4465961   16.53846   43   78          -   16.33333      -  35.1 9380s
 90460715 4439488 infeasible   41               -   16.33333      -  35.1 9385s
 90498947 4413145 infeasible   50               -   16.33333      -  35.1 9390s
 90536843 4388265     cutoff   49               -   16.33333      -  35.1 9395s
 90574811 4363857     cutoff   56               -   16.33333      -  35.1 9401s
 90612619 4340252   17.00000   53   12          -   16.33333      -  35.1 9406s
 90640767 4323286   17.00000   42   10          -   16.33333      -  35.1 9410s
 90678501 4300597     cutoff   50               -   16.33333      -  35.1 9415s
 90715634 4279077     cutoff   50               -   16.33333      -  35.1 9420s
 90753034 4259011     cutoff   35               -   16.33333      -  35.1 9425s
 90789540 4242441 infeasible   45               -   16.33333      -  35.1 9430s
 90817171 4228317 infeasible   39               -   16.33956      -  35.1 9435s
 90847155 4210943     cutoff   45               -   16.34483      -  35.1 9440s
 90879652 4191780 infeasible   40               -   16.35000      -  35.1 9446s
 90908217 4177285   16.70968   32   69          -   16.35335      -  35.1 9450s
 90942440 4157071 infeasible   46               -   16.35714      -  35.1 9455s
 90967201 4142880     cutoff   44               -   16.36162      -  35.1 9460s
 90999035 4123454 infeasible   33               -   16.36364      -  35.1 9465s
 91030292 4104492     cutoff   40               -   16.36922      -  35.1 9470s
 91055481 4084511     cutoff   50               -   16.37443      -  35.1 9475s
 91088409 4062954 infeasible   32               -   16.37500      -  35.1 9480s
 91128264 4042485     cutoff   45               -   16.37607      -  35.1 9485s
 91154055 4026662 infeasible   50               -   16.38095      -  35.1 9490s
 91180240 4008798 infeasible   38               -   16.38462      -  35.2 9495s
 91212321 3990036     cutoff   35               -   16.38889      -  35.2 9500s
 91245374 3970944     cutoff   46               -   16.39437      -  35.2 9505s
 91276863 3943005 infeasible   43               -   16.40000      -  35.2 9511s
 91311524 3918407     cutoff   43               -   16.40000      -  35.2 9515s
 91343700 3896141     cutoff   43               -   16.40000      -  35.2 9520s
 91385700 3868548     cutoff   52               -   16.40000      -  35.2 9526s
 91414428 3855435     cutoff   40               -   16.40196      -  35.2 9530s
 91443609 3835332     cutoff   45               -   16.40816      -  35.2 9535s
 91473851 3817866 infeasible   42               -   16.41293      -  35.2 9540s
 91501171 3793918 infeasible   42               -   16.41667      -  35.2 9545s
 91532694 3777128 infeasible   48               -   16.42029      -  35.2 9550s
 91564748 3758952 infeasible   36               -   16.42623      -  35.2 9555s
 91597820 3727396   16.50000   46   59          -   16.42857      -  35.2 9561s
 91633465 3710006   16.70808   47  101          -   16.42857      -  35.2 9565s
 91662650 3691167   16.44000   45   87          -   16.43478      -  35.2 9570s
 91692130 3671372 infeasible   44               -   16.43919      -  35.2 9575s
 91711031 3649857     cutoff   47               -   16.44375      -  35.2 9580s
 91755910 3627178   16.90526   42   90          -   16.44529      -  35.2 9585s
 91788610 3605190     cutoff   42               -   16.45205      -  35.2 9590s
 91818595 3584404 infeasible   57               -   16.45455      -  35.2 9595s
 91843705 3559372     cutoff   56               -   16.46053      -  35.2 9601s
 91877008 3537148     cutoff   40               -   16.46591      -  35.2 9606s
 91903919 3520844     cutoff   48               -   16.47059      -  35.2 9610s
 91937609 3500884   16.59414   37   90          -   16.47619      -  35.2 9615s
 91962323 3483892 infeasible   45               -   16.48148      -  35.2 9620s
 91991434 3463688     cutoff   44               -   16.48874      -  35.2 9625s
 92014988 3445970   16.67912   45  103          -   16.49779      -  35.3 9630s
 92054629 3401443     cutoff   46               -   16.50000      -  35.3 9635s
 92091831 3368825     cutoff   51               -   16.50000      -  35.3 9640s
 92146550 3322389 infeasible   48               -   16.50000      -  35.3 9646s
 92183598 3290944   16.50000   44   26          -   16.50000      -  35.3 9650s
 92220363 3259269 infeasible   43               -   16.50000      -  35.3 9655s
 92275872 3212836   16.70000   56   56          -   16.50000      -  35.3 9661s
 92312121 3181773     cutoff   37               -   16.50000      -  35.3 9666s
 92348455 3152436   16.50000   52   25          -   16.50000      -  35.3 9670s
 92403324 3107496     cutoff   46               -   16.50000      -  35.3 9677s
 92440200 3091661 infeasible   43               -   16.50000      -  35.3 9681s
 92441391 3090648     cutoff   36               -   16.50000      -  35.3 9686s
 92442004 3090100   17.00000   48   12          -   16.50000      -  35.3 9690s
 92443479 3080809     cutoff   48               -   16.50000      -  35.3 9697s
 92453989 3060829     cutoff   49               -   16.50000      -  35.3 9701s
 92478774 3038856 infeasible   48               -   16.50000      -  35.3 9705s
 92533725 2996833     cutoff   51               -   16.50000      -  35.3 9711s
 92583074 2958382     cutoff   48               -   16.50000      -  35.3 9717s
 92607433 2939210 infeasible   52               -   16.50000      -  35.3 9720s
 92655588 2901477 infeasible   39               -   16.50000      -  35.3 9726s
 92703985 2864477     cutoff   46               -   16.50000      -  35.3 9732s
 92727810 2845993 infeasible   40               -   16.50000      -  35.3 9735s
 92776461 2809794     cutoff   55               -   16.50000      -  35.3 9741s
 92824748 2774841   17.00000   53    7          -   16.50000      -  35.3 9747s
 92848026 2757436     cutoff   55               -   16.50000      -  35.3 9750s
 92896031 2722681   16.50000   51   31          -   16.50000      -  35.3 9756s
 92943380 2689666 infeasible   40               -   16.50000      -  35.3 9762s
 92967052 2673379     cutoff   48               -   16.50000      -  35.3 9765s
 93014018 2644669 infeasible   40               -   16.50000      -  35.3 9771s
 93054913 2627458 infeasible   51               -   16.50602      -  35.3 9775s
 93078731 2609669     cutoff   38               -   16.51429      -  35.3 9780s
 93104230 2590521     cutoff   48               -   16.52115      -  35.3 9785s
 93131278 2567141 infeasible   42               -   16.52778      -  35.3 9790s
 93164256 2544133   16.73198   40  125          -   16.53488      -  35.3 9795s
 93195409 2519764     cutoff   29               -   16.54167      -  35.3 9800s
 93225003 2495936     cutoff   38               -   16.54787      -  35.3 9805s
 93245167 2459830 infeasible   39               -   16.55399      -  35.3 9811s
 93287304 2444895     cutoff   39               -   16.55921      -  35.3 9815s
 93314615 2422854     cutoff   44               -   16.56667      -  35.3 9820s
 93350567 2380626     cutoff   51               -   16.57143      -  35.3 9827s
 93380376 2366874     cutoff   46               -   16.57604      -  35.3 9830s
 93399305 2336377     cutoff   27               -   16.58228      -  35.3 9835s
 93440923 2316598     cutoff   41               -   16.59091      -  35.3 9840s
 93466057 2275490     cutoff   56               -   16.60000      -  35.3 9846s
 93515782 2233942 infeasible   53               -   16.60000      -  35.3 9851s
 93555667 2215788 infeasible   51               -   16.60000      -  35.3 9855s
 93578659 2193266     cutoff   41               -   16.61074      -  35.4 9860s
 93615150 2164871     cutoff   46               -   16.62069      -  35.4 9865s
 93652540 2129829     cutoff   36               -   16.62500      -  35.4 9870s
 93676175 2110907     cutoff   43               -   16.63248      -  35.4 9875s
 93706113 2083590 infeasible   37               -   16.64103      -  35.4 9880s
 93737662 2056753     cutoff   42               -   16.65079      -  35.4 9885s
 93766947 2011354     cutoff   43               -   16.66667      -  35.4 9891s
 93816941 1964350 infeasible   40               -   16.66667      -  35.4 9896s
 93864842 1919563     cutoff   48               -   16.66667      -  35.4 9901s
 93911150 1875196 infeasible   37               -   16.66667      -  35.4 9906s
 93957195 1832400 infeasible   42               -   16.66667      -  35.4 9910s
 94002379 1792065 infeasible   62               -   16.66667      -  35.4 9916s
 94045819 1769675 infeasible   40               -   16.66667      -  35.4 9920s
 94073655 1744080     cutoff   33               -   16.68304      -  35.4 9925s
 94102089 1718998     cutoff   46               -   16.69231      -  35.4 9930s
 94135747 1687881 infeasible   42               -   16.70370      -  35.4 9935s
 94154222 1651559     cutoff   44               -   16.71393      -  35.4 9940s
 94206626 1618084 infeasible   41               -   16.72727      -  35.4 9946s
 94238758 1592139 infeasible   41               -   16.74074      -  35.4 9950s
 94272527 1539906     cutoff   42               -   16.75000      -  35.4 9955s
 94320766 1495762 infeasible   40               -   16.75000      -  35.3 9960s
 94384146 1452291     cutoff   44               -   16.75000      -  35.3 9965s
 94411103 1425685     cutoff   39               -   16.76667      -  35.3 9970s
 94446722 1392384     cutoff   47               -   16.78247      -  35.3 9975s
 94494563 1330360     cutoff   42               -   16.80000      -  35.3 9981s
 94531713 1311178     cutoff   48               -   16.81250      -  35.3 9985s
 94562932 1261259 infeasible   37               -   16.83333      -  35.3 9990s
 94621440 1222093     cutoff   43               -   16.85271      -  35.3 9995s
 94654217 1180735 infeasible   41               -   16.87467      -  35.3 10000s
 94709060 1137261 infeasible   45               -   16.91304      -  35.3 10005s
 94752997 1076123     cutoff   43               -   17.00000      -  35.3 10011s
 94850001 981050     cutoff   37               -   17.00000      -  35.3 10016s
 94944129 888671 infeasible   39               -   17.00000      -  35.3 10021s
 95038532 795084 infeasible   51               -   17.00000      -  35.2 10025s
 95133436 701500 infeasible   41               -   17.00000      -  35.2 10030s
 95226391 612930     cutoff   47               -   17.00000      -  35.2 10035s
 95294241 543915 infeasible   36               -   17.00000      -  35.2 10040s
 95387015 453748 infeasible   48               -   17.00000      -  35.2 10045s
 95457048 386644     cutoff   41               -   17.00000      -  35.2 10050s
 95526939 318892     cutoff   36               -   17.00000      -  35.1 10055s
 95595481 253532     cutoff   41               -   17.00000      -  35.1 10061s
 95639508 211589 infeasible   43               -   17.00000      -  35.1 10065s

Cutting planes:
  Gomory: 5
  Lift-and-project: 2
  Cover: 2
  Implied bound: 245
  MIR: 454
  Zero half: 648
  Relax-and-lift: 33

Explored 95675946 nodes (3360137938 simplex iterations) in 10067.51 seconds (9438.14 work units)
Thread count was 48 (of 64 available processors)

Solution count 0

Model objective exceeds cutoff
Best objective -, best bound 1.750000000185e+01, gap -

Gurobi 13.0.3 (linux64) logging started Fri Oct  2 14:29:28 2026

Set parameter LogFile to value "D2_10_gurobi.log"
Set parameter Threads to value 48
Set parameter NodefileStart to value 200
Set parameter NodefileDir to value "."
Set parameter SoftMemLimit to value 1000
Set parameter Cutoff to value 17.5
Set parameter MIPFocus to value 3
Set parameter Symmetry to value 2
Gurobi Optimizer version 13.0.3 build v13.0.3rc0 (linux64 - "Ubuntu 24.04.4 LTS")

CPU model: AMD Ryzen Threadripper PRO 9975WX 32-Cores, instruction set [SSE2|AVX|AVX2|AVX512]
Thread count: 32 physical cores, 64 logical processors, using up to 48 threads

Non-default parameters:
Cutoff  17.5
SoftMemLimit  1000
MIPFocus  3
NodefileStart  200
Symmetry  2
Threads  48

Optimize a model with 109 rows, 325 columns and 919 nonzeros (Min)
Model fingerprint: 0x94735cde
Model has 216 linear objective coefficients
Variable types: 0 continuous, 325 integer (216 binary)
Coefficient statistics:
  Matrix range     [1e+00, 2e+00]
  Objective range  [1e+00, 1e+00]
  Bounds range     [1e+00, 3e+01]
  RHS range        [1e+00, 1e+00]

Presolve time: 0.00s
Presolved: 109 rows, 325 columns, 919 nonzeros
Variable types: 0 continuous, 325 integer (216 binary)
Root relaxation presolve removed 109 rows and 325 columns
Root relaxation presolve: All rows and columns removed

Root relaxation: objective 1.000000e+00, 0 iterations, 0.00 seconds (0.00 work units)

    Nodes    |    Current Node    |     Objective Bounds      |     Work
 Expl Unexpl |  Obj  Depth IntInf | Incumbent    BestBd   Gap | It/Node Time

     0     0    1.00000    0    3          -    1.00000      -     -    0s
     0     0    1.00000    0    3          -    1.00000      -     -    0s
     0     0    1.00000    0    3          -    1.00000      -     -    0s
     0     0    2.00000    0    3          -    2.00000      -     -    0s
     0     0    2.00000    0    3          -    2.00000      -     -    0s
     0     2    2.00000    0    3          -    2.00000      -     -    0s
 17975 14403    8.94755   24  109          -    7.41553      -  43.1    5s
 55999 43115   11.92270   25  154          -    8.28571      -  33.7   10s
 101000 70582   10.83910   30  152          -    8.81818      -  32.3   15s
 151729 98048   13.36320   36  130          -    9.13044      -  32.8   20s
 202650 123668   12.74423   29  159          -    9.50909      -  33.0   25s
 255426 149696   14.68182   56   78          -    9.91410      -  33.1   30s
 295530 168509   14.20523   38  128          -   10.13070      -  33.4   35s
 344621 193702   12.05504   25  149          -   10.43750      -  33.4   40s
 376904 206956   13.37282   24  140          -   10.61702      -  33.5   45s
 377304 207323   11.97332   39  137          -   10.66667      -  33.7   50s
 377698 207696   14.14218   38  147          -   10.70000      -  33.9   55s
 378880 208552   13.30964   24  152          -   10.74119      -  34.0   60s
 380508 232916   12.14870   36  163          -   10.76223      -  34.1   69s
 428508 237681   11.26673   21  157          -   10.91429      -  33.9   70s
 467420 253879   11.29114   30  159          -   11.00000      -  34.2   75s
 525923 280324   12.06935   24  152          -   11.21166      -  34.1   80s
 569555 299900   14.96177   42  126          -   11.33333      -  34.1   85s
 612971 319983   14.35901   40  118          -   11.44048      -  34.2   90s
 662015 342130   14.03167   24  145          -   11.53846      -  34.3   95s
 718257 365433   12.38621   26  120          -   11.66615      -  34.4  100s
 766382 386465   15.88989   43  121          -   11.75000      -  34.5  105s
 815942 409054   13.69724   25  157          -   11.83598      -  34.5  110s
 861072 428206   13.56059   39  120          -   11.91634      -  34.6  115s
 905365 446721   15.30929   31  137          -   12.00000      -  34.6  120s
 946296 460790   12.23205   32  134          -   12.00000      -  34.9  125s
 995501 482426   12.37104   51  147          -   12.08333      -  34.9  130s
 1044831 503638   13.68012   45  117          -   12.16216      -  34.9  135s
 1094356 524359   15.18830   32  152          -   12.23077      -  35.0  140s
 1142585 543085   13.65006   36  152          -   12.28571      -  35.0  145s
 1190426 561665   12.98471   34  126          -   12.33333      -  35.1  150s
 1240366 581560   13.50984   38  150          -   12.38889      -  35.1  155s
 1290027 600090   14.25615   30  138          -   12.44440      -  35.2  160s
 1333084 617715   13.90232   26  161          -   12.49112      -  35.2  165s
 1378694 633100   13.18125   27  154          -   12.50857      -  35.4  170s
 1422123 649568   13.07095   36  121          -   12.55604      -  35.4  175s
 1470362 667403   15.04868   35  161          -   12.60061      -  35.5  180s
 1519324 684993   14.07998   27  149          -   12.64534      -  35.5  185s
 1567474 701708   14.12721   31  135          -   12.67582      -  35.6  190s
 1611830 716646   13.55865   38  146          -   12.71429      -  35.6  195s
 1658820 733054   14.19672   31  119          -   12.75000      -  35.6  200s
 1705939 750488   13.53011   34  143          -   12.78883      -  35.7  205s
 1754226 766861   13.56242   24  139          -   12.82353      -  35.7  210s
 1796709 781753     cutoff   42               -   12.85714      -  35.8  215s
 1843835 798296   13.29606   34  151          -   12.89139      -  35.9  220s
 1855406 800448   13.16556   53   90          -   12.90426      -  35.9  225s
 1855758 800770   14.53791   36  117          -   12.90909      -  35.9  230s
 1856107 801090   13.02070   27  143          -   12.91416      -  35.9  235s
 1856359 801321   15.07484   38  139          -   12.91682      -  36.0  240s
 1856554 801509   13.13024   29  148          -   12.92000      -  36.0  246s
 1856701 801649   14.17972   32  130          -   12.92308      -  36.0  250s
 1856802 801742   13.66600   31  144          -   12.92379      -  36.0  256s
 1856952 801878   14.08897   35  131          -   12.92628      -  36.0  260s
 1857105 802016   13.20455   27  115          -   12.92857      -  36.0  265s
 1857300 802287   14.94452   56  127          -   12.93112      -  36.0  271s
 1857967 802646   13.64923   31  154          -   12.93281      -  36.0  276s
 1859083 803602   13.89566   26  128          -   12.93400      -  36.0  281s
 1860913 805580   15.02825   39  117          -   12.93494      -  36.0  285s
 1883524 813104   13.62995   29  135          -   12.94059      -  36.1  291s
 1906940 821588   13.39319   35  125          -   12.96429      -  36.1  295s
 1941828 832433   13.84568   34  143          -   12.99931      -  36.1  300s
 1975308 838122   13.99648   30  100          -   13.00000      -  36.4  305s
 2017124 848074   13.00000   32    2          -   13.00000      -  36.6  310s
 2060563 862142   14.08756   40  101          -   13.00882      -  36.6  315s
 2104388 878448   13.74173   34  121          -   13.04839      -  36.7  320s
 2149453 893632   14.44080   36  146          -   13.08285      -  36.7  325s
 2197147 910448   14.40202   44  143          -   13.11538      -  36.7  330s
 2241567 924688   13.85156   39  120          -   13.14286      -  36.8  335s
 2283948 938115   14.44694   31  113          -   13.16667      -  36.8  340s
 2327371 952357   15.47222   30  105          -   13.19336      -  36.9  345s
 2370111 966029   16.59390   46  145          -   13.21451      -  36.9  350s
 2414477 980232   15.36482   30  142          -   13.24125      -  37.0  355s
 2455496 992136     cutoff   52               -   13.25694      -  37.0  360s
 2503744 1006919   15.84589   28  125          -   13.28571      -  37.1  365s
 2547446 1019983   13.89510   44  131          -   13.30612      -  37.1  370s
 2589788 1031986   15.31934   34  122          -   13.33186      -  37.2  375s
 2631436 1043900   16.39139   30  156          -   13.33931      -  37.3  380s
 2674851 1056446   15.76988   33  100          -   13.36364      -  37.3  385s
 2723281 1070369   15.84655   34  144          -   13.38643      -  37.4  390s
 2766022 1082458   16.68252   35  158          -   13.40526      -  37.4  395s
 2808875 1094562   16.89189   42  106          -   13.42593      -  37.4  400s
 2855857 1108138   15.31746   30  141          -   13.44672      -  37.5  405s
 2898343 1120629   14.20272   33  133          -   13.46667      -  37.5  410s
 2940487 1132861   15.89763   33  150          -   13.49020      -  37.6  415s
 2977896 1138966   14.22651   30  135          -   13.50000      -  37.7  420s
 3014102 1147193   15.95829   29  122          -   13.50000      -  37.8  425s
 3057670 1159241   15.01206   56  128          -   13.51543      -  37.8  430s
 3099157 1170999   15.36701   28  133          -   13.53659      -  37.9  435s
 3141087 1182633   14.37666   31  152          -   13.55574      -  37.9  440s
 3183358 1194026   14.37448   36  125          -   13.57447      -  37.9  445s
 3220151 1204574   14.87467   36  124          -   13.59259      -  38.0  450s
 3261874 1216051   15.26780   47  123          -   13.60726      -  38.0  455s
 3303925 1226989   15.52685   31  130          -   13.62500      -  38.1  460s
 3351459 1239547   14.09051   26  112          -   13.64650      -  38.1  465s
 3392433 1249549 infeasible   57               -   13.66667      -  38.1  470s
 3433132 1258788   16.02865   34  115          -   13.66846      -  38.2  475s
 3469978 1269041   14.87152   28   89          -   13.68739      -  38.2  480s
 3511951 1280348   15.39873   37  105          -   13.70448      -  38.3  485s
 3553042 1290933   15.30319   40  145          -   13.72017      -  38.3  490s
 3594205 1302166   14.61947   44  126          -   13.73840      -  38.4  495s
 3634114 1310621   16.03576   35  115          -   13.75000      -  38.4  500s
 3676813 1321973     cutoff   31               -   13.76190      -  38.5  505s
 3719099 1332618   14.95948   41  109          -   13.77857      -  38.5  510s
 3761301 1343429   14.80442   27  122          -   13.79699      -  38.5  515s
 3800808 1351793   15.36237   31  120          -   13.80812      -  38.6  520s
 3838948 1362185   14.48953   34  149          -   13.82378      -  38.6  525s
 3880353 1371874     cutoff   48               -   13.83620      -  38.7  530s
 3923077 1382841   15.66760   30  140          -   13.85271      -  38.7  535s
 3959631 1391425   15.45003   32  137          -   13.86539      -  38.7  540s
 4000751 1401663   16.50000   49   18          -   13.87879      -  38.8  545s
 4041944 1411677   14.72954   43  132          -   13.89421      -  38.8  550s
 4084572 1421678   14.29573   35  140          -   13.90909      -  38.9  555s
 4125592 1431800     cutoff   37               -   13.92347      -  38.9  560s
 4167492 1442084   15.34246   33  141          -   13.93939      -  38.9  565s
 4209401 1452190   15.43707   32  131          -   13.95429      -  39.0  570s
 4249597 1462313   16.19296   32  130          -   13.96893      -  39.0  575s
 4286709 1471292   15.96544   33  138          -   13.98395      -  39.0  580s
 4326906 1479030   16.00000   55    5          -   14.00000      -  39.1  585s
 4353376 1478701   16.90625   43  115          -   14.00000      -  39.2  590s
 4381609 1479149     cutoff   37               -   14.00000      -  39.3  595s
 4413326 1481939   16.79630   30  114          -   14.00000      -  39.4  600s
 4448602 1486768   14.77073   34  128          -   14.00000      -  39.5  605s
 4489750 1493739   15.44487   53  117          -   14.00000      -  39.6  610s
 4531336 1502580     cutoff   42               -   14.00000      -  39.6  615s
 4573780 1512742   15.98708   57  112          -   14.01596      -  39.6  620s
 4616264 1522616   15.55122   29  127          -   14.03410      -  39.6  625s
 4656197 1532442   15.02831   36  147          -   14.05084      -  39.7  630s
 4698278 1542134   16.74586   46  123          -   14.06667      -  39.7  635s
 4740939 1551652   15.99454   31  126          -   14.08212      -  39.7  640s
 4781895 1561187   14.90047   27  142          -   14.09539      -  39.7  645s
 4824013 1570359   15.94145   31  134          -   14.10997      -  39.8  650s
 4865185 1579355   14.73130   33  146          -   14.12414      -  39.8  655s
 4908089 1588828   14.95393   33  124          -   14.13640      -  39.8  660s
 4953452 1598880   14.95920   32  161          -   14.15094      -  39.9  665s
 4993560 1607416   15.00000   38    7          -   14.16471      -  39.9  670s
 5033539 1615258   15.32189   35   97          -   14.17391      -  39.9  675s
 5070439 1622920   15.09660   33  133          -   14.18547      -  40.0  680s
 5110974 1630894   14.54689   38  151          -   14.19917      -  40.0  685s
 5152400 1639038   14.55974   36  114          -   14.20767      -  40.0  690s
 5193368 1647108   15.11026   36  163          -   14.22085      -  40.0  695s
 5229595 1654479     cutoff   29               -   14.23065      -  40.1  700s
 5265501 1661793   15.84337   31  139          -   14.24199      -  40.1  705s
 5303955 1667425   16.10320   26  147          -   14.25000      -  40.1  710s
 5346526 1676099   16.63837   45  126          -   14.25874      -  40.2  715s
 5381220 1683082   16.00758   41  115          -   14.26965      -  40.2  720s
 5422612 1691291   16.66182   28   89          -   14.28182      -  40.2  725s
 5458466 1698174   14.82634   28  169          -   14.29091      -  40.3  730s
 5494421 1705180   14.66703   28  153          -   14.30000      -  40.3  735s
 5535952 1713455   15.31567   34  135          -   14.31250      -  40.3  740s
 5576521 1722111     cutoff   31               -   14.32482      -  40.3  745s
 5610107 1725704   16.65399   33  114          -   14.33333      -  40.4  750s
 5647107 1730313   14.84605   36  141          -   14.33333      -  40.4  755s
 5688614 1738448   15.45423   29  136          -   14.34482      -  40.5  760s
 5723667 1745157   14.79588   38  142          -   14.35556      -  40.5  765s
 5764136 1752907   16.10252   41  141          -   14.36667      -  40.5  770s
 5799865 1758725     cutoff   45               -   14.37500      -  40.6  775s
 5841059 1766387   15.23388   36  126          -   14.38587      -  40.6  780s
 5876502 1773014 infeasible   24               -   14.39609      -  40.6  785s
 5913401 1778251   15.88860   33  132          -   14.40142      -  40.6  790s
 5954201 1785854   16.01442   33  115          -   14.41345      -  40.7  795s
 5995499 1793154   16.65913   33  137          -   14.42417      -  40.7  800s
 6031372 1799122   15.09186   35  136          -   14.43158      -  40.7  805s
 6067244 1805666   16.72164   45  114          -   14.44118      -  40.8  810s
 6102687 1811595   15.74820   44  109          -   14.45000      -  40.8  815s
 6137827 1818070   15.88031   32  146          -   14.45833      -  40.8  820s
 6178435 1825306   15.76954   49  126          -   14.46897      -  40.9  825s
 6213767 1831643   15.34167   41  131          -   14.47845      -  40.9  830s
 6255582 1839045   15.75000   32   35          -   14.49043      -  40.9  835s
 6288587 1842496     cutoff   50               -   14.50000      -  41.0  840s
 6315591 1841640 infeasible   36               -   14.50000      -  41.0  845s
 6344622 1842779   15.72152   37  120          -   14.50000      -  41.1  850s
 6379892 1845757   15.77273   45   90          -   14.50000      -  41.2  855s
 6416428 1850933   14.87891   43  124          -   14.50000      -  41.2  860s
 6452715 1857173   15.07236   37  134          -   14.51067      -  41.2  865s
 6492536 1863797   15.02247   37  129          -   14.52174      -  41.2  870s
 6527890 1869642   16.55353   36  131          -   14.53167      -  41.3  875s
 6568426 1876035   15.09028   33  127          -   14.54198      -  41.3  880s
 6602635 1881554   15.46376   26  124          -   14.55046      -  41.3  885s
 6639726 1887235   16.66234   51  123          -   14.55870      -  41.3  890s
 6680195 1894070   15.70536   28  138          -   14.56961      -  41.4  895s
 6714245 1899031   15.97349   28  103          -   14.57604      -  41.4  900s
 6754618 1905334   15.07251   32  129          -   14.58548      -  41.4  905s
 6789602 1911056   15.57292   29  116          -   14.59520      -  41.5  910s
 6828158 1914610   15.47002   34  123          -   14.60000      -  41.5  915s
 6864123 1921416   15.74935   36  151          -   14.60937      -  41.5  920s
 6903291 1927366   16.45079   36  116          -   14.61905      -  41.6  925s
 6936906 1932258   15.30657   32  146          -   14.62500      -  41.6  930s
 6973724 1937536     cutoff   40               -   14.63415      -  41.6  935s
 7009182 1942805   16.34738   32  136          -   14.64269      -  41.6  940s
 7049785 1949164   15.50541   35  107          -   14.65179      -  41.7  945s
 7085477 1954425   16.44329   43  123          -   14.66112      -  41.7  950s
 7117142 1955438     cutoff   36               -   14.66667      -  41.7  955s
 7152350 1956811   15.13937   34  134          -   14.66667      -  41.8  960s
 7192596 1962755   15.63693   42  135          -   14.67213      -  41.8  965s
 7222488 1967410     cutoff   48               -   14.68002      -  41.9  970s
 7257890 1972510   16.47128   31  112          -   14.68944      -  41.9  975s
 7297848 1977791   15.79821   33  120          -   14.69956      -  41.9  980s
 7328118 1981830   15.50317   39  138          -   14.70530      -  41.9  985s
 7363267 1986010   15.66738   32  143          -   14.71429      -  42.0  990s
 7400482 1990869   15.30769   49  126          -   14.72017      -  42.0  995s
 7434567 1995675   15.73691   24  124          -   14.72789      -  42.0 1000s
 7474660 2001293     cutoff   32               -   14.73810      -  42.1 1005s
 7510086 2006321   16.35354   40  152          -   14.74817      -  42.1 1010s
 7543115 2006143 infeasible   47               -   14.75000      -  42.1 1015s
 7573684 2009670   16.04983   31  137          -   14.75203      -  42.2 1020s
 7608167 2014389   15.41773   27  104          -   14.76096      -  42.2 1025s
 7648214 2019440   16.45105   36  143          -   14.77067      -  42.2 1030s
 7677817 2022681   15.20588   28   81          -   14.77778      -  42.3 1035s
 7712567 2027462   15.43700   30  124          -   14.78489      -  42.3 1040s
 7748231 2032063   16.60136   37  138          -   14.79264      -  42.3 1045s
 7781707 2034487   15.75439   40  132          -   14.80000      -  42.3 1050s
 7819758 2038254   15.91879   42  147          -   14.80374      -  42.4 1055s
 7853536 2042250   15.23937   32  144          -   14.81198      -  42.4 1060s
 7888960 2046103   15.65863   31  131          -   14.81939      -  42.4 1065s
 7918837 2049737   16.41772   36  102          -   14.82645      -  42.5 1070s
 7951829 2051954     cutoff   43               -   14.83333      -  42.5 1075s
 7987018 2055858   15.82264   35  129          -   14.83756      -  42.5 1080s
 8021759 2059888     cutoff   59               -   14.84615      -  42.6 1085s
 8057210 2063804   16.00299   28  136          -   14.85333      -  42.6 1090s
 8091469 2066352   16.11310   32   86          -   14.85876      -  42.6 1095s
 8122006 2069704   16.75095   41  124          -   14.86596      -  42.6 1100s
 8157120 2073693   15.59598   31  131          -   14.87367      -  42.7 1105s
 8189840 2076484   15.25028   41  117          -   14.87876      -  42.7 1110s
 8219502 2079817     cutoff   41               -   14.88548      -  42.7 1115s
 8255296 2082957   15.99149   35  130          -   14.89226      -  42.8 1120s
 8289060 2085991   15.77049   35  141          -   14.90000      -  42.8 1125s
 8319435 2089363   16.29852   46  115          -   14.90624      -  42.8 1130s
 8354992 2092757     cutoff   53               -   14.91379      -  42.8 1135s
 8390888 2095982   16.55111   38  142          -   14.92105      -  42.9 1140s
 8420358 2098738   16.61256   30  159          -   14.92727      -  42.9 1145s
 8455436 2102439   15.82156   34  135          -   14.93397      -  42.9 1150s
 8490401 2105811   16.23716   38  149          -   14.94152      -  43.0 1155s
 8524866 2108745   16.29061   39  137          -   14.94918      -  43.0 1160s
 8555410 2111517   15.39586   28  147          -   14.95567      -  43.0 1165s
 8590235 2115131     cutoff   32               -   14.96351      -  43.0 1170s
 8619871 2118060     cutoff   37               -   14.97015      -  43.1 1175s
 8655295 2121529   15.35581   35  121          -   14.97826      -  43.1 1180s
 8689868 2124853   16.44510   39   99          -   14.98701      -  43.1 1185s
 8719645 2127967     cutoff   41               -   14.99533      -  43.2 1190s
 8744919 2123906   16.22921   32  140          -   15.00000      -  43.2 1195s
 8766761 2115802 infeasible   40               -   15.00000      -  43.3 1200s
 8791058 2107826     cutoff   37               -   15.00000      -  43.3 1205s
 8811687 2102703 infeasible   32               -   15.00000      -  43.4 1210s
 8838016 2098862   15.50000   35   16          -   15.00000      -  43.5 1215s
 8868649 2095653 infeasible   48               -   15.00000      -  43.5 1220s
 8894523 2093953     cutoff   41               -   15.00000      -  43.6 1225s
 8925140 2093028   16.80162   31  129          -   15.00000      -  43.6 1230s
 8954454 2092764   15.83892   39  156          -   15.00000      -  43.7 1235s
 8984075 2093354   17.08333   36   77          -   15.00000      -  43.7 1240s
 9014395 2094879   16.30462   45  144          -   15.00000      -  43.7 1245s
 9050058 2098042   16.09958   30  149          -   15.00000      -  43.7 1250s
 9079583 2100884   16.34151   29  137          -   15.00709      -  43.8 1255s
 9114978 2104216   16.00708   39  151          -   15.01724      -  43.8 1260s
 9145223 2107058   16.90833   40  152          -   15.02507      -  43.8 1265s
 9179637 2110121   16.39006   35  142          -   15.03373      -  43.8 1270s
 9213897 2113020   15.25293   35  136          -   15.04205      -  43.9 1275s
 9248633 2115646   15.51804   43  112          -   15.05047      -  43.9 1280s
 9283567 2118443   16.56311   28  162          -   15.05850      -  43.9 1285s
 9312959 2121001   15.19317   33  125          -   15.06456      -  43.9 1290s
 9346996 2123587   15.90693   38  121          -   15.07179      -  44.0 1295s
 9376603 2125840   17.00000   25   30          -   15.07862      -  44.0 1300s
 9411517 2128308   16.15934   34  133          -   15.08580      -  44.0 1305s
 9442008 2130477   15.65340   28  142          -   15.09231      -  44.0 1310s
 9475404 2132347   17.09703   40  123          -   15.10000      -  44.1 1315s
 9505247 2134548   15.50000   29  109          -   15.10559      -  44.1 1320s
 9534150 2135930 infeasible   33               -   15.11111      -  44.1 1325s
 9569998 2138664   16.09809   43  137          -   15.11905      -  44.1 1330s
 9599365 2139890   16.68585   38  127          -   15.12500      -  44.2 1335s
 9633800 2142038   16.31838   31   90          -   15.13138      -  44.2 1340s
 9663431 2143867   17.09455   30  136          -   15.13743      -  44.2 1345s
 9693390 2145179   15.44339   39  117          -   15.14286      -  44.2 1350s
 9724313 2147192   15.80424   44  143          -   15.14865      -  44.3 1355s
 9758472 2149094   16.23710   37  130          -   15.15541      -  44.3 1360s
 9788342 2150670 infeasible   58               -   15.16190      -  44.3 1365s
 9816499 2150289   16.87799   43  135          -   15.16667      -  44.3 1370s
 9847280 2151708   16.54471   28  129          -   15.17043      -  44.4 1375s
 9878395 2153183   16.76271   53   89          -   15.17722      -  44.4 1380s
 9907538 2154554   15.40914   39  125          -   15.18293      -  44.4 1385s
 9941556 2155814   16.19752   38  133          -   15.19023      -  44.5 1390s
 9970935 2157254   16.83607   44  154          -   15.19672      -  44.5 1395s
 9999517 2156383     cutoff   56               -   15.20000      -  44.5 1400s
 10033551 2157767   17.03824   29  111          -   15.20642      -  44.5 1405s
 10063260 2158997   15.35094   36  149          -   15.21270      -  44.6 1410s
 10092986 2160113   16.64071   28  141          -   15.21837      -  44.6 1415s
 10123218 2160661   16.62695   30  144          -   15.22335      -  44.6 1420s
 10157048 2161657   15.78614   29  143          -   15.23077      -  44.6 1425s
 10186107 2162509   16.49669   34  144          -   15.23651      -  44.7 1430s
 10215708 2163550     cutoff   34               -   15.24272      -  44.7 1435s
 10244408 2162977   16.87402   30  123          -   15.25000      -  44.7 1440s
 10268854 2159989   16.04275   54  129          -   15.25000      -  44.8 1445s
 10299970 2160261 infeasible   32               -   15.25130      -  44.8 1450s
 10330731 2161090   16.39685   30  121          -   15.25875      -  44.8 1455s
 10360050 2161996   16.30000   33   82          -   15.26490      -  44.8 1460s
 10394401 2162397   15.96272   34  134          -   15.27240      -  44.9 1465s
 10422965 2162781     cutoff   50               -   15.27778      -  44.9 1470s
 10453128 2163431 infeasible   43               -   15.28440      -  44.9 1475s
 10481920 2162753 infeasible   36               -   15.28818      -  45.0 1480s
 10511239 2163311   16.62380   48  156          -   15.29412      -  45.0 1485s
 10541062 2163031     cutoff   30               -   15.30000      -  45.0 1490s
 10570787 2163694   16.84223   36  140          -   15.30579      -  45.0 1495s
 10604608 2164081     cutoff   40               -   15.31250      -  45.1 1500s
 10633218 2164380 infeasible   49               -   15.31818      -  45.1 1505s
 10663980 2165018     cutoff   32               -   15.32432      -  45.1 1510s
 10693344 2165444   15.76761   49  154          -   15.33119      -  45.1 1515s
 10714933 2159467 infeasible   56               -   15.33333      -  45.2 1520s
 10740628 2155671   16.82094   35  117          -   15.33333      -  45.2 1525s
 10770735 2154552   16.24711   35  125          -   15.33333      -  45.3 1530s
 10800514 2154863   15.75556   33  119          -   15.33962      -  45.3 1535s
 10829155 2154926     cutoff   34               -   15.34608      -  45.3 1540s
 10859349 2154945   16.38889   42   97          -   15.35216      -  45.3 1545s
 10888357 2154808   16.69232   41  130          -   15.35714      -  45.4 1550s
 10916900 2154293 infeasible   45               -   15.36364      -  45.4 1555s
 10947388 2154292   15.93732   34  134          -   15.36893      -  45.4 1560s
 10976334 2153210 infeasible   40               -   15.37500      -  45.4 1565s
 11005493 2152853   16.31849   33  105          -   15.37902      -  45.5 1570s
 11034468 2152482 infeasible   38               -   15.38462      -  45.5 1575s
 11065477 2151925   15.91716   25  150          -   15.39091      -  45.5 1580s
 11094220 2151748   15.84665   31  142          -   15.39728      -  45.5 1585s
 11117278 2148214     cutoff   49               -   15.40000      -  45.6 1590s
 11148320 2147499     cutoff   40               -   15.40363      -  45.6 1595s
 11177285 2147021   15.56731   40  102          -   15.40991      -  45.6 1600s
 11207720 2145701 infeasible   25               -   15.41667      -  45.7 1605s
 11232776 2145346     cutoff   49               -   15.42060      -  45.7 1610s
 11261638 2144988   16.57080   27  123          -   15.42657      -  45.7 1615s
 11291260 2142728   16.21505   36   98          -   15.43038      -  45.7 1620s
 11316067 2142099   15.80926   25  130          -   15.43580      -  45.8 1625s
 11345519 2141241   16.42148   33  135          -   15.44130      -  45.8 1630s
 11372044 2139596   15.63492   39  102          -   15.44521      -  45.8 1635s
 11399889 2138849   16.53927   37  137          -   15.45161      -  45.9 1640s
 11428817 2137618   16.76250   31  131          -   15.45725      -  45.9 1645s
 11453730 2136637   15.97581   42  135          -   15.46154      -  45.9 1650s
 11482145 2135295 infeasible   33               -   15.46789      -  45.9 1655s
 11512627 2134186     cutoff   28               -   15.47391      -  46.0 1660s
 11542733 2133131   17.10056   28  133          -   15.48030      -  46.0 1665s
 11568010 2132390   15.73529   40   99          -   15.48589      -  46.0 1670s
 11597728 2131307   16.82966   32  126          -   15.49275      -  46.0 1675s
 11622889 2128809     cutoff   49               -   15.50000      -  46.1 1680s
 11644124 2118383 infeasible   35               -   15.50000      -  46.1 1685s
 11668288 2109171 infeasible   42               -   15.50000      -  46.2 1690s
 11688354 2103272     cutoff   51               -   15.50000      -  46.2 1695s
 11713768 2097663 infeasible   42               -   15.50000      -  46.2 1700s
 11723969 2096460     cutoff   34               -   15.50000      -  46.2 1705s
 11739877 2093289   16.66876   44  123          -   15.50000      -  46.3 1710s
 11769214 2091111 infeasible   33               -   15.50000      -  46.3 1715s
 11798354 2090058   16.39698   45  141          -   15.50358      -  46.3 1720s
 11822982 2089080 infeasible   41               -   15.50993      -  46.3 1725s
 11851974 2087827   16.44179   38  137          -   15.51667      -  46.4 1730s
 11876565 2086453     cutoff   31               -   15.52233      -  46.4 1735s
 11901191 2084937   16.42916   35  129          -   15.52778      -  46.4 1740s
 11931140 2082943     cutoff   33               -   15.53435      -  46.5 1745s
 11956516 2081436     cutoff   38               -   15.53950      -  46.5 1750s
 11986782 2079253   16.60923   33  138          -   15.54545      -  46.5 1755s
 12011172 2077648     cutoff   39               -   15.55114      -  46.5 1760s
 12035632 2075016     cutoff   38               -   15.55556      -  46.6 1765s
 12066258 2073153   16.23956   39  133          -   15.56217      -  46.6 1770s
 12091235 2071651   16.04118   35  149          -   15.56742      -  46.6 1775s
 12115403 2068289   16.71862   49  122          -   15.57143      -  46.6 1780s
 12146179 2066466   16.62647   50  139          -   15.57714      -  46.7 1785s
 12171360 2064193   16.57406   32  156          -   15.58284      -  46.7 1790s
 12200835 2062088     cutoff   39               -   15.58824      -  46.7 1795s
 12226067 2060345   15.93181   30  153          -   15.59363      -  46.7 1800s
 12251030 2057312   17.03455   34  115          -   15.59992      -  46.8 1805s
 12280275 2052483     cutoff   31               -   15.60000      -  46.8 1810s
 12305316 2050669     cutoff   33               -   15.60609      -  46.8 1815s
 12330308 2048680   16.97012   34  154          -   15.61122      -  46.9 1820s
 12360423 2045972     cutoff   47               -   15.61798      -  46.9 1825s
 12385259 2044009 infeasible   35               -   15.62350      -  46.9 1830s
 12414820 2040169   17.04412   37   92          -   15.62745      -  46.9 1835s
 12439851 2038068     cutoff   35               -   15.63314      -  47.0 1840s
 12464535 2035369   16.70429   37  141          -   15.63789      -  47.0 1845s
 12494643 2032431   17.01794   28  148          -   15.64390      -  47.0 1850s
 12518732 2029776     cutoff   36               -   15.64927      -  47.1 1855s
 12543970 2027344     cutoff   37               -   15.65472      -  47.1 1860s
 12569271 2025348     cutoff   29               -   15.66068      -  47.1 1865s
 12592970 2019571   16.81020   42  124          -   15.66667      -  47.1 1870s
 12615460 2009394     cutoff   34               -   15.66667      -  47.2 1876s
 12635970 2003673   16.45926   40   97          -   15.66667      -  47.2 1880s
 12662539 1999827     cutoff   55               -   15.66667      -  47.2 1885s
 12691672 1997050   16.47624   37  131          -   15.67332      -  47.3 1890s
 12716928 1994539     cutoff   43               -   15.67925      -  47.3 1895s
 12742096 1991804   16.73616   32  119          -   15.68471      -  47.3 1900s
 12766092 1988776     cutoff   39               -   15.69017      -  47.3 1905s
 12791247 1985833   16.41335   31  148          -   15.69548      -  47.4 1910s
 12815979 1982111     cutoff   35               -   15.70000      -  47.4 1915s
 12841038 1979166   16.59671   31  134          -   15.70564      -  47.4 1920s
 12866290 1976295 infeasible   36               -   15.71109      -  47.4 1925s
 12892640 1971416   15.83077   43  131          -   15.71429      -  47.5 1930s
 12920691 1967766     cutoff   50               -   15.72116      -  47.5 1935s
 12945704 1964287   16.68067   43  143          -   15.72671      -  47.5 1940s
 12970398 1961312     cutoff   39               -   15.73134      -  47.6 1945s
 12994428 1957825     cutoff   38               -   15.73684      -  47.6 1950s
 13019484 1954757     cutoff   29               -   15.74233      -  47.6 1955s
 13044667 1950204   16.30769   33   95          -   15.74934      -  47.6 1960s
 13062306 1941959     cutoff   37               -   15.75000      -  47.7 1965s
 13088205 1935513     cutoff   37               -   15.75000      -  47.7 1970s
 13113567 1932461   16.48352   37  132          -   15.75414      -  47.7 1975s
 13138428 1929289     cutoff   40               -   15.76020      -  47.7 1980s
 13162788 1925397     cutoff   43               -   15.76596      -  47.8 1985s
 13187850 1921526   16.10558   31  141          -   15.77154      -  47.8 1990s
 13207744 1918412     cutoff   38               -   15.77631      -  47.8 1995s
 13232437 1914275   15.87292   35  147          -   15.78064      -  47.9 2000s
 13257060 1910752     cutoff   33               -   15.78586      -  47.9 2005s
 13257495 1910679   16.38500   35  123          -   15.78659      -  47.9 2010s
 13257938 1910622   16.46656   35  142          -   15.78710      -  47.9 2016s
 13258161 1910581   16.18502   39  147          -   15.78733      -  47.9 2020s
 13258513 1910528   16.32835   31  144          -   15.78774      -  47.9 2025s
 13258857 1910481   16.76608   32  134          -   15.78798      -  47.9 2030s
 13259088 1910385   16.62275   49  136          -   15.78824      -  47.9 2035s
 13260845 1909566     cutoff   41               -   15.78846      -  47.9 2040s
 13282442 1905407   16.03352   35  143          -   15.78947      -  47.9 2046s
 13302954 1901562 infeasible   51               -   15.79726      -  47.9 2050s
 13328817 1893522 infeasible   36               -   15.80000      -  48.0 2055s
 13354939 1889893     cutoff   39               -   15.80556      -  48.0 2060s
 13379789 1885608   17.09611   48  126          -   15.81160      -  48.0 2065s
 13404314 1881134 infeasible   35               -   15.81724      -  48.1 2070s
 13429215 1876862   16.06220   40  124          -   15.82238      -  48.1 2075s
 13448694 1873545   16.09373   38  138          -   15.82703      -  48.1 2080s
 13473155 1867108     cutoff   50               -   15.83333      -  48.1 2085s
 13498554 1860823   16.68353   32  150          -   15.83333      -  48.2 2090s
 13523055 1856631   16.60926   43  128          -   15.84012      -  48.2 2095s
 13547675 1851737     cutoff   44               -   15.84615      -  48.2 2100s
 13572513 1847207 infeasible   35               -   15.85185      -  48.3 2105s
 13596794 1840524     cutoff   30               -   15.85714      -  48.3 2111s
 13617288 1837037     cutoff   56               -   15.86047      -  48.3 2115s
 13641544 1831988     cutoff   35               -   15.86667      -  48.3 2120s
 13666668 1827443     cutoff   30               -   15.87246      -  48.4 2125s
 13691725 1820819 infeasible   42               -   15.87586      -  48.4 2131s
 13711211 1816692   16.35821   37  132          -   15.88126      -  48.4 2135s
 13736105 1811405     cutoff   37               -   15.88750      -  48.4 2140s
 13761029 1805896   17.01411   33  128          -   15.89219      -  48.5 2145s
 13785819 1800485   16.36842   34  113          -   15.89865      -  48.5 2150s
 13805503 1795925     cutoff   38               -   15.90217      -  48.5 2155s
 13830160 1790073   16.69330   31  147          -   15.90886      -  48.6 2160s
 13849619 1785863     cutoff   43               -   15.91304      -  48.6 2165s
 13874619 1779625     cutoff   37               -   15.91852      -  48.6 2170s
 13899055 1773657     cutoff   37               -   15.92466      -  48.6 2175s
 13919076 1768940   16.33735   35  139          -   15.92922      -  48.7 2180s
 13943492 1763148     cutoff   30               -   15.93548      -  48.7 2185s
 13963680 1758188 infeasible   37               -   15.94050      -  48.7 2190s
 13988598 1752438     cutoff   36               -   15.94658      -  48.7 2195s
 14013088 1746656     cutoff   34               -   15.95265      -  48.8 2200s
 14037837 1740535 infeasible   44               -   15.95918      -  48.8 2206s
 14057452 1735729     cutoff   41               -   15.96438      -  48.8 2210s
 14082009 1729523 infeasible   33               -   15.97143      -  48.9 2215s
 14101748 1724394   16.22414   29  100          -   15.97743      -  48.9 2220s
 14126678 1718302     cutoff   49               -   15.98514      -  48.9 2225s
 14146499 1713598     cutoff   35               -   15.99183      -  48.9 2230s
 14169639 1703920     cutoff   51               -   16.00000      -  49.0 2235s
 14191448 1684491     cutoff   33               -   16.00000      -  49.0 2240s
 14214498 1661978   16.41327   42   90          -   16.00000      -  49.0 2245s
 14237934 1642468 infeasible   39               -   16.00000      -  49.0 2250s
 14262825 1622870     cutoff   49               -   16.00000      -  49.0 2255s
 14287819 1605549 infeasible   31               -   16.00000      -  49.1 2261s
 14305035 1595457     cutoff   49               -   16.00000      -  49.1 2265s
 14330646 1580571     cutoff   42               -   16.00000      -  49.1 2270s
 14356791 1567270 infeasible   42               -   16.00000      -  49.2 2276s
 14374190 1559462     cutoff   35               -   16.00000      -  49.2 2280s
 14400734 1548779   16.77104   35  126          -   16.00000      -  49.2 2285s
 14427242 1539628     cutoff   50               -   16.00000      -  49.3 2290s
 14453835 1531633   16.24473   40  100          -   16.00000      -  49.3 2296s
 14478784 1526163   16.31784   27  152          -   16.00000      -  49.3 2300s
 14502689 1520300   17.17412   33  143          -   16.00533      -  49.3 2305s
 14521752 1515266     cutoff   44               -   16.01277      -  49.4 2310s
 14546837 1508694     cutoff   42               -   16.02205      -  49.4 2315s
 14566467 1503442     cutoff   38               -   16.02857      -  49.4 2320s
 14586212 1497844     cutoff   41               -   16.03529      -  49.4 2325s
 14611223 1491071   16.65107   36  130          -   16.04310      -  49.5 2330s
 14630713 1485656     cutoff   35               -   16.04908      -  49.5 2335s
 14655224 1478321   16.27454   33  124          -   16.05641      -  49.5 2340s
 14675291 1472373     cutoff   42               -   16.06250      -  49.5 2345s
 14699525 1464594 infeasible   35               -   16.07000      -  49.6 2350s
 14718992 1458243     cutoff   41               -   16.07589      -  49.6 2355s
 14743192 1450254     cutoff   43               -   16.08333      -  49.6 2360s
 14763691 1444036 infeasible   41               -   16.08889      -  49.6 2365s
 14788100 1435757   16.70914   37  130          -   16.09615      -  49.7 2371s
 14808010 1428775     cutoff   30               -   16.10129      -  49.7 2375s
 14827166 1422221     cutoff   29               -   16.10782      -  49.7 2380s
 14852181 1413289   16.67768   36  114          -   16.11472      -  49.8 2385s
 14871388 1406597   16.52808   45  150          -   16.12082      -  49.8 2390s
 14892928 1397891   17.02576   34  129          -   16.12500      -  49.8 2395s
 14912777 1390848   16.70137   31  146          -   16.13223      -  49.8 2400s
 14937218 1382336     cutoff   37               -   16.14032      -  49.9 2405s
 14958911 1373038 infeasible   39               -   16.14516      -  49.9 2411s
 14978331 1365885   16.55418   42  114          -   16.15152      -  49.9 2415s
 14998140 1358418     cutoff   34               -   16.15789      -  49.9 2420s
 15017769 1350089   16.46970   34  101          -   16.16495      -  50.0 2425s
 15041546 1338585     cutoff   32               -   16.16730      -  50.0 2430s
 15060700 1331160     cutoff   28               -   16.17458      -  50.0 2435s
 15080218 1322963     cutoff   40               -   16.18095      -  50.0 2440s
 15099852 1315224   16.82748   36  104          -   16.18735      -  50.1 2445s
 15119392 1307392   17.05997   33  122          -   16.19355      -  50.1 2450s
 15142296 1293553     cutoff   38               -   16.20000      -  50.1 2456s
 15164213 1285580   16.46020   38  132          -   16.20457      -  50.1 2460s
 15183750 1277309     cutoff   39               -   16.21154      -  50.2 2465s
 15203549 1268477     cutoff   35               -   16.21839      -  50.2 2470s
 15222415 1259304     cutoff   36               -   16.22368      -  50.2 2475s
 15242003 1249924     cutoff   29               -   16.23077      -  50.2 2480s
 15261738 1240464 infeasible   40               -   16.23810      -  50.3 2485s
 15281112 1231299     cutoff   35               -   16.24615      -  50.3 2490s
 15303766 1210490   16.67950   33  140          -   16.25000      -  50.3 2496s
 15328992 1199527   16.42775   26  146          -   16.25316      -  50.3 2501s
 15348174 1189858     cutoff   36               -   16.26158      -  50.4 2506s
 15367766 1179692     cutoff   34               -   16.26923      -  50.4 2511s
 15387123 1169178 infeasible   46               -   16.27647      -  50.4 2516s
 15406651 1155572     cutoff   38               -   16.28462      -  50.4 2521s
 15424847 1148044 infeasible   44               -   16.28947      -  50.5 2525s
 15444091 1137998   16.45998   48  122          -   16.29722      -  50.5 2530s
 15464905 1126252 infeasible   38               -   16.30435      -  50.5 2536s
 15484392 1115314 infeasible   50               -   16.31250      -  50.5 2541s
 15498927 1107152     cutoff   38               -   16.31818      -  50.5 2545s
 15518320 1096384   16.82124   39  108          -   16.32692      -  50.6 2550s
 15537966 1075279     cutoff   41               -   16.33333      -  50.6 2555s
 15569225 1052894     cutoff   26               -   16.33333      -  50.6 2561s
 15586393 1045632 infeasible   40               -   16.33642      -  50.6 2565s
 15604945 1034830     cutoff   38               -   16.34565      -  50.6 2570s
 15624505 1023020     cutoff   38               -   16.35417      -  50.7 2575s
 15644074 1011352     cutoff   42               -   16.36331      -  50.7 2580s
 15663325 999470     cutoff   45               -   16.37112      -  50.7 2586s
 15683127 986096   16.64445   35  131          -   16.37719      -  50.7 2590s
 15702447 973634 infeasible   34               -   16.38619      -  50.8 2595s
 15721599 961702     cutoff   45               -   16.39535      -  50.8 2601s
 15743941 944202     cutoff   40               -   16.40000      -  50.8 2606s
 15762279 932444     cutoff   42               -   16.40845      -  50.8 2610s
 15781951 919159     cutoff   47               -   16.41667      -  50.8 2616s
 15795851 910030 infeasible   33               -   16.42405      -  50.8 2620s
 15816522 895012     cutoff   31               -   16.43137      -  50.9 2625s
 15835614 881491     cutoff   38               -   16.44118      -  50.9 2630s
 15856534 867557 infeasible   51               -   16.45000      -  50.9 2635s
 15875550 852691     cutoff   40               -   16.45920      -  50.9 2641s
 15895375 838913     cutoff   31               -   16.46908      -  50.9 2646s
 15910021 828433     cutoff   32               -   16.47651      -  51.0 2650s
 15929309 814612 infeasible   40               -   16.48810      -  51.0 2655s
 15954581 785729     cutoff   47               -   16.50000      -  51.0 2661s
 15979576 760645     cutoff   35               -   16.50000      -  51.0 2666s
 16005275 737180     cutoff   40               -   16.50000      -  51.0 2671s
 16030235 714456 infeasible   32               -   16.50000      -  51.0 2676s
 16055266 700639     cutoff   45               -   16.50000      -  51.0 2680s
 16073485 687915     cutoff   35               -   16.50978      -  51.0 2685s
 16092049 673863 infeasible   40               -   16.52243      -  51.0 2690s
 16112289 658169     cutoff   34               -   16.53488      -  51.1 2695s
 16132067 642528     cutoff   34               -   16.54673      -  51.1 2700s
 16151739 626813     cutoff   32               -   16.55782      -  51.1 2705s
 16171760 608794     cutoff   43               -   16.57143      -  51.1 2710s
 16191135 593092     cutoff   48               -   16.58280      -  51.1 2715s
 16210391 576842 infeasible   36               -   16.59551      -  51.1 2720s
 16235048 556044     cutoff   39               -   16.60498      -  51.1 2725s
 16252779 540636     cutoff   33               -   16.61782      -  51.1 2730s
 16273322 522892     cutoff   42               -   16.63077      -  51.1 2735s
 16292765 505809 infeasible   48               -   16.64516      -  51.2 2740s
 16319085 471449     cutoff   48               -   16.66667      -  51.2 2746s
 16350337 449482     cutoff   33               -   16.66667      -  51.1 2751s
 16368343 435860     cutoff   37               -   16.67685      -  51.1 2755s
 16391515 413747     cutoff   34               -   16.69737      -  51.1 2760s
 16412821 395300     cutoff   46               -   16.71429      -  51.1 2765s
 16436432 373744     cutoff   39               -   16.73545      -  51.1 2770s
 16454314 344471     cutoff   33               -   16.75000      -  51.1 2775s
 16486367 326202     cutoff   39               -   16.76608      -  51.1 2780s
 16510570 301316     cutoff   35               -   16.79310      -  51.1 2785s
 16535060 279131     cutoff   34               -   16.81439      -  51.1 2790s
 16561011 254310     cutoff   45               -   16.83982      -  51.1 2795s
 16586529 229815 infeasible   40               -   16.87500      -  51.1 2800s
 16615666 200593     cutoff   42               -   16.92786      -  51.0 2805s
 16650426 151202 infeasible   55               -   17.00000      -  51.0 2810s
 16731183 72825 infeasible   42               -   17.00000      -  50.8 2816s
 16772654 45820     cutoff   34               -   17.00000      -  50.8 2820s

Cutting planes:
  Gomory: 3
  Implied bound: 302
  MIR: 668
  Inf proof: 44
  Zero half: 738
  Relax-and-lift: 66

Explored 16780285 nodes (851761702 simplex iterations) in 2820.98 seconds (3321.60 work units)
Thread count was 48 (of 64 available processors)

Solution count 0

Model objective exceeds cutoff
Best objective -, best bound 1.750000000185e+01, gap -

Gurobi 13.0.3 (linux64) logging started Fri Oct  2 15:16:29 2026

Set parameter LogFile to value "D2_10_gurobi.log"
Set parameter Threads to value 48
Set parameter NodefileStart to value 200
Set parameter NodefileDir to value "."
Set parameter SoftMemLimit to value 1000
Set parameter Cutoff to value 17.5
Set parameter MIPFocus to value 3
Set parameter Symmetry to value 2
Gurobi Optimizer version 13.0.3 build v13.0.3rc0 (linux64 - "Ubuntu 24.04.4 LTS")

CPU model: AMD Ryzen Threadripper PRO 9975WX 32-Cores, instruction set [SSE2|AVX|AVX2|AVX512]
Thread count: 32 physical cores, 64 logical processors, using up to 48 threads

Non-default parameters:
Cutoff  17.5
SoftMemLimit  1000
MIPFocus  3
NodefileStart  200
Symmetry  2
Threads  48

Optimize a model with 109 rows, 325 columns and 921 nonzeros (Min)
Model fingerprint: 0x61928d61
Model has 216 linear objective coefficients
Variable types: 0 continuous, 325 integer (216 binary)
Coefficient statistics:
  Matrix range     [1e+00, 2e+00]
  Objective range  [1e+00, 1e+00]
  Bounds range     [1e+00, 3e+01]
  RHS range        [1e+00, 1e+00]

Presolve time: 0.00s
Presolved: 109 rows, 325 columns, 921 nonzeros
Variable types: 0 continuous, 325 integer (216 binary)
Root relaxation presolve removed 109 rows and 325 columns
Root relaxation presolve: All rows and columns removed

Root relaxation: objective 1.000000e+00, 0 iterations, 0.00 seconds (0.00 work units)

    Nodes    |    Current Node    |     Objective Bounds      |     Work
 Expl Unexpl |  Obj  Depth IntInf | Incumbent    BestBd   Gap | It/Node Time

     0     0    1.00000    0    3          -    1.00000      -     -    0s
     0     0    1.00000    0    3          -    1.00000      -     -    0s
     0     0    1.00000    0    3          -    1.00000      -     -    0s
     0     0    2.00000    0    8          -    2.00000      -     -    0s
     0     0    2.00000    0    8          -    2.00000      -     -    0s
     0     2    2.00000    0    8          -    2.00000      -     -    0s
 21876 18066   10.22788   32  154          -    7.50000      -  46.2    5s
 39100 31561    9.59890   23  113          -    8.00000      -  41.1   10s
 84118 60351   10.24161   25  156          -    8.65789      -  34.5   15s
 139772 93587   12.85893   31  121          -    9.00000      -  32.7   20s
 188844 122474   14.48788   37  133          -    9.33333      -  31.8   25s
 248545 153994   10.64545   38  120          -    9.68889      -  31.0   30s
 304102 183177   12.16203   44  147          -   10.00000      -  30.6   35s
 363850 214145   12.49367   41  141          -   10.21753      -  30.2   40s
 423567 246290   13.02455   44  136          -   10.45775      -  30.0   45s
 478850 275511   11.92835   25  151          -   10.62164      -  29.9   50s
 539360 306720   13.47288   30  109          -   10.78889      -  29.8   55s
 553415 312530   12.10005   28  137          -   10.84465      -  29.8   60s
 563193 319583   11.74259   44  119          -   10.87143      -  29.9   65s
 589596 334340   11.54218   35  103          -   10.93075      -  29.8   70s
 637456 354849   11.90809   31  127          -   11.00000      -  30.0   75s
 696601 383792   12.45480   21  143          -   11.12131      -  29.9   80s
 753402 411908   12.36360   33  130          -   11.23528      -  29.9   85s
 803387 436497   11.73015   34  156          -   11.31906      -  29.9   90s
 860596 463027   13.35000   40  154          -   11.39474      -  29.9   95s
 916328 489733   12.86822   34  132          -   11.47895      -  29.9  100s
 977517 517200   13.45991   23  134          -   11.54252      -  30.0  105s
 1034296 544326   12.96900   41  121          -   11.62095      -  30.0  110s
 1090166 569393   11.95306   28  152          -   11.67792      -  30.1  115s
 1146272 594901   14.26816   33  144          -   11.74766      -  30.1  120s
 1202244 620434   12.18216   43  143          -   11.80000      -  30.1  125s
 1260434 645858   14.37346   37  151          -   11.85918      -  30.2  130s
 1317042 670632   14.54097   36  140          -   11.91855      -  30.2  135s
 1372462 696005   12.98206   37  135          -   11.98003      -  30.3  140s
 1421109 712373   13.28706   42  124          -   12.00000      -  30.4  145s
 1472575 733077   12.29248   53  114          -   12.00625      -  30.5  150s
 1533298 759366   14.59208   40  135          -   12.07143      -  30.5  155s
 1588780 783814   13.63922   47  116          -   12.12222      -  30.5  160s
 1645121 808174   14.07062   35  138          -   12.16667      -  30.6  165s
 1701168 831446   14.01998   34  144          -   12.20941      -  30.6  170s
 1758205 854288   12.77143   55  127          -   12.25000      -  30.6  175s
 1814592 877027   13.87057   36   98          -   12.28571      -  30.6  180s
 1872154 900242   13.19840   25  164          -   12.32631      -  30.7  185s
 1922447 919078   13.37963   52   92          -   12.34898      -  30.7  190s
 1981847 943739   13.22149   38  122          -   12.38992      -  30.8  195s
 2037526 966410   12.58665   39  142          -   12.42352      -  30.8  200s
 2094605 988324   13.64828   33   92          -   12.45700      -  30.8  205s
 2145359 1009035   15.32697   38  126          -   12.49149      -  30.9  210s
 2188400 1022535   14.09329   31  125          -   12.50000      -  31.0  215s
 2235626 1039452   13.60131   36  123          -   12.51169      -  31.0  220s
 2287858 1060073   13.16747   28  139          -   12.54545      -  31.0  225s
 2344576 1081328   14.82764   31  112          -   12.57812      -  31.1  230s
 2389736 1097769   13.71174   30  139          -   12.60000      -  31.1  235s
 2448097 1119242   12.86746   28  131          -   12.63115      -  31.1  240s
 2501890 1140109   14.76899   29  125          -   12.66127      -  31.2  245s
 2553454 1156637   13.74650   28  126          -   12.66944      -  31.2  250s
 2602784 1173404   15.90750   51  120          -   12.70000      -  31.3  255s
 2603226 1173830   15.01882   28  112          -   12.70320      -  31.3  260s
 2604425 1174751   13.69631   37  118          -   12.70833      -  31.3  265s
 2618718 1181560   13.44290   33  133          -   12.71374      -  31.3  271s
 2638162 1189036   14.92727   24  127          -   12.71818      -  31.4  275s
 2679365 1203480   13.42174   28  135          -   12.74518      -  31.4  280s
 2727807 1220005   13.42616   37  146          -   12.76321      -  31.4  285s
 2784372 1240736   14.69418   42  120          -   12.79009      -  31.5  290s
 2836398 1258390   15.12360   52   96          -   12.81250      -  31.5  295s
 2888175 1275479   16.49619   47  129          -   12.83333      -  31.5  300s
 2942393 1294745   15.16101   31  126          -   12.85714      -  31.6  305s
 2993212 1312920   14.00507   25  124          -   12.88233      -  31.6  310s
 3044810 1330443   13.80781   32  114          -   12.90281      -  31.7  315s
 3095785 1348141   15.44552   31  129          -   12.92500      -  31.7  320s
 3147173 1365971   13.07935   30  158          -   12.94737      -  31.7  325s
 3198161 1383403   13.97844   39  108          -   12.97059      -  31.8  330s
 3251051 1401052     cutoff   40               -   13.00000      -  31.8  335s
 3294175 1409416   16.67386   33  128          -   13.00000      -  32.0  340s
 3339235 1420340   14.34602   35  119          -   13.00000      -  32.1  345s
 3384369 1432758   15.73204   46  115          -   13.00000      -  32.2  350s
 3435810 1448791   16.36483   30  118          -   13.00000      -  32.2  355s
 3492240 1468068   16.01015   29  131          -   13.01786      -  32.2  360s
 3536098 1483650   13.34233   40  124          -   13.03964      -  32.3  365s
 3592664 1503322   14.59181   32   78          -   13.06580      -  32.3  370s
 3643257 1520897   15.23023   36  140          -   13.08673      -  32.3  375s
 3701326 1539773   14.87480   32  131          -   13.11002      -  32.3  380s
 3758986 1559106   14.78742   35  123          -   13.12981      -  32.4  385s
 3809781 1575613   14.14737   36  132          -   13.14758      -  32.4  390s
 3860558 1590570   14.42002   31  126          -   13.16667      -  32.4  395s
 3911702 1607349   15.04124   31  146          -   13.18182      -  32.5  400s
 3966127 1624650   14.55040   49  109          -   13.20000      -  32.5  405s
 4011284 1639380   14.28783   29  132          -   13.21360      -  32.5  410s
 4066815 1657075   14.51259   42  140          -   13.23134      -  32.5  415s
 4120052 1672753   15.78710   35  107          -   13.25000      -  32.6  420s
 4169982 1687995   15.14286   36   80          -   13.25926      -  32.6  425s
 4214979 1702189   15.30547   36  113          -   13.27430      -  32.7  430s
 4270624 1718969   14.12030   33  133          -   13.29167      -  32.7  435s
 4320057 1734083   13.86207   46  141          -   13.30769      -  32.7  440s
 4375964 1750977   15.00000   26    4          -   13.32787      -  32.8  445s
 4414308 1758908   14.01316   32   95          -   13.33333      -  32.8  450s
 4465190 1773619   15.18750   27  154          -   13.33810      -  32.8  455s
 4509524 1787607   14.28125   38  114          -   13.35361      -  32.9  460s
 4559947 1803082   14.00000   30    3          -   13.36940      -  32.9  465s
 4609381 1817666   13.82210   38  142          -   13.38360      -  32.9  470s
 4665097 1832943   14.32090   38  114          -   13.40000      -  33.0  475s
 4715260 1847608   15.66686   38  142          -   13.41098      -  33.0  480s
 4764358 1862106   14.27465   46  129          -   13.42593      -  33.0  485s
 4812366 1875976   15.59402   48  110          -   13.43836      -  33.1  490s
 4863900 1890670   16.37066   28  142          -   13.45319      -  33.1  495s
 4914738 1905605   14.82291   32  140          -   13.46667      -  33.1  500s
 4963032 1920023   14.25590   36  130          -   13.48268      -  33.2  505s
 5008938 1933274   15.73030   26  138          -   13.49943      -  33.2  510s
 5050365 1940336   16.74839   52  110          -   13.50000      -  33.3  515s
 5090815 1948172 infeasible   38               -   13.50000      -  33.3  520s
 5136268 1958672   14.53639   41  118          -   13.50000      -  33.4  525s
 5186767 1972266   15.29391   30  147          -   13.50812      -  33.4  530s
 5235329 1986478   14.25000   37   62          -   13.52404      -  33.4  535s
 5285679 2000963   14.56955   36  141          -   13.53898      -  33.4  540s
 5335985 2014856   16.61135   40  120          -   13.55282      -  33.5  545s
 5386404 2028017   14.99964   28  135          -   13.56604      -  33.5  550s
 5435229 2041715   15.38592   60  103          -   13.57778      -  33.5  555s
 5485758 2055823   14.71357   37   91          -   13.59091      -  33.6  560s
 5529108 2066676   15.65892   43  153          -   13.60000      -  33.6  565s
 5578826 2080434   15.40938   33  142          -   13.61111      -  33.6  570s
 5628011 2093359   16.13092   41  114          -   13.62500      -  33.6  575s
 5678158 2106438   14.97261   32  140          -   13.63636      -  33.7  580s
 5729462 2120410   14.05995   24  127          -   13.64888      -  33.7  585s
 5779889 2134597   14.24542   40  142          -   13.66351      -  33.7  590s
 5820228 2141335   14.41508   29  118          -   13.66667      -  33.8  595s
 5870797 2152719   15.80952   36   88          -   13.66667      -  33.8  600s
 5920929 2165920   15.44729   35  145          -   13.68089      -  33.8  605s
 5970763 2178675   15.75170   32  127          -   13.69340      -  33.9  610s
 6025342 2193195   15.56284   27  120          -   13.70686      -  33.9  615s
 6069696 2203730     cutoff   41               -   13.71519      -  33.9  620s
 6119300 2216824   15.00000   35   64          -   13.72727      -  33.9  625s
 6168469 2230078   15.16000   28  102          -   13.74000      -  34.0  630s
 6211579 2239714   15.74419   39   80          -   13.75000      -  34.0  635s
 6263047 2250975   16.34924   38  122          -   13.75123      -  34.0  640s
 6317941 2264955   15.64340   34  123          -   13.76667      -  34.0  645s
 6367810 2277282 infeasible   47               -   13.77778      -  34.1  650s
 6416438 2289420   14.46092   36  106          -   13.78788      -  34.1  655s
 6465558 2300785     cutoff   64               -   13.80000      -  34.1  660s
 6516914 2313271   16.31265   43  123          -   13.80593      -  34.2  665s
 6571212 2326392   14.56054   44  114          -   13.81818      -  34.2  670s
 6615815 2337882   15.60616   39  140          -   13.82864      -  34.2  675s
 6659466 2347259   16.18900   32  122          -   13.83333      -  34.2  680s
 6708914 2359473   14.24816   36  131          -   13.84516      -  34.3  685s
 6760388 2371246   15.15188   30  150          -   13.85678      -  34.3  690s
 6798508 2380436   13.96475   31  139          -   13.86260      -  34.3  695s
 6847385 2392072   14.75807   44  117          -   13.87364      -  34.3  700s
 6891413 2402399   15.12222   39  103          -   13.88124      -  34.3  705s
 6935572 2412908   15.50737   47  121          -   13.88889      -  34.4  710s
 6984923 2424119   16.03041   34  116          -   13.90000      -  34.4  715s
 7030025 2435057   15.77778   37  117          -   13.90909      -  34.4  720s
 7075365 2445461   15.49856   40  140          -   13.91880      -  34.4  725s
 7120460 2455706   15.68427   38  115          -   13.92857      -  34.5  730s
 7164643 2465508   14.82179   30  112          -   13.93750      -  34.5  735s
 7207404 2475915   16.19292   37  151          -   13.94700      -  34.5  740s
 7257092 2487498   15.33333   40   74          -   13.95758      -  34.5  745s
 7297579 2497458   15.06000   39  127          -   13.96667      -  34.5  750s
 7347791 2509161   14.35567   37  126          -   13.97872      -  34.6  755s
 7391314 2519791   14.82305   25   77          -   13.99034      -  34.6  760s
 7434637 2527255   15.75375   26  127          -   14.00000      -  34.6  765s
 7467278 2528365 infeasible   64               -   14.00000      -  34.7  770s
 7501290 2529543     cutoff   33               -   14.00000      -  34.8  775s
 7535629 2531528   16.34635   30  126          -   14.00000      -  34.8  780s
 7574911 2535218   14.36911   25  112          -   14.00000      -  34.9  785s
 7615696 2540407   15.00000   45    7          -   14.00000      -  34.9  790s
 7654760 2545976   15.12684   37  101          -   14.00000      -  35.0  795s
 7696036 2552608   14.86555   27  119          -   14.00000      -  35.0  800s
 7735850 2559757   15.11725   36  131          -   14.00000      -  35.1  805s
 7781121 2568120   14.72521   42  112          -   14.00000      -  35.1  810s
 7826118 2577001   14.31416   32  127          -   14.00000      -  35.1  815s
 7877496 2588207   14.98615   32  109          -   14.00000      -  35.1  820s
 7921301 2598537   16.24544   31  135          -   14.01031      -  35.1  825s
 7966841 2608832   16.52500   33   99          -   14.02293      -  35.2  830s
 8011125 2619131   15.56222   35  140          -   14.03424      -  35.2  835s
 8055806 2629253   15.87906   37  126          -   14.04486      -  35.2  840s
 8100860 2638998   15.10899   38  107          -   14.05535      -  35.2  845s
 8144972 2649176   14.41816   33  148          -   14.06454      -  35.2  850s
 8185407 2658452   14.72624   35  133          -   14.07298      -  35.2  855s
 8230158 2668335   15.06349   32   79          -   14.08257      -  35.3  860s
 8274018 2677844   16.41920   49   94          -   14.09091      -  35.3  865s
 8319390 2687789   15.59099   34  127          -   14.10000      -  35.3  870s
 8365670 2697799     cutoff   41               -   14.10776      -  35.3  875s
 8409472 2707238   14.51913   47  143          -   14.11538      -  35.3  880s
 8453178 2715857     cutoff   53               -   14.12424      -  35.3  885s
 8502685 2726585     cutoff   32               -   14.13166      -  35.4  890s
 8547592 2735884   14.93060   43  123          -   14.14086      -  35.4  895s
 8596116 2745678   15.77556   36  132          -   14.14819      -  35.4  900s
 8644905 2755709   15.06587   39  123          -   14.15748      -  35.4  905s
 8688352 2764528     cutoff   36               -   14.16667      -  35.4  910s
 8735975 2772972   14.44546   33  150          -   14.16952      -  35.5  915s
 8780901 2782241 infeasible   47               -   14.17857      -  35.5  920s
 8828439 2792001   16.71577   40  124          -   14.18750      -  35.5  925s
 8873202 2801557   15.00405   47   96          -   14.19643      -  35.5  930s
 8917307 2808782     cutoff   39               -   14.20000      -  35.5  935s
 8965816 2818749   14.39451   33  124          -   14.20854      -  35.6  940s
 9005315 2826860   14.62205   31  108          -   14.21542      -  35.6  945s
 9053834 2836410   15.32246   35  125          -   14.22247      -  35.6  950s
 9097774 2845341     cutoff   41               -   14.23117      -  35.6  955s
 9143046 2854474   15.65951   33  122          -   14.23982      -  35.6  960s
 9191398 2863117   16.07246   48   99          -   14.25000      -  35.7  965s
 9228334 2867337   15.28872   36  136          -   14.25000      -  35.7  970s
 9274224 2875803     cutoff   34               -   14.25248      -  35.7  975s
 9318225 2884650   14.81504   30  117          -   14.26110      -  35.7  980s
 9362929 2893314   14.94732   39  131          -   14.26923      -  35.7  985s
 9407703 2901574   15.46647   28  150          -   14.27703      -  35.8  990s
 9452510 2909435   16.42118   33  141          -   14.28532      -  35.8  995s
 9501006 2918688   15.67792   38  133          -   14.29143      -  35.8 1000s
 9545387 2926843   16.54012   30  112          -   14.29932      -  35.8 1005s
 9594680 2935910   15.59781   38  127          -   14.30682      -  35.8 1010s
 9639222 2944060   15.55901   26  112          -   14.31376      -  35.9 1015s
 9688630 2953168   16.28099   33  134          -   14.32241      -  35.9 1020s
 9732002 2961550   14.52138   43  131          -   14.33103      -  35.9 1025s
 9767718 2962890   15.48446   35  145          -   14.33333      -  35.9 1030s
 9807192 2966973   14.72117   52  122          -   14.33333      -  36.0 1035s
 9851493 2973845 infeasible   52               -   14.33333      -  36.0 1040s
 9889693 2980794   15.61384   40  114          -   14.34032      -  36.0 1045s
 9933704 2988678   16.02548   40   95          -   14.34893      -  36.0 1050s
 9977919 2996266   15.99875   42   89          -   14.35668      -  36.1 1055s
 10017641 3003187   14.91031   31  117          -   14.36312      -  36.1 1060s
 10062270 3011080   15.15648   42  133          -   14.36986      -  36.1 1065s
 10101757 3017039   15.67644   30  123          -   14.37500      -  36.1 1070s
 10141342 3024307 infeasible   39               -   14.38095      -  36.1 1075s
 10185981 3031947   16.59643   39  117          -   14.38889      -  36.1 1080s
 10230263 3039738   14.93464   38  114          -   14.39613      -  36.2 1085s
 10267951 3044023   14.90474   29  107          -   14.40000      -  36.2 1090s
 10313226 3051615   16.52174   39  107          -   14.40370      -  36.2 1095s
 10353411 3058369   14.71891   41  111          -   14.41030      -  36.2 1100s
 10392433 3064680   16.22535   50  122          -   14.41667      -  36.2 1105s
 10437406 3071997 infeasible   49               -   14.42308      -  36.3 1110s
 10474969 3077504   15.36666   48  124          -   14.42857      -  36.3 1115s
 10514090 3084515   14.75000   38   36          -   14.43333      -  36.3 1120s
 10558463 3091894   15.29495   39  150          -   14.44022      -  36.3 1125s
 10601598 3098401   16.31930   31  121          -   14.44547      -  36.3 1130s
 10640679 3105028   15.34553   30  126          -   14.45189      -  36.3 1135s
 10684372 3112345     cutoff   38               -   14.45833      -  36.4 1140s
 10722397 3118377   15.82332   37  104          -   14.46395      -  36.4 1145s
 10761596 3124819   16.12243   37   91          -   14.47017      -  36.4 1150s
 10806062 3131974   15.93096   30  144          -   14.47722      -  36.4 1155s
 10845213 3138171   14.93932   49  111          -   14.48387      -  36.4 1160s
 10884377 3144494   15.11250   29   82          -   14.49051      -  36.4 1165s
 10923292 3151064   14.79525   40  132          -   14.49854      -  36.5 1170s
 10957218 3150326   14.93575   37  129          -   14.50000      -  36.5 1175s
 10985613 3150239   16.31661   33   88          -   14.50000      -  36.5 1180s
 11019554 3150888   15.78510   30  100          -   14.50000      -  36.6 1185s
 11055043 3152743   15.50693   33  123          -   14.50000      -  36.6 1190s
 11089405 3155786   16.06250   36   82          -   14.50000      -  36.6 1195s
 11128819 3159336   15.19565   36   61          -   14.50000      -  36.7 1200s
 11168334 3164081   15.38146   37  119          -   14.50000      -  36.7 1205s
 11212709 3170417   16.44948   35  129          -   14.50000      -  36.7 1210s
 11256526 3177865 infeasible   42               -   14.50862      -  36.7 1215s
 11294902 3184076 infeasible   41               -   14.51515      -  36.7 1220s
 11333916 3190117   16.47465   34  133          -   14.52176      -  36.7 1225s
 11378295 3196913   14.90333   43  106          -   14.52918      -  36.8 1230s
 11416324 3202867   15.31606   40  119          -   14.53459      -  36.8 1235s
 11461895 3209780   15.81643   44  117          -   14.54165      -  36.8 1240s
 11500710 3215413   16.31579   45  102          -   14.54655      -  36.8 1245s
 11545748 3222394   17.01515   43  103          -   14.55398      -  36.8 1250s
 11583541 3227171   15.25203   41   76          -   14.55795      -  36.8 1255s
 11622642 3233188   15.18301   35  109          -   14.56410      -  36.9 1260s
 11662314 3238811   14.96114   33  127          -   14.57064      -  36.9 1265s
 11700215 3243862   14.71902   37  116          -   14.57317      -  36.9 1270s
 11743810 3250532   14.72328   37  124          -   14.58000      -  36.9 1275s
 11784082 3256046   15.02879   32  127          -   14.58509      -  36.9 1280s
 11823723 3261774   14.83235   29  143          -   14.59096      -  36.9 1285s
 11862947 3267521   16.52063   32  122          -   14.59747      -  37.0 1290s
 11899646 3270007     cutoff   35               -   14.60000      -  37.0 1295s
 11945945 3276664 infeasible   51               -   14.60409      -  37.0 1300s
 11989745 3282757     cutoff   39               -   14.61111      -  37.0 1305s
 12029534 3288033   15.39135   37  140          -   14.61620      -  37.0 1310s
 12072274 3294367   14.81630   34  138          -   14.62293      -  37.1 1315s
 12112439 3298418   16.66468   33  130          -   14.62606      -  37.1 1320s
 12151103 3303787   14.94172   36  140          -   14.63197      -  37.1 1325s
 12195480 3309491   16.16164   29  136          -   14.63804      -  37.1 1330s
 12233863 3314598   15.87764   34  111          -   14.64306      -  37.1 1335s
 12272588 3319824   14.98563   45  105          -   14.64912      -  37.1 1340s
 12316585 3326359   16.21421   45   98          -   14.65583      -  37.2 1345s
 12356232 3331758 infeasible   28               -   14.66239      -  37.2 1350s
 12391464 3332817 infeasible   49               -   14.66667      -  37.2 1355s
 12425362 3332698     cutoff   52               -   14.66667      -  37.2 1360s
 12461412 3334367   16.08063   38  123          -   14.66667      -  37.3 1365s
 12500850 3338247   15.75000   36   32          -   14.66667      -  37.3 1370s
 12539731 3343505   16.41248   37  113          -   14.66957      -  37.3 1375s
 12582711 3349481   15.71918   31  121          -   14.67661      -  37.3 1380s
 12621596 3354857   16.24222   38  146          -   14.68235      -  37.3 1385s
 12660086 3360088   16.20126   31  117          -   14.68750      -  37.3 1390s
 12698739 3364769   16.31574   41  115          -   14.69302      -  37.4 1395s
 12742207 3370019 infeasible   35               -   14.70000      -  37.4 1400s
 12781577 3375115   15.02216   37  106          -   14.70383      -  37.4 1405s
 12820986 3380479   15.12475   33  128          -   14.70958      -  37.4 1410s
 12858105 3384019     cutoff   31               -   14.71429      -  37.4 1415s
 12899937 3389482   16.11746   32  115          -   14.71845      -  37.5 1420s
 12943139 3394846   16.04092   35  120          -   14.72444      -  37.5 1425s
 12981847 3399335   16.02334   45  110          -   14.72946      -  37.5 1430s
 13020244 3404109   15.76727   36  129          -   14.73443      -  37.5 1435s
 13064076 3409353 infeasible   46               -   14.74077      -  37.5 1440s
 13098560 3413864   15.56495   37  134          -   14.74639      -  37.5 1445s
 13130856 3414678   15.51890   45   76          -   14.75000      -  37.6 1450s
 13166928 3415784   16.87234   46  107          -   14.75000      -  37.6 1455s
 13206898 3419126     cutoff   36               -   14.75000      -  37.6 1460s
 13245476 3424346   15.38496   35  100          -   14.75455      -  37.6 1465s
 13285097 3428772   15.90529   35  126          -   14.76027      -  37.6 1470s
 13323256 3433208   15.73355   32  142          -   14.76595      -  37.7 1475s
 13362148 3437319   16.66559   44  113          -   14.77113      -  37.7 1480s
 13401655 3441557   16.47455   35  111          -   14.77698      -  37.7 1485s
 13435575 3444743     cutoff   47               -   14.77966      -  37.7 1490s
 13473718 3448666   15.74164   44  118          -   14.78571      -  37.7 1495s
 13518647 3454117   16.34451   37  128          -   14.79147      -  37.8 1500s
 13557170 3458694 infeasible   34               -   14.79710      -  37.8 1505s
 13590068 3459624 infeasible   48               -   14.80000      -  37.8 1510s
 13625456 3462810     cutoff   32               -   14.80000      -  37.8 1515s
 13664663 3467400   15.66506   34  137          -   14.80635      -  37.8 1520s
 13703632 3471557   15.51993   46  112          -   14.81206      -  37.8 1525s
 13742988 3475745     cutoff   44               -   14.81707      -  37.9 1530s
 13782579 3479283   15.71851   30  153          -   14.82150      -  37.9 1535s
 13821496 3483543     cutoff   37               -   14.82692      -  37.9 1540s
 13859830 3487262     cutoff   30               -   14.83333      -  37.9 1545s
 13890465 3487670   15.90264   41  137          -   14.83333      -  37.9 1550s
 13934741 3492190   15.00904   29  146          -   14.83641      -  38.0 1555s
 13973176 3496368     cutoff   31               -   14.84211      -  38.0 1560s
 14011906 3500221   15.00000   44   26          -   14.84658      -  38.0 1565s
 14050275 3504127   15.96773   35  132          -   14.85193      -  38.0 1570s
 14083289 3506642     cutoff   40               -   14.85714      -  38.0 1575s
 14122931 3510222     cutoff   38               -   14.85937      -  38.0 1580s
 14161178 3514092     cutoff   52               -   14.86486      -  38.1 1585s
 14199557 3517589   16.44112   40  140          -   14.86992      -  38.1 1590s
 14237041 3520152     cutoff   59               -   14.87500      -  38.1 1595s
 14276508 3523679   15.35964   46  124          -   14.87791      -  38.1 1600s
 14315316 3527209   15.03709   28  117          -   14.88304      -  38.1 1605s
 14349976 3530219 infeasible   38               -   14.88846      -  38.1 1610s
 14387290 3533459     cutoff   43               -   14.89169      -  38.2 1615s
 14426435 3537178   16.47500   43   93          -   14.89724      -  38.2 1620s
 14466059 3539942   15.35408   33  123          -   14.90110      -  38.2 1625s
 14505985 3543616   15.52552   44   87          -   14.90671      -  38.2 1630s
 14541112 3546263   15.50000   31   21          -   14.91096      -  38.2 1635s
 14575388 3549214   16.53125   36   95          -   14.91591      -  38.3 1640s
 14614267 3552128   15.56733   35   98          -   14.91972      -  38.3 1645s
 14643097 3554197   15.93769   36   99          -   14.92308      -  38.3 1650s
 14643463 3554409   16.17480   46  127          -   14.92373      -  38.3 1655s
 14643834 3554609     cutoff   34               -   14.92430      -  38.3 1660s
 14644150 3554778   15.68136   39  123          -   14.92477      -  38.3 1665s
 14644348 3554856     cutoff   44               -   14.92500      -  38.3 1671s
 14644470 3554923   16.35664   39  134          -   14.92512      -  38.3 1675s
 14644740 3555053   16.00696   32  120          -   14.92554      -  38.3 1680s
 14645041 3555181     cutoff   34               -   14.92593      -  38.3 1686s
 14647559 3555657   16.06484   42  131          -   14.92593      -  38.3 1692s
 14652158 3556069   16.22048   39  146          -   14.92593      -  38.3 1695s
 14666087 3557284   16.57558   36  142          -   14.92641      -  38.3 1700s
 14688229 3559217   16.15828   48  120          -   14.92857      -  38.3 1706s
 14713640 3560948   15.75145   51  143          -   14.93346      -  38.3 1710s
 14753922 3564487   16.74559   38  144          -   14.93947      -  38.4 1715s
 14788908 3567200     cutoff   48               -   14.94444      -  38.4 1720s
 14827461 3570667   16.83971   36  110          -   14.94942      -  38.4 1725s
 14871956 3574376   16.69775   43  107          -   14.95510      -  38.4 1730s
 14905826 3577321   15.37618   29  127          -   14.95989      -  38.4 1735s
 14945149 3580662   15.72186   38  116          -   14.96522      -  38.4 1740s
 14984250 3583887   16.21429   41  104          -   14.97063      -  38.5 1745s
 15018224 3586751   16.18128   30  129          -   14.97561      -  38.5 1750s
 15057098 3589797   16.43138   41  138          -   14.98164      -  38.5 1755s
 15096274 3593218   16.94229   36  112          -   14.98784      -  38.5 1760s
 15130103 3596145 infeasible   36               -   14.99379      -  38.5 1765s
 15162699 3597058   15.91270   38   74          -   15.00000      -  38.5 1770s
 15180449 3592398   15.09091   43  118          -   15.00000      -  38.6 1775s
 15207430 3585303 infeasible   39               -   15.00000      -  38.6 1780s
 15231992 3578622 infeasible   38               -   15.00000      -  38.7 1785s
 15256625 3571739     cutoff   41               -   15.00000      -  38.7 1790s
 15281782 3565963   15.13889   29   74          -   15.00000      -  38.7 1795s
 15306602 3560479     cutoff   43               -   15.00000      -  38.8 1800s
 15337283 3555761     cutoff   42               -   15.00000      -  38.8 1805s
 15362450 3552216     cutoff   37               -   15.00000      -  38.8 1810s
 15392339 3549043     cutoff   38               -   15.00000      -  38.9 1815s
 15422724 3546463 infeasible   38               -   15.00000      -  38.9 1820s
 15457910 3544228   16.56443   34  129          -   15.00000      -  38.9 1825s
 15487749 3542672     cutoff   41               -   15.00000      -  39.0 1830s
 15517702 3541358 infeasible   45               -   15.00000      -  39.0 1835s
 15552724 3540711   16.47761   34   91          -   15.00000      -  39.0 1840s
 15586394 3540658   15.96658   39  140          -   15.00000      -  39.0 1845s
 15621053 3540951   16.21223   32  140          -   15.00000      -  39.1 1850s
 15660159 3541740   15.61892   44  118          -   15.00000      -  39.1 1855s
 15694424 3542937   15.59615   38   86          -   15.00000      -  39.1 1860s
 15733485 3544585   15.00000   27   77          -   15.00000      -  39.1 1865s
 15768129 3546444     cutoff   45               -   15.00000      -  39.1 1870s
 15807120 3549034   16.11367   37  130          -   15.00000      -  39.1 1875s
 15846972 3552207     cutoff   41               -   15.00000      -  39.1 1880s
 15885417 3555475   16.69192   44   90          -   15.00131      -  39.2 1885s
 15920968 3558328   16.43333   51   89          -   15.00838      -  39.2 1890s
 15955446 3561100   15.81534   32  128          -   15.01463      -  39.2 1895s
 15989562 3563686 infeasible   42               -   15.02014      -  39.2 1900s
 16028586 3566444     cutoff   45               -   15.02676      -  39.2 1905s
 16067141 3569064     cutoff   46               -   15.03281      -  39.2 1910s
 16101064 3571495   15.53088   42  122          -   15.03788      -  39.2 1915s
 16140883 3574443     cutoff   35               -   15.04348      -  39.3 1920s
 16179936 3577271 infeasible   36               -   15.04895      -  39.3 1925s
 16214294 3579435   16.74464   34  107          -   15.05356      -  39.3 1930s
 16253037 3582278   15.86742   39  111          -   15.05882      -  39.3 1935s
 16292583 3584903   16.02622   29  101          -   15.06383      -  39.3 1940s
 16326587 3587368   15.73430   35  146          -   15.06823      -  39.3 1945s
 16359979 3589442   16.18286   41  126          -   15.07227      -  39.4 1950s
 16399009 3591937 infeasible   35               -   15.07708      -  39.4 1955s
 16432991 3594252   15.91181   35  116          -   15.08219      -  39.4 1960s
 16471251 3596104   16.81117   35  136          -   15.08649      -  39.4 1965s
 16505490 3597994     cutoff   42               -   15.09091      -  39.4 1970s
 16543604 3600377   15.26091   41  115          -   15.09558      -  39.4 1975s
 16582543 3601943   16.37605   37  122          -   15.10000      -  39.4 1980s
 16616368 3604064     cutoff   40               -   15.10417      -  39.5 1985s
 16649681 3605761   16.92277   41  102          -   15.10870      -  39.5 1990s
 16684150 3606730   16.39880   37  140          -   15.11125      -  39.5 1995s
 16718545 3608744     cutoff   33               -   15.11635      -  39.5 2000s
 16752988 3610784   15.60562   38  136          -   15.12089      -  39.5 2005s
 16787245 3611362     cutoff   41               -   15.12500      -  39.5 2010s
 16822664 3613273     cutoff   35               -   15.12747      -  39.5 2015s
 16860740 3614871   15.51065   41  109          -   15.13283      -  39.6 2020s
 16895245 3616837   16.48638   40  140          -   15.13674      -  39.6 2025s
 16929738 3618442   15.78384   44  132          -   15.14161      -  39.6 2030s
 16948120 3618032   16.14961   34  139          -   15.14286      -  39.6 2035s
 16950551 3618187     cutoff   43               -   15.14286      -  39.6 2040s
 16953888 3618373   16.81987   32  143          -   15.14286      -  39.6 2045s
 16958770 3618634   16.26364   43  109          -   15.14286      -  39.6 2051s
 16977607 3619277   15.32653   37  106          -   15.14286      -  39.6 2055s
 17009388 3620388   15.57891   29  125          -   15.14948      -  39.6 2060s
 17044099 3621820   15.52577   36  130          -   15.15385      -  39.6 2065s
 17082751 3623346   15.48468   43  133          -   15.15917      -  39.7 2070s
 17116281 3624649   16.29596   36  110          -   15.16408      -  39.7 2075s
 17144398 3622985 infeasible   40               -   15.16667      -  39.7 2080s
 17179131 3622861 infeasible   32               -   15.16667      -  39.7 2085s
 17218194 3624703     cutoff   32               -   15.17162      -  39.7 2090s
 17251296 3625824   16.26266   36  136          -   15.17622      -  39.7 2095s
 17285966 3627333   15.90786   37  142          -   15.18046      -  39.8 2100s
 17320262 3628138     cutoff   36               -   15.18421      -  39.8 2105s
 17354513 3629168   15.41515   27  137          -   15.18819      -  39.8 2110s
 17393063 3630488   15.54076   39  112          -   15.19324      -  39.8 2115s
 17427063 3631900   15.79730   47  113          -   15.19807      -  39.8 2120s
 17459855 3629199     cutoff   45               -   15.20000      -  39.8 2125s
 17494677 3629966     cutoff   38               -   15.20079      -  39.8 2130s
 17527662 3631273   15.50000   38   70          -   15.20561      -  39.9 2135s
 17560602 3631802   16.47375   35  110          -   15.21013      -  39.9 2140s
 17595408 3632717   16.73899   36  112          -   15.21429      -  39.9 2145s
 17629882 3633391     cutoff   41               -   15.21852      -  39.9 2150s
 17661750 3633006     cutoff   40               -   15.22222      -  39.9 2155s
 17696596 3633809     cutoff   32               -   15.22572      -  39.9 2160s
 17730731 3634527     cutoff   41               -   15.23026      -  40.0 2165s
 17769670 3635210   16.75000   36   39          -   15.23469      -  40.0 2170s
 17803030 3636054   16.41176   43   85          -   15.23865      -  40.0 2175s
 17836249 3636715   16.49170   36  101          -   15.24324      -  40.0 2180s
 17871859 3637790   15.47711   37  130          -   15.24872      -  40.0 2185s
 17900631 3632426     cutoff   38               -   15.25000      -  40.0 2190s
 17936982 3629623   16.01906   36  118          -   15.25000      -  40.1 2195s
 17967933 3629070   16.30423   28  132          -   15.25000      -  40.1 2200s
 18001360 3630091     cutoff   42               -   15.25275      -  40.1 2205s
 18034491 3630542   15.94777   36  128          -   15.25758      -  40.1 2210s
 18068119 3630854   16.24094   45  123          -   15.26194      -  40.1 2215s
 18101481 3630830   15.68993   35  134          -   15.26663      -  40.1 2220s
 18135867 3631703   15.38257   40  116          -   15.27027      -  40.2 2225s
 18170621 3631673   16.20237   47  132          -   15.27407      -  40.2 2230s
 18204080 3631902   15.81926   33  126          -   15.27780      -  40.2 2235s
 18237119 3632131   15.86698   42  120          -   15.28261      -  40.2 2240s
 18269329 3630494   16.02267   37  115          -   15.28571      -  40.2 2245s
 18304077 3630999     cutoff   50               -   15.28846      -  40.2 2250s
 18337941 3631219   16.26090   27  118          -   15.29289      -  40.3 2255s
 18367302 3631269   15.49368   26  133          -   15.29660      -  40.3 2260s
 18400960 3630070   16.55751   37  122          -   15.30000      -  40.3 2265s
 18435117 3630469   16.50000   38   19          -   15.30435      -  40.3 2270s
 18470531 3630203   16.50688   41  129          -   15.30787      -  40.3 2275s
 18499475 3629834   16.80000   36  101          -   15.31224      -  40.3 2280s
 18532950 3629932   16.11250   39  101          -   15.31579      -  40.4 2285s
 18566684 3629977   16.00000   37   60          -   15.32000      -  40.4 2290s
 18600482 3630093   16.23768   37  114          -   15.32439      -  40.4 2295s
 18635216 3630390     cutoff   35               -   15.32937      -  40.4 2300s
 18665517 3625059     cutoff   36               -   15.33333      -  40.4 2305s
 18690404 3619220     cutoff   36               -   15.33333      -  40.4 2310s
 18716270 3615315     cutoff   46               -   15.33333      -  40.5 2315s
 18751735 3611352     cutoff   43               -   15.33333      -  40.5 2320s
 18776915 3609837   15.95563   41  152          -   15.33333      -  40.5 2325s
 18812971 3609513     cutoff   57               -   15.33333      -  40.5 2330s
 18845726 3609865   17.06384   36  129          -   15.33808      -  40.5 2335s
 18879721 3610010   16.84102   38  127          -   15.34280      -  40.5 2340s
 18913876 3609658     cutoff   44               -   15.34717      -  40.6 2345s
 18943534 3609253     cutoff   46               -   15.35088      -  40.6 2350s
 18977362 3608816     cutoff   39               -   15.35519      -  40.6 2355s
 19010578 3608028   15.88159   38  125          -   15.35897      -  40.6 2360s
 19044799 3606963     cutoff   41               -   15.36364      -  40.6 2365s
 19073822 3606818     cutoff   50               -   15.36659      -  40.6 2370s
 19102121 3606334   15.50268   37  115          -   15.37009      -  40.7 2375s
 19136428 3604569     cutoff   36               -   15.37500      -  40.7 2380s
 19166935 3602929   15.59631   40  126          -   15.37529      -  40.7 2385s
 19200220 3602357     cutoff   39               -   15.38009      -  40.7 2390s
 19230007 3601504   16.13012   37  146          -   15.38419      -  40.7 2395s
 19264864 3600781   16.60081   37   96          -   15.38826      -  40.7 2400s
 19294345 3600087   15.81679   32  121          -   15.39131      -  40.8 2405s
 19328727 3599313   15.95503   34  138          -   15.39609      -  40.8 2410s
 19356463 3596388 infeasible   45               -   15.40000      -  40.8 2415s
 19387874 3592409 infeasible   44               -   15.40000      -  40.8 2420s
 19417657 3591750     cutoff   33               -   15.40110      -  40.8 2425s
 19452242 3590860     cutoff   33               -   15.40625      -  40.8 2430s
 19482081 3590067   16.00432   39  106          -   15.41022      -  40.9 2435s
 19516548 3589079   16.28571   39  114          -   15.41463      -  40.9 2440s
 19550865 3586920   15.54824   50  103          -   15.41756      -  40.9 2445s
 19580380 3586078   15.89082   43  121          -   15.42151      -  40.9 2450s
 19613379 3584789   16.58118   43   81          -   15.42604      -  40.9 2455s
 19641702 3581198     cutoff   36               -   15.42857      -  40.9 2460s
 19676589 3580314   15.75000   25   46          -   15.43124      -  41.0 2465s
 19705693 3579122   15.97574   30  133          -   15.43497      -  41.0 2470s
 19740387 3577461   16.78951   41  136          -   15.43924      -  41.0 2475s
 19767965 3576356     cutoff   39               -   15.44319      -  41.0 2480s
 19798526 3573625   16.56807   30  141          -   15.44456      -  41.0 2485s
 19831703 3572366     cutoff   35               -   15.44961      -  41.0 2490s
 19866307 3570735     cutoff   41               -   15.45402      -  41.0 2495s
 19895466 3569193 infeasible   43               -   15.45652      -  41.1 2500s
 19924985 3567487   16.05882   40  107          -   15.46053      -  41.1 2505s
 19959722 3565871   16.26170   27  151          -   15.46439      -  41.1 2510s
 19989183 3564234     cutoff   50               -   15.46800      -  41.1 2515s
 20018456 3562751     cutoff   41               -   15.47167      -  41.1 2520s
 20053253 3561148   16.58210   38  143          -   15.47619      -  41.1 2525s
 20082789 3559646 infeasible   39               -   15.48000      -  41.2 2530s
 20112222 3558022   16.37633   34  116          -   15.48387      -  41.2 2535s
 20142071 3556563 infeasible   34               -   15.48796      -  41.2 2540s
 20176428 3555013   15.64339   40  132          -   15.49331      -  41.2 2545s
 20204404 3553887   16.17544   38   89          -   15.49840      -  41.2 2550s
 20230409 3543021     cutoff   38               -   15.50000      -  41.2 2555s
 20254456 3533326 infeasible   38               -   15.50000      -  41.3 2560s
 20279105 3524224     cutoff   38               -   15.50000      -  41.3 2565s
 20303367 3516039 infeasible   43               -   15.50000      -  41.3 2570s
 20328816 3508953 infeasible   32               -   15.50000      -  41.3 2575s
 20354052 3502975     cutoff   41               -   15.50000      -  41.4 2580s
 20384258 3496818     cutoff   40               -   15.50000      -  41.4 2585s
 20414250 3491464     cutoff   47               -   15.50000      -  41.4 2590s
 20444395 3486998     cutoff   39               -   15.50000      -  41.4 2595s
 20469342 3484045   16.47492   33  112          -   15.50000      -  41.4 2600s
 20504412 3481050   16.11333   46   78          -   15.50000      -  41.5 2605s
 20534676 3479376   16.47418   44  120          -   15.50000      -  41.5 2610s
 20563554 3478183 infeasible   51               -   15.50135      -  41.5 2615s
 20596718 3476277     cutoff   34               -   15.50728      -  41.5 2620s
 20627269 3474632   16.15517   30  145          -   15.51220      -  41.5 2625s
 20656223 3472754     cutoff   36               -   15.51641      -  41.5 2630s
 20686070 3470832     cutoff   31               -   15.52067      -  41.5 2635s
 20720495 3468528 infeasible   45               -   15.52542      -  41.6 2640s
 20745444 3466863     cutoff   46               -   15.52885      -  41.6 2645s
 20778943 3464043 infeasible   39               -   15.53333      -  41.6 2650s
 20809200 3462116   16.78268   39  120          -   15.53709      -  41.6 2655s
 20837051 3459955   16.19314   32  130          -   15.54054      -  41.6 2660s
 20866399 3457517   16.67755   30  129          -   15.54472      -  41.6 2665s
 20900851 3454771     cutoff   35               -   15.54839      -  41.7 2670s
 20930553 3452562   16.63557   38  104          -   15.55238      -  41.7 2675s
 20958892 3448543     cutoff   45               -   15.55556      -  41.7 2680s
 20989368 3446453   15.76310   32  124          -   15.55865      -  41.7 2685s
 21019198 3444082     cutoff   40               -   15.56250      -  41.7 2690s
 21048868 3442002     cutoff   36               -   15.56640      -  41.7 2695s
 21077808 3439153   16.74180   43   79          -   15.57088      -  41.8 2700s
 21108237 3434587 infeasible   41               -   15.57143      -  41.8 2705s
 21137420 3432731     cutoff   41               -   15.57543      -  41.8 2710s
 21166803 3430139     cutoff   34               -   15.57921      -  41.8 2715s
 21195785 3426717     cutoff   49               -   15.58333      -  41.8 2720s
 21225898 3424459   16.91107   38  123          -   15.58607      -  41.8 2725s
 21255375 3421828   16.70597   39  127          -   15.58995      -  41.8 2730s
 21285094 3419124 infeasible   35               -   15.59377      -  41.9 2735s
 21314286 3416714   16.38809   36  117          -   15.59843      -  41.9 2740s
 21342224 3408722     cutoff   43               -   15.60000      -  41.9 2745s
 21368571 3405013   16.38182   53   84          -   15.60000      -  41.9 2750s
 21397721 3402609     cutoff   33               -   15.60353      -  41.9 2755s
 21432110 3399547   16.04991   39  134          -   15.60856      -  41.9 2760s
 21461916 3396520   15.83333   50   44          -   15.61223      -  42.0 2765s
 21486075 3393710   16.24286   33  115          -   15.61538      -  42.0 2770s
 21520761 3390670 infeasible   40               -   15.61964      -  42.0 2775s
 21550483 3387174     cutoff   45               -   15.62439      -  42.0 2780s
 21574527 3382635   15.90209   41  128          -   15.62500      -  42.0 2785s
 21609530 3379671     cutoff   44               -   15.62933      -  42.0 2790s
 21638537 3376748 infeasible   39               -   15.63333      -  42.1 2795s
 21668490 3373012     cutoff   39               -   15.63636      -  42.1 2800s
 21697631 3369753 infeasible   37               -   15.64045      -  42.1 2805s
 21727031 3366096   16.67884   37  120          -   15.64417      -  42.1 2810s
 21751974 3363369 infeasible   40               -   15.64733      -  42.1 2815s
 21781290 3359851   15.97059   42   91          -   15.65152      -  42.1 2820s
 21810854 3356557     cutoff   43               -   15.65563      -  42.2 2825s
 21839899 3353317     cutoff   60               -   15.66000      -  42.2 2830s
 21869532 3350256     cutoff   32               -   15.66527      -  42.2 2835s
 21892072 3339120 infeasible   36               -   15.66667      -  42.2 2840s
 21916478 3329266   16.59201   44  123          -   15.66667      -  42.2 2845s
 21941578 3321124   15.99971   35  125          -   15.66667      -  42.2 2850s
 21966923 3314835 infeasible   41               -   15.66667      -  42.3 2855s
 21997245 3308926 infeasible   43               -   15.66667      -  42.3 2860s
 22027567 3304796   16.74252   37  121          -   15.66667      -  42.3 2865s
 22056063 3301786   17.00000   41   59          -   15.67021      -  42.3 2870s
 22080249 3298803   16.08840   38   96          -   15.67437      -  42.3 2875s
 22110308 3295288     cutoff   40               -   15.67857      -  42.3 2880s
 22139608 3291663 infeasible   44               -   15.68305      -  42.4 2885s
 22168747 3287323   16.77273   36   76          -   15.68750      -  42.4 2890s
 22198401 3283291   16.87941   30  110          -   15.69131      -  42.4 2895s
 22227968 3278971     cutoff   44               -   15.69502      -  42.4 2900s
 22258025 3274989 infeasible   43               -   15.69950      -  42.4 2905s
 22281838 3270858     cutoff   39               -   15.70070      -  42.4 2910s
 22311272 3266473     cutoff   42               -   15.70548      -  42.5 2915s
 22340948 3262417     cutoff   36               -   15.70952      -  42.5 2920s
 22369875 3256927 infeasible   45               -   15.71429      -  42.5 2925s
 22395428 3252165   16.62635   43  141          -   15.71429      -  42.5 2930s
 22424650 3248512     cutoff   43               -   15.71875      -  42.5 2935s
 22454097 3244139     cutoff   37               -   15.72266      -  42.5 2940s
 22483011 3238956     cutoff   41               -   15.72727      -  42.6 2945s
 22512958 3234959   16.71732   47  127          -   15.73071      -  42.6 2950s
 22542420 3230478 infeasible   34               -   15.73421      -  42.6 2955s
 22566617 3226590 infeasible   53               -   15.73794      -  42.6 2960s
 22596246 3222098     cutoff   31               -   15.74239      -  42.6 2965s
 22620996 3218613     cutoff   53               -   15.74630      -  42.6 2970s
 22648913 3208749 infeasible   45               -   15.75000      -  42.7 2975s
 22673169 3199109     cutoff   34               -   15.75000      -  42.7 2980s
 22699074 3192073   16.48242   42  114          -   15.75000      -  42.7 2985s
 22729652 3186179     cutoff   33               -   15.75000      -  42.7 2990s
 22753513 3182840   16.27811   44  149          -   15.75187      -  42.7 2995s
 22782933 3178500     cutoff   42               -   15.75694      -  42.7 3000s
 22811913 3173680     cutoff   35               -   15.76145      -  42.8 3005s
 22836515 3169633 infeasible   45               -   15.76471      -  42.8 3010s
 22865946 3164280     cutoff   38               -   15.76923      -  42.8 3015s
 22896094 3159288   16.08769   32  101          -   15.77321      -  42.8 3020s
 22919816 3154230   16.76426   32  140          -   15.77752      -  42.8 3025s
 22949477 3148269   15.85000   35   92          -   15.77953      -  42.8 3030s
 22973848 3144182     cutoff   36               -   15.78337      -  42.9 3035s
 23003407 3138537   16.83333   45   42          -   15.78734      -  42.9 3040s
 23032920 3133292     cutoff   48               -   15.79167      -  42.9 3045s
 23062322 3128328     cutoff   35               -   15.79626      -  42.9 3050s
 23086223 3120953 infeasible   53               -   15.80000      -  42.9 3055s
 23110963 3113094   16.10836   39  111          -   15.80000      -  42.9 3060s
 23141256 3107743   16.55835   29  142          -   15.80097      -  43.0 3065s
 23165394 3103570   16.17933   40  113          -   15.80527      -  43.0 3070s
 23194656 3098023     cutoff   38               -   15.80952      -  43.0 3075s
 23224326 3092400   16.56522   34   88          -   15.81373      -  43.0 3080s
 23248439 3087144   16.25919   39  102          -   15.81808      -  43.0 3085s
 23273329 3082612     cutoff   39               -   15.82051      -  43.0 3090s
 23302485 3076933     cutoff   36               -   15.82500      -  43.1 3095s
 23327085 3072310     cutoff   39               -   15.82885      -  43.1 3100s
 23355481 3063361     cutoff   53               -   15.83333      -  43.1 3105s
 23380248 3054668     cutoff   39               -   15.83333      -  43.1 3110s
 23406344 3049791     cutoff   46               -   15.83395      -  43.1 3115s
 23429918 3045479   16.52606   35   93          -   15.83837      -  43.1 3120s
 23459362 3039732   16.41094   34  142          -   15.84285      -  43.2 3125s
 23483995 3034457 infeasible   34               -   15.84615      -  43.2 3130s
 23513247 3028544     cutoff   39               -   15.85045      -  43.2 3135s
 23537394 3023331   16.73409   36  118          -   15.85462      -  43.2 3140s
 23561908 3015229     cutoff   38               -   15.85714      -  43.2 3145s
 23591534 3009325   16.68297   37  116          -   15.86031      -  43.2 3150s
 23616157 3004199     cutoff   35               -   15.86415      -  43.3 3155s
 23645681 2997324   16.75460   29  133          -   15.86867      -  43.3 3160s
 23669896 2992097     cutoff   53               -   15.87295      -  43.3 3165s
 23693875 2983237   16.02262   43  132          -   15.87500      -  43.3 3170s
 23719076 2978059     cutoff   41               -   15.87778      -  43.3 3175s
 23743501 2972416   16.70442   39  117          -   15.88211      -  43.3 3180s
 23772925 2966075     cutoff   35               -   15.88679      -  43.4 3185s
 23797554 2958347     cutoff   43               -   15.88889      -  43.4 3190s
 23821995 2952930   16.90000   45   98          -   15.89286      -  43.4 3195s
 23846396 2947171     cutoff   33               -   15.89705      -  43.4 3200s
 23876295 2938799     cutoff   31               -   15.90000      -  43.4 3205s
 23899912 2933008     cutoff   34               -   15.90450      -  43.4 3210s
 23924596 2926750   16.40353   29  139          -   15.90866      -  43.4 3215s
 23954215 2919619     cutoff   36               -   15.91244      -  43.5 3220s
 23978382 2912317     cutoff   47               -   15.91667      -  43.5 3225s
 24003078 2906494     cutoff   38               -   15.91954      -  43.5 3230s
 24027755 2900333   16.49136   43   90          -   15.92308      -  43.5 3235s
 24052079 2894399     cutoff   41               -   15.92715      -  43.5 3240s
 24081516 2886582     cutoff   44               -   15.93158      -  43.5 3245s
 24105745 2879932   17.00000   44   10          -   15.93548      -  43.6 3250s
 24130602 2873470     cutoff   36               -   15.93924      -  43.6 3255s
 24154627 2866697     cutoff   42               -   15.94340      -  43.6 3260s
 24179099 2860149   16.47438   38   95          -   15.94737      -  43.6 3265s
 24203824 2853707     cutoff   36               -   15.95129      -  43.6 3270s
 24228379 2847146     cutoff   41               -   15.95537      -  43.6 3275s
 24252848 2840501 infeasible   34               -   15.95973      -  43.7 3280s
 24276850 2833709     cutoff   52               -   15.96429      -  43.7 3285s
 24301728 2827063   16.00000   35    6          -   15.96855      -  43.7 3290s
 24331168 2818986     cutoff   34               -   15.97423      -  43.7 3295s
 24355404 2812332 infeasible   30               -   15.97889      -  43.7 3300s
 24379800 2805577   16.53991   44  105          -   15.98388      -  43.7 3305s
 24404299 2798932 infeasible   43               -   15.98947      -  43.8 3310s
 24428407 2792398     cutoff   32               -   15.99577      -  43.8 3315s
 24451033 2780146     cutoff   47               -   16.00000      -  43.8 3320s
 24474299 2760089     cutoff   36               -   16.00000      -  43.8 3325s
 24497510 2740260 infeasible   46               -   16.00000      -  43.8 3330s
 24525121 2717851     cutoff   36               -   16.00000      -  43.8 3335s
 24546505 2699526 infeasible   46               -   16.00000      -  43.8 3340s
 24571040 2678617     cutoff   35               -   16.00000      -  43.9 3345s
 24597679 2659794 infeasible   47               -   16.00000      -  43.9 3350s
 24624813 2640117   16.63807   42  110          -   16.00000      -  43.9 3355s
 24652490 2620728 infeasible   41               -   16.00000      -  43.9 3360s
 24679683 2604628 infeasible   40               -   16.00000      -  43.9 3365s
 24706932 2587892     cutoff   44               -   16.00000      -  44.0 3370s
 24734588 2572265 infeasible   44               -   16.00000      -  44.0 3375s
 24762047 2558701     cutoff   48               -   16.00000      -  44.0 3380s
 24789387 2544907   16.60323   32  105          -   16.00000      -  44.0 3385s
 24816075 2531256     cutoff   38               -   16.00000      -  44.0 3390s
 24843944 2519342   16.00000   37    5          -   16.00000      -  44.1 3396s
 24871250 2507647   16.62994   33  118          -   16.00000      -  44.1 3401s
 24898527 2496336     cutoff   42               -   16.00000      -  44.1 3406s
 24926240 2486419   17.00000   31   18          -   16.00000      -  44.1 3410s
 24952837 2476283     cutoff   48               -   16.00000      -  44.1 3416s
 24980949 2467512   16.00000   41   10          -   16.00000      -  44.1 3420s
 25007713 2459108     cutoff   38               -   16.00000      -  44.2 3425s
 25034520 2451176     cutoff   42               -   16.00000      -  44.2 3430s
 25070741 2441305     cutoff   34               -   16.00000      -  44.2 3436s
 25098158 2434976     cutoff   36               -   16.00000      -  44.2 3440s
 25125163 2429686 infeasible   34               -   16.00000      -  44.2 3445s
 25147084 2423347 infeasible   42               -   16.00631      -  44.2 3450s
 25176667 2414874   16.38859   36  124          -   16.01423      -  44.3 3455s
 25196427 2409333     cutoff   41               -   16.01889      -  44.3 3460s
 25224890 2402053   16.40325   35  130          -   16.02460      -  44.3 3465s
 25245262 2394671     cutoff   38               -   16.02980      -  44.3 3470s
 25269645 2387195   16.22594   32  126          -   16.03494      -  44.3 3475s
 25294149 2379411 infeasible   44               -   16.04000      -  44.3 3480s
 25318665 2371707   17.00000   43    8          -   16.04544      -  44.3 3485s
 25343339 2363878 infeasible   49               -   16.05000      -  44.4 3490s
 25367306 2355692     cutoff   39               -   16.05526      -  44.4 3495s
 25387216 2349501 infeasible   36               -   16.05882      -  44.4 3500s
 25411374 2341352 infeasible   42               -   16.06328      -  44.4 3505s
 25435912 2333170 infeasible   40               -   16.06806      -  44.4 3510s
 25460325 2324899     cutoff   38               -   16.07263      -  44.4 3515s
 25484595 2316277   16.80376   40  125          -   16.07719      -  44.5 3520s
 25510995 2305052 infeasible   38               -   16.08333      -  44.5 3526s
 25531524 2298485   16.64652   41  111          -   16.08655      -  44.5 3530s
 25556900 2289332 infeasible   39               -   16.09091      -  44.5 3535s
 25581044 2280839   16.35327   43  124          -   16.09621      -  44.5 3540s
 25605611 2271039   16.70892   40  113          -   16.10000      -  44.5 3545s
 25629530 2262349     cutoff   35               -   16.10526      -  44.5 3550s
 25653902 2250667     cutoff   46               -   16.11074      -  44.6 3556s
 25677470 2243663     cutoff   39               -   16.11342      -  44.6 3560s
 25701642 2234441     cutoff   39               -   16.11853      -  44.6 3565s
 25721092 2227330     cutoff   44               -   16.12305      -  44.6 3570s
 25748100 2214982   17.00000   46    3          -   16.12504      -  44.6 3575s
 25771490 2205872     cutoff   46               -   16.13098      -  44.6 3580s
 25791058 2197956     cutoff   48               -   16.13496      -  44.7 3585s
 25815433 2188344     cutoff   49               -   16.14034      -  44.7 3590s
 25841735 2177253 infeasible   42               -   16.14286      -  44.7 3595s
 25861222 2167884   16.51047   32  127          -   16.14787      -  44.7 3600s
 25885356 2157218     cutoff   37               -   16.15333      -  44.7 3605s
 25909907 2147198     cutoff   34               -   16.15805      -  44.7 3610s
 25929419 2139206     cutoff   31               -   16.16284      -  44.7 3615s
 25956456 2120616 infeasible   44               -   16.16667      -  44.8 3621s
 25978483 2112250   16.65220   44  142          -   16.16667      -  44.8 3625s
 26001697 2102613     cutoff   43               -   16.17241      -  44.8 3630s
 26026152 2092090   16.70588   47   74          -   16.17801      -  44.8 3635s
 26048178 2082320 infeasible   55               -   16.18182      -  44.8 3640s
 26072385 2071646     cutoff   34               -   16.18750      -  44.8 3645s
 26091677 2063321   16.43016   46  112          -   16.19149      -  44.9 3650s
 26115709 2052959     cutoff   34               -   16.19753      -  44.9 3655s
 26137450 2036322     cutoff   42               -   16.20000      -  44.9 3660s
 26163056 2026443 infeasible   40               -   16.20161      -  44.9 3665s
 26181837 2017863     cutoff   46               -   16.20679      -  44.9 3670s
 26206052 2006385     cutoff   41               -   16.21227      -  44.9 3675s
 26226359 1996233     cutoff   43               -   16.21671      -  44.9 3680s
 26245798 1983783   16.80875   31  126          -   16.22215      -  45.0 3685s
 26273195 1972427     cutoff   48               -   16.22642      -  45.0 3690s
 26293140 1962844 infeasible   47               -   16.23077      -  45.0 3695s
 26317333 1951097     cutoff   39               -   16.23636      -  45.0 3700s
 26336974 1941490     cutoff   41               -   16.24133      -  45.0 3705s
 26361051 1929042     cutoff   42               -   16.24832      -  45.0 3710s
 26383927 1908260     cutoff   47               -   16.25000      -  45.0 3715s
 26408656 1891501   16.71429   46   65          -   16.25000      -  45.1 3720s
 26432965 1880769     cutoff   43               -   16.25000      -  45.1 3725s
 26455900 1869356     cutoff   34               -   16.25641      -  45.1 3730s
 26475469 1859256     cutoff   35               -   16.26159      -  45.1 3735s
 26500407 1846287     cutoff   45               -   16.26732      -  45.1 3740s
 26519523 1834995 infeasible   36               -   16.27273      -  45.1 3745s
 26540388 1824377     cutoff   40               -   16.27716      -  45.1 3750s
 26564786 1811999     cutoff   43               -   16.28333      -  45.2 3755s
 26587443 1798141     cutoff   43               -   16.28571      -  45.2 3760s
 26606078 1787767   17.01079   39  117          -   16.29082      -  45.2 3765s
 26630313 1774885 infeasible   34               -   16.29711      -  45.2 3770s
 26654316 1760372   16.99296   34  104          -   16.30170      -  45.2 3775s
 26673722 1748965   16.83285   31  106          -   16.30744      -  45.2 3780s
 26693308 1737640   16.83624   34  143          -   16.31250      -  45.2 3785s
 26717717 1723734     cutoff   43               -   16.31820      -  45.3 3790s
 26737132 1713321 infeasible   41               -   16.32392      -  45.3 3795s
 26756237 1702402     cutoff   42               -   16.33030      -  45.3 3800s
 26780041 1676405 infeasible   40               -   16.33333      -  45.3 3805s
 26810914 1650947     cutoff   40               -   16.33333      -  45.3 3810s
 26841224 1628737     cutoff   44               -   16.33333      -  45.3 3816s
 26861939 1619420     cutoff   40               -   16.33333      -  45.3 3820s
 26885547 1606721     cutoff   40               -   16.33984      -  45.3 3825s
 26903874 1595782 infeasible   41               -   16.34584      -  45.4 3830s
 26924055 1583431     cutoff   35               -   16.35160      -  45.4 3835s
 26949677 1567771     cutoff   61               -   16.35849      -  45.4 3841s
 26971437 1554097     cutoff   46               -   16.36364      -  45.4 3845s
 26990323 1541890     cutoff   35               -   16.37037      -  45.4 3850s
 27012420 1524057 infeasible   36               -   16.37500      -  45.4 3855s
 27037267 1510191     cutoff   39               -   16.38095      -  45.4 3860s
 27057536 1497142     cutoff   44               -   16.38699      -  45.4 3865s
 27076693 1484531   16.45679   41   74          -   16.39286      -  45.5 3870s
 27097078 1461970     cutoff   46               -   16.40000      -  45.5 3876s
 27127955 1446625   16.66113   31  126          -   16.40000      -  45.5 3880s
 27145772 1434831     cutoff   57               -   16.40678      -  45.5 3885s
 27169902 1418400     cutoff   35               -   16.41463      -  45.5 3890s
 27192748 1402837 infeasible   37               -   16.42071      -  45.5 3896s
 27211830 1381477     cutoff   38               -   16.42718      -  45.5 3902s
 27235752 1372794   16.52709   40   84          -   16.43066      -  45.5 3905s
 27255974 1358701     cutoff   35               -   16.43750      -  45.6 3910s
 27274907 1339697 infeasible   34               -   16.44438      -  45.6 3916s
 27300475 1326566 infeasible   39               -   16.45000      -  45.6 3920s
 27321769 1310646     cutoff   43               -   16.45672      -  45.6 3925s
 27341431 1296650     cutoff   41               -   16.46313      -  45.6 3930s
 27360693 1282326     cutoff   44               -   16.46988      -  45.6 3935s
 27384935 1264967     cutoff   36               -   16.47826      -  45.6 3940s
 27404236 1251014   17.12748   41  131          -   16.48610      -  45.6 3945s
 27423528 1237605     cutoff   39               -   16.49559      -  45.6 3950s
 27457946 1192510     cutoff   39               -   16.50000      -  45.6 3957s
 27492657 1157708     cutoff   51               -   16.50000      -  45.6 3962s
 27511670 1141931 infeasible   39               -   16.50000      -  45.6 3965s
 27548767 1104769     cutoff   50               -   16.50000      -  45.6 3972s
 27569505 1087014 infeasible   39               -   16.50000      -  45.6 3975s
 27610295 1052714 infeasible   41               -   16.50000      -  45.7 3982s
 27630968 1042371     cutoff   40               -   16.50000      -  45.7 3985s
 27660334 1028116     cutoff   38               -   16.50526      -  45.7 3990s
 27679780 1013413     cutoff   50               -   16.51515      -  45.7 3995s
 27704264 994539 infeasible   47               -   16.52632      -  45.7 4001s
 27723977 978997     cutoff   51               -   16.53448      -  45.7 4005s
 27748290 958673     cutoff   53               -   16.54518      -  45.7 4011s
 27768134 942521     cutoff   40               -   16.55319      -  45.7 4015s
 27790700 924612     cutoff   44               -   16.56104      -  45.7 4020s
 27809816 899731     cutoff   37               -   16.57062      -  45.8 4026s
 27838238 885795     cutoff   44               -   16.57915      -  45.8 4031s
 27856023 870196     cutoff   36               -   16.58667      -  45.8 4035s
 27881603 830444 infeasible   52               -   16.60000      -  45.8 4043s
 27908593 823505 infeasible   38               -   16.60403      -  45.8 4045s
 27931556 803096     cutoff   36               -   16.61561      -  45.8 4050s
 27946386 782126     cutoff   44               -   16.62500      -  45.8 4055s
 27978215 761576 infeasible   38               -   16.63663      -  45.8 4060s
 28002043 740338 infeasible   41               -   16.65054      -  45.8 4065s
 28020552 717732     cutoff   32               -   16.66505      -  45.8 4070s
 28054639 673019     cutoff   38               -   16.66667      -  45.8 4076s
 28093297 651838     cutoff   43               -   16.66667      -  45.8 4080s
 28114924 632566 infeasible   37               -   16.68018      -  45.8 4085s
 28139162 609768     cutoff   45               -   16.69643      -  45.8 4090s
 28164322 584022     cutoff   38               -   16.71250      -  45.8 4095s
 28188973 562654     cutoff   32               -   16.72549      -  45.8 4100s
 28212972 539572 infeasible   44               -   16.74443      -  45.8 4105s
 28242902 500437     cutoff   40               -   16.75000      -  45.8 4110s
 28278675 480967     cutoff   47               -   16.76915      -  45.8 4115s
 28303479 452810 infeasible   39               -   16.78831      -  45.8 4120s
 28337601 419490     cutoff   36               -   16.81081      -  45.8 4125s
 28356716 385412     cutoff   39               -   16.83333      -  45.7 4130s
 28400378 358217 infeasible   39               -   16.86514      -  45.7 4135s
 28427758 331037     cutoff   47               -   16.90000      -  45.7 4140s
 28462143 296857     cutoff   42               -   16.96475      -  45.7 4145s
 28523252 216820 infeasible   53               -   17.00000      -  45.6 4150s
 28610692 133895 infeasible   38               -   17.00000      -  45.5 4155s
 28669865 75785     cutoff   42               -   17.00000      -  45.5 4161s

Cutting planes:
  Gomory: 9
  Implied bound: 232
  MIR: 622
  Inf proof: 34
  Zero half: 715
  Relax-and-lift: 65

Explored 28708038 nodes (1305095374 simplex iterations) in 4164.27 seconds (4543.59 work units)
Thread count was 48 (of 64 available processors)

Solution count 0

Model objective exceeds cutoff
Best objective -, best bound 1.750000000185e+01, gap -
