
Gurobi 13.0.3 (linux64) logging started Wed Sep 30 21:00:26 2026

Set parameter LogFile to value "W7_m56-100_38_n360k24d20w7_dX_20-24_gurobi.log"
Set parameter Threads to value 24
Set parameter NodefileStart to value 60
Set parameter NodefileDir to value "."
Set parameter SoftMemLimit to value 60
Set parameter Cutoff to value 19.5
Set parameter MIPFocus to value 3
Set parameter Symmetry to value 2
Gurobi Optimizer version 13.0.3 build v13.0.3rc0 (linux64 - "Ubuntu 24.04.4 LTS")

CPU model: AMD Ryzen Threadripper PRO 9975WX 32-Cores, instruction set [SSE2|AVX|AVX2|AVX512]
Thread count: 32 physical cores, 64 logical processors, using up to 24 threads

Non-default parameters:
Cutoff  19.5
SoftMemLimit  60
MIPFocus  3
NodefileStart  60
Symmetry  2
Threads  24

Optimize a model with 181 rows, 541 columns and 1524 nonzeros (Min)
Model fingerprint: 0x1781c457
Model has 360 linear objective coefficients
Variable types: 0 continuous, 541 integer (360 binary)
Coefficient statistics:
  Matrix range     [1e+00, 2e+00]
  Objective range  [1e+00, 1e+00]
  Bounds range     [1e+00, 4e+01]
  RHS range        [1e+00, 1e+00]

Presolve time: 0.00s
Presolved: 181 rows, 541 columns, 1524 nonzeros
Variable types: 0 continuous, 541 integer (360 binary)
Root relaxation presolve removed 181 rows and 541 columns
Root relaxation presolve: All rows and columns removed

Extra simplex iterations after uncrush: 1

Root relaxation: objective 1.000000e+00, 1 iterations, 0.00 seconds (0.00 work units)

    Nodes    |    Current Node    |     Objective Bounds      |     Work
 Expl Unexpl |  Obj  Depth IntInf | Incumbent    BestBd   Gap | It/Node Time

     0     0    1.00000    0    3          -    1.00000      -     -    0s
     0     0    1.00000    0    3          -    1.00000      -     -    0s
     0     0    1.00000    0    3          -    1.00000      -     -    0s
     0     0    2.00000    0    3          -    2.00000      -     -    0s
     0     0    2.00000    0    3          -    2.00000      -     -    0s
     0     2    2.00000    0    3          -    2.00000      -     -    0s
  4106  3655   13.65051   25  252          -    8.00000      -  98.5    5s
  8710  6793    8.60538   33  276          -    8.45445      -   118   10s
 19402 15207   12.00000   39   27          -    8.62734      -   100   15s
 32191 24682   11.39144   41  235          -    8.74649      -  92.2   20s
 42346 31072   14.39286   49  207          -    8.83386      -  89.4   25s
 52252 40050   14.00000   44    1          -    8.90786      -  87.8   30s
 67458 49347   13.00000   46   31          -    8.99230      -  86.0   35s
 87409 61067   14.00000   62    1          -    9.07731      -  83.7   40s
 103939 71233   12.36374   50  165          -    9.18028      -  82.5   45s
 120137 79376   12.50000   51   21          -    9.27964      -  81.5   50s
 122538 79533   13.84925   59  226          -    9.32258      -  81.9   55s
 125389 81782   13.06295   46  235          -    9.35122      -  82.1   60s
 140696 89829    9.51751   54  227          -    9.46429      -  81.0   65s
 156696 97305   15.30436   64  222          -    9.63740      -  79.9   70s
 175835 103967   14.35061   66  198          -    9.89362      -  78.6   75s
 195472 112636   14.27020   71  205          -   10.26190      -  77.4   80s
 217293 124233   13.04481   34  211          -   10.71163      -  76.4   85s
 233330 133771   13.68185   44  251          -   11.00000      -  76.0   90s
 253260 145755   11.67441   26  180          -   11.25000      -  75.8   95s
 272033 156725   14.98521   54  222          -   11.46093      -  75.5  100s
 292986 168856   12.70481   36  241          -   11.65302      -  75.2  105s
 309239 178636   12.72705   22  227          -   11.79965      -  75.2  110s
 329783 190608   13.09199   21  222          -   11.95302      -  75.0  115s
 347608 200636   12.52639   44  195          -   12.01449      -  75.1  120s
 366095 211823   14.09919   36  225          -   12.13038      -  75.0  125s
 385569 222359   15.51633   56  157          -   12.25000      -  75.1  130s
 406510 234316   16.28600   54  184          -   12.33551      -  74.9  135s
 423121 243910   12.92596   30  234          -   12.40476      -  75.0  140s
 441363 253978   12.98475   36  264          -   12.46575      -  74.8  145s
 458444 263218   13.16803   47  265          -   12.50515      -  75.0  150s
 475373 272507   14.38038   32  207          -   12.55882      -  74.9  155s
 496329 284208   13.00000   34   27          -   12.62766      -  74.8  160s
 516760 294940   15.29061   26  193          -   12.67592      -  74.8  165s
 534599 305206   14.57063   35  247          -   12.72917      -  74.7  170s
 550528 313653   13.11680   46  212          -   12.77371      -  74.9  175s
 568128 322326   13.30465   39  192          -   12.81990      -  74.9  180s
 585271 331803   14.23761   35  198          -   12.85681      -  75.0  185s
 603599 341316   13.87091   51  188          -   12.89474      -  75.1  190s
 620104 350055   14.56433   42  212          -   12.93026      -  75.1  195s
 636282 359136   15.99890   34  259          -   12.96363      -  75.3  200s
 653192 367477     cutoff   57               -   13.00000      -  75.4  205s
 667615 373753   16.50000   37   18          -   13.00000      -  75.7  210s
 685663 382566   13.50512   29  187          -   13.02041      -  75.9  215s
 702877 391040   14.45303   33  206          -   13.05481      -  76.0  220s
 719369 399337   17.51603   38  253          -   13.08133      -  76.1  225s
 735776 407312   13.66640   31  206          -   13.11015      -  76.2  230s
 748984 413843   16.75000   38   24          -   13.12880      -  76.4  235s
 766988 422590   16.07374   41  242          -   13.15696      -  76.6  240s
 781824 429116   16.90667   31  146          -   13.17722      -  76.7  245s
 796115 436088   14.60216   35  237          -   13.19632      -  76.9  250s
 811324 443263   16.80571   30  213          -   13.21606      -  77.1  255s
 828419 451369   17.13619   38  193          -   13.23620      -  77.3  260s
 842741 457809   14.07385   39  197          -   13.25167      -  77.5  265s
 858210 464918     cutoff   56               -   13.27134      -  77.7  270s
 872956 471276   18.76749   40  224          -   13.28814      -  77.9  275s
 887939 478173   15.07606   36  242          -   13.30769      -  78.1  280s
 905097 485881   14.99856   29  220          -   13.32759      -  78.3  285s
 919705 491674   14.80069   32  201          -   13.33828      -  78.5  290s
 934367 497528   13.99134   34  231          -   13.35887      -  78.6  295s
 948977 504054   17.00000   45   34          -   13.37500      -  78.8  300s
 963709 510383   15.22628   32  189          -   13.39216      -  79.0  305s
 979199 516348   16.75558   41  215          -   13.40828      -  79.0  310s
 995967 523623   18.22658   45  236          -   13.42727      -  79.2  315s
 1010040 529927   16.77473   60  187          -   13.44444      -  79.4  320s
 1025635 536269   17.69419   55  228          -   13.46154      -  79.6  325s
 1040669 542757   17.13387   43  225          -   13.47913      -  79.6  330s
 1057149 549601   14.00000   35    1          -   13.49942      -  79.8  335s
 1071988 555014     cutoff   81               -   13.50000      -  79.9  340s
 1086453 561094   17.17379   40  190          -   13.51064      -  80.1  345s
 1103920 568487     cutoff   44               -   13.53125      -  80.2  350s
 1118915 574890   16.08440   49  178          -   13.54902      -  80.3  355s
 1132655 580578   16.50000   46   20          -   13.56522      -  80.4  360s
 1147553 586469   18.90640   55  216          -   13.58178      -  80.5  365s
 1162008 591855   18.55210   33  239          -   13.60000      -  80.6  370s
 1176912 598001   15.68507   56  191          -   13.61468      -  80.7  375s
 1191419 603976   17.55588   54  212          -   13.62963      -  80.7  380s
 1206155 609894   17.00000   62    1          -   13.64717      -  80.8  385s
 1220718 615379   17.82172   49  221          -   13.66474      -  81.0  390s
 1237284 621967 infeasible   54               -   13.67495      -  81.1  395s
 1251783 627856   15.50000   53   17          -   13.69231      -  81.2  400s
 1266557 633462   14.00000   37   31          -   13.70930      -  81.3  405s
 1283650 640671   15.73659   42  224          -   13.72660      -  81.4  410s
 1295693 645630   14.07131   26  226          -   13.74102      -  81.4  415s
 1311097 651253   16.81110   58  217          -   13.75202      -  81.5  420s
 1327905 657826   14.57447   34  222          -   13.77143      -  81.6  425s
 1342701 664009   16.71429   54  166          -   13.78682      -  81.7  430s
 1357684 669501   17.50000   61   21          -   13.80199      -  81.8  435s
 1374783 676288   17.53906   56  145          -   13.82017      -  81.8  440s
 1389902 682277   19.00000   64    1          -   13.83542      -  81.9  445s
 1406690 688780     cutoff   58               -   13.85404      -  81.9  450s
 1418792 693677   14.42662   64  210          -   13.86667      -  82.0  455s
 1433972 699920   16.14638   31  193          -   13.88235      -  82.1  460s
 1452408 706986   18.75000   53   50          -   13.90053      -  82.1  465s
 1467148 712528   17.12898   56  217          -   13.91667      -  82.1  470s
 1482511 718330   16.51612   56  231          -   13.93333      -  82.1  475s
 1492149 722495   14.42988   28  211          -   13.94286      -  82.2  480s
 1508683 728645   18.38497   56  211          -   13.96234      -  82.3  485s
 1523133 734319   17.00000   57    1          -   13.97885      -  82.3  490s
 1541182 742047   15.43582   56  254          -   14.00000      -  82.3  495s
 1554189 746292     cutoff   77               -   14.00000      -  82.4  500s
 1571824 753611 infeasible   59               -   14.00000      -  82.5  505s
 1587012 759510   14.00000   38   32          -   14.00000      -  82.5  510s
 1600918 764414   16.77091   44  241          -   14.00000      -  82.6  515s
 1618949 773631   16.05198   29  222          -   14.00507      -  82.6  520s
 1637262 780985   14.65838   35  186          -   14.02818      -  82.6  525s
 1652521 786961   16.44002   34  189          -   14.04700      -  82.6  530s
 1670322 793771   14.73698   33  284          -   14.06905      -  82.6  535s
 1687511 800530     cutoff   72               -   14.08948      -  82.6  540s
 1702238 806259   18.24213   39  268          -   14.10638      -  82.6  545s
 1719868 812567   19.00000   79   30          -   14.12500      -  82.6  550s
 1736864 819230     cutoff   66               -   14.14286      -  82.6  555s
 1753906 826158   14.58672   39  224          -   14.16416      -  82.6  560s
 1768919 832188   17.20847   53  230          -   14.17743      -  82.6  565s
 1786825 839338 infeasible   72               -   14.19481      -  82.5  570s
 1803727 845586     cutoff   63               -   14.21053      -  82.5  575s
 1820407 851978 infeasible   66               -   14.22727      -  82.5  580s
 1838025 858987     cutoff   60               -   14.24503      -  82.5  585s
 1854750 864776     cutoff   58               -   14.25405      -  82.5  590s
 1871183 871396   16.84745   43  216          -   14.27117      -  82.5  595s
 1886580 877299   14.81728   25  221          -   14.28526      -  82.5  600s
 1904826 884841     cutoff   72               -   14.30000      -  82.5  605s
 1921460 891659   14.77961   34  221          -   14.31387      -  82.5  610s
 1938962 898700   16.51833   32  191          -   14.33066      -  82.4  615s
 1953624 903768   18.52669   29  246          -   14.33604      -  82.5  620s
 1971173 910938   15.64953   29  229          -   14.35294      -  82.4  625s
 1986631 916990   17.60543   30  210          -   14.36548      -  82.4  630s
 2003983 923328   16.06627   37  211          -   14.37778      -  82.4  635s
 2013982 928297   15.72510   42  221          -   14.38523      -  82.4  640s
 2028475 933242   14.92997   46  192          -   14.39871      -  82.3  645s
 2029599 933653   19.12153   66  210          -   14.40000      -  82.4  650s
 2037412 937660   18.00000   70   24          -   14.40448      -  82.4  656s
 2046283 940843   16.34861   45  195          -   14.41102      -  82.4  660s
 2059795 945950   16.00317   45  207          -   14.42188      -  82.4  665s
 2073895 951729   18.84237   34  212          -   14.43333      -  82.3  670s
 2090439 958026   14.96184   33  237          -   14.44656      -  82.3  675s
 2110830 966676   17.90410   44  222          -   14.46154      -  82.3  680s
 2133130 975660   15.60699   26  197          -   14.47826      -  82.3  685s
 2153198 984155   16.77739   31  220          -   14.49641      -  82.3  690s
 2166864 988176   17.06860   38  186          -   14.50000      -  82.3  695s
 2181424 991783   15.10573   37  239          -   14.50000      -  82.4  700s
 2202908 999725     cutoff   57               -   14.51193      -  82.4  705s
 2220790 1006613   18.61914   50  224          -   14.52632      -  82.4  710s
 2240751 1014937     cutoff   56               -   14.54167      -  82.4  715s
 2260642 1022608   16.56220   34  240          -   14.55650      -  82.4  720s
 2282176 1030956   16.60806   55  217          -   14.57143      -  82.3  725s
 2303023 1039123   17.54069   39  188          -   14.58577      -  82.3  730s
 2319714 1046359   16.44823   39  205          -   14.59726      -  82.3  735s
 2342159 1055078   16.10935   38  221          -   14.61001      -  82.3  740s
 2359489 1061787   16.85312   60  205          -   14.62142      -  82.3  745s
 2374463 1067757   15.83056   68  227          -   14.63043      -  82.3  750s
 2391751 1074237   16.26618   29  228          -   14.64103      -  82.3  755s
 2405657 1079801 infeasible   32               -   14.65000      -  82.3  760s
 2426815 1088360   18.67289   49  178          -   14.66422      -  82.2  765s
 2440519 1091650   17.76667   58  144          -   14.66667      -  82.3  770s
 2456507 1097510     cutoff   30               -   14.67500      -  82.3  775s
 2471162 1103153   16.82479   35  247          -   14.68523      -  82.3  780s
 2488853 1109789     cutoff   61               -   14.69596      -  82.3  785s
 2503246 1115331   15.96913   34  205          -   14.70503      -  82.3  790s
 2518948 1121077   15.65340   41  233          -   14.71408      -  82.3  795s
 2532954 1126587   18.73504   40  217          -   14.72059      -  82.3  800s
 2550438 1133262   17.26461   61  223          -   14.73086      -  82.3  805s
 2564784 1138834 infeasible   59               -   14.73975      -  82.3  810s
 2577190 1143408   15.42346   31  274          -   14.74741      -  82.3  815s
 2590108 1146998     cutoff   66               -   14.75000      -  82.3  820s
 2604297 1152327   16.02412   38  216          -   14.75714      -  82.3  825s
 2619124 1157932   15.74273   33  210          -   14.76618      -  82.3  830s
 2634368 1163160   18.81943   40  222          -   14.77541      -  82.4  835s
 2648391 1167986   18.79958   54  205          -   14.78438      -  82.4  840s
 2663308 1173804   15.05729   28  282          -   14.79290      -  82.4  845s
 2675079 1177680   15.00000   43    6          -   14.80000      -  82.4  850s
 2690264 1182913   15.69093   29  182          -   14.80566      -  82.5  855s
 2704448 1187965   16.66717   34  242          -   14.81395      -  82.5  860s
 2719048 1193148   16.42184   37  183          -   14.82222      -  82.5  865s
 2731618 1197871   17.43461   33  203          -   14.82893      -  82.5  870s
 2745850 1202346   17.07370   37  227          -   14.83333      -  82.6  875s
 2760972 1207576   17.00000   37    6          -   14.84203      -  82.6  880s
 2778465 1213731   17.32909   44  199          -   14.85077      -  82.6  885s
 2792678 1218302   17.43005   53  199          -   14.85753      -  82.6  890s
 2808098 1223718   15.80947   35  226          -   14.86559      -  82.7  895s
 2822545 1228699   15.51623   30  225          -   14.87195      -  82.7  900s
 2837208 1233253   17.46627   37  219          -   14.87879      -  82.7  905s
 2854610 1238938   15.12040   36  238          -   14.88820      -  82.8  910s
 2869315 1243800   18.79741   41  217          -   14.89474      -  82.8  915s
 2883388 1248686     cutoff   32               -   14.90066      -  82.9  920s
 2898251 1253425   15.94213   52  223          -   14.90789      -  82.9  925s
 2912378 1258517   16.78741   47  173          -   14.91387      -  82.9  930s
 2927136 1263508   18.43419   30  170          -   14.92029      -  82.9  935s
 2941327 1268225   16.25837   37  236          -   14.92727      -  83.0  940s
 2956343 1273159   16.36371   32  194          -   14.93443      -  83.0  945s
 2968367 1276947   18.81384   37  216          -   14.94008      -  83.1  950s
 2982802 1281506     cutoff   40               -   14.94737      -  83.1  955s
 2998094 1286386   17.23814   46  210          -   14.95436      -  83.1  960s
 3012593 1290987   17.42113   37  224          -   14.96064      -  83.2  965s
 3027086 1295700     cutoff   59               -   14.96748      -  83.2  970s
 3041522 1299899     cutoff   56               -   14.97381      -  83.3  975s
 3056070 1304345   16.25000   31   53          -   14.98060      -  83.3  980s
 3070803 1309064   17.59041   38  200          -   14.98779      -  83.4  985s
 3085269 1313593   16.10427   33  245          -   14.99477      -  83.4  990s
 3099131 1316662   18.77394   38  190          -   15.00000      -  83.5  995s
 3112052 1318400     cutoff   69               -   15.00000      -  83.6 1000s
 3122813 1318981     cutoff   48               -   15.00000      -  83.7 1005s
 3135131 1319811   19.00000   54   48          -   15.00000      -  83.8 1010s
 3147341 1320618   19.00000   35    1          -   15.00000      -  83.9 1015s
 3158815 1321456 infeasible   45               -   15.00000      -  84.0 1020s
 3171829 1322853     cutoff   73               -   15.00000      -  84.1 1025s
 3186436 1327819 infeasible   37               -   15.00690      -  84.2 1030s
 3202535 1332824   17.89726   63  157          -   15.01487      -  84.2 1035s
 3214383 1336896   16.41656   35  245          -   15.02143      -  84.2 1040s
 3231429 1342564   18.50000   28   18          -   15.03022      -  84.3 1045s
 3246224 1347419     cutoff   47               -   15.03738      -  84.3 1050s
 3261276 1352443   18.40880   36  245          -   15.04338      -  84.3 1055s
 3276269 1357115   17.05193   36  200          -   15.04925      -  84.3 1060s
 3290366 1361558   16.68043   42  188          -   15.05556      -  84.3 1065s
 3304437 1365829     cutoff   63               -   15.06177      -  84.4 1070s
 3318996 1370254   18.82775   38  202          -   15.06800      -  84.4 1075s
 3333852 1375024   15.75073   30  246          -   15.07426      -  84.4 1080s
 3345741 1378647   15.61125   33  263          -   15.07879      -  84.5 1085s
 3360691 1383195   15.23892   37  252          -   15.08447      -  84.5 1090s
 3375466 1387179   17.99069   34  248          -   15.09056      -  84.5 1095s
 3390365 1391056     cutoff   39               -   15.09586      -  84.6 1100s
 3405479 1395465   17.23077   28  109          -   15.10173      -  84.6 1105s
 3417772 1398883   17.67256   39  235          -   15.10705      -  84.7 1110s
 3429989 1402601   15.44535   25  166          -   15.11146      -  84.7 1115s
 3447053 1407190     cutoff   73               -   15.11783      -  84.7 1120s
 3459553 1410512   18.67584   56  197          -   15.12307      -  84.8 1125s
 3473899 1414287   18.77495   44  170          -   15.12745      -  84.8 1130s
 3486411 1417504   15.75266   50  221          -   15.13289      -  84.8 1135s
 3499125 1420848     cutoff   35               -   15.13763      -  84.9 1140s
 3504534 1422499   19.00000   49    1          -   15.13918      -  84.9 1147s
 3509463 1423560   19.00000   40    1          -   15.14020      -  84.9 1151s
 3514746 1424887     cutoff   45               -   15.14220      -  85.0 1155s
 3522881 1426695     cutoff   49               -   15.14444      -  85.0 1160s
 3532737 1429437   17.83778   53  234          -   15.15000      -  85.0 1165s
 3547426 1432798   17.62820   43  235          -   15.15674      -  85.1 1170s
 3560227 1435895     cutoff   52               -   15.16176      -  85.1 1175s
 3572079 1438747     cutoff   59               -   15.16667      -  85.2 1180s
 3586506 1441894   17.42884   50  224          -   15.17048      -  85.2 1185s
 3599423 1445051     cutoff   41               -   15.17588      -  85.3 1190s
 3611125 1447681     cutoff   45               -   15.18037      -  85.3 1195s
 3623753 1450502     cutoff   68               -   15.18531      -  85.4 1200s
 3635520 1453247   17.39894   34  183          -   15.19028      -  85.4 1205s
 3647004 1455905   16.18134   38  215          -   15.19510      -  85.5 1210s
 3661404 1458745 infeasible   64               -   15.20000      -  85.6 1215s
 3674167 1461937 infeasible   45               -   15.20406      -  85.6 1220s
 3686306 1464530   15.62899   45  219          -   15.20856      -  85.7 1225s
 3697805 1467091     cutoff   37               -   15.21327      -  85.7 1230s
 3709827 1469610     cutoff   48               -   15.21792      -  85.8 1235s
 3723531 1472365     cutoff   31               -   15.22323      -  85.8 1241s
 3733332 1474579   18.39246   28  213          -   15.22727      -  85.9 1245s
 3745759 1477390   17.06939   54  199          -   15.23212      -  85.9 1250s
 3760287 1480427   17.42417   48  236          -   15.23798      -  86.0 1256s
 3771700 1483138 infeasible   48               -   15.24256      -  86.1 1260s
 3781734 1485125   17.99421   44  250          -   15.24688      -  86.1 1265s
 3794083 1487038   18.85574   55  228          -   15.25000      -  86.1 1270s
 3806444 1488920     cutoff   50               -   15.25120      -  86.2 1275s
 3817812 1491315   18.64525   36  217          -   15.25626      -  86.2 1280s
 3829752 1493916   18.33946   44  220          -   15.26102      -  86.3 1285s
 3841810 1496145     cutoff   59               -   15.26583      -  86.4 1290s
 3853803 1498615 infeasible   54               -   15.27029      -  86.4 1295s
 3865783 1501067   19.00000   55    1          -   15.27489      -  86.4 1300s
 3877364 1503360     cutoff   41               -   15.27932      -  86.5 1305s
 3889900 1506355   17.13913   54  169          -   15.28382      -  86.5 1310s
 3901553 1508219   15.96947   41  207          -   15.28742      -  86.6 1315s
 3914336 1510745   17.86504   45  230          -   15.29268      -  86.7 1320s
 3926219 1513092   15.50000   34   18          -   15.29736      -  86.7 1325s
 3938567 1515400     cutoff   27               -   15.30166      -  86.8 1330s
 3950709 1517505   18.18498   43  195          -   15.30646      -  86.8 1335s
 3962275 1519721 infeasible   49               -   15.31064      -  86.9 1340s
 3974844 1522061   17.40076   32  266          -   15.31498      -  86.9 1345s
 3986634 1524484     cutoff   42               -   15.31937      -  86.9 1350s
 3998435 1526910   15.70841   58  254          -   15.32407      -  87.0 1355s
 4012193 1529549   18.92946   41  231          -   15.32990      -  87.1 1360s
 4022750 1531002     cutoff   63               -   15.33333      -  87.1 1365s
 4034180 1531722   15.70979   38  229          -   15.33333      -  87.2 1370s
 4046460 1534097   16.77817   38  217          -   15.33759      -  87.2 1375s
 4056565 1536000   18.21806   57  187          -   15.34194      -  87.3 1380s
 4070497 1538413     cutoff   52               -   15.34754      -  87.3 1386s
 4080277 1540178   16.91587   31  201          -   15.35136      -  87.4 1390s
 4091911 1542245   16.49284   38  200          -   15.35611      -  87.4 1395s
 4104365 1544631   19.00996   28  222          -   15.36071      -  87.5 1400s
 4116193 1546566   15.99795   45  214          -   15.36538      -  87.5 1406s
 4126546 1548376   19.00000   48   33          -   15.36928      -  87.5 1410s
 4138463 1550307 infeasible   49               -   15.37462      -  87.6 1415s
 4150572 1552505   18.50000   41   18          -   15.37780      -  87.6 1420s
 4162709 1554840   16.53849   37  178          -   15.38269      -  87.7 1425s
 4174328 1556810   16.98442   37  224          -   15.38701      -  87.7 1430s
 4186884 1558811   17.79928   46  225          -   15.39189      -  87.8 1435s
 4198538 1560942     cutoff   53               -   15.39706      -  87.9 1440s
 4211491 1562445   18.31496   33  227          -   15.40000      -  87.9 1445s
 4222999 1564665     cutoff   45               -   15.40431      -  87.9 1450s
 4235408 1566910   19.30341   68  197          -   15.40909      -  88.0 1455s
 4246958 1569081   19.20810   46  183          -   15.41379      -  88.0 1460s
 4257435 1570456 infeasible   51               -   15.41728      -  88.1 1465s
 4260620 1571585 infeasible   45               -   15.41808      -  88.1 1470s
 4271079 1573226   18.51282   38  139          -   15.42229      -  88.1 1475s
 4283091 1575232   17.97913   29  196          -   15.42789      -  88.2 1480s
 4293217 1576616     cutoff   48               -   15.43060      -  88.2 1485s
 4304789 1578666   18.76253   37  147          -   15.43528      -  88.3 1490s
 4317396 1580712   18.50691   44  162          -   15.44029      -  88.3 1495s
 4329266 1582634 infeasible   48               -   15.44444      -  88.3 1500s
 4340923 1584738   16.47583   35  205          -   15.44898      -  88.4 1505s
 4354823 1586954   17.05476   48  223          -   15.45455      -  88.4 1510s
 4367011 1589277     cutoff   49               -   15.45853      -  88.5 1515s
 4378531 1591257   18.94368   57  184          -   15.46264      -  88.5 1520s
 4390442 1593192     cutoff   47               -   15.46728      -  88.5 1525s
 4402303 1595175     cutoff   49               -   15.47213      -  88.6 1530s
 4411893 1596932     cutoff   48               -   15.47610      -  88.6 1535s
 4424426 1598984     cutoff   54               -   15.48074      -  88.7 1540s
 4436597 1601020     cutoff   58               -   15.48538      -  88.7 1545s
 4449104 1603154   18.79771   47  233          -   15.49028      -  88.7 1550s
 4460576 1605259   17.59127   33  233          -   15.49513      -  88.8 1555s
 4473839 1607076   18.64234   41  239          -   15.50000      -  88.8 1560s
 4485036 1607646   17.72205   38  230          -   15.50000      -  88.9 1565s
 4497458 1607982 infeasible   35               -   15.50000      -  88.9 1571s
 4506984 1608019     cutoff   56               -   15.50000      -  89.0 1575s
 4518652 1608798   18.84263   46  227          -   15.50011      -  89.0 1581s
 4528465 1610370     cutoff   55               -   15.50498      -  89.1 1585s
 4541207 1612512     cutoff   48               -   15.51064      -  89.1 1590s
 4550339 1614078     cutoff   51               -   15.51471      -  89.1 1595s
 4563484 1616543   17.57758   48  271          -   15.51994      -  89.2 1600s
 4577862 1618778   17.96313   36  221          -   15.52567      -  89.2 1605s
 4590440 1620861   17.96974   42  194          -   15.53055      -  89.3 1611s
 4602696 1622949     cutoff   43               -   15.53512      -  89.3 1615s
 4612720 1624646   18.33428   37  215          -   15.53894      -  89.3 1620s
 4624744 1626830     cutoff   49               -   15.54388      -  89.3 1625s
 4637186 1628807     cutoff   62               -   15.54839      -  89.4 1630s
 4649468 1630767   17.06951   28  249          -   15.55348      -  89.4 1635s
 4661193 1632774   16.55797   34  254          -   15.55769      -  89.4 1640s
 4673744 1634832     cutoff   48               -   15.56250      -  89.5 1645s
 4684874 1636682   19.00000   48   30          -   15.56742      -  89.5 1650s
 4697711 1638472     cutoff   49               -   15.57143      -  89.5 1655s
 4709804 1640900 infeasible   61               -   15.57580      -  89.6 1660s
 4722061 1642800   16.49327   42  177          -   15.58089      -  89.6 1665s
 4731865 1644354   16.20755   44  189          -   15.58396      -  89.6 1670s
 4744047 1646434     cutoff   62               -   15.58866      -  89.6 1675s
 4755861 1648289     cutoff   63               -   15.59375      -  89.7 1680s
 4767221 1650271 infeasible   32               -   15.59864      -  89.7 1685s
 4780045 1651135 infeasible   54               -   15.60014      -  89.7 1690s
 4791400 1652975 infeasible   56               -   15.60571      -  89.8 1695s
 4801670 1654674   16.59794   46  226          -   15.60957      -  89.8 1700s
 4815919 1656515     cutoff   46               -   15.61537      -  89.8 1705s
 4825563 1657994     cutoff   58               -   15.61905      -  89.9 1710s
 4838059 1660263     cutoff   42               -   15.62394      -  89.9 1715s
 4852602 1662171   16.55805   38  244          -   15.62810      -  89.9 1720s
 4863878 1663839     cutoff   48               -   15.63297      -  90.0 1725s
 4876431 1665750 infeasible   68               -   15.63714      -  90.0 1730s
 4888633 1667515   17.39740   37  228          -   15.64237      -  90.0 1735s
 4900269 1669252     cutoff   58               -   15.64642      -  90.0 1740s
 4912440 1671024   16.76702   36  220          -   15.65104      -  90.1 1745s
 4924015 1672833     cutoff   62               -   15.65576      -  90.1 1750s
 4936361 1674947     cutoff   50               -   15.66087      -  90.1 1755s
 4948264 1676552   15.85118   54  222          -   15.66667      -  90.2 1760s
 4957823 1676369     cutoff   57               -   15.66667      -  90.2 1765s
 4969859 1676547 infeasible   63               -   15.66721      -  90.2 1770s
 4970971 1676529   18.75000   54   57          -   15.66832      -  90.2 1777s
 4971023 1676533   17.49390   40  228          -   15.66850      -  90.2 1780s
 4971116 1676574   19.00000   46   24          -   15.66886      -  90.3 1787s
 4971775 1677079   18.12348   33  246          -   15.66905      -  90.3 1794s
 4977089 1678453   19.00000   50    1          -   15.66932      -  90.3 1798s
 4986102 1679297   16.68521   27  206          -   15.67004      -  90.3 1800s
 5000352 1681119   16.92091   42  215          -   15.67961      -  90.3 1805s
 5015556 1683431     cutoff   61               -   15.68519      -  90.4 1810s
 5027518 1685228   17.50000   48   20          -   15.68979      -  90.4 1815s
 5039227 1686630     cutoff   56               -   15.69436      -  90.4 1820s
 5051291 1688553     cutoff   63               -   15.69933      -  90.4 1825s
 5062788 1689951     cutoff   55               -   15.70302      -  90.5 1830s
 5077555 1692146     cutoff   58               -   15.70833      -  90.5 1835s
 5090199 1693853   16.09565   48  177          -   15.71367      -  90.5 1840s
 5102356 1695533     cutoff   59               -   15.71698      -  90.5 1845s
 5114258 1697531 infeasible   61               -   15.72175      -  90.6 1850s
 5126550 1699412   16.37796   43  225          -   15.72619      -  90.6 1855s
 5138299 1701204     cutoff   54               -   15.73029      -  90.6 1860s
 5149980 1702772     cutoff   59               -   15.73498      -  90.7 1865s
 5161805 1704293     cutoff   57               -   15.73958      -  90.7 1870s
 5173850 1706190     cutoff   58               -   15.74464      -  90.7 1875s
 5186028 1707385     cutoff   64               -   15.75000      -  90.7 1880s
 5198673 1707590     cutoff   57               -   15.75000      -  90.8 1885s
 5210771 1709361     cutoff   54               -   15.75401      -  90.8 1890s
 5223542 1711413   16.35869   43  199          -   15.75926      -  90.8 1895s
 5235915 1713114     cutoff   61               -   15.76423      -  90.9 1900s
 5248069 1714750 infeasible   65               -   15.76880      -  90.9 1905s
 5262445 1717015   18.24365   43  208          -   15.77419      -  90.9 1910s
 5274478 1718666     cutoff   58               -   15.77803      -  90.9 1915s
 5286716 1720177   18.49683   37  200          -   15.78320      -  91.0 1920s
 5298735 1721734 infeasible   63               -   15.78788      -  91.0 1925s
 5311056 1723496 infeasible   66               -   15.79231      -  91.0 1930s
 5323581 1725158     cutoff   60               -   15.79730      -  91.0 1935s
 5335359 1725624   16.56772   39  190          -   15.80000      -  91.1 1940s
 5349892 1727762   18.42185   35  198          -   15.80457      -  91.1 1945s
 5362726 1729728     cutoff   57               -   15.80930      -  91.1 1950s
 5374584 1731438   18.00799   58  228          -   15.81344      -  91.1 1955s
 5386768 1732967   17.25196   34  189          -   15.81818      -  91.2 1960s
 5398706 1734926     cutoff   56               -   15.82215      -  91.2 1965s
 5411217 1736724 infeasible   54               -   15.82644      -  91.2 1970s
 5425683 1738831     cutoff   51               -   15.83240      -  91.2 1975s
 5435700 1739154 infeasible   49               -   15.83333      -  91.2 1980s
 5448507 1741010     cutoff   72               -   15.83804      -  91.3 1985s
 5462603 1743043 infeasible   61               -   15.84286      -  91.3 1990s
 5474957 1744657   17.25243   34  197          -   15.84736      -  91.3 1995s
 5487114 1746385   17.30435   44  157          -   15.85196      -  91.3 2000s
 5499837 1747767     cutoff   69               -   15.85714      -  91.4 2005s
 5512027 1749504 infeasible   60               -   15.86022      -  91.4 2010s
 5524255 1751108     cutoff   65               -   15.86518      -  91.4 2015s
 5539195 1753230   18.59231   40  236          -   15.87050      -  91.4 2020s
 5551384 1754326 infeasible   66               -   15.87500      -  91.4 2025s
 5563144 1755791     cutoff   52               -   15.87817      -  91.5 2030s
 5576127 1757683   16.51788   42  233          -   15.88250      -  91.5 2035s
 5588129 1759589 infeasible   60               -   15.88733      -  91.5 2040s
 5602689 1761231   17.39703   35  263          -   15.89212      -  91.5 2045s
 5614816 1762860   18.90821   41  223          -   15.89655      -  91.6 2050s
 5627552 1764379 infeasible   60               -   15.90027      -  91.6 2055s
 5639797 1766092     cutoff   48               -   15.90509      -  91.6 2060s
 5651930 1767688   16.16935   29  214          -   15.90926      -  91.6 2065s
 5664401 1769662     cutoff   67               -   15.91411      -  91.6 2070s
 5676556 1771217     cutoff   65               -   15.91803      -  91.7 2075s
 5689128 1772984     cutoff   39               -   15.92289      -  91.7 2080s
 5701181 1774795   18.74004   35  216          -   15.92706      -  91.7 2085s
 5715639 1776855 infeasible   52               -   15.93182      -  91.7 2090s
 5727619 1778383   17.62544   80  205          -   15.93617      -  91.7 2095s
 5742245 1780306   16.29671   65  235          -   15.94118      -  91.8 2100s
 5754405 1781962 infeasible   67               -   15.94521      -  91.8 2105s
 5766853 1783500     cutoff   68               -   15.95000      -  91.8 2110s
 5779321 1785486 infeasible   63               -   15.95455      -  91.8 2115s
 5791587 1787134     cutoff   78               -   15.95906      -  91.8 2120s
 5803514 1788878     cutoff   53               -   15.96334      -  91.9 2125s
 5815609 1790450     cutoff   55               -   15.96739      -  91.9 2130s
 5830317 1792389     cutoff   54               -   15.97294      -  91.9 2135s
 5842630 1794281     cutoff   63               -   15.97748      -  91.9 2140s
 5855101 1796149     cutoff   44               -   15.98214      -  91.9 2145s
 5867201 1798234 infeasible   61               -   15.98637      -  92.0 2150s
 5882186 1800552   17.24310   60  253          -   15.99241      -  92.0 2155s
 5894443 1802698     cutoff   52               -   15.99775      -  92.0 2160s
 5905674 1802250 infeasible   76               -   16.00000      -  92.0 2165s
 5917259 1800849     cutoff   74               -   16.00000      -  92.1 2170s
 5926711 1799262     cutoff   82               -   16.00000      -  92.1 2175s
 5938299 1796669 infeasible   50               -   16.00000      -  92.2 2181s
 5948013 1794558 infeasible   68               -   16.00000      -  92.2 2185s
 5960182 1791662 infeasible   62               -   16.00000      -  92.2 2190s
 5970300 1789478     cutoff   39               -   16.00000      -  92.3 2195s
 5982278 1787445   18.79544   43  244          -   16.00000      -  92.3 2200s
 5992752 1786432 infeasible   67               -   16.00000      -  92.4 2205s
 6004940 1786826     cutoff   32               -   16.00194      -  92.4 2210s
 6017673 1788900     cutoff   70               -   16.00784      -  92.4 2215s
 6032609 1791404   16.70427   42  220          -   16.01422      -  92.4 2221s
 6045053 1793374 infeasible   49               -   16.01965      -  92.4 2225s
 6057655 1795523     cutoff   65               -   16.02463      -  92.4 2230s
 6069167 1797158 infeasible   75               -   16.02908      -  92.5 2235s
 6081474 1799068   17.03729   35  228          -   16.03415      -  92.5 2240s
 6096547 1801378   16.27781   40  220          -   16.03958      -  92.5 2245s
 6108706 1803326   17.93283   42  226          -   16.04384      -  92.5 2250s
 6123823 1805570 infeasible   66               -   16.04969      -  92.5 2255s
 6136146 1807580     cutoff   66               -   16.05387      -  92.5 2260s
 6150499 1809793   16.23717   47  244          -   16.05900      -  92.5 2265s
 6162882 1811806     cutoff   63               -   16.06319      -  92.5 2270s
 6174959 1813726     cutoff   62               -   16.06786      -  92.6 2275s
 6189380 1815858     cutoff   62               -   16.07299      -  92.6 2280s
 6202327 1817570     cutoff   70               -   16.07754      -  92.6 2285s
 6214624 1819520     cutoff   66               -   16.08262      -  92.6 2290s
 6229033 1821779   17.15874   40  253          -   16.08725      -  92.6 2295s
 6241632 1823419     cutoff   30               -   16.09109      -  92.6 2300s
 6253751 1825124   17.83166   45  232          -   16.09607      -  92.6 2305s
 6265853 1826471   17.96712   36  198          -   16.10000      -  92.7 2310s
 6277987 1828293   18.29774   51  242          -   16.10442      -  92.7 2315s
 6293049 1830545   18.30778   38  208          -   16.10963      -  92.7 2320s
 6304723 1831887   16.74563   43  244          -   16.11299      -  92.7 2325s
 6319507 1833983     cutoff   39               -   16.11839      -  92.7 2330s
 6329200 1835378   16.51649   35  236          -   16.12220      -  92.7 2335s
 6344013 1836952   18.31382   54  211          -   16.12593      -  92.8 2340s
 6356325 1838714     cutoff   73               -   16.13050      -  92.8 2345s
 6370744 1840697   18.28288   43  148          -   16.13542      -  92.8 2350s
 6382838 1842436   17.11675   35  208          -   16.14000      -  92.8 2355s
 6394838 1843619     cutoff   64               -   16.14286      -  92.8 2360s
 6409559 1845967     cutoff   61               -   16.14842      -  92.8 2365s
 6421553 1847496   18.93107   45  218          -   16.15268      -  92.8 2370s
 6433625 1849156   16.27201   39  220          -   16.15686      -  92.8 2375s
 6446346 1851016   19.50000   73   21          -   16.16116      -  92.9 2380s
 6460886 1852897     cutoff   58               -   16.16667      -  92.9 2385s
 6475161 1854064   17.43273   39  179          -   16.16832      -  92.9 2390s
 6487407 1855584     cutoff   62               -   16.17308      -  92.9 2395s
 6499205 1856984   17.29167   31  128          -   16.17742      -  92.9 2400s
 6511452 1858617 infeasible   31               -   16.18182      -  92.9 2405s
 6526207 1860703   16.94525   30  227          -   16.18692      -  93.0 2411s
 6538458 1862327   17.46077   28  185          -   16.19072      -  93.0 2415s
 6550971 1864257     cutoff   55               -   16.19512      -  93.0 2420s
 6565180 1865376     cutoff   64               -   16.20000      -  93.0 2425s
 6577306 1866504   17.16516   42  226          -   16.20254      -  93.0 2430s
 6589860 1868347   18.10093   29  244          -   16.20698      -  93.0 2435s
 6601822 1869969   18.47321   49  201          -   16.21088      -  93.1 2440s
 6616406 1871698   16.81019   37  215          -   16.21599      -  93.1 2445s
 6628561 1873449   17.35982   34  245          -   16.22006      -  93.1 2450s
 6640526 1874561   18.50136   36  223          -   16.22340      -  93.1 2455s
 6652798 1876187 infeasible   62               -   16.22745      -  93.1 2460s
 6665326 1877935     cutoff   72               -   16.23146      -  93.1 2465s
 6677340 1879513 infeasible   48               -   16.23549      -  93.1 2470s
 6692251 1881431   17.53682   51  203          -   16.24040      -  93.2 2475s
 6706540 1883515 infeasible   79               -   16.24519      -  93.2 2480s
 6718922 1884731 infeasible   71               -   16.25000      -  93.2 2485s
 6730651 1884165   18.47683   42  238          -   16.25000      -  93.2 2490s
 6743152 1885401   17.08059   40  212          -   16.25200      -  93.2 2495s
 6758325 1887683   17.29565   43  210          -   16.25749      -  93.3 2500s
 6770735 1889336   16.51862   38  233          -   16.26190      -  93.3 2505s
 6783149 1890743   18.10644   44  237          -   16.26610      -  93.3 2510s
 6797763 1892777     cutoff   68               -   16.27104      -  93.3 2515s
 6810227 1894284     cutoff   46               -   16.27491      -  93.3 2520s
 6822591 1895881     cutoff   72               -   16.27898      -  93.3 2525s
 6834639 1897491   17.57723   42  233          -   16.28283      -  93.3 2530s
 6849297 1898742     cutoff   67               -   16.28629      -  93.4 2535s
 6861253 1900272   17.33073   53  233          -   16.29074      -  93.4 2540s
 6873448 1901688   17.99713   39  251          -   16.29464      -  93.4 2545s
 6885610 1903337 infeasible   37               -   16.29914      -  93.4 2550s
 6898212 1904566   17.37271   49  245          -   16.30233      -  93.4 2555s
 6910523 1906200   17.60588   40  224          -   16.30659      -  93.4 2560s
 6922479 1907649     cutoff   58               -   16.31061      -  93.5 2565s
 6937094 1909316 infeasible   69               -   16.31559      -  93.5 2570s
 6946878 1910591   17.23603   36  211          -   16.31868      -  93.5 2575s
 6959468 1912161   18.65962   33  241          -   16.32294      -  93.5 2580s
 6971378 1913828   17.49565   41  248          -   16.32707      -  93.5 2585s
 6983890 1915652     cutoff   60               -   16.33145      -  93.5 2590s
 6995600 1915046   17.91517   73  173          -   16.33333      -  93.5 2595s
 7007437 1913843     cutoff   85               -   16.33333      -  93.6 2600s
 7019531 1915183     cutoff   63               -   16.33701      -  93.6 2605s
 7034311 1917341     cutoff   72               -   16.34211      -  93.6 2610s
 7046727 1918870   16.85588   73  218          -   16.34629      -  93.6 2615s
 7058764 1920307   18.62527   59  178          -   16.35029      -  93.6 2620s
 7071108 1921682   17.54693   36  251          -   16.35417      -  93.6 2625s
 7082954 1923065   18.04388   32  216          -   16.35745      -  93.7 2630s
 7097574 1924697   18.27459   34  200          -   16.36232      -  93.7 2635s
 7109875 1925772 infeasible   62               -   16.36599      -  93.7 2640s
 7122184 1927284   18.10666   44  209          -   16.37030      -  93.7 2645s
 7136565 1928518     cutoff   86               -   16.37500      -  93.7 2650s
 7148794 1929800   18.46015   34  233          -   16.37735      -  93.7 2655s
 7160338 1931313   17.62500   42  178          -   16.38117      -  93.8 2660s
 7174976 1933005     cutoff   58               -   16.38565      -  93.8 2665s
 7187135 1934339   17.12921   31  228          -   16.38924      -  93.8 2670s
 7199179 1935617   17.30901   34  217          -   16.39323      -  93.8 2675s
 7213747 1937709     cutoff   43               -   16.39814      -  93.8 2680s
 7225480 1937269   17.14973   64  215          -   16.40000      -  93.8 2685s
 7237832 1938859   16.91659   54  204          -   16.40327      -  93.9 2690s
 7240629 1938876     cutoff   57               -   16.40476      -  93.9 2695s
 7240817 1938887     cutoff   81               -   16.40515      -  93.9 2700s
 7240957 1938888 infeasible   69               -   16.40553      -  93.9 2705s
 7241081 1938903 infeasible   40               -   16.40592      -  93.9 2711s
 7241170 1938893     cutoff   43               -   16.40625      -  93.9 2715s
 7241322 1938904   17.83219   55  197          -   16.40647      -  93.9 2721s
 7241404 1938895   17.18720   45  211          -   16.40670      -  93.9 2726s
 7241461 1938900 infeasible   69               -   16.40679      -  93.9 2731s
 7241532 1938944   18.95285   58  200          -   16.40711      -  93.9 2736s
 7241770 1939053   16.98336   31  147          -   16.40733      -  93.9 2741s
 7243060 1939280     cutoff   70               -   16.40741      -  93.9 2749s
 7244332 1939590     cutoff   42               -   16.40764      -  93.9 2752s
 7249783 1940278     cutoff   46               -   16.40833      -  93.9 2756s
 7259443 1941251   17.25317   73  190          -   16.41292      -  93.9 2760s
 7271859 1942462   18.49391   47  184          -   16.41667      -  93.9 2765s
 7281891 1943741     cutoff   50               -   16.42000      -  93.9 2770s
 7294529 1945063   18.15719   48  247          -   16.42364      -  94.0 2775s
 7309641 1946620   17.40341   42  208          -   16.42843      -  94.0 2780s
 7321167 1947262     cutoff   65               -   16.43100      -  94.0 2785s
 7333838 1948763   18.66152   39  208          -   16.43520      -  94.0 2790s
 7345559 1950097   17.52195   40  238          -   16.43916      -  94.0 2795s
 7357806 1951622   17.50000   32   39          -   16.44311      -  94.0 2800s
 7369600 1952439   18.58638   42  228          -   16.44595      -  94.1 2805s
 7384127 1954342   16.88340   32  225          -   16.45030      -  94.1 2810s
 7396780 1955496   18.11746   40  281          -   16.45455      -  94.1 2815s
 7409154 1957112   17.04505   50  187          -   16.45775      -  94.1 2820s
 7421424 1958299     cutoff   50               -   16.46154      -  94.1 2825s
 7433659 1959877     cutoff   63               -   16.46519      -  94.1 2830s
 7445606 1961051     cutoff   41               -   16.46879      -  94.2 2835s
 7457890 1962481     cutoff   64               -   16.47243      -  94.2 2840s
 7470036 1963621     cutoff   74               -   16.47637      -  94.2 2845s
 7484338 1965380   17.50000   42   23          -   16.48116      -  94.2 2850s
 7496566 1966792 infeasible   58               -   16.48510      -  94.2 2855s
 7508794 1968229   17.94618   37  224          -   16.48913      -  94.2 2860s
 7521022 1969754     cutoff   41               -   16.49302      -  94.3 2865s
 7533123 1971518   18.06703   40  183          -   16.49721      -  94.3 2870s
 7544678 1971315   17.29237   79  180          -   16.50000      -  94.3 2875s
 7555976 1969415 infeasible   81               -   16.50000      -  94.3 2880s
 7567975 1967127   18.54895   38  200          -   16.50000      -  94.4 2885s
 7577940 1965340     cutoff   43               -   16.50000      -  94.4 2890s
 7589684 1963156     cutoff   58               -   16.50000      -  94.4 2895s
 7602360 1963442 infeasible   45               -   16.50111      -  94.4 2900s
 7614642 1965097   17.85752   28  273          -   16.50554      -  94.4 2905s
 7627188 1966669   18.00000   53   27          -   16.50974      -  94.5 2910s
 7639306 1967988   17.61876   39  225          -   16.51359      -  94.5 2915s
 7651602 1969619   17.21329   42  231          -   16.51765      -  94.5 2920s
 7663804 1971049   17.05242   40  221          -   16.52170      -  94.5 2925s
 7676353 1972423   17.87390   39  176          -   16.52542      -  94.5 2930s
 7690637 1973968   18.21375   39  230          -   16.52987      -  94.5 2935s
 7700764 1974879   18.47792   38  251          -   16.53318      -  94.5 2940s
 7715571 1976655   17.25627   39  252          -   16.53779      -  94.6 2945s
 7727905 1977966   18.78901   41  211          -   16.54112      -  94.6 2950s
 7739981 1979185   17.44884   41  229          -   16.54520      -  94.6 2955s
 7752128 1980504   18.13022   43  234          -   16.54851      -  94.6 2960s
 7764313 1981939   16.94415   32  233          -   16.55233      -  94.6 2965s
 7778862 1983010   18.70644   48  205          -   16.55630      -  94.6 2970s
 7790765 1984362     cutoff   66               -   16.56024      -  94.6 2975s
 7803158 1985577   17.98050   35  234          -   16.56427      -  94.7 2980s
 7815373 1987011   17.94444   25  133          -   16.56828      -  94.7 2985s
 7829558 1987873 infeasible   75               -   16.57143      -  94.7 2990s
 7841733 1989221   17.14931   28  205          -   16.57576      -  94.7 2995s
 7853751 1990651   16.97931   49  219          -   16.57938      -  94.7 3000s
 7865880 1991643   17.47594   37  212          -   16.58333      -  94.7 3005s
 7878042 1993162 infeasible   51               -   16.58643      -  94.8 3010s
 7890484 1994451 infeasible   75               -   16.59009      -  94.8 3015s
 7902714 1995844 infeasible   72               -   16.59375      -  94.8 3020s
 7915025 1997378     cutoff   75               -   16.59783      -  94.8 3025s
 7926899 1996968 infeasible   78               -   16.60000      -  94.8 3030s
 7938647 1997868   18.00000   29   32          -   16.60263      -  94.8 3035s
 7951356 1999250   17.04751   32  221          -   16.60669      -  94.8 3040s
 7963399 2000296   19.12464   44  195          -   16.61053      -  94.9 3045s
 7975220 2001596   17.68490   35  254          -   16.61404      -  94.9 3050s
 7989974 2002876   18.50073   37  236          -   16.61855      -  94.9 3055s
 8004812 2004410 infeasible   40               -   16.62333      -  94.9 3060s
 8016424 2004671     cutoff   39               -   16.62563      -  94.9 3065s
 8028418 2005880   16.94331   39  201          -   16.62955      -  95.0 3070s
 8040612 2007101     cutoff   75               -   16.63333      -  95.0 3075s
 8054760 2008101   17.05140   42  205          -   16.63731      -  95.0 3080s
 8067167 2009261   18.50225   42  219          -   16.64103      -  95.0 3085s
 8079237 2010137   17.69214   33  238          -   16.64441      -  95.0 3090s
 8091958 2011309   18.87204   39  213          -   16.64822      -  95.0 3095s
 8104230 2012528   17.77262   41  210          -   16.65175      -  95.1 3100s
 8117004 2013882   16.97692   45  152          -   16.65567      -  95.1 3105s
 8130856 2015442   18.05413   38  233          -   16.66000      -  95.1 3111s
 8143318 2016679   18.39896   30  252          -   16.66379      -  95.1 3115s
 8155298 2016444     cutoff   84               -   16.66667      -  95.1 3120s
 8166748 2014096     cutoff   84               -   16.66667      -  95.1 3125s
 8176627 2013420 infeasible   48               -   16.66667      -  95.2 3130s
 8188702 2014743   17.71947   36  248          -   16.67086      -  95.2 3135s
 8203740 2016399   18.72853   53  254          -   16.67549      -  95.2 3140s
 8215976 2017305   17.76209   33  265          -   16.67918      -  95.2 3145s
 8228098 2018497   17.48122   46  210          -   16.68269      -  95.2 3150s
 8240039 2019662   18.59152   34  192          -   16.68632      -  95.2 3155s
 8252359 2020664   17.60834   37  194          -   16.68970      -  95.2 3160s
 8264671 2021894   17.37753   37  254          -   16.69298      -  95.3 3165s
 8277403 2023285   18.85461   28  221          -   16.69697      -  95.3 3170s
 8289328 2023873   17.40647   41  257          -   16.70000      -  95.3 3175s
 8302260 2025046   17.74777   37  194          -   16.70370      -  95.3 3180s
 8314583 2026084   17.78067   43  137          -   16.70732      -  95.3 3185s
 8326527 2027213     cutoff   69               -   16.71104      -  95.3 3190s
 8338710 2027739   18.16417   31  152          -   16.71429      -  95.4 3195s
 8350357 2028405     cutoff   61               -   16.71667      -  95.4 3200s
 8363184 2029619     cutoff   47               -   16.72081      -  95.4 3205s
 8375181 2030807     cutoff   35               -   16.72414      -  95.4 3210s
 8385412 2031441   19.21834   51  202          -   16.72727      -  95.4 3215s
 8397718 2032596     cutoff   42               -   16.73065      -  95.4 3220s
 8409422 2033552     cutoff   43               -   16.73389      -  95.5 3225s
 8421987 2034581   17.45427   44  217          -   16.73755      -  95.5 3230s
 8433848 2035674 infeasible   56               -   16.74105      -  95.5 3235s
 8443808 2036532   18.87121   29  225          -   16.74390      -  95.5 3240s
 8455598 2037758     cutoff   66               -   16.74748      -  95.5 3245s
 8467598 2036896     cutoff   41               -   16.75000      -  95.5 3250s
 8479467 2035112   17.65693   51  178          -   16.75000      -  95.6 3255s
 8489413 2036023     cutoff   63               -   16.75188      -  95.6 3260s
 8501650 2037044   17.39467   42  233          -   16.75556      -  95.6 3265s
 8513317 2037913     cutoff   62               -   16.75915      -  95.6 3270s
 8525372 2038783   17.82463   33  219          -   16.76280      -  95.6 3275s
 8537915 2039754     cutoff   88               -   16.76667      -  95.7 3280s
 8549576 2040486     cutoff   67               -   16.77021      -  95.7 3285s
 8562365 2041549   18.25355   48  212          -   16.77397      -  95.7 3290s
 8574399 2042027     cutoff   81               -   16.77778      -  95.7 3295s
 8586217 2042737     cutoff   45               -   16.78049      -  95.7 3300s
 8598285 2043760   17.70817   52  208          -   16.78402      -  95.7 3305s
 8609941 2044327     cutoff   35               -   16.78735      -  95.7 3310s
 8622033 2045119     cutoff   44               -   16.79070      -  95.8 3315s
 8634305 2046196     cutoff   68               -   16.79418      -  95.8 3320s
 8646470 2047296   18.03974   40  227          -   16.79795      -  95.8 3325s
 8658101 2046319     cutoff   44               -   16.80000      -  95.8 3330s
 8670274 2046782     cutoff   35               -   16.80239      -  95.8 3335s
 8682490 2047981   17.19714   41  209          -   16.80590      -  95.8 3340s
 8694455 2048844   18.43583   46  238          -   16.80952      -  95.9 3345s
 8706380 2049776   17.76701   39  239          -   16.81257      -  95.9 3350s
 8718328 2050656   17.94390   47  228          -   16.81635      -  95.9 3355s
 8727634 2051094   17.13705   44  222          -   16.81848      -  95.9 3360s
 8740356 2052030   17.45822   35  174          -   16.82222      -  95.9 3365s
 8752135 2052826   17.60262   32  205          -   16.82567      -  96.0 3370s
 8764524 2053691   18.85908   51  177          -   16.82915      -  96.0 3375s
 8776945 2054740     cutoff   71               -   16.83268      -  96.0 3380s
 8788176 2053455     cutoff   77               -   16.83333      -  96.0 3385s
 8798531 2054501   18.01953   39  233          -   16.83597      -  96.0 3390s
 8813122 2055621     cutoff   78               -   16.84000      -  96.0 3395s
 8822979 2056337   17.80308   37  229          -   16.84314      -  96.1 3400s
 8836937 2057151     cutoff   35               -   16.84670      -  96.1 3405s
 8848497 2057723     cutoff   40               -   16.85000      -  96.1 3410s
 8857998 2058402     cutoff   42               -   16.85279      -  96.1 3415s
 8870114 2059171   17.99570   41  227          -   16.85633      -  96.1 3420s
 8882029 2058846   17.82404   35  206          -   16.85810      -  96.1 3425s
 8894152 2059800 infeasible   44               -   16.86170      -  96.2 3430s
 8903704 2060425   17.30583   46  226          -   16.86434      -  96.2 3435s
 8915795 2060994 infeasible   58               -   16.86749      -  96.2 3440s
 8928171 2061882   18.28256   39  209          -   16.87097      -  96.2 3445s
 8940449 2062476     cutoff   60               -   16.87473      -  96.2 3451s
 8949625 2062142   17.90449   37  200          -   16.87563      -  96.2 3455s
 8962164 2062893   18.34177   38  245          -   16.87931      -  96.3 3460s
 8971827 2063582     cutoff   49               -   16.88208      -  96.3 3465s
 8983963 2064585     cutoff   40               -   16.88546      -  96.3 3470s
 8996047 2064914     cutoff   42               -   16.88889      -  96.3 3475s
 9005928 2065410   18.18888   38  162          -   16.89066      -  96.3 3480s
 9018145 2066024   19.11115   33  230          -   16.89423      -  96.3 3485s
 9030934 2066867     cutoff   82               -   16.89788      -  96.4 3490s
 9040717 2066786   18.74032   45  195          -   16.90000      -  96.4 3495s
 9052675 2067656   18.54260   45  207          -   16.90316      -  96.4 3500s
 9062689 2068223   17.36046   51  203          -   16.90595      -  96.4 3505s
 9074568 2068521     cutoff   45               -   16.90909      -  96.4 3510s
 9087215 2069423   17.86775   35  229          -   16.91242      -  96.4 3515s
 9099238 2069827   18.85063   41  259          -   16.91625      -  96.5 3520s
 9109317 2070324     cutoff   36               -   16.91833      -  96.5 3525s
 9121603 2071153 infeasible   41               -   16.92181      -  96.5 3530s
 9133174 2071511     cutoff   36               -   16.92500      -  96.5 3535s
 9145578 2071950     cutoff   38               -   16.92857      -  96.5 3541s
 9155369 2072604   17.50000   35   25          -   16.93103      -  96.6 3545s
 9167275 2073146     cutoff   55               -   16.93419      -  96.6 3550s
 9179632 2073758 infeasible   52               -   16.93750      -  96.6 3555s
 9191773 2074327 infeasible   53               -   16.94087      -  96.6 3560s
 9204393 2074848   17.55349   35  236          -   16.94444      -  96.6 3565s
 9216405 2075596     cutoff   75               -   16.94737      -  96.6 3571s
 9226108 2075903     cutoff   78               -   16.95000      -  96.7 3575s
 9238212 2076437   18.65501   35  187          -   16.95357      -  96.7 3580s
 9247511 2076572     cutoff   67               -   16.95614      -  96.7 3585s
 9260542 2077166 infeasible   54               -   16.95959      -  96.7 3591s
 9260756 2077122   19.04227   45  231          -   16.96000      -  96.7 3595s
 9260942 2077130   17.70386   40  189          -   16.96040      -  96.7 3600s
 9261021 2077160   18.04943   39  217          -   16.96057      -  96.7 3605s
 9261179 2077183   17.57540   37  192          -   16.96089      -  96.7 3610s
 9261248 2077203   17.91637   33  217          -   16.96104      -  96.7 3615s
 9261397 2077239   18.97082   47  211          -   16.96117      -  96.7 3620s
 9261728 2077278   18.10648   34  247          -   16.96140      -  96.7 3626s
 9262518 2077381     cutoff   32               -   16.96154      -  96.7 3630s
 9269248 2077748   18.55379   39  182          -   16.96212      -  96.7 3635s
 9282647 2078162     cutoff   56               -   16.96706      -  96.8 3640s
 9293010 2078605   18.14581   52  258          -   16.97022      -  96.8 3645s
 9304958 2079128   18.45372   30  202          -   16.97368      -  96.8 3650s
 9315019 2079698   17.37335   42  256          -   16.97662      -  96.8 3655s
 9326964 2080410     cutoff   26               -   16.97994      -  96.8 3660s
 9339298 2081158     cutoff   48               -   16.98372      -  96.8 3665s
 9348661 2081763   19.12027   44  261          -   16.98649      -  96.9 3670s
 9360677 2082299 infeasible   61               -   16.99013      -  96.9 3675s
 9372362 2082951     cutoff   49               -   16.99386      -  96.9 3680s
 9385577 2083899   19.37573   34  167          -   16.99843      -  96.9 3685s
 9396198 2084220     cutoff   47               -   17.00000      -  96.9 3690s
 9407419 2081482     cutoff   42               -   17.00000      -  96.9 3695s
 9416943 2078417 infeasible   54               -   17.00000      -  96.9 3700s
 9428863 2072525     cutoff   73               -   17.00000      -  97.0 3705s
 9438563 2067997   18.00000   49    4          -   17.00000      -  97.0 3710s
 9450867 2062128     cutoff   41               -   17.00000      -  97.0 3715s
 9460859 2057087     cutoff   48               -   17.00000      -  97.0 3720s
 9472989 2050308   17.50216   42  175          -   17.00000      -  97.0 3726s
 9482557 2045052   18.01615   41  201          -   17.00000      -  97.0 3730s
 9494721 2037820 infeasible   56               -   17.00000      -  97.0 3735s
 9504272 2034579   18.50000   62   18          -   17.00000      -  97.1 3740s
 9513987 2031553 infeasible   80               -   17.00000      -  97.1 3745s
 9526172 2031561   18.76071   39  222          -   17.00175      -  97.1 3750s
 9537997 2032378     cutoff   65               -   17.00575      -  97.1 3756s
 9547688 2033034   17.21885   40  191          -   17.00893      -  97.1 3760s
 9559750 2033656     cutoff   42               -   17.01284      -  97.1 3765s
 9569492 2034250   17.34794   44  195          -   17.01607      -  97.1 3770s
 9581376 2034967     cutoff   52               -   17.01937      -  97.1 3775s
 9593564 2035273     cutoff   39               -   17.02310      -  97.2 3780s
 9605370 2035635     cutoff   42               -   17.02683      -  97.2 3785s
 9615446 2036064     cutoff   63               -   17.02985      -  97.2 3790s
 9627751 2036606     cutoff   39               -   17.03344      -  97.2 3795s
 9639311 2036809     cutoff   38               -   17.03704      -  97.2 3800s
 9649138 2037296   18.21276   34  223          -   17.03984      -  97.2 3805s
 9660917 2037722     cutoff   31               -   17.04304      -  97.3 3810s
 9673197 2038191   17.23784   48  197          -   17.04673      -  97.3 3815s
 9684911 2038482   17.69936   39  207          -   17.05000      -  97.3 3821s
 9694935 2038853   17.95328   38  168          -   17.05289      -  97.3 3825s
 9707542 2039295   17.36846   49  241          -   17.05634      -  97.3 3830s
 9717030 2039528     cutoff   42               -   17.05917      -  97.3 3835s
 9729129 2039908     cutoff   54               -   17.06250      -  97.4 3840s
 9741502 2040390   17.71140   35  205          -   17.06618      -  97.4 3845s
 9751115 2040847   17.96472   34  218          -   17.06883      -  97.4 3850s
 9760672 2040815     cutoff   56               -   17.07143      -  97.4 3855s
 9773029 2041308     cutoff   69               -   17.07500      -  97.4 3860s
 9784929 2041522   18.37779   39  206          -   17.07827      -  97.4 3865s
 9796677 2041808 infeasible   55               -   17.08176      -  97.4 3870s
 9806225 2041705   18.60897   45  223          -   17.08404      -  97.5 3875s
 9817988 2042164   18.50000   63   19          -   17.08765      -  97.5 3880s
 9830480 2042249 infeasible   76               -   17.09091      -  97.5 3885s
 9842439 2042497 infeasible   83               -   17.09434      -  97.5 3890s
 9854346 2043019   18.31548   38  210          -   17.09756      -  97.5 3895s
 9863925 2042965 infeasible   44               -   17.10000      -  97.5 3900s
 9875933 2043450   18.77634   40  210          -   17.10286      -  97.6 3905s
 9888178 2043704   18.49836   48  207          -   17.10619      -  97.6 3910s
 9897286 2043840   17.79567   35  201          -   17.10902      -  97.6 3915s
 9909311 2043773   17.47963   41  210          -   17.11166      -  97.6 3920s
 9918985 2043983     cutoff   33               -   17.11454      -  97.6 3925s
 9931246 2044105     cutoff   35               -   17.11799      -  97.6 3930s
 9941260 2044389   17.41641   42  248          -   17.12081      -  97.6 3935s
 9952907 2044622   18.25732   43  219          -   17.12426      -  97.7 3940s
 9965095 2043979 infeasible   43               -   17.12639      -  97.7 3946s
 9975147 2044292   17.83644   32  262          -   17.12925      -  97.7 3950s
 9987055 2044516   17.67696   48  227          -   17.13263      -  97.7 3956s
 9996424 2044636   18.95043   33  229          -   17.13519      -  97.7 3960s
 10008719 2044974   17.80112   46  221          -   17.13870      -  97.7 3965s
 10018681 2045234     cutoff   28               -   17.14156      -  97.8 3970s
 10028012 2044376   17.40756   38  190          -   17.14298      -  97.8 3975s
 10040076 2044612   17.89275   40  244          -   17.14673      -  97.8 3980s
 10049754 2044639     cutoff   35               -   17.14961      -  97.8 3985s
 10061373 2044916   17.54132   34  222          -   17.15278      -  97.8 3990s
 10074000 2044922     cutoff   60               -   17.15625      -  97.8 3995s
 10083768 2045026     cutoff   44               -   17.15865      -  97.9 4000s
 10095862 2045288   18.13022   54  225          -   17.16216      -  97.9 4006s
 10105756 2045518   18.47544   37  231          -   17.16490      -  97.9 4010s
 10117455 2043771     cutoff   53               -   17.16667      -  97.9 4015s
 10127479 2043893   19.12314   37  240          -   17.16868      -  97.9 4020s
 10139628 2044204     cutoff   55               -   17.17212      -  97.9 4026s
 10147012 2044224   18.23092   36  195          -   17.17422      -  97.9 4030s
 10159783 2044420   17.87988   39  186          -   17.17750      -  98.0 4035s
 10169098 2044618 infeasible   40               -   17.18000      -  98.0 4040s
 10180967 2044478     cutoff   48               -   17.18308      -  98.0 4045s
 10190884 2044648   18.03914   45  244          -   17.18592      -  98.0 4050s
 10202816 2044625 infeasible   45               -   17.18910      -  98.0 4055s
 10212812 2044573     cutoff   72               -   17.19178      -  98.0 4060s
 10222718 2044645     cutoff   80               -   17.19469      -  98.1 4065s
 10232120 2044729   18.81529   36  189          -   17.19757      -  98.1 4070s
 10244173 2042878 infeasible   60               -   17.20000      -  98.1 4075s
 10253539 2042656   19.16696   42  249          -   17.20168      -  98.1 4080s
 10263334 2042790   18.04674   45  159          -   17.20453      -  98.1 4085s
 10275226 2042737   18.52929   36  259          -   17.20787      -  98.1 4091s
 10285083 2042918     cutoff   27               -   17.21041      -  98.1 4095s
 10296907 2042912   18.96446   43  218          -   17.21353      -  98.2 4100s
 10306347 2042820   18.72237   35  195          -   17.21583      -  98.2 4105s
 10315686 2042753   17.88606   66  243          -   17.21839      -  98.2 4110s
 10328000 2042816 infeasible   38               -   17.22178      -  98.2 4115s
 10337666 2042543   17.67483   33  222          -   17.22374      -  98.2 4120s
 10349300 2042644   17.83361   47  198          -   17.22669      -  98.2 4125s
 10361474 2042744   18.35864   55  217          -   17.22989      -  98.3 4131s
 10370754 2042304 infeasible   60               -   17.23205      -  98.3 4135s
 10380657 2042358   18.31333   37  163          -   17.23499      -  98.3 4140s
 10392368 2042236   18.13419   36  256          -   17.23810      -  98.3 4145s
 10404566 2042036     cutoff   38               -   17.24155      -  98.3 4151s
 10414329 2041974     cutoff   41               -   17.24428      -  98.3 4155s
 10423760 2042051   18.02961   37  217          -   17.24696      -  98.3 4160s
 10435922 2040734     cutoff   34               -   17.25000      -  98.4 4166s
 10445244 2037565     cutoff   39               -   17.25000      -  98.4 4170s
 10455033 2036841   17.81313   42  217          -   17.25110      -  98.4 4175s
 10464407 2036699 infeasible   41               -   17.25406      -  98.4 4180s
 10474411 2036751   18.36707   42  247          -   17.25700      -  98.4 4185s
 10486538 2036785 infeasible   52               -   17.26025      -  98.4 4190s
 10495983 2036475   18.22334   28  210          -   17.26301      -  98.5 4195s
 10507893 2036035     cutoff   59               -   17.26631      -  98.5 4200s
 10517839 2035924     cutoff   42               -   17.26882      -  98.5 4205s
 10529784 2035995     cutoff   43               -   17.27187      -  98.5 4210s
 10541737 2035447   18.67273   32  181          -   17.27472      -  98.5 4215s
 10553558 2034986   18.22072   48  262          -   17.27778      -  98.5 4221s
 10562935 2034753 infeasible   36               -   17.28051      -  98.6 4225s
 10574958 2034726     cutoff   45               -   17.28379      -  98.6 4231s
 10584836 2033362     cutoff   53               -   17.28571      -  98.6 4235s
 10597207 2033086   18.96310   37  244          -   17.28896      -  98.6 4240s
 10606592 2032781     cutoff   65               -   17.29167      -  98.6 4245s
 10616166 2032409 infeasible   53               -   17.29412      -  98.6 4250s
 10628432 2032234   18.45320   46  263          -   17.29750      -  98.7 4255s
 10637865 2031393 infeasible   40               -   17.30000      -  98.7 4260s
 10650171 2031172     cutoff   41               -   17.30263      -  98.7 4265s
 10659923 2030928     cutoff   39               -   17.30522      -  98.7 4270s
 10669643 2030514     cutoff   58               -   17.30769      -  98.7 4275s
 10678907 2030516     cutoff   49               -   17.31024      -  98.7 4280s
 10691216 2030224     cutoff   37               -   17.31315      -  98.8 4285s
 10700836 2029988     cutoff   49               -   17.31579      -  98.8 4290s
 10712670 2029666   18.93650   40  233          -   17.31900      -  98.8 4296s
 10722330 2029427     cutoff   51               -   17.32166      -  98.8 4301s
 10732346 2029338   18.15365   37  224          -   17.32432      -  98.8 4305s
 10741593 2029070     cutoff   41               -   17.32692      -  98.8 4310s
 10751479 2029074 infeasible   31               -   17.32973      -  98.9 4315s
 10763651 2027791     cutoff   28               -   17.33333      -  98.9 4320s
 10773200 2023943     cutoff   65               -   17.33333      -  98.9 4325s
 10782848 2020438     cutoff   79               -   17.33333      -  98.9 4330s
 10792683 2020144   18.50000   36   19          -   17.33557      -  98.9 4335s
 10805202 2019698     cutoff   48               -   17.33929      -  98.9 4340s
 10815065 2019362     cutoff   30               -   17.34211      -  98.9 4345s
 10827517 2019089   18.55507   39  208          -   17.34538      -  99.0 4350s
 10837969 2018762 infeasible   42               -   17.34783      -  99.0 4355s
 10849454 2018129     cutoff   36               -   17.35093      -  99.0 4360s
 10859010 2017711     cutoff   36               -   17.35353      -  99.0 4365s
 10870790 2016878   18.78056   45  218          -   17.35705      -  99.0 4371s
 10880568 2016644 infeasible   63               -   17.35926      -  99.0 4375s
 10890613 2016315 infeasible   70               -   17.36198      -  99.1 4380s
 10902654 2015567     cutoff   35               -   17.36499      -  99.1 4385s
 10912181 2015174     cutoff   52               -   17.36754      -  99.1 4390s
 10921907 2014681     cutoff   30               -   17.37017      -  99.1 4395s
 10931678 2014291   18.81450   35  230          -   17.37301      -  99.1 4400s
 10941402 2012698 infeasible   36               -   17.37500      -  99.1 4405s
 10953216 2012289     cutoff   41               -   17.37767      -  99.2 4410s
 10962979 2011781 infeasible   38               -   17.38035      -  99.2 4415s
 10975342 2011605     cutoff   35               -   17.38368      -  99.2 4420s
 10984923 2010818     cutoff   38               -   17.38621      -  99.2 4425s
 10994571 2010077     cutoff   38               -   17.38889      -  99.2 4430s
 11006255 2009692     cutoff   52               -   17.39177      -  99.2 4435s
 11016134 2009337     cutoff   41               -   17.39440      -  99.3 4440s
 11025555 2008855     cutoff   44               -   17.39711      -  99.3 4445s
 11035242 2007623   18.62977   54  231          -   17.40000      -  99.3 4450s
 11044712 2005357     cutoff   40               -   17.40017      -  99.3 4455s
 11054543 2004981   17.64372   33  233          -   17.40321      -  99.3 4460s
 11064265 2004397   18.21966   30  215          -   17.40608      -  99.3 4465s
 11074312 2003656     cutoff   44               -   17.40882      -  99.3 4470s
 11084024 2003103   18.01203   44  230          -   17.41148      -  99.4 4475s
 11093762 2002506   18.41362   34  238          -   17.41394      -  99.4 4480s
 11105906 2001337 infeasible   53               -   17.41667      -  99.4 4486s
 11115374 2001128   18.79032   42  242          -   17.41942      -  99.4 4491s
 11125199 2000596   17.81545   41  192          -   17.42208      -  99.4 4496s
 11134835 1999837   18.17343   49  217          -   17.42483      -  99.4 4500s
 11144814 1999274   18.07912   38  246          -   17.42784      -  99.5 4505s
 11154311 1997408     cutoff   41               -   17.42920      -  99.5 4510s
 11164003 1996851     cutoff   38               -   17.43189      -  99.5 4515s
 11176335 1995924 infeasible   51               -   17.43529      -   100 4521s
 11183589 1994981     cutoff   44               -   17.43748      -   100 4525s
 11193432 1994436   18.98232   35  196          -   17.43988      -   100 4530s
 11203253 1993903     cutoff   40               -   17.44245      -   100 4535s
 11215505 1992541     cutoff   35               -   17.44498      -   100 4541s
 11225504 1992024     cutoff   32               -   17.44769      -   100 4546s
 11235026 1991248 infeasible   50               -   17.45000      -   100 4550s
 11244710 1990506     cutoff   38               -   17.45282      -   100 4555s
 11253855 1989316   18.02816   30  217          -   17.45489      -   100 4560s
 11264029 1988431     cutoff   56               -   17.45794      -   100 4565s
 11273679 1987754   18.48310   28  214          -   17.46063      -   100 4570s
 11283890 1986806     cutoff   75               -   17.46311      -   100 4575s
 11293648 1986212 infeasible   45               -   17.46568      -   100 4580s
 11305929 1985211   18.63254   46  254          -   17.46875      -   100 4586s
 11315762 1984582   17.73692   46  215          -   17.47143      -   100 4590s
 11325548 1983864     cutoff   34               -   17.47398      -   100 4595s
 11337677 1982908 infeasible   38               -   17.47728      -   100 4601s
 11347228 1982121   18.71672   59  211          -   17.48000      -   100 4606s
 11354344 1981682     cutoff   42               -   17.48182      -   100 4610s
 11366468 1980464 infeasible   53               -   17.48544      -   100 4616s
 11376634 1979787   18.41349   43  249          -   17.48832      -   100 4621s
 11386653 1979152 infeasible   68               -   17.49113      -   100 4625s
 11396468 1978552 infeasible   45               -   17.49398      -   100 4630s
 11405969 1977738     cutoff   37               -   17.49711      -   100 4635s
 11415858 1976125 infeasible   45               -   17.50000      -   100 4640s
 11425370 1972321 infeasible   74               -   17.50000      -   100 4645s
 11435515 1967386     cutoff   39               -   17.50000      -   100 4650s
 11448003 1960349 infeasible   69               -   17.50000      -   100 4656s
 11457643 1954749 infeasible   52               -   17.50000      -   100 4660s
 11467329 1950153 infeasible   39               -   17.50000      -   100 4665s
 11476543 1948087     cutoff   59               -   17.50068      -   100 4670s
 11486137 1947373   17.96204   41  197          -   17.50403      -   100 4675s
 11498481 1946489   18.21996   36  224          -   17.50787      -   100 4681s
 11505530 1945841     cutoff   43               -   17.51017      -   100 4685s
 11515209 1944844     cutoff   54               -   17.51316      -   100 4690s
 11525224 1943875     cutoff   40               -   17.51613      -   100 4695s
 11534951 1942913   17.93819   49  259          -   17.51894      -   100 4700s
 11544493 1941830   18.48849   39  250          -   17.52194      -   100 4705s
 11554590 1940813     cutoff   47               -   17.52478      -   100 4710s
 11564237 1939913   19.16667   41   68          -   17.52778      -   100 4715s
 11574156 1938930     cutoff   40               -   17.53043      -   100 4720s
 11583815 1937750 infeasible   37               -   17.53333      -   100 4725s
 11593472 1936877     cutoff   44               -   17.53608      -   100 4730s
 11603371 1935675   17.93951   44  236          -   17.53859      -   100 4735s
 11615722 1934514   18.51871   48  198          -   17.54217      -   100 4741s
 11625729 1933480   18.88355   39  189          -   17.54494      -   100 4745s
 11635119 1932518     cutoff   32               -   17.54730      -   100 4750s
 11644594 1931384     cutoff   29               -   17.55000      -   100 4755s
 11654340 1930300     cutoff   46               -   17.55299      -   100 4761s
 11664233 1928546 infeasible   46               -   17.55556      -   100 4766s
 11671757 1927773     cutoff   55               -   17.55739      -   100 4770s
 11683680 1926750   18.73272   39  217          -   17.56090      -   100 4776s
 11693599 1925460     cutoff   34               -   17.56359      -   100 4780s
 11703382 1924414     cutoff   40               -   17.56667      -   100 4785s
 11713003 1923411     cutoff   58               -   17.56959      -   100 4790s
 11722721 1921144   18.24901   77  203          -   17.57143      -   100 4795s
 11732228 1920061     cutoff   48               -   17.57426      -   100 4800s
 11742409 1918995   18.58034   34  209          -   17.57700      -   100 4805s
 11752064 1917990   17.88518   31  206          -   17.57979      -   100 4810s
 11761986 1916951     cutoff   47               -   17.58248      -   100 4815s
 11771736 1915473     cutoff   40               -   17.58482      -   100 4820s
 11781459 1914354   18.58098   43  181          -   17.58741      -   100 4825s
 11791179 1913081 infeasible   41               -   17.59016      -   100 4830s
 11803307 1911678   18.48788   49  229          -   17.59348      -   100 4836s
 11813196 1910600     cutoff   49               -   17.59649      -   100 4841s
 11822692 1909024   18.66527   41  197          -   17.59956      -   100 4846s
 11832455 1905458 infeasible   48               -   17.60000      -   100 4851s
 11839732 1904756     cutoff   42               -   17.60204      -   100 4855s
 11849537 1903699     cutoff   30               -   17.60508      -   101 4860s
 11861694 1902078   18.12104   31  208          -   17.60851      -   101 4866s
 11871380 1900699 infeasible   43               -   17.61111      -   101 4870s
 11881175 1899466     cutoff   55               -   17.61393      -   101 4875s
 11890746 1897918     cutoff   47               -   17.61644      -   101 4880s
 11900366 1896449     cutoff   35               -   17.61918      -   101 4885s
 11910132 1895215     cutoff   53               -   17.62222      -   101 4890s
 11919973 1892932   17.94741   37  189          -   17.62500      -   101 4896s
 11929625 1891210   18.68043   48  191          -   17.62676      -   101 4901s
 11939380 1889957     cutoff   47               -   17.62967      -   101 4906s
 11946956 1888984   17.75748   38  244          -   17.63178      -   101 4910s
 11956449 1887637 infeasible   62               -   17.63462      -   101 4916s
 11963777 1886041     cutoff   54               -   17.63636      -   101 4920s
 11973525 1884508     cutoff   34               -   17.63947      -   101 4925s
 11983206 1882833     cutoff   48               -   17.64241      -   101 4930s
 11993271 1881422     cutoff   50               -   17.64512      -   101 4936s
 12003170 1879917     cutoff   38               -   17.64781      -   101 4941s
 12010271 1878802   17.93224   36  251          -   17.64996      -   101 4945s
 12019714 1877264   18.78101   57  250          -   17.65262      -   101 4950s
 12029438 1875619     cutoff   43               -   17.65564      -   101 4955s
 12039413 1874198     cutoff   41               -   17.65858      -   101 4961s
 12046719 1873081   18.99311   49  235          -   17.66079      -   101 4965s
 12056553 1871983     cutoff   47               -   17.66376      -   101 4970s
 12066117 1868985     cutoff   39               -   17.66667      -   101 4975s
 12076430 1862867     cutoff   71               -   17.66667      -   101 4980s
 12086345 1857444     cutoff   45               -   17.66667      -   101 4985s
 12095697 1856284 infeasible   36               -   17.66921      -   101 4990s
 12107686 1855052     cutoff   44               -   17.67279      -   101 4995s
 12117543 1853281   18.61706   35  218          -   17.67564      -   101 5001s
 12124727 1852267     cutoff   50               -   17.67767      -   101 5005s
 12134604 1850783     cutoff   60               -   17.68062      -   101 5010s
 12144152 1849108 infeasible   38               -   17.68333      -   101 5015s
 12153765 1847515     cutoff   47               -   17.68621      -   101 5020s
 12163788 1845717 infeasible   49               -   17.68881      -   101 5025s
 12173554 1844171     cutoff   39               -   17.69160      -   101 5030s
 12183264 1842372     cutoff   47               -   17.69434      -   101 5035s
 12193167 1840926 infeasible   41               -   17.69699      -   101 5040s
 12202925 1838639   18.22910   47  204          -   17.70000      -   101 5045s
 12212468 1836912     cutoff   73               -   17.70213      -   101 5050s
 12222432 1835411   18.90405   42  198          -   17.70504      -   101 5055s
 12232242 1833629 infeasible   41               -   17.70772      -   101 5060s
 12239490 1832504     cutoff   44               -   17.70968      -   101 5065s
 12249069 1830974     cutoff   54               -   17.71277      -   101 5070s
 12259003 1827866 infeasible   54               -   17.71429      -   101 5075s
 12268703 1826232   18.01922   44  228          -   17.71721      -   101 5080s
 12275898 1825051     cutoff   37               -   17.71947      -   101 5085s
 12285734 1823171     cutoff   43               -   17.72222      -   101 5090s
 12295382 1821459     cutoff   57               -   17.72500      -   101 5095s
 12305109 1819230     cutoff   41               -   17.72752      -   101 5100s
 12314690 1817502 infeasible   32               -   17.73050      -   101 5106s
 12322203 1816086   18.02035   50  173          -   17.73259      -   101 5110s
 12331969 1814201     cutoff   48               -   17.73547      -   101 5115s
 12341526 1812505     cutoff   49               -   17.73816      -   101 5120s
 12351445 1810737     cutoff   33               -   17.74114      -   101 5125s
 12361068 1809067   18.30081   38  207          -   17.74398      -   101 5131s
 12370713 1807358     cutoff   42               -   17.74699      -   101 5136s
 12377950 1805503   18.88160   50  197          -   17.74966      -   101 5140s
 12388215 1799395 infeasible   73               -   17.75000      -   101 5145s
 12397951 1794900 infeasible   37               -   17.75000      -   101 5150s
 12407393 1793283     cutoff   49               -   17.75309      -   101 5155s
 12416833 1791315   18.71344   40  263          -   17.75639      -   101 5160s
 12426751 1789436     cutoff   29               -   17.75954      -   101 5166s
 12434226 1787928     cutoff   37               -   17.76183      -   101 5170s
 12443654 1785886     cutoff   39               -   17.76471      -   101 5175s
 12453597 1783861   18.63118   35  266          -   17.76756      -   101 5180s
 12463074 1781503   18.50565   59  209          -   17.77032      -   101 5186s
 12470739 1780186     cutoff   43               -   17.77262      -   101 5190s
 12480344 1778332   18.12296   37  190          -   17.77540      -   101 5195s
 12490361 1775496     cutoff   46               -   17.77778      -   101 5200s
 12499703 1773678     cutoff   59               -   17.78070      -   101 5206s
 12507057 1772284   18.29210   48  189          -   17.78289      -   101 5210s
 12516809 1769861   18.74687   34  228          -   17.78571      -   102 5215s
 12524062 1768599     cutoff   47               -   17.78788      -   102 5220s
 12533645 1766387     cutoff   70               -   17.79070      -   102 5225s
 12543564 1764188   18.00000   54   33          -   17.79376      -   102 5231s
 12553060 1762086     cutoff   56               -   17.79688      -   102 5236s
 12560313 1760394     cutoff   51               -   17.79947      -   102 5240s
 12571024 1754700     cutoff   59               -   17.80000      -   102 5245s
 12580173 1752627 infeasible   47               -   17.80288      -   102 5250s
 12589627 1750328   18.59215   37  232          -   17.80609      -   102 5255s
 12599362 1748230     cutoff   41               -   17.80898      -   102 5260s
 12608970 1745670 infeasible   44               -   17.81220      -   102 5265s
 12616432 1744110     cutoff   55               -   17.81410      -   102 5270s
 12626177 1741981     cutoff   39               -   17.81723      -   102 5275s
 12636006 1739289   18.80594   33  234          -   17.81975      -   102 5280s
 12645638 1737422     cutoff   43               -   17.82266      -   102 5286s
 12653212 1735705     cutoff   41               -   17.82474      -   102 5290s
 12662972 1733444     cutoff   45               -   17.82766      -   102 5295s
 12672533 1731198 infeasible   52               -   17.83079      -   102 5300s
 12682408 1726911 infeasible   48               -   17.83333      -   102 5306s
 12690008 1723965     cutoff   48               -   17.83333      -   102 5310s
 12699389 1721876   18.41099   27  180          -   17.83663      -   102 5315s
 12709015 1719581   18.41181   44  222          -   17.83966      -   102 5321s
 12716204 1717624   18.84995   40  220          -   17.84207      -   102 5325s
 12725993 1715306     cutoff   33               -   17.84507      -   102 5330s
 12735908 1712838     cutoff   36               -   17.84778      -   102 5335s
 12743174 1710930     cutoff   49               -   17.85000      -   102 5340s
 12752783 1708443   18.34639   47  210          -   17.85283      -   102 5345s
 12762227 1706097     cutoff   43               -   17.85598      -   102 5350s
 12772459 1701899 infeasible   35               -   17.85762      -   102 5355s
 12781979 1699623   18.29258   43  263          -   17.86081      -   102 5360s
 12791641 1697061   18.22104   37  176          -   17.86365      -   102 5366s
 12798844 1695048   18.56359   59  254          -   17.86603      -   102 5370s
 12808636 1692530     cutoff   56               -   17.86891      -   102 5375s
 12818297 1689962     cutoff   46               -   17.87209      -   102 5381s
 12825440 1687737 infeasible   45               -   17.87467      -   102 5385s
 12835489 1683994     cutoff   36               -   17.87611      -   102 5390s
 12845094 1681296     cutoff   45               -   17.87931      -   102 5396s
 12852567 1679204     cutoff   39               -   17.88185      -   102 5400s
 12862291 1676736     cutoff   31               -   17.88463      -   102 5405s
 12871850 1674053     cutoff   39               -   17.88789      -   102 5411s
 12878967 1671083     cutoff   48               -   17.88922      -   102 5415s
 12888911 1668428   18.53116   37  202          -   17.89258      -   102 5420s
 12896110 1666210   18.60304   42  210          -   17.89491      -   102 5425s
 12905892 1663615   18.02375   37  257          -   17.89823      -   102 5430s
 12913473 1660287     cutoff   42               -   17.90000      -   102 5435s
 12923143 1657786   18.29425   40  160          -   17.90285      -   102 5440s
 12932650 1654839   18.04159   46  232          -   17.90594      -   102 5446s
 12939823 1652815   18.12705   40  200          -   17.90848      -   102 5450s
 12949585 1649635     cutoff   42               -   17.91111      -   102 5456s
 12959391 1646852 infeasible   31               -   17.91429      -   102 5461s
 12966809 1643963 infeasible   40               -   17.91667      -   102 5465s
 12976436 1641236     cutoff   47               -   17.91932      -   102 5470s
 12986028 1637916     cutoff   52               -   17.92258      -   102 5476s
 12993267 1635745     cutoff   44               -   17.92454      -   102 5480s
 13003111 1632584   18.31821   38  246          -   17.92795      -   102 5485s
 13012701 1629284   18.14476   51  193          -   17.93089      -   102 5491s
 13020181 1626645     cutoff   39               -   17.93333      -   102 5495s
 13029980 1623619 infeasible   35               -   17.93646      -   102 5500s
 13039513 1620222     cutoff   39               -   17.93939      -   102 5506s
 13046745 1617604     cutoff   40               -   17.94167      -   102 5510s
 13056587 1614163 infeasible   32               -   17.94470      -   102 5516s
 13064099 1611644 infeasible   37               -   17.94737      -   102 5520s
 13073630 1608349   18.39524   30  215          -   17.95066      -   102 5525s
 13083337 1604966     cutoff   37               -   17.95375      -   102 5531s
 13090736 1602415     cutoff   29               -   17.95604      -   102 5535s
 13100484 1599194     cutoff   68               -   17.95918      -   102 5540s
 13107792 1596692     cutoff   40               -   17.96154      -   102 5545s
 13117334 1593435 infeasible   40               -   17.96484      -   102 5550s
 13124526 1590808     cutoff   42               -   17.96728      -   102 5555s
 13134364 1587416     cutoff   44               -   17.97059      -   102 5560s
 13141592 1584854   18.47031   63  164          -   17.97297      -   102 5565s
 13151264 1581415   18.23230   41  243          -   17.97638      -   102 5570s
 13161141 1578097     cutoff   55               -   17.97980      -   102 5576s
 13168198 1575774     cutoff   45               -   17.98214      -   102 5580s
 13175508 1573334     cutoff   34               -   17.98485      -   102 5585s
 13185419 1570058 infeasible   48               -   17.98833      -   102 5590s
 13192817 1567567   18.27115   44  256          -   17.99099      -   102 5595s
 13202431 1565096   18.26250   33  114          -   17.99472      -   103 5600s
 13202675 1564991   18.84256   42  219          -   17.99500      -   103 5605s
 13202911 1564848     cutoff   41               -   17.99519      -   103 5611s
 13203127 1564766   18.44286   52  213          -   17.99539      -   103 5615s
 13203410 1564646   18.53710   47  263          -   17.99569      -   103 5620s
 13203849 1564432 infeasible   43               -   17.99587      -   103 5627s
 13204993 1563751   19.00000   48    1          -   17.99615      -   103 5631s
 13209847 1561209     cutoff   48               -   17.99664      -   103 5636s
 13221119 1554420     cutoff   42               -   18.00000      -   103 5641s
 13232347 1545749 infeasible   45               -   18.00000      -   103 5646s
 13245940 1533593 infeasible   43               -   18.00000      -   103 5651s
 13256693 1523606     cutoff   64               -   18.00000      -   102 5655s
 13269062 1511859     cutoff   60               -   18.00000      -   102 5660s
 13284293 1497425     cutoff   45               -   18.00000      -   102 5665s
 13301855 1480765 infeasible   62               -   18.00000      -   102 5671s
 13323197 1462393     cutoff   40               -   18.00000      -   102 5678s
 13333160 1455742     cutoff   64               -   18.00000      -   102 5681s
 13342130 1450135     cutoff   35               -   18.00000      -   102 5685s
 13356643 1446329   19.16518   36  226          -   18.00136      -   102 5690s
 13364571 1443587     cutoff   37               -   18.00495      -   102 5695s
 13373165 1440559 infeasible   33               -   18.00873      -   102 5700s
 13380207 1438133   18.48479   34  207          -   18.01176      -   102 5705s
 13389717 1434930     cutoff   45               -   18.01587      -   102 5710s
 13399300 1431449 infeasible   38               -   18.01961      -   102 5716s
 13406693 1429025 infeasible   43               -   18.02256      -   102 5720s
 13416533 1425681 infeasible   49               -   18.02642      -   102 5726s
 13423806 1423273     cutoff   41               -   18.02931      -   102 5730s
 13433627 1420047   18.77620   30  184          -   18.03268      -   102 5735s
 13443085 1416371 infeasible   48               -   18.03632      -   102 5741s
 13450345 1413731   18.60012   28  195          -   18.03909      -   102 5745s
 13460036 1409966     cutoff   54               -   18.04284      -   102 5751s
 13467376 1407241     cutoff   41               -   18.04545      -   102 5755s
 13477065 1403597     cutoff   53               -   18.04902      -   102 5760s
 13486894 1400043     cutoff   38               -   18.05263      -   102 5765s
 13494150 1397088     cutoff   57               -   18.05528      -   103 5770s
 13503701 1393523   18.84701   53  218          -   18.05882      -   103 5775s
 13510884 1390289     cutoff   49               -   18.06162      -   103 5780s
 13520670 1386500 infeasible   40               -   18.06522      -   103 5786s
 13528106 1383472   18.46770   45  248          -   18.06790      -   103 5790s
 13538190 1378969     cutoff   47               -   18.07160      -   103 5796s
 13545448 1375993 infeasible   32               -   18.07467      -   103 5800s
 13552726 1372923     cutoff   53               -   18.07721      -   103 5805s
 13562733 1368893     cutoff   36               -   18.08128      -   103 5810s
 13571117 1364991   18.71603   38  225          -   18.08396      -   103 5815s
 13580956 1361003   18.56310   46  219          -   18.08778      -   103 5821s
 13588472 1357255     cutoff   53               -   18.09071      -   103 5826s
 13596343 1354320   18.09963   36  261          -   18.09333      -   103 5830s
 13606075 1350403     cutoff   37               -   18.09677      -   103 5835s
 13614901 1345861 infeasible   44               -   18.10000      -   103 5840s
 13622520 1342960 infeasible   35               -   18.10244      -   103 5845s
 13632041 1338608     cutoff   47               -   18.10613      -   103 5850s
 13641678 1333376     cutoff   41               -   18.11003      -   103 5856s
 13650925 1330181   18.52136   44  228          -   18.11255      -   103 5860s
 13660635 1326182   18.78574   41  258          -   18.11634      -   103 5865s
 13670225 1321905     cutoff   50               -   18.12000      -   103 5871s
 13677477 1318980   18.41075   42  239          -   18.12274      -   103 5875s
 13688815 1312759 infeasible   44               -   18.12566      -   103 5880s
 13698361 1308653 infeasible   41               -   18.12933      -   103 5885s
 13705757 1305364     cutoff   48               -   18.13201      -   103 5890s
 13715621 1300464     cutoff   49               -   18.13587      -   103 5895s
 13722663 1297461     cutoff   45               -   18.13830      -   103 5900s
 13730012 1292486     cutoff   43               -   18.14110      -   103 5905s
 13741850 1287813 infeasible   37               -   18.14462      -   103 5910s
 13749110 1284482     cutoff   43               -   18.14739      -   103 5915s
 13758924 1279737     cutoff   31               -   18.15116      -   103 5921s
 13767342 1275526     cutoff   49               -   18.15402      -   103 5925s
 13774679 1272018     cutoff   75               -   18.15704      -   103 5930s
 13784190 1267599     cutoff   43               -   18.16059      -   103 5935s
 13791506 1264154   18.69687   39  212          -   18.16355      -   103 5940s
 13796393 1256153     cutoff   46               -   18.16578      -   103 5946s
 13810633 1253039     cutoff   45               -   18.16854      -   103 5950s
 13819882 1248499     cutoff   36               -   18.17221      -   103 5955s
 13827014 1245064 infeasible   40               -   18.17490      -   103 5960s
 13834463 1241161 infeasible   35               -   18.17778      -   103 5965s
 13841543 1236477   18.45036   42  245          -   18.18081      -   103 5970s
 13852629 1231683   18.83326   47  229          -   18.18466      -   103 5975s
 13860458 1227579     cutoff   40               -   18.18750      -   103 5980s
 13869993 1222543 infeasible   61               -   18.19149      -   103 5986s
 13877211 1219114     cutoff   41               -   18.19429      -   103 5990s
 13884581 1215649     cutoff   40               -   18.19718      -   103 5995s
 13897092 1206802     cutoff   75               -   18.20000      -   103 6001s
 13904802 1203480 infeasible   35               -   18.20264      -   103 6005s
 13911721 1199813 infeasible   41               -   18.20548      -   103 6010s
 13921293 1194941     cutoff   30               -   18.20930      -   103 6016s
 13928690 1190952     cutoff   66               -   18.21212      -   103 6020s
 13936837 1186314     cutoff   38               -   18.21517      -   103 6025s
 13946333 1181056 infeasible   49               -   18.21914      -   103 6030s
 13955883 1175928 infeasible   36               -   18.22222      -   103 6036s
 13962810 1172224     cutoff   41               -   18.22500      -   103 6040s
 13972936 1166312     cutoff   36               -   18.22912      -   103 6046s
 13981670 1161614     cutoff   50               -   18.23244      -   103 6051s
 13988957 1157439   18.90238   49  241          -   18.23545      -   103 6055s
 13996841 1153079     cutoff   52               -   18.23862      -   103 6060s
 14006555 1147735     cutoff   39               -   18.24272      -   103 6066s
 14013962 1143838     cutoff   57               -   18.24572      -   103 6070s
 14020961 1130112     cutoff   53               -   18.24925      -   103 6078s
 14034510 1125673 infeasible   47               -   18.25000      -   103 6081s
 14044057 1122656   18.60680   30  237          -   18.25234      -   103 6085s
 14052988 1117360 infeasible   35               -   18.25648      -   103 6090s
 14060053 1113266     cutoff   48               -   18.25955      -   103 6095s
 14070050 1107277     cutoff   50               -   18.26375      -   103 6101s
 14077617 1102802     cutoff   39               -   18.26680      -   103 6106s
 14084935 1098578   18.76292   37  191          -   18.27002      -   103 6110s
 14094390 1092724     cutoff   47               -   18.27366      -   103 6116s
 14101717 1088010 infeasible   45               -   18.27692      -   103 6120s
 14109538 1083926     cutoff   55               -   18.28000      -   103 6125s
 14119399 1075101     cutoff   49               -   18.28413      -   103 6132s
 14127858 1072713 infeasible   41               -   18.28622      -   103 6135s
 14134885 1068482 infeasible   39               -   18.28947      -   103 6140s
 14144976 1061851     cutoff   46               -   18.29394      -   103 6146s
 14152875 1057396     cutoff   39               -   18.29719      -   103 6150s
 14160578 1051496     cutoff   40               -   18.30000      -   103 6155s
 14170815 1045618 infeasible   55               -   18.30435      -   103 6160s
 14179202 1040523     cutoff   44               -   18.30769      -   103 6165s
 14189547 1033394 infeasible   66               -   18.31228      -   103 6171s
 14197933 1028781     cutoff   49               -   18.31578      -   103 6175s
 14205940 1024134     cutoff   42               -   18.31884      -   103 6180s
 14215965 1017854     cutoff   36               -   18.32329      -   103 6186s
 14223397 1013565 infeasible   41               -   18.32645      -   103 6190s
 14233050 1007816     cutoff   53               -   18.33113      -   103 6195s
 14235386 995975   18.77834   41  235          -   18.33253      -   103 6200s
 14249068 987276     cutoff   40               -   18.33333      -   103 6205s
 14265640 982310     cutoff   54               -   18.33706      -   103 6210s
 14274327 976603     cutoff   62               -   18.34127      -   103 6215s
 14283711 970503     cutoff   44               -   18.34566      -   103 6220s
 14291060 965545     cutoff   48               -   18.34886      -   103 6225s
 14301255 958983     cutoff   40               -   18.35364      -   103 6231s
 14309809 953309     cutoff   46               -   18.35714      -   103 6236s
 14317338 948311 infeasible   36               -   18.36063      -   103 6240s
 14328391 940750     cutoff   51               -   18.36533      -   103 6246s
 14336302 935518     cutoff   51               -   18.36877      -   103 6250s
 14345834 924478     cutoff   57               -   18.37356      -   103 6258s
 14355699 921613 infeasible   48               -   18.37634      -   103 6260s
 14362859 916683 infeasible   65               -   18.37982      -   103 6265s
 14373831 909234 infeasible   45               -   18.38462      -   103 6270s
 14380833 903785     cutoff   42               -   18.38806      -   103 6275s
 14391290 897214     cutoff   34               -   18.39277      -   103 6281s
 14398567 892199     cutoff   32               -   18.39621      -   103 6286s
 14403385 880137   18.68289   39  221          -   18.39884      -   103 6292s
 14418130 877254   18.74909   33  237          -   18.40237      -   103 6295s
 14427334 870849     cutoff   48               -   18.40681      -   103 6301s
 14434464 865551     cutoff   51               -   18.41026      -   103 6305s
 14444326 856449   18.83859   62  243          -   18.41523      -   103 6311s
 14453495 851860     cutoff   35               -   18.41875      -   103 6316s
 14461216 845986     cutoff   49               -   18.42268      -   103 6320s
 14471134 834575     cutoff   44               -   18.42775      -   103 6327s
 14480997 831454     cutoff   56               -   18.43085      -   103 6330s
 14490773 823814     cutoff   44               -   18.43571      -   103 6336s
 14499639 817936   18.73425   41  243          -   18.43982      -   103 6340s
 14506644 810133 infeasible   53               -   18.44350      -   103 6346s
 14516617 805267     cutoff   45               -   18.44762      -   103 6350s
 14526764 797727     cutoff   51               -   18.45265      -   103 6355s
 14535616 790760     cutoff   46               -   18.45672      -   103 6360s
 14543243 784173     cutoff   59               -   18.46067      -   103 6365s
 14553789 776722   18.73755   32  228          -   18.46568      -   103 6370s
 14564540 769157     cutoff   36               -   18.47085      -   103 6375s
 14574710 761338     cutoff   58               -   18.47619      -   103 6381s
 14581921 755689 infeasible   58               -   18.48000      -   103 6385s
 14591671 748716   18.55837   49  231          -   18.48529      -   103 6391s
 14598804 743174     cutoff   53               -   18.48888      -   103 6395s
 14608414 735957   18.89721   42  235          -   18.49469      -   103 6400s
 14615764 720560 infeasible   42               -   18.50000      -   103 6407s
 14628332 708536     cutoff   36               -   18.50000      -   103 6411s
 14640926 696512     cutoff   36               -   18.50000      -   103 6415s
 14665916 680209     cutoff   52               -   18.50000      -   103 6421s
 14675549 675863     cutoff   49               -   18.50309      -   103 6425s
 14682827 670072     cutoff   41               -   18.50769      -   103 6430s
 14691320 663221     cutoff   36               -   18.51309      -   103 6435s
 14700339 656164     cutoff   60               -   18.51862      -   103 6441s
 14709996 648543     cutoff   36               -   18.52438      -   103 6446s
 14717436 642607     cutoff   40               -   18.52893      -   103 6450s
 14727393 634855     cutoff   53               -   18.53463      -   103 6456s
 14735298 628705     cutoff   35               -   18.53925      -   103 6460s
 14744854 619912     cutoff   43               -   18.54533      -   103 6466s
 14755480 612740     cutoff   49               -   18.55102      -   103 6471s
 14764894 605054 infeasible   49               -   18.55573      -   103 6475s
 14774212 596911 infeasible   44               -   18.56211      -   103 6481s
 14784195 589252     cutoff   42               -   18.56818      -   103 6485s
 14795220 579994     cutoff   36               -   18.57344      -   103 6491s
 14804588 572467 infeasible   39               -   18.57934      -   103 6496s
 14812943 565228     cutoff   31               -   18.58423      -   103 6500s
 14822484 557181 infeasible   39               -   18.59055      -   103 6505s
 14832062 549382     cutoff   51               -   18.59700      -   103 6510s
 14845622 537811     cutoff   47               -   18.60169      -   103 6515s
 14854244 530247     cutoff   46               -   18.60813      -   103 6520s
 14863688 521555     cutoff   41               -   18.61462      -   103 6525s
 14873657 513808     cutoff   55               -   18.62111      -   103 6530s
 14884554 504605     cutoff   47               -   18.62687      -   103 6535s
 14895844 493483   19.20142   39  239          -   18.63514      -   103 6541s
 14903923 487624 infeasible   39               -   18.64024      -   103 6545s
 14914179 478699     cutoff   42               -   18.64720      -   103 6550s
 14923780 470481   19.00000   50    1          -   18.65432      -   103 6555s
 14933176 462168     cutoff   43               -   18.66176      -   103 6560s
 14939345 448391     cutoff   36               -   18.66636      -   103 6565s
 14962656 435040     cutoff   63               -   18.67119      -   103 6570s
 14972623 426141 infeasible   38               -   18.67936      -   103 6575s
 14981661 417933     cutoff   39               -   18.68650      -   103 6580s
 14991314 409470     cutoff   39               -   18.69362      -   103 6585s
 15002563 399438 infeasible   46               -   18.70144      -   103 6590s
 15014319 389094 infeasible   68               -   18.71186      -   103 6595s
 15024525 379572     cutoff   46               -   18.71840      -   103 6600s
 15036745 368586     cutoff   57               -   18.72851      -   103 6605s
 15046361 360071     cutoff   43               -   18.73684      -   103 6610s
 15057937 348520     cutoff   39               -   18.74811      -   103 6615s
 15075123 333684     cutoff   47               -   18.75234      -   103 6620s
 15084851 324478     cutoff   68               -   18.76229      -   103 6625s
 15093908 315874 infeasible   49               -   18.77095      -   102 6630s
 15105940 304814     cutoff   39               -   18.78239      -   102 6635s
 15118050 293497     cutoff   41               -   18.79426      -   102 6640s
 15133586 279145     cutoff   52               -   18.80598      -   102 6645s
 15145284 268015     cutoff   51               -   18.81818      -   102 6650s
 15156682 250438     cutoff   32               -   18.83221      -   102 6657s
 15170316 244464     cutoff   41               -   18.84224      -   102 6660s
 15181975 231111 infeasible   42               -   18.85689      -   102 6665s
 15195602 219710     cutoff   38               -   18.87158      -   102 6670s
 15208434 207320 infeasible   40               -   18.88655      -   102 6675s
 15223479 193282     cutoff   71               -   18.90663      -   102 6680s
 15238657 179010     cutoff   51               -   18.92857      -   102 6685s
 15253385 164652     cutoff   52               -   18.95238      -   102 6690s
 15268328 150365     cutoff   53               -   18.98400      -   102 6695s
 15288333 121121 infeasible   36               -   19.00000      -   102 6700s
 15324762 85219     cutoff   53               -   19.00000      -   102 6705s

Cutting planes:
  Gomory: 29
  Implied bound: 1086
  MIR: 128
  Zero half: 418
  Relax-and-lift: 7

Explored 15348191 nodes (1559706135 simplex iterations) in 6708.61 seconds (12729.17 work units)
Thread count was 24 (of 64 available processors)

Solution count 0

Model objective exceeds cutoff
Best objective -, best bound 1.950000000205e+01, gap -

Gurobi 13.0.3 (linux64) logging started Wed Sep 30 22:52:15 2026

Set parameter LogFile to value "W7_m56-100_38_n360k24d20w7_dX_20-24_gurobi.log"
Set parameter Threads to value 24
Set parameter NodefileStart to value 60
Set parameter NodefileDir to value "."
Set parameter SoftMemLimit to value 60
Set parameter Cutoff to value 19.5
Set parameter MIPFocus to value 3
Set parameter Symmetry to value 2
Gurobi Optimizer version 13.0.3 build v13.0.3rc0 (linux64 - "Ubuntu 24.04.4 LTS")

CPU model: AMD Ryzen Threadripper PRO 9975WX 32-Cores, instruction set [SSE2|AVX|AVX2|AVX512]
Thread count: 32 physical cores, 64 logical processors, using up to 24 threads

Non-default parameters:
Cutoff  19.5
SoftMemLimit  60
MIPFocus  3
NodefileStart  60
Symmetry  2
Threads  24

Optimize a model with 181 rows, 541 columns and 1521 nonzeros (Min)
Model fingerprint: 0x72118eb9
Model has 360 linear objective coefficients
Variable types: 0 continuous, 541 integer (360 binary)
Coefficient statistics:
  Matrix range     [1e+00, 2e+00]
  Objective range  [1e+00, 1e+00]
  Bounds range     [1e+00, 4e+01]
  RHS range        [1e+00, 1e+00]

Presolve time: 0.00s
Presolved: 181 rows, 541 columns, 1521 nonzeros
Variable types: 0 continuous, 541 integer (360 binary)
Root relaxation presolve removed 181 rows and 541 columns
Root relaxation presolve: All rows and columns removed

Root relaxation: objective 1.000000e+00, 0 iterations, 0.00 seconds (0.00 work units)

    Nodes    |    Current Node    |     Objective Bounds      |     Work
 Expl Unexpl |  Obj  Depth IntInf | Incumbent    BestBd   Gap | It/Node Time

     0     0    1.00000    0    4          -    1.00000      -     -    0s
     0     0    1.00000    0    4          -    1.00000      -     -    0s
     0     0    1.00000    0    3          -    1.00000      -     -    0s
     0     0    2.00000    0    3          -    2.00000      -     -    0s
     0     0    2.00000    0    3          -    2.00000      -     -    0s
     0     2    2.00000    0    3          -    2.00000      -     -    0s
 11583  8901    8.20956   33  246          -    7.76558      -  57.1    5s
 22915 18436    8.39130   41   96          -    8.20000      -  54.8   10s
 47635 37433   11.83680   23  225          -    8.54737      -  53.8   15s
 76118 58125   11.00000   50   13          -    8.75000      -  53.3   20s
 101987 75401   10.42857   40   32          -    8.90820      -  53.2   25s
 134012 96017   11.00000   55   32          -    9.02294      -  52.2   30s
 166262 115837   13.00000   50    8          -    9.22081      -  51.9   35s
 197290 134632   12.83333   56   42          -    9.39386      -  51.3   40s
 229846 153432   14.45093   52  194          -    9.56734      -  50.6   45s
 264511 172629   11.00000   58   14          -    9.78641      -  49.8   50s
 297402 191144   11.16667   20   60          -   10.00000      -  49.3   55s
 332339 211516   12.00000   55   10          -   10.09524      -  49.0   60s
 364839 231329   13.50000   73   31          -   10.33204      -  48.7   65s
 399409 251921   15.22727   48   97          -   10.50000      -  48.8   70s
 433765 272510   12.00000   37   41          -   10.65672      -  48.7   75s
 469193 293980   10.87500   25   62          -   10.80000      -  48.7   80s
 500990 312250   12.41390   38  260          -   10.92646      -  48.7   85s
 534846 331541   14.00000   76    7          -   11.00000      -  48.6   90s
 570135 350771   12.00000   56   14          -   11.00000      -  48.5   95s
 602412 370038   12.58080   48  183          -   11.09283      -  48.6  100s
 634807 388833   13.88000   31  147          -   11.20958      -  48.6  105s
 654607 401472   16.26316   59  111          -   11.26413      -  48.6  115s
 674911 413756   11.58468   28  197          -   11.27273      -  48.7  120s
 702976 427950   13.31844   60  163          -   11.38338      -  48.7  125s
 733941 445637   13.00000   24    9          -   11.47059      -  48.9  130s
 769158 464472   15.00000   58   13          -   11.50000      -  48.9  135s
 800673 481723   13.04167   34  119          -   11.54054      -  48.9  140s
 833886 500302   13.00000   33   12          -   11.62500      -  49.0  145s
 866564 517965   12.64949   26  192          -   11.66926      -  49.0  150s
 897472 535227   13.40000   34   86          -   11.75000      -  49.0  155s
 929558 553078   14.20879   38  142          -   11.80000      -  49.1  160s
 962081 571290   14.83333   49   79          -   11.85714      -  49.1  165s
 996226 590379   12.25354   24  146          -   11.92157      -  49.1  170s
 1010702 598432   12.62069   41  108          -   11.95263      -  49.2  175s
 1027167 607607   12.38095   30  147          -   11.99685      -  49.2  180s
 1046107 616861   13.74474   19  171          -   12.00000      -  49.3  185s
 1069926 628725   13.00000   30   48          -   12.00000      -  49.2  190s
 1102096 645351   13.00000   37   11          -   12.00000      -  49.2  195s
 1134548 660822   13.62500   38  119          -   12.00000      -  49.2  200s
 1169140 677917   12.66667   36   37          -   12.00000      -  49.2  205s
 1199981 693835   12.52427   29  136          -   12.00446      -  49.3  210s
 1231412 711106   13.50000   51   54          -   12.08333      -  49.3  215s
 1263747 729078   15.00000   21   33          -   12.14286      -  49.3  220s
 1292569 744049   12.45673   31  152          -   12.18944      -  49.3  225s
 1324685 761662   13.00000   39    5          -   12.24242      -  49.3  230s
 1357469 778621   13.14286   45   67          -   12.27083      -  49.4  235s
 1389951 795882   12.90000   28   61          -   12.32236      -  49.4  240s
 1426200 814398   14.00000   25   32          -   12.33333      -  49.4  245s
 1456474 830573   14.35492   34  114          -   12.37500      -  49.5  250s
 1488821 847844   13.40000   30   39          -   12.41667      -  49.5  255s
 1519492 863842     cutoff   50               -   12.45614      -  49.5  260s
 1548518 878777   13.83333   34  100          -   12.50000      -  49.5  265s
 1584467 896162   16.50000   57   23          -   12.50000      -  49.5  270s
 1620096 912986   12.50000   30   26          -   12.50000      -  49.5  275s
 1651980 928724   14.38983   37   93          -   12.50000      -  49.5  280s
 1682626 944424   14.30556   27  121          -   12.53333      -  49.6  285s
 1715468 960880   15.10714   36   93          -   12.57746      -  49.6  290s
 1749118 978257   14.08696   24   89          -   12.61137      -  49.6  295s
 1780611 994466   12.84875   64  170          -   12.65038      -  49.6  300s
 1812039 1009865   13.82500   32  125          -   12.66667      -  49.7  305s
 1844838 1026027   14.72370   23  171          -   12.68750      -  49.7  310s
 1876032 1041593   13.00000   36   12          -   12.71642      -  49.7  315s
 1906452 1056683   19.00000   51   17          -   12.75000      -  49.7  320s
 1943931 1074194   15.80993   46  164          -   12.76471      -  49.7  325s
 1985449 1094914   14.00000   27   19          -   12.80000      -  49.8  330s
 2028071 1115991   14.25926   32   87          -   12.83333      -  49.8  335s
 2068344 1135969   15.23770   25  126          -   12.86667      -  49.8  340s
 2104647 1153627   13.31137   27  145          -   12.89452      -  49.8  345s
 2137425 1170092   14.00000   37    1          -   12.92157      -  49.9  350s
 2171926 1187258   14.50000   36   31          -   12.95000      -  49.9  355s
 2207788 1204373   13.00000   33   13          -   12.98578      -  50.0  360s
 2245215 1220579   13.00000   53   10          -   13.00000      -  50.0  365s
 2287235 1239125   15.00000   34   17          -   13.00000      -  50.0  370s
 2335071 1259452   14.00000   29   13          -   13.00000      -  50.0  375s
 2375139 1276309   19.00000   63   14          -   13.00000      -  49.9  380s
 2411218 1291642   13.01754   24   93          -   13.00000      -  49.9  385s
 2441557 1304570   15.00000   43   16          -   13.00000      -  49.9  390s
 2476512 1318721   15.00000   48   12          -   13.00000      -  49.9  395s
 2508673 1332692   13.50000   37   23          -   13.00000      -  49.9  400s
 2544067 1347357   14.40000   55   73          -   13.00000      -  49.9  405s
 2574046 1360029   13.69697   45   74          -   13.00000      -  49.9  410s
 2608727 1375092   14.00000   38   11          -   13.00000      -  49.9  415s
 2640153 1388649   14.50000   61   30          -   13.00962      -  49.9  420s
 2668101 1402389   15.32609   37  101          -   13.04546      -  50.0  425s
 2699805 1417460   14.00000   68   11          -   13.07692      -  50.0  430s
 2730383 1431557   14.18750   37  173          -   13.10000      -  50.0  435s
 2760511 1446170   15.15000   28  103          -   13.12500      -  50.1  440s
 2793863 1460821   16.50000   61   19          -   13.14351      -  50.1  445s
 2825325 1475843   14.00000   28   37          -   13.16667      -  50.1  450s
 2856119 1490148   13.71429   36   69          -   13.18182      -  50.2  455s
 2884309 1503142   14.50000   27   27          -   13.20000      -  50.2  460s
 2915691 1517253   17.40000   46   62          -   13.21429      -  50.2  465s
 2944354 1530717   15.01784   34  224          -   13.23297      -  50.2  470s
 2975365 1544839   13.65000   31  119          -   13.25000      -  50.3  475s
 3010893 1559814   14.25000   54   55          -   13.25079      -  50.3  480s
 3039227 1573232   14.21495   51  167          -   13.27273      -  50.3  485s
 3068194 1586090   15.02326   44  100          -   13.28883      -  50.4  490s
 3095228 1598477   14.46552   26  124          -   13.30598      -  50.4  495s
 3123692 1611531   14.93333   52   83          -   13.32558      -  50.5  500s
 3154478 1624711   13.61163   39  232          -   13.33333      -  50.5  505s
 3190356 1639858   14.00000   41   36          -   13.33333      -  50.4  510s
 3220657 1653599   16.36364   44  122          -   13.34091      -  50.5  515s
 3248004 1665621   14.93856   37  124          -   13.35897      -  50.5  520s
 3276341 1678367   14.00000   21   54          -   13.37500      -  50.6  525s
 3305519 1691082   13.40000   61   53          -   13.39130      -  50.6  530s
 3335893 1704314   15.48438   31  107          -   13.40000      -  50.6  535s
 3363149 1716686   15.49232   33  228          -   13.41597      -  50.7  540s
 3394315 1729666   17.00000   56    9          -   13.42857      -  50.7  545s
 3424727 1742842   13.57903   45  199          -   13.44570      -  50.8  550s
 3450862 1754574   15.04280   45  140          -   13.46086      -  50.8  555s
 3478401 1766125   13.50000   32   14          -   13.47590      -  50.8  560s
 3505316 1777392   17.25000   44   53          -   13.49520      -  50.9  565s
 3537596 1790790   13.66667   45   39          -   13.50000      -  50.9  570s
 3572488 1805363   14.22222   29   96          -   13.50000      -  50.9  575s
 3605956 1819178   16.40000   55   72          -   13.50000      -  50.9  580s
 3640872 1833355   15.00000   50   11          -   13.50000      -  50.9  585s
 3676182 1847524   14.50000   33   25          -   13.50000      -  50.8  590s
 3710265 1861810   16.50000   52   18          -   13.50000      -  50.8  595s
 3742432 1874881   17.00000   63   11          -   13.50000      -  50.8  600s
 3774268 1888037   15.93103   31  135          -   13.50000      -  50.8  605s
 3802847 1899862   13.83333   49   46          -   13.51558      -  50.9  610s
 3832585 1912138   13.75639   31  218          -   13.53333      -  50.9  615s
 3861616 1924240   15.45455   37   51          -   13.55000      -  50.9  620s
 3891024 1935869   16.00000   39  125          -   13.56458      -  51.0  625s
 3921380 1948345   16.83037   51  150          -   13.57692      -  51.0  630s
 3951487 1960536   14.50000   40   28          -   13.59259      -  51.0  635s
 3986126 1974560   15.18182   36   78          -   13.60000      -  51.0  640s
 4012970 1986204   14.96000   24   96          -   13.61538      -  51.0  645s
 4044433 1998630   14.57143   31  118          -   13.62500      -  51.1  650s
 4073497 2010565   13.97819   40  209          -   13.64224      -  51.1  655s
 4100462 2021115   14.23404   35   94          -   13.65517      -  51.1  660s
 4132195 2033661   15.00000   37   63          -   13.66667      -  51.1  665s
 4167543 2047647   16.50000   34   38          -   13.66667      -  51.1  670s
 4200838 2060584   14.44710   34  165          -   13.66667      -  51.1  675s
 4231813 2072504   16.65556   34  107          -   13.67945      -  51.1  680s
 4259372 2083667   14.20000   35  177          -   13.69333      -  51.2  685s
 4286045 2094204   15.50000   34   56          -   13.70588      -  51.2  690s
 4314737 2105557   15.96552   37  119          -   13.71429      -  51.2  695s
 4338660 2115655   14.00000   37    9          -   13.72727      -  51.2  700s
 4366950 2127006   17.50000   57   21          -   13.73998      -  51.2  705s
 4401136 2140088   16.79762   58  108          -   13.75000      -  51.2  710s
 4436533 2153887   17.00000   35   12          -   13.75000      -  51.2  715s
 4465950 2165697   17.00000   46    1          -   13.75342      -  51.2  720s
 4494446 2176526   15.66531   33  158          -   13.76923      -  51.2  725s
 4524140 2188142   14.68000   53   99          -   13.78151      -  51.3  730s
 4552218 2199240   16.50000   38   31          -   13.79487      -  51.3  735s
 4585609 2212875   15.01445   43  201          -   13.80000      -  51.3  740s
 4614379 2224067   15.85580   55  203          -   13.81081      -  51.3  745s
 4643602 2235425   19.00000   51    1          -   13.82369      -  51.3  750s
 4675131 2248148   14.50000   42   26          -   13.83333      -  51.3  755s
 4706442 2260527   14.42857   35   75          -   13.83871      -  51.3  760s
 4736537 2272685   17.00000   55    9          -   13.85401      -  51.4  765s
 4766888 2284334   14.98750   53  150          -   13.86207      -  51.4  770s
 4793658 2295461   15.07692   33   76          -   13.87500      -  51.4  775s
 4825394 2307667   14.60550   30  112          -   13.88235      -  51.4  780s
 4852862 2318528   17.50000   50   21          -   13.89130      -  51.4  785s
 4883750 2330371   15.00000   42    8          -   13.90123      -  51.5  790s
 4910218 2340868   15.06250   35  103          -   13.91289      -  51.5  795s
 4938044 2351812   14.83544   28  117          -   13.92308      -  51.5  800s
 4968673 2363486   16.00000   57   11          -   13.93401      -  51.5  805s
 4998221 2374992   14.82353   28  101          -   13.94565      -  51.5  810s
 5026245 2385619   15.00000   53   30          -   13.95734      -  51.6  815s
 5055620 2396677   15.50645   24  125          -   13.97059      -  51.6  820s
 5082214 2407045   15.19499   32  158          -   13.98611      -  51.6  825s
 5112702 2418176   16.00000   41    9          -   14.00000      -  51.6  830s
 5145307 2429542   14.50000   28   56          -   14.00000      -  51.6  835s
 5178384 2439893   14.80000   33   57          -   14.00000      -  51.6  840s
 5208216 2451145   14.00000   34   15          -   14.00000      -  51.6  845s
 5243687 2463649   16.00000   32   11          -   14.00000      -  51.6  850s
 5280159 2475328 infeasible   56               -   14.00000      -  51.6  855s
 5315167 2486731   16.00000   46   15          -   14.00000      -  51.6  860s
 5351178 2498843   17.78431   60  132          -   14.00000      -  51.5  865s
 5386064 2510321   16.00000   57   17          -   14.00000      -  51.5  870s
 5422890 2522550 infeasible   36               -   14.00000      -  51.5  875s
 5458302 2534356   14.25000   36   54          -   14.00000      -  51.5  880s
 5493386 2546119   18.00000   58   17          -   14.00000      -  51.5  885s
 5528169 2557671   16.75000   55   42          -   14.00000      -  51.5  890s
 5561001 2569070   16.00000   45   31          -   14.00000      -  51.4  895s
 5593953 2580247   15.00000   38   26          -   14.00000      -  51.4  900s
 5628530 2591764   15.08163   43   95          -   14.00000      -  51.4  905s
 5663733 2603929   15.85822   34  162          -   14.00000      -  51.4  910s
 5699033 2616272     cutoff   45               -   14.00000      -  51.4  915s
 5733327 2627498   16.37500   39   66          -   14.00000      -  51.4  920s
 5763433 2637008   15.00000   31   11          -   14.00000      -  51.4  925s
 5798531 2648303   15.77155   38  122          -   14.00000      -  51.4  930s
 5829288 2658160   15.47222   53  100          -   14.00000      -  51.4  935s
 5863644 2669940   15.00000   43   50          -   14.00000      -  51.4  940s
 5894032 2680663   14.00000   31   14          -   14.00000      -  51.4  945s
 5927550 2692143   14.66667   32   59          -   14.00000      -  51.4  950s
 5959178 2703262   16.00000   35   12          -   14.00000      -  51.4  955s
 5994207 2715328   15.05525   22  145          -   14.00000      -  51.4  960s
 6024196 2725727   16.00000   33    9          -   14.00000      -  51.4  965s
 6053662 2735987   15.00000   44   10          -   14.00000      -  51.4  970s
 6079558 2744896   15.13139   34   90          -   14.01395      -  51.4  975s
 6106952 2755132   16.00000   54    8          -   14.03311      -  51.4  980s
 6137431 2765925   16.59375   35  101          -   14.05000      -  51.4  985s
 6162709 2774910   16.23232   46  147          -   14.06250      -  51.4  990s
 6174459 2779584   15.93409   32  137          -   14.06863      -  51.4  995s
 6197762 2788134   14.50000   39   28          -   14.08000      -  51.5 1000s
 6225290 2798100   15.03581   28  209          -   14.09091      -  51.5 1005s
 6252391 2808451   15.00000   50   25          -   14.10181      -  51.5 1010s
 6281219 2818847   14.39412   45  123          -   14.11247      -  51.5 1015s
 6307408 2829336   15.75000   36   54          -   14.12500      -  51.5 1020s
 6332995 2838104   15.08333   32   99          -   14.13178      -  51.5 1025s
 6358308 2847585   15.12500   37   91          -   14.14286      -  51.5 1030s
 6386485 2857496   14.67630   38  175          -   14.15000      -  51.5 1035s
 6414251 2867723   14.37500   52   78          -   14.16159      -  51.5 1040s
 6444994 2879230   16.25000   44   69          -   14.16667      -  51.5 1045s
 6475604 2890306   15.66667   36   30          -   14.17500      -  51.5 1050s
 6503284 2900229   17.00000   57    9          -   14.18466      -  51.5 1055s
 6532709 2911284   17.50000   53   20          -   14.20000      -  51.5 1060s
 6569578 2924072   14.50000   46   15          -   14.20000      -  51.5 1065s
 6600236 2935014   16.00000   44   10          -   14.21311      -  51.5 1070s
 6630665 2946409   17.00000   48   14          -   14.22222      -  51.5 1075s
 6661492 2957589   16.07692   37   68          -   14.23333      -  51.5 1080s
 6690638 2967992   17.50000   40   56          -   14.24755      -  51.5 1085s
 6724893 2979893   16.82051   39  111          -   14.25000      -  51.5 1090s
 6762327 2993178   15.50000   36   73          -   14.25000      -  51.5 1095s
 6792554 3003410   14.72947   39  170          -   14.25000      -  51.5 1100s
 6822231 3014106   15.47009   38  181          -   14.26087      -  51.5 1105s
 6849730 3024158   16.00000   35   27          -   14.27273      -  51.5 1110s
 6879336 3034757   14.50000   31   31          -   14.28333      -  51.5 1115s
 6914767 3047137   15.27227   25  169          -   14.28889      -  51.5 1120s
 6946344 3058457   14.50000   34   25          -   14.30000      -  51.5 1125s
 6973748 3068219   14.89068   36  193          -   14.30952      -  51.5 1130s
 7004232 3079482   15.50000   42   93          -   14.32075      -  51.5 1135s
 7030955 3088871 infeasible   41               -   14.33333      -  51.5 1140s
 7063701 3099923   15.33333   38   83          -   14.33333      -  51.5 1145s
 7099157 3111679   15.00000   32   12          -   14.33333      -  51.5 1150s
 7132518 3122529   16.17647   28   57          -   14.33333      -  51.5 1155s
 7163277 3132638   17.12500   37   68          -   14.33333      -  51.5 1160s
 7196775 3143739   18.00000   63    4          -   14.33829      -  51.4 1165s
 7225161 3153725   16.00000   59   54          -   14.35000      -  51.5 1170s
 7254386 3164196   14.46911   26  136          -   14.36000      -  51.5 1175s
 7281730 3173711   14.58333   66   68          -   14.36842      -  51.5 1180s
 7312554 3184542   14.66667   34   47          -   14.37500      -  51.5 1185s
 7338474 3193529   14.74451   33  177          -   14.38227      -  51.5 1190s
 7370400 3204813   14.50000   47   22          -   14.39285      -  51.5 1195s
 7403835 3216489   15.50000   39   84          -   14.40000      -  51.5 1200s
 7437795 3227412   16.00000   61   11          -   14.40000      -  51.5 1205s
 7469197 3238590   16.00000   31   13          -   14.41176      -  51.5 1210s
 7501477 3250082   14.75000   42   45          -   14.42105      -  51.5 1215s
 7532164 3260796   15.58140   23  149          -   14.42857      -  51.5 1220s
 7563680 3272126   17.00000   39   14          -   14.43694      -  51.5 1225s
 7594468 3283049   15.94521   28  133          -   14.44444      -  51.5 1230s
 7624437 3293085   16.37879   65  173          -   14.45324      -  51.5 1235s
 7656047 3304043   15.25209   33  162          -   14.46154      -  51.5 1240s
 7685071 3314185   16.00000   48   14          -   14.47024      -  51.5 1245s
 7712973 3323691   15.00000   57   27          -   14.47872      -  51.5 1250s
 7742385 3334161   15.50000   60   17          -   14.49020      -  51.5 1255s
 7769648 3343203   16.40000   39   64          -   14.50000      -  51.5 1260s
 7802533 3353862   14.63576   28  134          -   14.50000      -  51.5 1265s
 7834864 3364464   15.00000   35   14          -   14.50000      -  51.5 1270s
 7848386 3367859   16.75000   31   44          -   14.50000      -  51.5 1275s
 7848614 3368062     cutoff   42               -   14.50000      -  51.5 1280s
 7848790 3368224   14.76596   30  125          -   14.50000      -  51.5 1285s
 7848911 3368341   16.00000   72   53          -   14.50000      -  51.5 1290s
 7849037 3368454   16.00000   57   35          -   14.50000      -  51.5 1295s
 7849140 3368545   15.62500   35   74          -   14.50000      -  51.5 1300s
 7849239 3368637   16.38235   39  112          -   14.50000      -  51.5 1305s
 7849312 3368707   15.25000   45   57          -   14.50000      -  51.5 1310s
 7849414 3368798   19.00000   31   16          -   14.50000      -  51.5 1315s
 7849569 3368931   17.00000   30   11          -   14.50000      -  51.5 1321s
 7849982 3369198   17.50000   68   26          -   14.50000      -  51.5 1325s
 7852121 3369820   16.06633   63  170          -   14.50000      -  51.5 1330s
 7853280 3370304   16.00000   37   39          -   14.50000      -  51.5 1336s
 7855631 3371312     cutoff   61               -   14.50000      -  51.5 1340s
 7860290 3373327   15.00000   49   13          -   14.50000      -  51.5 1345s
 7869407 3375743   16.98611   45  101          -   14.50000      -  51.5 1351s
 7878304 3378458   15.25000   37   66          -   14.50000      -  51.5 1355s
 7885116 3380420   17.38571   31  136          -   14.50000      -  51.5 1360s
 7893169 3383154   16.00000   32    9          -   14.50000      -  51.5 1366s
 7901478 3385272   16.70721   58  159          -   14.50000      -  51.5 1371s
 7916296 3389501   15.45098   33  104          -   14.50000      -  51.5 1375s
 7925161 3391761   15.66667   35   48          -   14.50000      -  51.5 1380s
 7937352 3395340   17.10050   32  112          -   14.50000      -  51.5 1385s
 7960228 3401997   14.50000   56   19          -   14.50000      -  51.5 1390s
 7992464 3411331   14.83333   49  115          -   14.50000      -  51.5 1395s
 8027738 3422364   17.00000   45    9          -   14.50000      -  51.5 1400s
 8064155 3433205   14.96226   35  108          -   14.50000      -  51.5 1405s
 8096801 3443102   18.00000   47   13          -   14.50000      -  51.5 1410s
 8134965 3454315   15.21429   40   97          -   14.50000      -  51.4 1415s
 8164046 3463281   16.16667   39   38          -   14.50000      -  51.4 1420s
 8194871 3472693   16.27097   35  102          -   14.50000      -  51.4 1425s
 8229243 3483103   16.00000   38    9          -   14.50000      -  51.4 1430s
 8259296 3492241   15.47368   32   88          -   14.50000      -  51.4 1435s
 8291527 3502279   16.00000   56   16          -   14.50000      -  51.4 1440s
 8324292 3512673   14.93015   32  153          -   14.50704      -  51.4 1445s
 8352566 3521331     cutoff   39               -   14.51852      -  51.4 1450s
 8381958 3531250   14.63329   32  204          -   14.52941      -  51.4 1455s
 8412240 3540852   18.00000   30   82          -   14.53846      -  51.5 1460s
 8422178 3550491   15.11348   34  231          -   14.54217      -  51.5 1483s
 8445179 3555959   15.25000   44   70          -   14.54280      -  51.5 1486s
 8482839 3563455   15.00000   36   12          -   14.55618      -  51.5 1490s
 8510992 3573132   15.17647   36   89          -   14.56667      -  51.5 1495s
 8541934 3583528   15.89189   39  179          -   14.57143      -  51.5 1500s
 8573312 3594271   15.00000   56   17          -   14.58142      -  51.5 1505s
 8603478 3604817   16.90411   29  152          -   14.58871      -  51.5 1510s
 8633593 3615177   15.51910   31  165          -   14.60000      -  51.5 1515s
 8665085 3624930   14.86496   34  147          -   14.60000      -  51.5 1520s
 8697349 3634743   15.41176   54  112          -   14.60000      -  51.5 1525s
 8725041 3643804   15.33333   65   47          -   14.61111      -  51.5 1530s
 8757298 3654951   16.10139   33  185          -   14.62162      -  51.5 1535s
 8789064 3665218   16.33498   27  127          -   14.62500      -  51.5 1540s
 8819552 3675299   15.53339   27  166          -   14.63462      -  51.5 1545s
 8846986 3684287   16.14528   32  190          -   14.64103      -  51.5 1550s
 8874882 3693775   15.68000   58  121          -   14.64773      -  51.5 1555s
 8905290 3703993   15.38606   58  227          -   14.65678      -  51.5 1560s
 8931186 3712904   16.00000   56   10          -   14.66667      -  51.5 1565s
 8965540 3723270   15.00000   36    6          -   14.66667      -  51.5 1570s
 9000248 3733689   15.66667   52  114          -   14.66667      -  51.5 1575s
 9030046 3742356   17.45946   29  147          -   14.66667      -  51.5 1580s
 9064287 3752271   14.81818   38   92          -   14.66667      -  51.5 1585s
 9094683 3761295   14.76471   31   88          -   14.66667      -  51.5 1590s
 9128087 3771308     cutoff   37               -   14.66667      -  51.5 1595s
 9157437 3780224   15.30769   53  107          -   14.66746      -  51.5 1600s
 9185541 3789726   15.48980   45  143          -   14.67857      -  51.5 1605s
 9211292 3798628   16.68750   29  135          -   14.68657      -  51.5 1610s
 9240092 3808218   17.25424   50  102          -   14.69260      -  51.5 1615s
 9268484 3817799   14.87500   38   85          -   14.70000      -  51.5 1620s
 9297674 3827343   16.00000   37    8          -   14.70588      -  51.5 1625s
 9327778 3837704   16.42105   27   86          -   14.71429      -  51.5 1630s
 9360258 3847671   16.00000   37   18          -   14.71545      -  51.5 1635s
 9386943 3856960   15.79545   34  113          -   14.72414      -  51.5 1640s
 9413085 3865391   17.33333   31   88          -   14.72911      -  51.5 1645s
 9438991 3874008   15.37500   38   51          -   14.73611      -  51.5 1650s
 9468673 3883506   15.00000   35   15          -   14.74468      -  51.5 1655s
 9499603 3893190   15.75000   58   48          -   14.75000      -  51.5 1660s
 9532425 3902266   14.90000   35   82          -   14.75000      -  51.5 1665s
 9562481 3911371   16.12500   35   89          -   14.75000      -  51.5 1670s
 9593887 3920231   15.66667   33  107          -   14.75000      -  51.5 1675s
 9626391 3930318   14.94460   40  124          -   14.75000      -  51.5 1680s
 9656070 3939198     cutoff   71               -   14.75000      -  51.5 1685s
 9685370 3949360   16.57303   33  125          -   14.76087      -  51.5 1690s
 9713015 3958336   15.50000   35   70          -   14.76923      -  51.5 1695s
 9741675 3967402   16.00000   33   90          -   14.77528      -  51.5 1700s
 9773258 3977770   15.79917   27  147          -   14.78016      -  51.5 1705s
 9800723 3986978   15.37838   35  157          -   14.78620      -  51.6 1710s
 9825681 3995304   17.65847   42  147          -   14.79375      -  51.6 1715s
 9859297 4005740   16.50000   70   24          -   14.80000      -  51.6 1720s
 9889671 4014668     cutoff   74               -   14.80000      -  51.6 1725s
 9922336 4024752   16.96875   49  131          -   14.80000      -  51.6 1730s
 9949280 4033623   15.21739   33   91          -   14.80695      -  51.6 1735s
 9979473 4043107   18.00000   35   15          -   14.81356      -  51.6 1740s
 10010064 4052743   15.57500   67  127          -   14.81831      -  51.6 1745s
 10040963 4062908   16.70924   36  163          -   14.82609      -  51.6 1750s
 10070657 4072496   16.00000   33   11          -   14.83333      -  51.6 1755s
 10100287 4081773   17.00000   40   56          -   14.83333      -  51.6 1760s
 10132061 4091199   15.76471   44  107          -   14.83333      -  51.6 1765s
 10162518 4101168   15.70000   35  127          -   14.84035      -  51.6 1770s
 10192280 4110643   17.24000   38  122          -   14.84693      -  51.6 1775s
 10221353 4120135   16.40000   47   61          -   14.85403      -  51.6 1780s
 10251550 4129305   16.00000   67   14          -   14.85714      -  51.6 1785s
 10282379 4138825   18.19641   30  229          -   14.86047      -  51.6 1790s
 10308131 4146802   15.00000   27   48          -   14.86667      -  51.6 1795s
 10333328 4155050   16.57366   47  155          -   14.87357      -  51.7 1800s
 10364027 4164186   15.00000   54   13          -   14.87500      -  51.7 1805s
 10393185 4173502   17.47586   43  132          -   14.87879      -  51.7 1810s
 10422662 4182934 infeasible   37               -   14.88525      -  51.7 1815s
 10451536 4191981   15.58333   26   52          -   14.88889      -  51.7 1820s
 10478786 4200659   15.01201   33  219          -   14.89474      -  51.7 1825s
 10504948 4208497   17.00000   32   16          -   14.90000      -  51.7 1830s
 10532943 4216881   16.50993   42  141          -   14.90337      -  51.7 1835s
 10562846 4226393   15.18182   41   77          -   14.90909      -  51.7 1840s
 10588974 4234588   16.72161   36  161          -   14.91379      -  51.7 1845s
 10615498 4242295   15.88235   46   97          -   14.91667      -  51.7 1850s
 10639339 4250134   15.59857   60  197          -   14.92271      -  51.8 1855s
 10664822 4257871   17.50000   31   91          -   14.92683      -  51.8 1860s
 10688717 4265075   15.88341   63  110          -   14.93088      -  51.8 1865s
 10715239 4273647   15.50000   45   77          -   14.93617      -  51.8 1870s
 10741600 4281633   15.67678   48  231          -   14.94118      -  51.8 1875s
 10767163 4289796   15.56201   36  214          -   14.94475      -  51.8 1880s
 10792178 4297459   15.50000   37   44          -   14.95000      -  51.8 1885s
 10816496 4304731   16.52923   33  197          -   14.95522      -  51.8 1890s
 10841038 4312242   17.95000   42  140          -   14.96006      -  51.8 1895s
 10866041 4319758   15.75000   43   45          -   14.96552      -  51.8 1900s
 10890488 4327791   16.51852   37   81          -   14.97076      -  51.9 1905s
 10917612 4335883   16.72973   36   99          -   14.97727      -  51.9 1910s
 10939405 4342931     cutoff   42               -   14.98291      -  51.9 1915s
 10965883 4350994   18.16667   30   67          -   14.99095      -  51.9 1920s
 10990157 4358384   17.00000   64    7          -   15.00000      -  51.9 1925s
 11019834 4365665   15.50000   33   31          -   15.00000      -  51.9 1930s
 11052263 4373948   15.00000   35   16          -   15.00000      -  51.9 1935s
 11085261 4382006   15.94737   58  121          -   15.00000      -  51.9 1940s
 11112266 4388532   17.87500   44   97          -   15.00000      -  51.9 1945s
 11142524 4395681   15.10000   35   69          -   15.00000      -  51.9 1950s
 11172066 4402989   16.66667   53   63          -   15.00000      -  51.9 1955s
 11204257 4411104   16.08333   53   91          -   15.00000      -  51.9 1960s
 11234492 4418621   16.00000   35   16          -   15.00000      -  51.9 1965s
 11267450 4426413   16.33333   65   36          -   15.00000      -  51.9 1970s
 11298234 4433172     cutoff   40               -   15.00000      -  51.9 1975s
 11333557 4440863   16.00000   26   13          -   15.00000      -  51.9 1980s
 11365147 4448113   15.00000   58   12          -   15.00000      -  51.9 1985s
 11396048 4455338   15.50000   33   29          -   15.00000      -  51.9 1990s
 11432749 4463364   15.00000   27   14          -   15.00000      -  51.9 1995s
 11467746 4471211   16.50000   41   15          -   15.00000      -  51.9 2000s
 11495220 4477040   15.00000   57    9          -   15.00000      -  51.9 2005s
 11525600 4483764   15.12500   42   88          -   15.00000      -  51.9 2010s
 11558951 4490849   15.00000   32   17          -   15.00000      -  51.9 2015s
 11593048 4498404   16.00000   42   21          -   15.00000      -  51.9 2020s
 11631674 4507399   15.88889   32   60          -   15.00000      -  51.9 2025s
 11668412 4515502   15.00000   39   17          -   15.00000      -  51.8 2030s
 11706611 4524151   15.00000   25    8          -   15.00000      -  51.8 2035s
 11745708 4532693   15.50000   46   63          -   15.00000      -  51.8 2040s
 11782968 4541122   15.00000   36   16          -   15.00000      -  51.8 2045s
 11815964 4548105   18.00000   42   99          -   15.00000      -  51.8 2050s
 11845518 4554573   16.00000   63   59          -   15.00000      -  51.8 2055s
 11878530 4561700   16.00000   40   12          -   15.00000      -  51.8 2060s
 11911833 4568977   16.00000   37   66          -   15.00000      -  51.8 2065s
 11944483 4576085   15.60526   37   85          -   15.00000      -  51.8 2070s
 11979731 4583598   16.00000   62    9          -   15.00000      -  51.8 2075s
 12007033 4589737   15.00000   39   11          -   15.00000      -  51.8 2080s
 12043118 4597494   15.00000   62    9          -   15.00000      -  51.8 2085s
 12078102 4605446   17.50000   39   53          -   15.00000      -  51.8 2090s
 12112729 4613297   15.66667   76   33          -   15.00000      -  51.7 2095s
 12145229 4620806   15.20000   53  148          -   15.00000      -  51.8 2100s
 12176113 4627727   16.00000   38    9          -   15.00000      -  51.7 2105s
 12210985 4635650   16.00000   36   15          -   15.00000      -  51.7 2110s
 12243679 4642973   18.04082   38  101          -   15.00000      -  51.7 2115s
 12275613 4650623   15.87500   32   79          -   15.00000      -  51.7 2120s
 12310524 4658181   15.20841   32  256          -   15.00000      -  51.7 2125s
 12340999 4664834   15.50000   32   24          -   15.00000      -  51.7 2130s
 12376338 4672858   18.59341   42  125          -   15.00000      -  51.7 2135s
 12407259 4679586   17.00000   79   11          -   15.00000      -  51.7 2140s
 12439725 4686589     cutoff   43               -   15.00000      -  51.7 2145s
 12474897 4694422   17.00000   33  145          -   15.00000      -  51.7 2150s
 12507297 4701327   18.44444   62  120          -   15.00000      -  51.7 2155s
 12537227 4708370   15.00000   59   11          -   15.00000      -  51.7 2160s
 12570717 4716296   16.00000   53   18          -   15.00000      -  51.7 2165s
 12600291 4723182   18.25000   53   63          -   15.00000      -  51.7 2170s
 12630148 4730482   15.80169   31  175          -   15.00000      -  51.7 2175s
 12661946 4737996   16.51857   39  146          -   15.00000      -  51.7 2180s
 12692174 4745234   16.11111   35   61          -   15.00000      -  51.7 2185s
 12724574 4753195     cutoff   65               -   15.00000      -  51.7 2190s
 12756859 4760843   16.28571   26   53          -   15.00000      -  51.7 2195s
 12788771 4768313   16.12658   30   91          -   15.00000      -  51.7 2200s
 12821138 4776066     cutoff   38               -   15.00000      -  51.7 2205s
 12848846 4782776   18.00000   52    6          -   15.00000      -  51.7 2210s
 12878447 4789870   17.00000   31   18          -   15.00000      -  51.7 2215s
 12910510 4797587   18.00000   28   19          -   15.00000      -  51.7 2220s
 12940939 4804691   17.54167   56   74          -   15.00000      -  51.7 2225s
 12963352 4811305   16.20001   28  198          -   15.00944      -  51.7 2230s
 12987562 4818930   16.00000   51   10          -   15.01852      -  51.7 2235s
 13011965 4826592   15.87500   29   89          -   15.02632      -  51.7 2240s
 13040458 4835112   15.16667   37   48          -   15.03448      -  51.7 2245s
 13069573 4843623   17.00000   38   15          -   15.04187      -  51.8 2250s
 13093358 4851119   16.68750   45   99          -   15.04866      -  51.8 2255s
 13120104 4859287   17.00000   50   13          -   15.05504      -  51.8 2260s
 13147713 4867069   16.56173   43  145          -   15.06122      -  51.8 2265s
 13175535 4875770   18.00000   39   63          -   15.06667      -  51.8 2270s
 13202848 4883722   16.73333   40  107          -   15.07143      -  51.8 2275s
 13230637 4891754   15.89908   38  185          -   15.07692      -  51.8 2280s
 13256627 4899853   16.53226   41  141          -   15.08333      -  51.8 2285s
 13282788 4907132   15.40000   38   65          -   15.08696      -  51.8 2290s
 13311158 4915245   15.34483   35  128          -   15.09097      -  51.8 2295s
 13337239 4923027   18.18750   59   86          -   15.09756      -  51.9 2300s
 13367093 4931105   17.50000   37   35          -   15.10013      -  51.9 2305s
 13390374 4938179   15.10714   37  127          -   15.10620      -  51.9 2310s
 13419633 4947038   17.00000   27   66          -   15.11111      -  51.9 2315s
 13447122 4954606   15.50847   28  132          -   15.11538      -  51.9 2320s
 13473276 4961769   16.29324   34  146          -   15.12000      -  51.9 2325s
 13497922 4968903   16.30155   57  121          -   15.12500      -  51.9 2330s
 13531055 4977576   16.33333   41   47          -   15.12500      -  51.9 2335s
 13554566 4984369   15.78571   34   90          -   15.13112      -  51.9 2340s
 13578812 4991439   17.65588   33  147          -   15.13575      -  51.9 2345s
 13603624 4998336   15.50000   37   42          -   15.14088      -  51.9 2350s
 13631343 5005573     cutoff   46               -   15.14286      -  51.9 2355s
 13657049 5012396   16.23133   28  152          -   15.14581      -  52.0 2360s
 13682306 5019200   15.50000   34   23          -   15.15079      -  52.0 2365s
 13707964 5026304   16.34029   49  214          -   15.15504      -  52.0 2370s
 13731117 5032862   16.37857   31  138          -   15.15966      -  52.0 2375s
 13755317 5039494   16.67742   28  150          -   15.16529      -  52.0 2380s
 13784533 5047665   16.78947   35  181          -   15.16667      -  52.0 2385s
 13816526 5055625   15.60000   38   64          -   15.16667      -  52.0 2390s
 13845939 5063382   15.44167   34  131          -   15.16667      -  52.0 2395s
 13868578 5069557   16.00000   57   37          -   15.17241      -  52.0 2400s
 13892126 5075971   18.00000   42    6          -   15.17669      -  52.0 2405s
 13916964 5082678   16.98276   36  128          -   15.18182      -  52.0 2410s
 13945371 5090255   17.83253   35  194          -   15.18579      -  52.0 2415s
 13969969 5097226   18.80952   33  113          -   15.18991      -  52.1 2420s
 13995149 5104019     cutoff   62               -   15.19444      -  52.1 2425s
 14022490 5111308   16.94444   38  100          -   15.20000      -  52.1 2430s
 14052658 5119184   15.63475   33  149          -   15.20000      -  52.1 2435s
 14084717 5127621   16.40000   60   65          -   15.20000      -  52.1 2440s
 14112682 5134575   18.00000   33    8          -   15.20090      -  52.1 2445s
 14134981 5140954   16.40411   32  120          -   15.20606      -  52.1 2450s
 14160781 5147898   18.38884   42  227          -   15.21082      -  52.1 2455s
 14184947 5154526   15.65217   25  122          -   15.21429      -  52.1 2460s
 14208538 5160631   17.73214   27  148          -   15.21875      -  52.1 2465s
 14235031 5167607   16.05263   34   78          -   15.22222      -  52.1 2470s
 14261583 5174539   17.87076   40  164          -   15.22541      -  52.1 2475s
 14284053 5180203   17.15115   50  231          -   15.22951      -  52.2 2480s
 14312584 5187465   17.42734   29  160          -   15.23353      -  52.2 2485s
 14334233 5192905   15.25000   43   34          -   15.23729      -  52.2 2490s
 14357174 5199030   15.54098   38  117          -   15.24138      -  52.2 2495s
 14378016 5204333   18.12500   38   60          -   15.24603      -  52.2 2500s
 14402127 5210514   18.50000   35   38          -   15.25000      -  52.2 2505s
 14433656 5218540   15.50000   32   39          -   15.25000      -  52.2 2510s
 14465960 5225991   18.75000   35   74          -   15.25000      -  52.2 2515s
 14499009 5233528   16.51622   39  177          -   15.25000      -  52.2 2520s
 14528831 5240844   16.33333   27   43          -   15.25000      -  52.2 2525s
 14560904 5248371   15.64286   50   59          -   15.25000      -  52.2 2530s
 14595608 5256932   16.74886   33  177          -   15.25000      -  52.2 2535s
 14623798 5263696   15.81018   38  240          -   15.25043      -  52.2 2540s
 14644486 5269018   15.38710   35   84          -   15.25585      -  52.2 2545s
 14667408 5275012   17.59091   39  114          -   15.26027      -  52.2 2550s
 14689935 5280773   18.00000   58   12          -   15.26419      -  52.2 2555s
 14717057 5287575   17.44958   44  147          -   15.26848      -  52.2 2560s
 14740157 5293481   15.50000   44   33          -   15.27273      -  52.2 2565s
 14767567 5299987   16.00000   36   65          -   15.27547      -  52.2 2570s
 14791654 5305888   16.32980   36  193          -   15.27933      -  52.3 2575s
 14814555 5311761   17.00000   43   50          -   15.28384      -  52.3 2580s
 14844606 5319046   15.93396   52  131          -   15.28571      -  52.3 2585s
 14874922 5326319   15.58618   36  203          -   15.28684      -  52.3 2590s
 14897013 5331939   15.66667   28   61          -   15.29167      -  52.3 2595s
 14921635 5337639   18.33333   37   31          -   15.29529      -  52.3 2600s
 14945128 5343542     cutoff   54               -   15.30000      -  52.3 2605s
 14974304 5350293   15.33333   35   57          -   15.30000      -  52.3 2610s
 14997264 5356274   16.12853   30  168          -   15.30435      -  52.3 2615s
 15021811 5362306   16.88859   35  229          -   15.30769      -  52.3 2620s
 15042115 5367030     cutoff   39               -   15.31122      -  52.4 2625s
 15067751 5373129   16.25000   44   43          -   15.31481      -  52.4 2630s
 15092711 5379347   16.21037   58  170          -   15.31884      -  52.4 2635s
 15115724 5384883   15.81936   30  215          -   15.32258      -  52.4 2640s
 15138363 5390553   17.00000   53   41          -   15.32723      -  52.4 2645s
 15159412 5395870   15.40000   31   53          -   15.33333      -  52.4 2650s
 15187965 5402040   15.33333   38   30          -   15.33333      -  52.4 2655s
 15219848 5409606   15.50000   59   61          -   15.33333      -  52.4 2660s
 15250763 5416348   17.50000   39   19          -   15.33333      -  52.4 2665s
 15281560 5422837   16.50000   59   14          -   15.33333      -  52.4 2670s
 15312009 5429803   17.18182   29  127          -   15.33333      -  52.4 2675s
 15340037 5435879   17.44444   61   36          -   15.33333      -  52.4 2680s
 15375381 5443907   17.19934   32  185          -   15.33333      -  52.4 2685s
 15405408 5450416   17.86747   34  134          -   15.33333      -  52.4 2690s
 15438541 5457550   16.61905   36   87          -   15.33333      -  52.4 2695s
 15470868 5464803     cutoff   42               -   15.33333      -  52.4 2700s
 15500248 5471405   16.00000   52   16          -   15.33333      -  52.4 2705s
 15522935 5476390   19.00000   42    7          -   15.33811      -  52.4 2710s
 15545297 5481722   18.60000   49   80          -   15.34272      -  52.4 2715s
 15567528 5486700   17.00000   39    9          -   15.34668      -  52.4 2720s
 15592275 5492561   18.00000   41   73          -   15.35051      -  52.4 2725s
 15615807 5498561   16.50445   42  218          -   15.35460      -  52.4 2730s
 15641727 5504317   15.62436   28  127          -   15.35714      -  52.4 2735s
 15663450 5509346   15.67188   35   98          -   15.36122      -  52.5 2740s
 15692850 5516252   16.00000   37    9          -   15.36364      -  52.5 2745s
 15716834 5522360   18.00000   35   17          -   15.36842      -  52.5 2750s
 15737426 5526825   18.14286   38   83          -   15.37143      -  52.5 2755s
 15764420 5533199   15.50000   29   31          -   15.37500      -  52.5 2760s
 15792576 5539782   16.66667   36  128          -   15.37500      -  52.5 2765s
 15816817 5545254   16.00000   44   11          -   15.37732      -  52.5 2770s
 15838728 5550184   17.73985   47  152          -   15.38108      -  52.5 2775s
 15861204 5555662   16.02848   35  139          -   15.38462      -  52.5 2780s
 15883674 5560800     cutoff   46               -   15.38865      -  52.5 2785s
 15909351 5566192   16.50000   36   29          -   15.39177      -  52.5 2790s
 15932333 5571600   16.70268   33  171          -   15.39608      -  52.6 2795s
 15954398 5576536   17.00000   31   11          -   15.40000      -  52.6 2800s
 15987848 5584095   15.50000   31   29          -   15.40000      -  52.6 2805s
 16017343 5590999   15.66667   30   60          -   15.40000      -  52.6 2810s
 16050105 5598296 infeasible   51               -   15.40000      -  52.6 2815s
 16078044 5604488   18.00000   41    8          -   15.40232      -  52.6 2820s
 16096531 5608768   15.94595   36  129          -   15.40608      -  52.6 2825s
 16122012 5614296   17.43182   49   86          -   15.41006      -  52.6 2830s
 16143858 5618996   18.22500   57  186          -   15.41338      -  52.6 2835s
 16171529 5625384   15.81579   40   79          -   15.41667      -  52.6 2840s
 16196657 5631082   15.50947   73  152          -   15.41935      -  52.6 2845s
 16218921 5636633   15.49127   35  167          -   15.42308      -  52.6 2850s
 16243086 5641586   15.91717   38  168          -   15.42703      -  52.6 2855s
 16270250 5647472   16.37500   43  100          -   15.42857      -  52.6 2860s
 16296788 5653658   18.75000   35   50          -   15.42857      -  52.6 2865s
 16319485 5658836   18.00000   49   35          -   15.43094      -  52.7 2870s
 16342265 5663804   17.00000   46   47          -   15.43478      -  52.7 2875s
 16369783 5669584   16.71429   32   87          -   15.43750      -  52.7 2880s
 16391536 5674629   16.72727   26   82          -   15.44177      -  52.7 2885s
 16416476 5679774   15.62500   35   81          -   15.44444      -  52.7 2890s
 16442275 5684876   16.00000   50   14          -   15.44444      -  52.7 2895s
 16461264 5689098   15.45455   44   96          -   15.44828      -  52.7 2900s
 16483312 5693996   18.00000   45    7          -   15.45161      -  52.7 2905s
 16503992 5698430   18.58333   38   62          -   15.45455      -  52.7 2910s
 16530029 5704393   17.25000   36   48          -   15.45652      -  52.7 2915s
 16550304 5708684   15.65798   43  243          -   15.45954      -  52.7 2920s
 16576074 5713968     cutoff   40               -   15.46186      -  52.7 2925s
 16596747 5718805   16.37838   59  106          -   15.46552      -  52.8 2930s
 16618606 5723321 infeasible   44               -   15.46799      -  52.8 2935s
 16640359 5728270   18.00000   44    6          -   15.47101      -  52.8 2940s
 16660939 5732887     cutoff   44               -   15.47389      -  52.8 2945s
 16682849 5737347   18.00000   66   18          -   15.47727      -  52.8 2950s
 16704563 5742110   15.82451   49  124          -   15.48067      -  52.8 2955s
 16725349 5746705   16.00000   40   12          -   15.48387      -  52.8 2960s
 16746702 5751267   17.35185   61   94          -   15.48760      -  52.8 2965s
 16767666 5755593   16.00000   36   45          -   15.49167      -  52.8 2970s
 16789287 5760171   16.04982   45  209          -   15.49660      -  52.9 2975s
 16809871 5764357   16.50000   59   23          -   15.50000      -  52.9 2980s
 16843619 5771540   16.67296   46  111          -   15.50000      -  52.9 2985s
 16873356 5777712   16.29125   38  167          -   15.50000      -  52.9 2990s
 16903002 5783568   15.55319   42   98          -   15.50000      -  52.9 2995s
 16932328 5789432   17.00000   37   67          -   15.50000      -  52.9 3000s
 16963237 5795463   18.18750   33  101          -   15.50000      -  52.9 3005s
 16993547 5801277   16.82134   27  163          -   15.50000      -  52.9 3010s
 17023513 5807021   16.20000   49   72          -   15.50000      -  52.8 3015s
 17054051 5812684     cutoff   57               -   15.50000      -  52.8 3020s
 17083925 5818357   16.00000   34   10          -   15.50000      -  52.8 3025s
 17114098 5823853   16.00000   33   12          -   15.50000      -  52.8 3030s
 17144742 5829749   17.25000   30   99          -   15.50000      -  52.8 3035s
 17179352 5836518   16.00000   37   40          -   15.50000      -  52.8 3040s
 17209939 5842131   16.00000   30   12          -   15.50000      -  52.8 3045s
 17243110 5848380   16.00000   35   13          -   15.50000      -  52.8 3050s
 17276158 5854637   16.00000   56   12          -   15.50000      -  52.8 3055s
 17306220 5860459   16.00000   48   13          -   15.50000      -  52.8 3060s
 17336849 5866228   17.25000   68   94          -   15.50000      -  52.8 3065s
 17368762 5872299   18.07500   32   83          -   15.50000      -  52.8 3070s
 17398655 5877801     cutoff   49               -   15.50000      -  52.8 3075s
 17426274 5882922   15.50000   46   47          -   15.50000      -  52.8 3080s
 17460317 5889062   17.50000   55   31          -   15.50000      -  52.8 3085s
 17493643 5895327   17.00000   56   12          -   15.50000      -  52.8 3090s
 17527055 5901586   16.50000   30   38          -   15.50000      -  52.8 3095s
 17564591 5908507   16.25000   34   50          -   15.50000      -  52.7 3100s
 17597938 5914646   17.50000   28   21          -   15.50000      -  52.7 3105s
 17627183 5920193 infeasible   66               -   15.50000      -  52.7 3110s
 17660200 5926356   17.00000   47   55          -   15.50000      -  52.7 3115s
 17693225 5932304   18.00000   45   23          -   15.50000      -  52.7 3120s
 17725079 5938644   17.80000   31   56          -   15.50000      -  52.7 3125s
 17758206 5945051   16.00000   40   20          -   15.50000      -  52.7 3130s
 17787731 5950641   15.50000   50   26          -   15.50000      -  52.7 3135s
 17818114 5956640     cutoff   70               -   15.50000      -  52.7 3140s
 17850749 5962995   16.64706   37  109          -   15.50000      -  52.7 3145s
 17877642 5968063   18.33333   53   76          -   15.50000      -  52.7 3150s
 17912466 5974780   18.07143   42  105          -   15.50000      -  52.7 3155s
 17941804 5979799   18.31773   28  188          -   15.50000      -  52.7 3160s
 17969732 5985454   15.70886   37  192          -   15.50140      -  52.7 3165s
 17989039 5989371   17.50000   33   30          -   15.50614      -  52.7 3170s
 18014085 5994072   17.74483   28  182          -   15.51137      -  52.7 3175s
 18035610 5998455   16.44074   38  176          -   15.51529      -  52.8 3180s
 18058384 6002753     cutoff   42               -   15.51923      -  52.8 3185s
 18083301 6008088   18.00000   40   61          -   15.52308      -  52.8 3190s
 18107967 6013342   16.56716   60  103          -   15.52632      -  52.8 3195s
 18132278 6017929 infeasible   49               -   15.53012      -  52.8 3200s
 18157186 6023284   15.59537   54  238          -   15.53333      -  52.8 3205s
 18181400 6028644   18.00000   48   28          -   15.53827      -  52.8 3210s
 18205933 6033102   18.03348   39  152          -   15.54070      -  52.8 3215s
 18228591 6037634   17.68293   28  124          -   15.54492      -  52.8 3220s
 18257393 6043146   17.82124   41  135          -   15.54708      -  52.8 3225s
 18278814 6047504   16.54271   40  182          -   15.55034      -  52.8 3230s
 18301238 6052136   17.90000   46   64          -   15.55531      -  52.9 3235s
 18329001 6057990   15.66667   34   33          -   15.55556      -  52.9 3240s
 18353816 6062850   16.28125   38  132          -   15.55897      -  52.9 3245s
 18377155 6067580   16.85714   38   88          -   15.56250      -  52.9 3250s
 18401043 6072406   15.90441   40  122          -   15.56604      -  52.9 3255s
 18423749 6077034     cutoff   51               -   15.57075      -  52.9 3260s
 18450559 6082820   18.16667   36   40          -   15.57143      -  52.9 3265s
 18482553 6089364   18.58333   54   85          -   15.57143      -  52.9 3270s
 18504378 6093740   18.83333   33   41          -   15.57576      -  52.9 3275s
 18528992 6098482   17.21429   30   91          -   15.57895      -  52.9 3280s
 18552359 6103674   16.16667   40   90          -   15.58333      -  52.9 3285s
 18578894 6109039   15.63744   53  194          -   15.58491      -  52.9 3290s
 18600307 6113490   16.00000   39   40          -   15.58824      -  52.9 3295s
 18623156 6117932     cutoff   60               -   15.59158      -  52.9 3300s
 18646041 6122788   17.76923   39   87          -   15.59531      -  53.0 3305s
 18667302 6126901   16.21569   32  124          -   15.60000      -  53.0 3310s
 18697693 6132835     cutoff   48               -   15.60000      -  53.0 3315s
 18728027 6138821   18.50000   43   66          -   15.60000      -  53.0 3320s
 18760172 6145110   16.00000   36   15          -   15.60000      -  53.0 3325s
 18788176 6150597   17.00000   59   62          -   15.60000      -  53.0 3330s
 18812046 6155342   17.52071   46  151          -   15.60207      -  53.0 3335s
 18834982 6159857   17.00000   56   16          -   15.60645      -  53.0 3340s
 18856871 6164305   17.26744   43  132          -   15.60990      -  53.0 3345s
 18879588 6168799   17.09677   61  128          -   15.61290      -  53.0 3350s
 18905271 6173580   16.50000   51   37          -   15.61538      -  53.0 3355s
 18926906 6177947   16.47695   33  234          -   15.61905      -  53.0 3360s
 18952155 6182866   16.02439   39  129          -   15.62317      -  53.0 3365s
 18977426 6188280   18.00000   35   16          -   15.62500      -  53.0 3370s
 19007198 6194197   16.31132   65  138          -   15.62500      -  53.0 3375s
 19031263 6198980   17.98446   45  162          -   15.62687      -  53.0 3380s
 19053566 6203325     cutoff   52               -   15.63054      -  53.0 3385s
 19074751 6207716   15.68678   52  189          -   15.63343      -  53.0 3390s
 19100020 6212635   17.05882   34  141          -   15.63636      -  53.1 3395s
 19122506 6217130   16.50000   34   55          -   15.63907      -  53.1 3400s
 19142265 6220947   18.00000   47    7          -   15.64286      -  53.1 3405s
 19169223 6226418   19.25000   40   42          -   15.64469      -  53.1 3410s
 19192140 6230696   17.00000   52   15          -   15.64766      -  53.1 3415s
 19216223 6235565   17.76712   32  106          -   15.65116      -  53.1 3420s
 19241206 6240667   18.66667   48   17          -   15.65505      -  53.1 3425s
 19264446 6245024   17.84211   37  134          -   15.65854      -  53.1 3430s
 19285755 6248889   17.50000   51   21          -   15.66250      -  53.1 3435s
 19308936 6253388   17.00000   32   51          -   15.66667      -  53.1 3440s
 19339009 6259012     cutoff   55               -   15.66667      -  53.1 3445s
 19366434 6264188   17.00000   52   16          -   15.66667      -  53.1 3450s
 19396152 6269675   17.19298   41  118          -   15.66667      -  53.1 3455s
 19426813 6275155   16.62500   56   61          -   15.66667      -  53.1 3460s
 19456833 6280241   16.33333   47   31          -   15.66667      -  53.1 3465s
 19486923 6285518   16.00000   60   10          -   15.66667      -  53.1 3470s
 19516843 6290873   17.47059   42   90          -   15.66667      -  53.1 3475s
 19548643 6296714   17.00000   32   35          -   15.66667      -  53.1 3480s
 19580027 6302143   15.81250   40   65          -   15.66667      -  53.1 3485s
 19607525 6306982     cutoff   65               -   15.66667      -  53.1 3490s
 19638681 6312255   15.66667   39   29          -   15.66667      -  53.1 3495s
 19668774 6317558 infeasible   38               -   15.66667      -  53.1 3500s
 19699168 6323122   17.50000   30   20          -   15.66667      -  53.1 3505s
 19733658 6328996   16.00000   39   88          -   15.66667      -  53.1 3510s
 19763083 6334513   15.68750   36   48          -   15.66667      -  53.1 3515s
 19786068 6338783     cutoff   46               -   15.67273      -  53.1 3520s
 19808048 6342777   16.75000   27  124          -   15.67647      -  53.1 3525s
 19833595 6347648   17.00000   56    5          -   15.68000      -  53.1 3530s
 19857615 6352448 infeasible   54               -   15.68399      -  53.1 3535s
 19877496 6355943 infeasible   41               -   15.68652      -  53.1 3540s
 19900676 6360346 infeasible   52               -   15.68874      -  53.1 3545s
 19926047 6365102 infeasible   35               -   15.69231      -  53.2 3550s
 19949801 6369720 infeasible   54               -   15.69492      -  53.2 3555s
 19972156 6373900 infeasible   56               -   15.69853      -  53.2 3560s
 19998573 6379226   16.00000   35   15          -   15.70000      -  53.2 3565s
 20028186 6384852   15.85932   32  223          -   15.70175      -  53.2 3570s
 20049819 6388645   19.50000   47   68          -   15.70531      -  53.2 3575s
 20072731 6393117   18.00000   56    6          -   15.70833      -  53.2 3580s
 20097528 6397548   16.85600   48  124          -   15.71181      -  53.2 3585s
 20122465 6402019   18.25000   36   53          -   15.71429      -  53.2 3590s
 20152424 6408081   17.66667   39   49          -   15.71429      -  53.2 3595s
 20182053 6413566   18.00000   52    6          -   15.71450      -  53.2 3600s
 20205070 6417965     cutoff   51               -   15.71875      -  53.2 3605s
 20231142 6423238   16.37644   27  126          -   15.72222      -  53.2 3610s
 20254851 6427668   16.40000   53  145          -   15.72565      -  53.2 3615s
 20280733 6432555   16.00000   50   17          -   15.72727      -  53.2 3620s
 20304157 6436683   18.00000   55   41          -   15.73000      -  53.3 3625s
 20329798 6441740   16.62093   25  125          -   15.73333      -  53.3 3630s
 20352278 6445918   16.67717   38  204          -   15.73626      -  53.3 3635s
 20377706 6450532   16.00000   48   17          -   15.73913      -  53.3 3640s
 20399851 6454622   16.79358   49  173          -   15.74286      -  53.3 3645s
 20421615 6458697   15.81923   32  193          -   15.74654      -  53.3 3650s
 20448850 6463404   17.50000   53   26          -   15.75000      -  53.3 3655s
 20476970 6468347   16.93772   46  196          -   15.75000      -  53.3 3660s
 20507426 6473713   16.02273   37   81          -   15.75000      -  53.3 3665s
 20537447 6478822   16.86361   36  232          -   15.75000      -  53.3 3670s
 20564615 6483561   17.50000   46   37          -   15.75000      -  53.3 3675s
 20594205 6488553 infeasible   66               -   15.75000      -  53.3 3680s
 20621527 6493284   15.75000   56   47          -   15.75000      -  53.3 3685s
 20654907 6499132   17.25000   34   54          -   15.75000      -  53.3 3690s
 20682080 6503980   18.00000   33   16          -   15.75000      -  53.3 3695s
 20711822 6508991   16.75000   28   68          -   15.75000      -  53.3 3700s
 20744465 6514634   17.76351   41   92          -   15.75000      -  53.3 3705s
 20772423 6519654   16.87500   39  133          -   15.75000      -  53.3 3710s
 20797315 6523941   16.03148   42  183          -   15.75214      -  53.3 3715s
 20820154 6527868   17.63433   38  155          -   15.75667      -  53.3 3720s
 20841502 6531795   18.00000   43   63          -   15.76000      -  53.3 3725s
 20865500 6535678   19.00000   55    7          -   15.76316      -  53.3 3730s
 20887459 6539523   16.68821   33  193          -   15.76613      -  53.3 3735s
 20912480 6544145   16.20000   31   54          -   15.76923      -  53.3 3740s
 20937535 6548455   17.56364   33  149          -   15.77194      -  53.4 3745s
 20960660 6552639   16.12309   36  222          -   15.77498      -  53.4 3750s
 20983698 6556768   17.00000   32    9          -   15.77778      -  53.4 3755s
 21011440 6561984   16.00000   39   46          -   15.77778      -  53.4 3760s
 21037087 6566798 infeasible   46               -   15.78088      -  53.4 3765s
 21060808 6571194   16.81818   54   86          -   15.78431      -  53.4 3770s
 21085857 6575591   16.95455   43   95          -   15.78571      -  53.4 3775s
 21104939 6578646     cutoff   60               -   15.78889      -  53.4 3780s
 21129101 6583144   15.80936   35  141          -   15.79167      -  53.4 3785s
 21153141 6587224 infeasible   50               -   15.79487      -  53.4 3790s
 21176625 6591807   16.43819   39  185          -   15.79955      -  53.4 3795s
 21205147 6596962   17.16667   42   63          -   15.80000      -  53.4 3800s
 21235372 6602343   18.18611   41  111          -   15.80000      -  53.4 3805s
 21265659 6607559     cutoff   65               -   15.80000      -  53.4 3810s
 21295748 6612690   17.00000   39   11          -   15.80000      -  53.4 3815s
 21323058 6617381   16.99495   61   98          -   15.80000      -  53.4 3820s
 21351976 6622193 infeasible   52               -   15.80033      -  53.4 3825s
 21372682 6626123     cutoff   56               -   15.80465      -  53.4 3830s
 21396826 6629868   16.00000   41   10          -   15.80769      -  53.4 3835s
 21419019 6633533 infeasible   36               -   15.81081      -  53.4 3840s
 21446039 6638413     cutoff   43               -   15.81339      -  53.4 3845s
 21469162 6642435   16.44866   38  162          -   15.81707      -  53.5 3850s
 21496890 6647623   17.00000   37   10          -   15.81818      -  53.5 3855s
 21520838 6652038   17.76852   40  129          -   15.82143      -  53.5 3860s
 21546808 6656452   15.94659   34  160          -   15.82372      -  53.5 3865s
 21569838 6660642     cutoff   43               -   15.82729      -  53.5 3870s
 21593706 6664458   16.16990   46  225          -   15.83099      -  53.5 3875s
 21617546 6668554   18.11806   35  105          -   15.83333      -  53.5 3880s
 21645037 6673668   16.10320   33  130          -   15.83333      -  53.5 3885s
 21674862 6678691   16.50000   39   31          -   15.83333      -  53.5 3890s
 21704644 6683649   18.00000   54   14          -   15.83333      -  53.5 3895s
 21734663 6688944   17.16667   56   44          -   15.83333      -  53.5 3900s
 21762559 6693595   16.33333   43   24          -   15.83333      -  53.5 3905s
 21786601 6697483     cutoff   53               -   15.83691      -  53.5 3910s
 21809252 6701340   16.50000   46  100          -   15.84000      -  53.5 3915s
 21832002 6705163   16.51923   45  143          -   15.84314      -  53.5 3920s
 21856092 6709509   16.59644   40  210          -   15.84615      -  53.5 3925s
 21881603 6713635 infeasible   51               -   15.84833      -  53.5 3930s
 21906653 6717868   18.00000   59    4          -   15.85135      -  53.5 3935s
 21930366 6722123   17.22430   42  130          -   15.85465      -  53.6 3940s
 21959247 6726983     cutoff   34               -   15.85714      -  53.6 3945s
 21984050 6731373   17.50000   35   99          -   15.85714      -  53.6 3950s
 22013525 6736012   17.00000   35   13          -   15.85714      -  53.6 3955s
 22040027 6740217   18.15385   58   86          -   15.85937      -  53.6 3960s
 22062409 6743992 infeasible   51               -   15.86275      -  53.6 3965s
 22086557 6747990   15.94972   35  142          -   15.86579      -  53.6 3970s
 22112740 6752670   16.27365   30  142          -   15.86792      -  53.6 3975s
 22135331 6756288   17.68132   41  136          -   15.87097      -  53.6 3980s
 22156146 6759859     cutoff   50               -   15.87448      -  53.6 3985s
 22182193 6764157 infeasible   48               -   15.87500      -  53.6 3990s
 22212374 6769383   16.45016   28  149          -   15.87500      -  53.6 3995s
 22241752 6774129   17.05556   63  117          -   15.87500      -  53.6 4000s
 22266236 6778042   17.61644   40  144          -   15.87838      -  53.6 4005s
 22290264 6782302   19.00000   48   13          -   15.88202      -  53.6 4010s
 22313943 6786344   17.31538   40  144          -   15.88462      -  53.6 4015s
 22335807 6790072 infeasible   63               -   15.88750      -  53.6 4020s
 22366963 6795299   17.00000   31   51          -   15.88889      -  53.6 4025s
 22393464 6799585   18.00000   46   57          -   15.88889      -  53.6 4030s
 22415777 6803415   16.21554   35  181          -   15.89286      -  53.6 4035s
 22441041 6807355   16.32219   33  133          -   15.89550      -  53.7 4040s
 22463788 6810971     cutoff   44               -   15.89933      -  53.7 4045s
 22493560 6816103   16.68750   41  106          -   15.90000      -  53.7 4050s
 22518086 6820154   16.83333   41  102          -   15.90000      -  53.7 4055s
 22541473 6823786   17.00000   35   14          -   15.90323      -  53.7 4060s
 22563407 6827305   16.25000   41   42          -   15.90625      -  53.7 4065s
 22589415 6831150     cutoff   53               -   15.90909      -  53.7 4070s
 22618490 6835855     cutoff   53               -   15.90960      -  53.7 4075s
 22642117 6839669   16.16000   28  116          -   15.91304      -  53.7 4080s
 22664889 6843258   17.40008   33  159          -   15.91667      -  53.7 4085s
 22692030 6847504   16.47059   30  109          -   15.91667      -  53.7 4090s
 22716234 6851371     cutoff   62               -   15.91916      -  53.7 4095s
 22739210 6855444   16.73070   62  197          -   15.92250      -  53.7 4100s
 22764437 6859595   16.11615   54  225          -   15.92326      -  53.7 4105s
 22789361 6863692   16.00000   52   13          -   15.92683      -  53.7 4110s
 22815701 6868083   16.84854   35  195          -   15.92857      -  53.7 4115s
 22842213 6872346   16.46642   52  237          -   15.93162      -  53.7 4120s
 22867996 6876440   16.66667   26   35          -   15.93333      -  53.8 4125s
 22889761 6879896   18.67568   37  122          -   15.93667      -  53.8 4130s
 22917708 6884264     cutoff   39               -   15.93821      -  53.8 4135s
 22938916 6888068   16.87500   38   82          -   15.94118      -  53.8 4140s
 22964698 6892047     cutoff   58               -   15.94378      -  53.8 4145s
 22990995 6896349   17.22908   38  170          -   15.94595      -  53.8 4150s
 23014458 6899977   17.50000   32   55          -   15.94828      -  53.8 4155s
 23040018 6904192   16.00000   33    7          -   15.95089      -  53.8 4160s
 23062930 6907636     cutoff   61               -   15.95380      -  53.8 4165s
 23085906 6911316   17.27027   46   83          -   15.95652      -  53.8 4170s
 23112394 6915554   16.48000   38   95          -   15.95902      -  53.8 4175s
 23133934 6919044   17.58333   40  120          -   15.96154      -  53.8 4180s
 23158270 6922784   17.54473   49  214          -   15.96429      -  53.8 4185s
 23184269 6926871     cutoff   64               -   15.96739      -  53.8 4190s
 23205013 6930176   16.13971   29  125          -   15.97021      -  53.9 4195s
 23228119 6933882   16.21739   34   76          -   15.97297      -  53.9 4200s
 23252674 6937624 infeasible   58               -   15.97628      -  53.9 4205s
 23273386 6940875   16.95455   41  116          -   15.97931      -  53.9 4210s
 23295769 6944418   16.83235   34  165          -   15.98272      -  53.9 4215s
 23319475 6948084   16.66915   43  165          -   15.98667      -  53.9 4220s
 23343084 6951616   16.61275   27  168          -   15.99129      -  53.9 4225s
 23364511 6954883   17.00000   40   10          -   15.99648      -  53.9 4230s
 23387371 6957296   18.36667   38  119          -   16.00000      -  53.9 4235s
 23412759 6960374   17.50000   42   76          -   16.00000      -  53.9 4240s
 23437705 6963670   18.49123   29  141          -   16.00000      -  53.9 4245s
 23465360 6967267   16.47606   38  164          -   16.00000      -  53.9 4250s
 23493316 6970906 infeasible   31               -   16.00000      -  53.9 4255s
 23520179 6973976   16.40000   41   72          -   16.00000      -  53.9 4260s
 23546717 6977140   18.00000   36   16          -   16.00000      -  53.9 4265s
 23576416 6980588 infeasible   65               -   16.00000      -  53.9 4270s
 23603831 6983903   16.00000   30   51          -   16.00000      -  53.9 4275s
 23633595 6987162   17.75000   28   62          -   16.00000      -  53.9 4280s
 23660971 6990424 infeasible   57               -   16.00000      -  53.9 4285s
 23690329 6993683   17.62500   36   64          -   16.00000      -  53.9 4290s
 23718122 6997060   16.00000   36   17          -   16.00000      -  53.9 4295s
 23748773 7000652   18.00000   52   49          -   16.00000      -  53.9 4300s
 23778963 7004441   17.33333   51   85          -   16.00000      -  53.9 4305s
 23806112 7007881   19.14925   44  183          -   16.00000      -  53.9 4310s
 23833164 7010962   16.00000   37   15          -   16.00000      -  53.9 4315s
 23859742 7014178     cutoff   63               -   16.00000      -  53.9 4320s
 23887842 7016821     cutoff   45               -   16.00000      -  53.9 4325s
 23918541 7019700   17.00000   46   14          -   16.00000      -  53.9 4330s
 23946390 7022124   18.16471   48  105          -   16.00000      -  53.9 4335s
 23976498 7024940     cutoff   72               -   16.00000      -  53.9 4340s
 24008417 7027661   17.00000   34   18          -   16.00000      -  53.9 4345s
 24039300 7030502   16.00000   61   11          -   16.00000      -  53.9 4350s
 24069471 7033370   16.00000   53   10          -   16.00000      -  53.9 4355s
 24098720 7036093   17.00000   55   11          -   16.00000      -  53.9 4360s
 24129099 7038849   17.00000   36   13          -   16.00000      -  53.9 4365s
 24159713 7041896     cutoff   44               -   16.00000      -  53.9 4370s
 24192864 7044875 infeasible   42               -   16.00000      -  53.9 4375s
 24222632 7047513 infeasible   50               -   16.00000      -  53.9 4380s
 24251829 7049804   16.66667   36   68          -   16.00000      -  53.9 4385s
 24279288 7051832   16.00000   68   12          -   16.00000      -  53.9 4390s
 24306926 7054494   16.00000   35   14          -   16.00000      -  53.9 4395s
 24335169 7057195   17.43634   42  160          -   16.00000      -  53.9 4400s
 24364966 7059761   17.00000   35   16          -   16.00000      -  53.9 4405s
 24394658 7062449 infeasible   54               -   16.00000      -  53.9 4410s
 24421489 7064861 infeasible   61               -   16.00000      -  53.9 4415s
 24449939 7067181   19.00000   40   13          -   16.00000      -  53.9 4420s
 24478126 7069522   17.00000   34   15          -   16.00000      -  53.9 4425s
 24506107 7072099   17.50000   31   30          -   16.00000      -  53.9 4430s
 24535837 7074658   17.00000   56   14          -   16.00000      -  53.9 4435s
 24563436 7077256 infeasible   66               -   16.00000      -  53.9 4440s
 24591147 7080120   18.00000   48    9          -   16.00000      -  53.9 4445s
 24618716 7082852   17.00000   28   15          -   16.00000      -  53.9 4450s
 24646060 7085425   17.00000   60   17          -   16.00000      -  53.9 4455s
 24673326 7088042   18.62500   40  119          -   16.00000      -  53.9 4460s
 24697794 7090204   17.76923   35   89          -   16.00000      -  53.9 4465s
 24725834 7092660   17.00000   35   15          -   16.00000      -  53.9 4470s
 24751052 7094829   16.66667   47  107          -   16.00000      -  53.9 4475s
 24780648 7097576     cutoff   50               -   16.00000      -  53.9 4480s
 24805387 7099703 infeasible   55               -   16.00000      -  53.9 4485s
 24834908 7102550   18.00000   41    9          -   16.00000      -  53.8 4490s
 24862510 7104956   16.00000   31   14          -   16.00000      -  53.8 4495s
 24888227 7107273 infeasible   36               -   16.00000      -  53.8 4500s
 24915271 7109955   17.00000   37   56          -   16.00000      -  53.8 4505s
 24942744 7112391   19.00000   44    1          -   16.00000      -  53.8 4510s
 24967281 7114577   16.75400   29  127          -   16.00000      -  53.8 4515s
 24992084 7116806   17.66667   58   50          -   16.00000      -  53.8 4520s
 25017371 7119366   17.00000   34  104          -   16.00000      -  53.8 4525s
 25042946 7121818   17.00000   45   16          -   16.00000      -  53.8 4530s
 25070481 7124516 infeasible   42               -   16.00000      -  53.8 4535s
 25098857 7126859 infeasible   49               -   16.00000      -  53.8 4540s
 25124093 7129030   16.50000   31   28          -   16.00000      -  53.8 4545s
 25151732 7131287   17.00000   41   23          -   16.00000      -  53.8 4550s
 25174013 7133215   18.00000   41   14          -   16.00000      -  53.8 4555s
 25200948 7135443   17.00000   62   11          -   16.00000      -  53.8 4560s
 25225839 7137613   17.50000   42   26          -   16.00000      -  53.8 4565s
 25250834 7139890   18.00000   38   15          -   16.00000      -  53.8 4570s
 25278555 7142517 infeasible   31               -   16.00000      -  53.8 4575s
 25303446 7144597     cutoff   36               -   16.00000      -  53.8 4580s
 25330942 7147106   16.80000   36   36          -   16.00000      -  53.8 4585s
 25359151 7149891   17.50000   49   29          -   16.00000      -  53.8 4590s
 25390697 7153078     cutoff   41               -   16.00000      -  53.8 4595s
 25421560 7155904     cutoff   62               -   16.00000      -  53.8 4600s
 25449542 7158561     cutoff   31               -   16.00000      -  53.8 4605s
 25478097 7161435   17.00000   35   19          -   16.00000      -  53.8 4610s
 25508194 7164419     cutoff   84               -   16.00000      -  53.8 4615s
 25539218 7167839   16.75000   54   38          -   16.00000      -  53.8 4620s
 25570416 7170915   16.00000   38   14          -   16.00000      -  53.8 4625s
 25601832 7173583   16.00000   29   18          -   16.00000      -  53.8 4630s
 25632723 7176668   16.50000   45   25          -   16.00000      -  53.7 4635s
 25663416 7179633   18.00000   71   15          -   16.00000      -  53.7 4640s
 25698904 7183073   18.00000   43   17          -   16.00000      -  53.7 4645s
 25735563 7186360   16.20000   35   67          -   16.00000      -  53.7 4650s
 25768646 7189379   16.00000   33   34          -   16.00000      -  53.7 4655s
 25802476 7192555     cutoff   40               -   16.00000      -  53.7 4660s
 25835911 7195697   17.00000   46   13          -   16.00000      -  53.7 4665s
 25865597 7198438   17.00000   30   12          -   16.00000      -  53.7 4670s
 25897847 7201262 infeasible   39               -   16.00000      -  53.7 4675s
 25927195 7203904   17.00000   36   15          -   16.00000      -  53.7 4680s
 25955099 7206371   17.00000   41   24          -   16.00000      -  53.7 4685s
 25988419 7209633   18.20000   51   49          -   16.00000      -  53.7 4690s
 26021180 7212573   19.00000   40   69          -   16.00000      -  53.7 4695s
 26051152 7215358   17.00000   39   12          -   16.00000      -  53.7 4700s
 26084131 7218536   16.00000   47   38          -   16.00000      -  53.7 4705s
 26114558 7220992   16.12500   32   95          -   16.00000      -  53.7 4710s
 26147625 7223792   17.50000   38   20          -   16.00000      -  53.7 4715s
 26178121 7226409   17.17073   30  122          -   16.00000      -  53.6 4720s
 26210088 7229193     cutoff   59               -   16.00000      -  53.6 4725s
 26240471 7231860   17.00000   60   14          -   16.00000      -  53.6 4730s
 26270818 7234588 infeasible   30               -   16.00000      -  53.6 4735s
 26300418 7237173   17.00000   33   11          -   16.00000      -  53.6 4740s
 26330012 7239723   17.00000   73    9          -   16.00000      -  53.6 4745s
 26356827 7241980   17.50000   28   53          -   16.00000      -  53.6 4750s
 26381580 7244191   17.00000   44   10          -   16.00000      -  53.6 4755s
 26410853 7247599   18.00000   42   15          -   16.00000      -  53.6 4760s
 26441249 7250967 infeasible   29               -   16.00000      -  53.6 4765s
 26471194 7254407   18.68293   49  171          -   16.00000      -  53.6 4770s
 26500304 7257683   18.00000   40   15          -   16.00000      -  53.6 4775s
 26522711 7259924   16.00000   45   13          -   16.00000      -  53.6 4780s
 26522972 7260092     cutoff   42               -   16.00000      -  53.6 4785s
 26523215 7260234   16.00000   51   11          -   16.00000      -  53.6 4790s
 26523421 7260363 infeasible   40               -   16.00000      -  53.6 4796s
 26523578 7260444 infeasible   36               -   16.00000      -  53.6 4800s
 26523687 7260529   16.00000   36   51          -   16.00000      -  53.6 4805s
 26523800 7260607   17.94231   38  108          -   16.00000      -  53.6 4810s
 26523947 7260699   19.20000   59   49          -   16.00000      -  53.6 4815s
 26524054 7260801   17.00000   31   15          -   16.00000      -  53.6 4820s
 26525185 7260938   18.00000   37   13          -   16.00000      -  53.6 4825s
 26525815 7261056     cutoff   32               -   16.00000      -  53.6 4830s
 26527123 7261210     cutoff   34               -   16.00000      -  53.6 4836s
 26529299 7261492   16.30000   38   96          -   16.00000      -  53.6 4840s
 26534272 7261970   16.00000   41   50          -   16.00000      -  53.6 4845s
 26538529 7262682   17.00000   35   29          -   16.00000      -  53.6 4852s
 26542083 7263028     cutoff   44               -   16.00000      -  53.6 4856s
 26545354 7263532 infeasible   45               -   16.00000      -  53.6 4860s
 26554593 7264632 infeasible   41               -   16.00000      -  53.6 4865s
 26562948 7265408   18.25000   45  105          -   16.00000      -  53.6 4870s
 26587364 7267936     cutoff   70               -   16.00000      -  53.6 4875s
 26604219 7269884   17.73333   56  105          -   16.00000      -  53.6 4880s
 26632980 7273033   16.48116   34  140          -   16.00000      -  53.6 4885s
 26663089 7276695   16.41176   35   86          -   16.00000      -  53.6 4890s
 26692891 7280115   17.25000   56   79          -   16.00000      -  53.6 4895s
 26720056 7282903   17.50000   57   27          -   16.00000      -  53.6 4900s
 26746938 7285785   17.22222   47   84          -   16.00000      -  53.6 4905s
 26773894 7288408   17.00000   61   15          -   16.00000      -  53.6 4910s
 26802020 7291310   16.00000   36   14          -   16.00000      -  53.6 4915s
 26826969 7293919   16.00000   38   18          -   16.00000      -  53.6 4920s
 26854690 7296848   17.47222   37   83          -   16.00000      -  53.6 4925s
 26881601 7300189     cutoff   39               -   16.00000      -  53.6 4930s
 26901314 7302584   17.00000   34    7          -   16.00662      -  53.6 4935s
 26921084 7304833   19.00000   56    7          -   16.01190      -  53.7 4940s
 26943044 7307874   16.66667   47   69          -   16.01695      -  53.7 4945s
 26964806 7310697     cutoff   63               -   16.02174      -  53.7 4950s
 26986704 7313937   17.42857   40   53          -   16.02592      -  53.7 4955s
 27011920 7317409   17.03473   31  114          -   16.03032      -  53.7 4960s
 27034142 7321044   17.47059   37  118          -   16.03448      -  53.7 4965s
 27055685 7324349   18.75198   47  150          -   16.03797      -  53.7 4970s
 27080744 7328152     cutoff   67               -   16.04167      -  53.7 4975s
 27104956 7331859   17.00000   30   11          -   16.04545      -  53.7 4980s
 27127539 7335483   18.14213   33  184          -   16.04878      -  53.7 4985s
 27149640 7338912   16.51994   32  151          -   16.05199      -  53.7 4990s
 27174353 7342622   17.25000   27   61          -   16.05556      -  53.7 4995s
 27199052 7346706     cutoff   55               -   16.05882      -  53.7 5000s
 27224170 7350553   16.40000   30   86          -   16.06250      -  53.7 5005s
 27247605 7354105 infeasible   34               -   16.06542      -  53.7 5010s
 27275419 7358265   18.40000   42   95          -   16.06897      -  53.7 5015s
 27300790 7362137   16.20000   33  172          -   16.07143      -  53.7 5020s
 27322962 7365680   16.94147   44  218          -   16.07463      -  53.7 5025s
 27350172 7369698     cutoff   57               -   16.07692      -  53.8 5030s
 27371507 7373040   16.42678   39  180          -   16.08065      -  53.8 5035s
 27395113 7376690     cutoff   63               -   16.08333      -  53.8 5040s
 27421097 7380693     cutoff   46               -   16.08490      -  53.8 5045s
 27444874 7384297   17.48171   63  161          -   16.08824      -  53.8 5050s
 27470080 7388086   16.58038   63  165          -   16.09091      -  53.8 5055s
 27495105 7392013   18.50000   43   33          -   16.09375      -  53.8 5060s
 27520205 7395537   17.32143   34  124          -   16.09701      -  53.8 5065s
 27546984 7399546   17.12500   35   77          -   16.10000      -  53.8 5070s
 27574677 7403491   17.60000   48  111          -   16.10000      -  53.8 5075s
 27599231 7407331 infeasible   32               -   16.10377      -  53.8 5080s
 27621497 7410764   17.46429   40   95          -   16.10687      -  53.8 5085s
 27643411 7414111   18.04525   37  129          -   16.11029      -  53.8 5090s
 27671440 7418055 infeasible   53               -   16.11111      -  53.8 5095s
 27696719 7421627     cutoff   59               -   16.11290      -  53.8 5100s
 27722183 7425411   18.74074   41  114          -   16.11667      -  53.8 5105s
 27744698 7428572     cutoff   45               -   16.11940      -  53.8 5110s
 27769483 7432063   16.81818   43   78          -   16.12313      -  53.8 5115s
 27796207 7435735 infeasible   52               -   16.12500      -  53.8 5120s
 27826033 7439769   17.00000   68   52          -   16.12500      -  53.8 5125s
 27852695 7443246   16.50000   54   22          -   16.12500      -  53.8 5130s
 27874098 7446338   17.61111   34   91          -   16.12903      -  53.8 5135s
 27897348 7449603   16.27473   60  165          -   16.13268      -  53.8 5140s
 27922991 7453467   16.32907   28  126          -   16.13518      -  53.8 5145s
 27944114 7456827   17.31706   44  167          -   16.13793      -  53.8 5150s
 27967723 7460378     cutoff   56               -   16.14142      -  53.8 5155s
 27993584 7464083     cutoff   63               -   16.14286      -  53.8 5160s
 28020885 7467482   17.00000   56   18          -   16.14286      -  53.8 5165s
 28049428 7471232 infeasible   53               -   16.14370      -  53.8 5170s
 28072774 7475113   16.50000   33   21          -   16.14791      -  53.8 5175s
 28099717 7478973     cutoff   43               -   16.15057      -  53.8 5180s
 28121115 7482068   17.82353   39   81          -   16.15385      -  53.9 5185s
 28143629 7485163   17.31436   32  128          -   16.15534      -  53.9 5190s
 28168783 7488774   16.82278   34  140          -   16.15789      -  53.9 5195s
 28193477 7492285     cutoff   42               -   16.16162      -  53.9 5200s
 28214298 7495412   17.11406   40  153          -   16.16522      -  53.9 5205s
 28241432 7499119   16.83333   42   61          -   16.16667      -  53.9 5210s
 28268454 7502830   17.18269   49  120          -   16.16667      -  53.9 5215s
 28296098 7506598 infeasible   48               -   16.16667      -  53.9 5220s
 28325847 7510133     cutoff   68               -   16.16667      -  53.9 5225s
 28353537 7513572   16.63636   43  101          -   16.16667      -  53.9 5230s
 28379560 7516955   17.18285   29  143          -   16.16725      -  53.9 5235s
 28402589 7520033     cutoff   62               -   16.17147      -  53.9 5240s
 28426425 7523587 infeasible   47               -   16.17480      -  53.9 5245s
 28451354 7527102   16.39241   35  106          -   16.17742      -  53.9 5250s
 28472190 7529897   16.48013   59  175          -   16.18073      -  53.9 5255s
 28495904 7532753   18.59574   37  149          -   16.18182      -  53.9 5260s
 28520886 7536019     cutoff   41               -   16.18462      -  53.9 5265s
 28546185 7539457     cutoff   30               -   16.18750      -  53.9 5270s
 28574476 7543520   17.59375   47  113          -   16.19048      -  53.9 5275s
 28598042 7546764   17.13043   58  135          -   16.19355      -  53.9 5280s
 28622152 7550168   16.54054   38  133          -   16.19685      -  53.9 5285s
 28645873 7553434     cutoff   60               -   16.20000      -  53.9 5290s
 28675254 7557276   18.00000   44   16          -   16.20000      -  53.9 5295s
 28703168 7560646   17.22581   41  101          -   16.20000      -  53.9 5300s
 28733237 7564400   16.89258   43  201          -   16.20000      -  53.9 5305s
 28760773 7567711   17.50000   45   56          -   16.20000      -  53.9 5310s
 28788482 7571104   17.28571   38   95          -   16.20000      -  53.9 5315s
 28815399 7574778 infeasible   43               -   16.20240      -  53.9 5320s
 28836623 7577830   16.60323   37  151          -   16.20588      -  53.9 5325s
 28861229 7581082     cutoff   46               -   16.20863      -  53.9 5330s
 28884786 7584333     cutoff   57               -   16.21185      -  53.9 5335s
 28912673 7587937   17.00000   37   15          -   16.21429      -  53.9 5340s
 28935950 7591169   16.71845   35  131          -   16.21667      -  53.9 5345s
 28960171 7594239   18.25000   55   59          -   16.21970      -  53.9 5350s
 28983546 7597115   17.50000   43   30          -   16.22222      -  53.9 5355s
 29011042 7600240   17.37349   37  114          -   16.22222      -  53.9 5360s
 29035353 7603483   17.74855   33  132          -   16.22467      -  53.9 5365s
 29057967 7606596   17.12500   39   76          -   16.22727      -  54.0 5370s
 29080314 7609633   17.77778   35  113          -   16.23077      -  54.0 5375s
 29106957 7613165   19.00000   59    8          -   16.23191      -  54.0 5380s
 29127768 7615901     cutoff   42               -   16.23487      -  54.0 5385s
 29153406 7619280   17.19565   39  134          -   16.23742      -  54.0 5390s
 29179451 7622833   17.40000   51   97          -   16.24009      -  54.0 5395s
 29203298 7626003   17.04008   47  135          -   16.24362      -  54.0 5400s
 29226861 7629066   16.50000   44   37          -   16.24731      -  54.0 5405s
 29255455 7632424   17.00000   38   13          -   16.25000      -  54.0 5410s
 29284924 7635961   17.33333   38   59          -   16.25000      -  54.0 5415s
 29312351 7639136   17.00000   51   55          -   16.25000      -  54.0 5420s
 29342848 7642432   16.66667   38   32          -   16.25000      -  54.0 5425s
 29370430 7645511     cutoff   66               -   16.25000      -  54.0 5430s
 29397550 7648581   18.49057   38  165          -   16.25000      -  54.0 5435s
 29427356 7651868     cutoff   61               -   16.25000      -  54.0 5440s
 29454983 7654915   17.69576   39  194          -   16.25000      -  54.0 5445s
 29484470 7657800     cutoff   41               -   16.25000      -  54.0 5450s
 29513364 7660951   17.09375   43  118          -   16.25000      -  54.0 5455s
 29543234 7664207   17.00000   57   11          -   16.25000      -  54.0 5460s
 29575897 7667684     cutoff   43               -   16.25000      -  54.0 5465s
 29605035 7670920   16.86885   32  140          -   16.25000      -  54.0 5470s
 29631716 7673962   18.45455   40   68          -   16.25000      -  54.0 5475s
 29655994 7676617     cutoff   57               -   16.25316      -  54.0 5480s
 29680397 7680009   16.68922   31  183          -   16.25714      -  54.0 5485s
 29702502 7682763   17.25000   33   67          -   16.25981      -  54.0 5490s
 29726299 7685963 infeasible   31               -   16.26316      -  54.0 5495s
 29749286 7688840   18.33333   31   57          -   16.26522      -  54.0 5500s
 29774926 7691896   17.59551   43  162          -   16.26718      -  54.0 5505s
 29798563 7695016   16.80204   44  149          -   16.27027      -  54.0 5510s
 29822060 7697825   16.89474   46  116          -   16.27273      -  54.0 5515s
 29847874 7701054   16.67603   52  150          -   16.27397      -  54.0 5520s
 29869856 7703704   17.47368   29   99          -   16.27711      -  54.0 5525s
 29893816 7706548   18.00000   43   25          -   16.27907      -  54.0 5530s
 29917314 7709680   18.00000   33   38          -   16.28205      -  54.0 5535s
 29942113 7712893 infeasible   67               -   16.28571      -  54.0 5540s
 29968419 7715863   17.00000   55   10          -   16.28571      -  54.0 5545s
 29995857 7718943 infeasible   43               -   16.28571      -  54.0 5550s
 30023063 7722169   18.32609   40  117          -   16.28571      -  54.0 5555s
 30046277 7724931   18.15789   39  120          -   16.28947      -  54.0 5560s
 30073141 7728134   18.00000   55   17          -   16.29268      -  54.0 5565s
 30096436 7731211   17.13235   47  127          -   16.29496      -  54.0 5570s
 30117511 7733810     cutoff   61               -   16.29787      -  54.0 5575s
 30144172 7737201   17.50000   36   27          -   16.30000      -  54.0 5580s
 30172632 7740577     cutoff   47               -   16.30000      -  54.0 5585s
 30195179 7743245   18.00000   44   10          -   16.30189      -  54.0 5590s
 30220334 7746448   17.32579   60  123          -   16.30508      -  54.1 5595s
 30246178 7749619   18.00000   43   20          -   16.30769      -  54.1 5600s
 30271286 7752560   16.81818   37   82          -   16.31013      -  54.1 5605s
 30297453 7755870   17.00000   51    8          -   16.31250      -  54.1 5610s
 30321225 7758786   17.00000   37   15          -   16.31515      -  54.1 5615s
 30345971 7761785   17.35000   41  109          -   16.31794      -  54.1 5620s
 30369172 7764559   17.33333   43   20          -   16.32000      -  54.1 5625s
 30393894 7767739   16.60148   36  168          -   16.32319      -  54.1 5630s
 30416076 7770313   17.37815   41  115          -   16.32609      -  54.1 5635s
 30439481 7773117   18.33333   54   91          -   16.32977      -  54.1 5640s
 30463798 7775989   17.15789   38   97          -   16.33333      -  54.1 5645s
 30489503 7778859   18.50000   46   27          -   16.33333      -  54.1 5650s
 30519468 7781962   18.57143   34   88          -   16.33333      -  54.1 5655s
 30544537 7784371   16.50000   33   65          -   16.33333      -  54.1 5660s
 30572414 7787055   17.33333   33   63          -   16.33333      -  54.1 5665s
 30602729 7789882   17.00000   36   13          -   16.33333      -  54.1 5670s
 30629732 7792316   18.50000   43   52          -   16.33333      -  54.1 5675s
 30660084 7795241   17.00000   31   61          -   16.33333      -  54.1 5680s
 30687766 7797703   17.33333   42   89          -   16.33333      -  54.1 5685s
 30714690 7800339 infeasible   38               -   16.33333      -  54.1 5690s
 30743355 7802898   16.65970   40  186          -   16.33333      -  54.1 5695s
 30773397 7805650   16.82063   62  184          -   16.33333      -  54.1 5700s
 30800872 7807961   17.23913   34   95          -   16.33333      -  54.1 5705s
 30828570 7810322   16.33333   45   57          -   16.33333      -  54.1 5710s
 30859103 7812948   16.50000   35   26          -   16.33333      -  54.1 5715s
 30885733 7815396   17.61290   32   85          -   16.33333      -  54.1 5720s
 30916120 7818079     cutoff   55               -   16.33333      -  54.1 5725s
 30943325 7820572   17.50000   35   20          -   16.33333      -  54.1 5730s
 30972045 7822956   17.50000   35   29          -   16.33333      -  54.1 5735s
 31000365 7825302     cutoff   66               -   16.33333      -  54.1 5740s
 31029253 7828058   17.00000   40   14          -   16.33333      -  54.1 5745s
 31053521 7829996 infeasible   45               -   16.33333      -  54.1 5750s
 31073621 7832381     cutoff   36               -   16.33835      -  54.1 5755s
 31098066 7835334   17.14079   40  127          -   16.34188      -  54.1 5760s
 31123106 7838101   16.66667   37   53          -   16.34483      -  54.1 5765s
 31143862 7840578   18.36842   45   91          -   16.34756      -  54.1 5770s
 31172893 7843840   16.82883   36  161          -   16.35000      -  54.1 5775s
 31196596 7846701   17.98020   34  136          -   16.35294      -  54.1 5780s
 31219921 7849417 infeasible   33               -   16.35556      -  54.1 5785s
 31245894 7852151   17.50000   43   32          -   16.35714      -  54.1 5790s
 31268245 7854895   19.00000   49    6          -   16.35993      -  54.1 5795s
 31292187 7857409   16.83333   41   84          -   16.36285      -  54.1 5800s
 31319909 7860450   18.16752   68  169          -   16.36364      -  54.1 5805s
 31345933 7863624   16.65011   35  181          -   16.36667      -  54.1 5810s
 31369496 7866098     cutoff   46               -   16.36842      -  54.1 5815s
 31391273 7868719     cutoff   54               -   16.37143      -  54.1 5820s
 31413055 7871227   17.50000   40   22          -   16.37500      -  54.1 5825s
 31440469 7874024   17.00000   39  106          -   16.37500      -  54.1 5830s
 31466602 7876869   16.50000   41   25          -   16.37500      -  54.1 5835s
 31491578 7879457     cutoff   35               -   16.37500      -  54.1 5840s
 31517974 7882475   16.86679   38  209          -   16.37531      -  54.1 5845s
 31541248 7885267   18.22501   35  183          -   16.37931      -  54.1 5850s
 31565166 7887998   18.50000   47   33          -   16.38229      -  54.1 5855s
 31587697 7890234   16.88889   29   85          -   16.38462      -  54.2 5860s
 31612163 7892890   17.51841   44  171          -   16.38636      -  54.2 5865s
 31637358 7895808     cutoff   66               -   16.38889      -  54.2 5870s
 31661151 7898085   17.69481   31  113          -   16.39130      -  54.2 5875s
 31685199 7901063   17.66667   43   46          -   16.39394      -  54.2 5880s
 31707262 7903478     cutoff   71               -   16.39706      -  54.2 5885s
 31728119 7905861   16.55556   39  124          -   16.40000      -  54.2 5890s
 31753826 7908646     cutoff   61               -   16.40000      -  54.2 5895s
 31781690 7911088   17.50000   36   35          -   16.40000      -  54.2 5900s
 31811215 7913818 infeasible   46               -   16.40000      -  54.2 5905s
 31838040 7916165     cutoff   40               -   16.40000      -  54.2 5910s
 31867162 7918736   18.62290   26  129          -   16.40000      -  54.2 5915s
 31894239 7921312   16.50000   48   80          -   16.40000      -  54.2 5920s
 31921593 7923771   18.00000   32  119          -   16.40000      -  54.2 5925s
 31948116 7926559   17.00000   41    8          -   16.40338      -  54.2 5930s
 31969947 7928845   18.97761   43  120          -   16.40625      -  54.2 5935s
 31994455 7931918   16.74012   35  142          -   16.40909      -  54.2 5940s
 32019404 7934408   16.44444   67   98          -   16.41176      -  54.2 5945s
 32044127 7937113   17.46154   38   85          -   16.41420      -  54.2 5950s
 32069895 7939819   18.50000   36   26          -   16.41667      -  54.2 5955s
 32094384 7942244 infeasible   47               -   16.41667      -  54.2 5960s
 32117386 7944900   18.00000   65    7          -   16.41912      -  54.2 5965s
 32141853 7947507   16.50000   50   25          -   16.42133      -  54.2 5970s
 32166128 7950379   17.25490   26  101          -   16.42424      -  54.2 5975s
 32189616 7953221   17.43067   48  160          -   16.42798      -  54.2 5980s
 32218091 7955952   16.50000   50   24          -   16.42857      -  54.2 5985s
 32245791 7958732 infeasible   64               -   16.42857      -  54.2 5990s
 32275186 7961397   17.00000   54   13          -   16.42857      -  54.2 5995s
 32301324 7963725   18.01494   42  156          -   16.42958      -  54.2 6000s
 32324249 7966325   16.43333   44   93          -   16.43333      -  54.2 6005s
 32345641 7968465   18.46288   46  138          -   16.43571      -  54.2 6010s
 32372767 7971252 infeasible   51               -   16.43750      -  54.2 6015s
 32399944 7974091   16.47851   45  135          -   16.44059      -  54.2 6020s
 32426380 7977158     cutoff   45               -   16.44444      -  54.3 6025s
 32457928 7980341   16.64286   60   62          -   16.44444      -  54.3 6030s
 32487345 7982977   16.50000   44   22          -   16.44444      -  54.3 6035s
 32509218 7985386   18.00000   46   43          -   16.44781      -  54.3 6040s
 32532123 7987768   17.30366   36  131          -   16.45000      -  54.3 6045s
 32554909 7990241     cutoff   64               -   16.45248      -  54.3 6050s
 32578276 7992259   17.05280   39  217          -   16.45455      -  54.3 6055s
 32603486 7994728   17.25000   27   66          -   16.45455      -  54.3 6060s
 32624204 7996968   18.00000   39   15          -   16.45783      -  54.3 6065s
 32646072 7999237   17.57971   34  114          -   16.46000      -  54.3 6070s
 32671354 8001785     cutoff   46               -   16.46154      -  54.3 6075s
 32693754 8004095   18.00000   46   11          -   16.46366      -  54.3 6080s
 32718693 8006963     cutoff   48               -   16.46667      -  54.3 6085s
 32741356 8009123   16.50000   53   32          -   16.46774      -  54.3 6090s
 32764936 8011601 infeasible   36               -   16.47059      -  54.3 6095s
 32787862 8013709   16.91667   51  100          -   16.47222      -  54.3 6100s
 32810056 8016100   18.00000   39  109          -   16.47436      -  54.3 6105s
 32831976 8018257   17.47899   35  129          -   16.47654      -  54.3 6110s
 32857199 8020670   17.54412   32  102          -   16.47946      -  54.3 6115s
 32879617 8023058   17.87500   42   52          -   16.48168      -  54.3 6120s
 32902552 8025437   17.34615   40   81          -   16.48474      -  54.3 6125s
 32924480 8027452   17.57143   54  120          -   16.48718      -  54.3 6130s
 32946704 8029707   16.67568   33  138          -   16.49038      -  54.3 6135s
 32968575 8031868   17.49233   32  215          -   16.49367      -  54.4 6140s
 32991608 8034132   18.50000   53   27          -   16.49914      -  54.4 6145s
 33015362 8035894   18.00000   32   11          -   16.50000      -  54.4 6150s
 33042362 8037798   17.00000   42   16          -   16.50000      -  54.4 6155s
 33069725 8039939   17.00000   36    1          -   16.50000      -  54.4 6160s
 33094674 8041949     cutoff   53               -   16.50000      -  54.4 6165s
 33121672 8043959   17.00000   51   13          -   16.50000      -  54.4 6170s
 33146654 8045484   17.00000   38   14          -   16.50000      -  54.4 6175s
 33174387 8047487   17.00000   30   13          -   16.50000      -  54.4 6180s
 33202005 8049192   18.00000   35   12          -   16.50000      -  54.4 6185s
 33230073 8050683   17.45291   39  146          -   16.50000      -  54.4 6190s
 33257375 8051786   17.33333   43   55          -   16.50000      -  54.4 6195s
 33286729 8053288   18.50000   38   69          -   16.50000      -  54.4 6200s
 33315056 8054697 infeasible   44               -   16.50000      -  54.4 6205s
 33344369 8055928   18.83333   49   88          -   16.50000      -  54.4 6210s
 33372377 8057342   17.00000   38    5          -   16.50000      -  54.4 6215s
 33397560 8058604   18.00000   44   45          -   16.50000      -  54.4 6220s
 33428428 8059950     cutoff   66               -   16.50000      -  54.4 6225s
 33457926 8061668   19.00000   71    1          -   16.50000      -  54.4 6230s
 33487260 8063272   17.87500   39   43          -   16.50000      -  54.4 6235s
 33516130 8064772   17.00000   38   15          -   16.50000      -  54.4 6240s
 33546173 8066231   19.00000   61   19          -   16.50000      -  54.3 6245s
 33576714 8067577   18.25000   38   41          -   16.50000      -  54.3 6250s
 33604302 8068734   17.37129   33  118          -   16.50000      -  54.3 6255s
 33634447 8070278   17.00000   54   18          -   16.50000      -  54.3 6260s
 33659726 8071589     cutoff   57               -   16.50000      -  54.3 6265s
 33690208 8073020   17.16667   42   41          -   16.50000      -  54.3 6270s
 33717333 8074344   17.00000   41   13          -   16.50000      -  54.3 6275s
 33743977 8075639   17.44444   35   85          -   16.50000      -  54.3 6280s
 33771231 8076758   17.00000   35   16          -   16.50000      -  54.3 6285s
 33799609 8078293   16.75000   36   45          -   16.50000      -  54.3 6290s
 33824049 8079579   18.00000   64   12          -   16.50000      -  54.3 6295s
 33849388 8081001   18.20000   36   60          -   16.50000      -  54.3 6300s
 33874276 8082342     cutoff   62               -   16.50000      -  54.3 6305s
 33901737 8083678   18.00000   40   46          -   16.50000      -  54.3 6310s
 33928359 8084954   17.50000   47   21          -   16.50000      -  54.3 6315s
 33955222 8086505   18.50000   41   23          -   16.50000      -  54.3 6320s
 33983480 8087740   19.00000   34   13          -   16.50000      -  54.3 6325s
 34013513 8089081 infeasible   36               -   16.50000      -  54.3 6330s
 34041156 8090190   18.00000   45   48          -   16.50000      -  54.3 6335s
 34065247 8091293   17.02603   32  123          -   16.50000      -  54.3 6340s
 34092309 8092589 infeasible   62               -   16.50000      -  54.3 6345s
 34122225 8093877     cutoff   68               -   16.50000      -  54.3 6350s
 34150608 8095196   18.00000   46   20          -   16.50000      -  54.3 6355s
 34183242 8096748   17.31250   39  109          -   16.50000      -  54.3 6360s
 34214355 8098216   17.00000   46   13          -   16.50000      -  54.3 6365s
 34246831 8099786 infeasible   39               -   16.50000      -  54.3 6370s
 34276598 8101451   17.00000   32    9          -   16.50000      -  54.3 6375s
 34309405 8103089   18.00000   28   94          -   16.50000      -  54.3 6380s
 34339977 8104554   17.50000   39   31          -   16.50000      -  54.3 6385s
 34371663 8106084   17.63636   31  115          -   16.50000      -  54.3 6390s
 34398634 8107590   17.00000   49   28          -   16.50000      -  54.3 6395s
 34431751 8109102 infeasible   45               -   16.50000      -  54.3 6400s
 34461855 8110694   18.08621   42   95          -   16.50000      -  54.3 6405s
 34491649 8111912   19.17442   41   95          -   16.50000      -  54.3 6410s
 34521503 8113177   18.00000   37   13          -   16.50000      -  54.3 6415s
 34554403 8114769     cutoff   51               -   16.50000      -  54.3 6420s
 34582994 8116084   17.85714   29  108          -   16.50000      -  54.3 6425s
 34610011 8117207   16.83333   50   46          -   16.50000      -  54.3 6430s
 34634858 8118525 infeasible   41               -   16.50000      -  54.3 6435s
 34662533 8120121   17.50000   62   34          -   16.50000      -  54.3 6440s
 34689739 8121826   17.50000   37   37          -   16.50000      -  54.3 6445s
 34716341 8123646   17.66667   40   60          -   16.50000      -  54.3 6450s
 34748599 8125917   18.50000   54   38          -   16.50000      -  54.3 6455s
 34782594 8127877   17.38983   29  102          -   16.50000      -  54.3 6460s
 34812053 8129463 infeasible   36               -   16.50000      -  54.3 6465s
 34842606 8130666   18.64516   27  109          -   16.50000      -  54.3 6470s
 34874250 8132495   16.97372   29  178          -   16.50179      -  54.3 6475s
 34898906 8134516   17.58333   33   80          -   16.50680      -  54.3 6480s
 34925843 8136687   17.85714   38  181          -   16.51111      -  54.3 6485s
 34954616 8139084   18.10274   42  156          -   16.51515      -  54.3 6490s
 34986152 8142000 infeasible   65               -   16.51899      -  54.3 6495s
 35013783 8144419     cutoff   42               -   16.52227      -  54.3 6500s
 35039272 8146716   18.50000   44   30          -   16.52563      -  54.3 6505s
 35068655 8149404   18.27869   34  157          -   16.52931      -  54.3 6510s
 35098856 8152192   17.71698   35  144          -   16.53185      -  54.3 6515s
 35132523 8155126   17.50505   40  100          -   16.53488      -  54.3 6520s
 35161858 8157831   17.00344   28  122          -   16.53846      -  54.3 6525s
 35187666 8160029   16.92478   36  146          -   16.53982      -  54.3 6530s
 35211829 8162256   18.40000   60   41          -   16.54281      -  54.3 6535s
 35234423 8164167   16.66667   51   61          -   16.54545      -  54.3 6540s
 35262313 8166196   17.50000   34   35          -   16.54553      -  54.3 6545s
 35283157 8168148   17.02505   47  194          -   16.54901      -  54.3 6550s
 35307040 8170288   17.27778   34  105          -   16.55150      -  54.4 6555s
 35328544 8172409   17.90129   33  141          -   16.55446      -  54.4 6560s
 35357313 8174778   17.72449   30  160          -   16.55556      -  54.4 6565s
 35384442 8176878     cutoff   41               -   16.55556      -  54.4 6570s
 35407761 8178623   18.85714   41  135          -   16.55814      -  54.4 6575s
 35408035 8178782   16.93948   32  133          -   16.55875      -  54.4 6580s
 35408288 8178910 infeasible   72               -   16.55882      -  54.4 6585s
 35408518 8179016   18.16327   32   89          -   16.55918      -  54.4 6590s
 35408685 8179082   17.37706   42  151          -   16.55948      -  54.4 6595s
 35408813 8179159   17.81560   47  151          -   16.55970      -  54.4 6600s
 35408903 8179215   17.54188   52  209          -   16.55994      -  54.4 6606s
 35408959 8179252   18.00000   40   20          -   16.56000      -  54.4 6610s
 35409590 8179372 infeasible   49               -   16.56000      -  54.4 6615s
 35410457 8179526   18.33333   34  142          -   16.56000      -  54.4 6620s
 35412395 8179899   18.52083   42  126          -   16.56000      -  54.4 6627s
 35413803 8180149   18.00000   48   53          -   16.56000      -  54.4 6631s
 35418780 8180637   16.77143   37  137          -   16.56017      -  54.4 6636s
 35426367 8180999   16.90256   42  144          -   16.56067      -  54.4 6641s
 35436276 8181152   17.00000   37    9          -   16.56140      -  54.4 6647s
 35439590 8181443   17.27273   42   70          -   16.56216      -  54.4 6650s
 35446634 8182011     cutoff   42               -   16.56250      -  54.4 6655s
 35460097 8183237   19.00000   34   81          -   16.56410      -  54.4 6660s
 35482736 8185410   16.96729   41  237          -   16.56731      -  54.4 6665s
 35504947 8187667   18.37500   29   90          -   16.57088      -  54.4 6670s
 35530193 8189578 infeasible   41               -   16.57143      -  54.4 6675s
 35555018 8191613   17.00000   45   16          -   16.57143      -  54.4 6680s
 35582674 8193478   17.50000   38   26          -   16.57143      -  54.4 6685s
 35611677 8195566   18.47917   42  135          -   16.57143      -  54.4 6690s
 35633579 8197800 infeasible   44               -   16.57500      -  54.4 6695s
 35656006 8199634   18.57143   68  133          -   16.57767      -  54.4 6700s
 35679687 8201752   17.16667   39  105          -   16.58025      -  54.4 6705s
 35702179 8203742   16.99197   38  132          -   16.58333      -  54.4 6710s
 35727799 8205591   19.00000   45   16          -   16.58333      -  54.4 6715s
 35751099 8207603   17.86667   67   95          -   16.58537      -  54.4 6720s
 35774091 8209619     cutoff   43               -   16.58824      -  54.4 6725s
 35799101 8211673   18.50000   49   44          -   16.59091      -  54.4 6730s
 35817833 8213291   17.00000   33   55          -   16.59259      -  54.4 6735s
 35841114 8215436   16.90000   39   63          -   16.59524      -  54.4 6740s
 35864275 8217739     cutoff   67               -   16.59947      -  54.4 6745s
 35891665 8220045   17.00000   41   16          -   16.60000      -  54.4 6750s
 35916790 8221641   17.66154   40  155          -   16.60000      -  54.4 6755s
 35944396 8223611   17.26923   41  127          -   16.60000      -  54.4 6760s
 35969265 8225274   17.50000   38   42          -   16.60000      -  54.4 6765s
 35996369 8226883 infeasible   30               -   16.60000      -  54.4 6770s
 36021188 8228222   19.00000   36    9          -   16.60000      -  54.4 6775s
 36048221 8229540   18.25806   31  115          -   16.60000      -  54.4 6780s
 36075717 8230985 infeasible   38               -   16.60000      -  54.4 6785s
 36098926 8232775 infeasible   33               -   16.60171      -  54.4 6790s
 36121664 8234838   16.80969   56  220          -   16.60526      -  54.4 6795s
 36144181 8236741     cutoff   60               -   16.60764      -  54.4 6800s
 36165784 8238591     cutoff   68               -   16.61024      -  54.5 6805s
 36189997 8240515     cutoff   45               -   16.61194      -  54.5 6810s
 36212784 8242544   16.72222   47  103          -   16.61538      -  54.5 6815s
 36238691 8244205   18.25000   57   37          -   16.61538      -  54.5 6820s
 36258393 8245867 infeasible   40               -   16.61860      -  54.5 6825s
 36280909 8247732   16.85185   38  127          -   16.62069      -  54.5 6830s
 36304653 8250192   18.50000   38   49          -   16.62460      -  54.5 6835s
 36329472 8251740   16.78788   32  122          -   16.62500      -  54.5 6840s
 36357001 8253670     cutoff   32               -   16.62500      -  54.5 6845s
 36381730 8255106   17.59052   46  153          -   16.62500      -  54.5 6850s
 36408710 8256871   17.33014   33  133          -   16.62500      -  54.5 6855s
 36429034 8258445     cutoff   50               -   16.62800      -  54.5 6860s
 36450524 8260320   18.01887   68  141          -   16.63068      -  54.5 6865s
 36471828 8262229   18.07500   51   81          -   16.63265      -  54.5 6870s
 36493131 8264222   17.75000   32   55          -   16.63518      -  54.5 6875s
 36516462 8265885   17.00000   34   10          -   16.63636      -  54.5 6880s
 36540639 8267537 infeasible   41               -   16.63660      -  54.5 6885s
 36561756 8269314   17.87500   32  133          -   16.64000      -  54.5 6890s
 36584627 8271122   17.60000   34   85          -   16.64286      -  54.5 6895s
 36609567 8272802   17.15789   42   96          -   16.64286      -  54.5 6900s
 36631120 8274534   17.00000   38   25          -   16.64545      -  54.5 6905s
 36655365 8276274   18.04545   32   98          -   16.64706      -  54.5 6910s
 36678908 8278038   17.75862   33   85          -   16.65000      -  54.5 6915s
 36700588 8279810   17.00000   53   12          -   16.65217      -  54.5 6920s
 36722730 8281482   17.38272   39  141          -   16.65403      -  54.5 6925s
 36747227 8283336   18.67038   54  217          -   16.65693      -  54.5 6930s
 36769057 8285134   17.77273   41   85          -   16.65957      -  54.6 6935s
 36790829 8286903     cutoff   39               -   16.66250      -  54.6 6940s
 36812949 8288643   17.86486   51  114          -   16.66667      -  54.6 6945s
 36840158 8290170   18.25000   44   52          -   16.66667      -  54.6 6950s
 36865002 8291289   18.75000   41   52          -   16.66667      -  54.6 6955s
 36892177 8292037   16.93333   32   64          -   16.66667      -  54.6 6960s
 36917181 8293142   18.00000   70    9          -   16.66667      -  54.6 6965s
 36944792 8294302   17.50000   53   28          -   16.66667      -  54.6 6970s
 36974500 8295538   17.00000   37   25          -   16.66667      -  54.6 6975s
 36998889 8296521   17.00000   33    7          -   16.66667      -  54.6 6980s
 37023906 8297348     cutoff   47               -   16.66667      -  54.6 6985s
 37048705 8298058   17.37736   40  119          -   16.66667      -  54.6 6990s
 37074320 8298927   17.00000   41   12          -   16.66667      -  54.6 6995s
 37101623 8299670   17.00000   48   14          -   16.66667      -  54.6 7000s
 37127378 8300249   17.00000   37   11          -   16.66667      -  54.6 7005s
 37155041 8300733   18.00000   68   13          -   16.66667      -  54.6 7010s
 37179330 8301090   17.23377   35  133          -   16.66667      -  54.6 7015s
 37207861 8302154   16.89474   56  106          -   16.66667      -  54.6 7020s
 37237018 8303101   18.00000   43   14          -   16.66667      -  54.6 7025s
 37263874 8304023   17.92857   35  102          -   16.66667      -  54.6 7030s
 37291215 8304747   17.00000   50   12          -   16.66667      -  54.6 7035s
 37321389 8305558     cutoff   49               -   16.66667      -  54.6 7040s
 37346730 8306266   17.66667   49   44          -   16.66667      -  54.6 7045s
 37372306 8306815   17.00000   46   15          -   16.66667      -  54.6 7050s
 37402616 8307512     cutoff   39               -   16.66667      -  54.5 7055s
 37428861 8308039   16.66667   42   53          -   16.66667      -  54.5 7060s
 37451469 8308746   17.96111   45  131          -   16.66667      -  54.5 7065s
 37478452 8309807   17.00000   37   10          -   16.66667      -  54.5 7070s
 37503740 8310491   18.00000   51    9          -   16.66667      -  54.5 7075s
 37529835 8311243   16.69231   44  107          -   16.66667      -  54.5 7080s
 37551223 8312639   17.88272   46  152          -   16.66981      -  54.6 7085s
 37573635 8314397 infeasible   45               -   16.67330      -  54.6 7090s
 37595299 8316105   17.76471   45   97          -   16.67614      -  54.6 7095s
 37618103 8317673   16.93249   35  131          -   16.67857      -  54.6 7100s
 37639217 8319417     cutoff   33               -   16.68095      -  54.6 7105s
 37661718 8321036   18.61905   39   92          -   16.68293      -  54.6 7110s
 37687676 8322905   17.31949   36  216          -   16.68548      -  54.6 7115s
 37710896 8324355 infeasible   37               -   16.68750      -  54.6 7120s
 37733645 8325931   16.70725   44  162          -   16.68943      -  54.6 7125s
 37756279 8327493   18.00000   54   16          -   16.69231      -  54.6 7130s
 37781652 8329123 infeasible   38               -   16.69231      -  54.6 7135s
 37805355 8331015 infeasible   65               -   16.69565      -  54.6 7140s
 37827356 8332727   17.33655   50  204          -   16.69787      -  54.6 7145s
 37852467 8334479   17.96610   38   72          -   16.70000      -  54.6 7150s
 37877657 8335905   16.93548   42  137          -   16.70000      -  54.6 7155s
 37901974 8337324     cutoff   56               -   16.70000      -  54.6 7160s
 37921639 8338579   19.02142   35  161          -   16.70270      -  54.6 7165s
 37944412 8340273   16.83333   27  104          -   16.70541      -  54.6 7170s
 37966523 8341699 infeasible   49               -   16.70667      -  54.6 7175s
 37989101 8343118     cutoff   35               -   16.70886      -  54.6 7180s
 38010545 8344697   18.68182   28   79          -   16.71154      -  54.6 7185s
 38032848 8346207   18.00000   41   17          -   16.71429      -  54.6 7190s
 38058426 8347662   19.00000   41   70          -   16.71429      -  54.6 7195s
 38083752 8349037 infeasible   55               -   16.71429      -  54.6 7200s
 38108254 8350052   17.95049   37  177          -   16.71429      -  54.6 7205s
 38131150 8350993   16.75000   35   47          -   16.71429      -  54.6 7210s
 38155297 8352470   17.05714   40  140          -   16.71672      -  54.6 7215s
 38177129 8354111   17.96133   64  164          -   16.71925      -  54.7 7220s
 38198817 8355857     cutoff   62               -   16.72185      -  54.7 7225s
 38221078 8357303   17.00000   37   33          -   16.72258      -  54.7 7230s
 38238669 8358666 infeasible   59               -   16.72500      -  54.7 7235s
 38261038 8359882 infeasible   48               -   16.72727      -  54.7 7240s
 38285577 8361040 infeasible   36               -   16.72727      -  54.7 7245s
 38308259 8362437   18.00000   47   31          -   16.72941      -  54.7 7250s
 38329822 8363857   17.20416   42  177          -   16.73158      -  54.7 7255s
 38352042 8365347   17.59103   31  118          -   16.73333      -  54.7 7260s
 38374121 8366764   17.75000   43   62          -   16.73498      -  54.7 7265s
 38398551 8368230   17.72222   43  120          -   16.73684      -  54.7 7270s
 38419095 8369681   18.71429   37   80          -   16.73913      -  54.7 7275s
 38440046 8371027   18.22598   29  135          -   16.74134      -  54.7 7280s
 38461832 8372722   17.33066   30  139          -   16.74379      -  54.7 7285s
 38482773 8374033   17.45849   26  152          -   16.74684      -  54.7 7290s
 38505680 8375239   17.00000   40   16          -   16.75000      -  54.7 7295s
 38534302 8376248   18.00000   50   15          -   16.75000      -  54.7 7300s
 38559083 8377113     cutoff   67               -   16.75000      -  54.7 7305s
 38583421 8377264     cutoff   50               -   16.75000      -  54.7 7310s
 38610075 8377596   18.00000   51   26          -   16.75000      -  54.7 7315s
 38636841 8378158   18.50000   43   50          -   16.75000      -  54.7 7320s
 38664420 8378925   17.17619   41  130          -   16.75000      -  54.7 7325s
 38692996 8379545   17.25000   43   58          -   16.75000      -  54.7 7330s
 38717138 8380076   17.00000   32   16          -   16.75000      -  54.7 7335s
 38743832 8380891     cutoff   42               -   16.75000      -  54.7 7340s
 38766006 8381552   18.00000   34   46          -   16.75000      -  54.7 7345s
 38792911 8382194     cutoff   41               -   16.75000      -  54.7 7350s
 38818271 8382771   17.75000   40   39          -   16.75000      -  54.7 7355s
 38842649 8383268   18.48176   42  196          -   16.75000      -  54.7 7360s
 38871776 8383883   17.80000   47   47          -   16.75000      -  54.7 7365s
 38899385 8384551 infeasible   40               -   16.75000      -  54.7 7370s
 38921028 8385052 infeasible   38               -   16.75000      -  54.7 7375s
 38947318 8385637   18.60984   41  147          -   16.75000      -  54.7 7380s
 38973799 8386368   18.75000   44   76          -   16.75000      -  54.7 7385s
 38998253 8387365 infeasible   49               -   16.75000      -  54.7 7390s
 39020668 8388383     cutoff   41               -   16.75000      -  54.7 7395s
 39043478 8389100   17.00000   44    9          -   16.75182      -  54.7 7400s
 39063792 8390348 infeasible   37               -   16.75510      -  54.7 7405s
 39083306 8391619 infeasible   32               -   16.75758      -  54.7 7410s
 39105092 8392921   18.64264   37  151          -   16.76000      -  54.7 7415s
 39124175 8394115   17.00000   46   13          -   16.76190      -  54.7 7420s
 39146724 8395230     cutoff   40               -   16.76438      -  54.8 7425s
 39171811 8396544 infeasible   54               -   16.76596      -  54.8 7430s
 39193198 8397682   18.52696   57  186          -   16.76852      -  54.8 7435s
 39218643 8399038   17.00000   30   71          -   16.76923      -  54.8 7440s
 39239294 8400225   18.69231   54   66          -   16.77143      -  54.8 7445s
 39259065 8401186   17.40000   53   73          -   16.77273      -  54.8 7450s
 39279190 8402322   17.77500   37  214          -   16.77536      -  54.8 7455s
 39302252 8403621 infeasible   34               -   16.77778      -  54.8 7460s
 39324142 8404280     cutoff   51               -   16.77778      -  54.8 7465s
 39346292 8404870   17.00000   40   11          -   16.77778      -  54.8 7470s
 39369979 8406034   18.15625   33  104          -   16.77922      -  54.8 7475s
 39390956 8407308   18.78571   26  105          -   16.78169      -  54.8 7480s
 39412552 8408503   18.69231   46  104          -   16.78378      -  54.8 7485s
 39436194 8409721     cutoff   57               -   16.78571      -  54.8 7490s
 39460163 8410618 infeasible   52               -   16.78600      -  54.8 7495s
 39481666 8412027   17.66667   45   66          -   16.78893      -  54.8 7500s
 39503359 8413318   17.82075   31   86          -   16.79048      -  54.8 7505s
 39526878 8414637   18.81568   24  213          -   16.79291      -  54.8 7510s
 39546194 8415574 infeasible   48               -   16.79487      -  54.8 7515s
 39570378 8417186   17.82692   49  123          -   16.79814      -  54.8 7520s
 39593408 8418539   17.84687   41  161          -   16.80000      -  54.8 7525s
 39620689 8419561   17.78571   40   91          -   16.80000      -  54.8 7530s
 39647288 8420128   18.50000   54   40          -   16.80000      -  54.8 7535s
 39671861 8420529     cutoff   34               -   16.80000      -  54.8 7540s
 39699432 8421139   16.96944   40  185          -   16.80000      -  54.8 7545s
 39726256 8421833   17.50000   47   25          -   16.80000      -  54.8 7550s
 39751109 8422528   17.39818   36  149          -   16.80000      -  54.8 7555s
 39778571 8422814   17.76923   35  101          -   16.80000      -  54.8 7560s
 39805501 8423391   19.00000   45   10          -   16.80000      -  54.8 7565s
 39829686 8423878   17.00000   41   15          -   16.80000      -  54.8 7570s
 39852317 8424554     cutoff   42               -   16.80180      -  54.9 7575s
 39873622 8425757   18.51206   36  207          -   16.80488      -  54.9 7580s
 39893541 8426749   18.71357   36  142          -   16.80734      -  54.9 7585s
 39913935 8427843     cutoff   38               -   16.80952      -  54.9 7590s
 39936064 8428953 infeasible   51               -   16.81132      -  54.9 7595s
 39958673 8429972   17.10870   29  131          -   16.81250      -  54.9 7600s
 39981504 8431182     cutoff   44               -   16.81457      -  54.9 7605s
 40005899 8432476     cutoff   67               -   16.81731      -  54.9 7610s
 40030072 8433147   19.00000   44   21          -   16.81818      -  54.9 7615s
 40057051 8434495   17.78074   64  197          -   16.81845      -  54.9 7620s
 40075702 8435418   18.50000   39   85          -   16.82132      -  54.9 7625s
 40097772 8436344 infeasible   53               -   16.82353      -  54.9 7630s
 40119348 8437589   18.58738   36  132          -   16.82492      -  54.9 7635s
 40142395 8438609   17.00000   54   52          -   16.82716      -  54.9 7640s
 40164513 8439872   18.00000   48   12          -   16.82969      -  54.9 7645s
 40185679 8441012   18.50000   45   26          -   16.83318      -  54.9 7650s
 40209959 8441622   17.61538   51   55          -   16.83333      -  54.9 7655s
 40234857 8442346 infeasible   55               -   16.83333      -  54.9 7660s
 40259934 8442891   17.00000   53   32          -   16.83333      -  54.9 7665s
 40284144 8443381   18.58535   44  147          -   16.83333      -  54.9 7670s
 40311848 8443696   19.00000   38   10          -   16.83333      -  54.9 7675s
 40335742 8444033   18.50000   28   54          -   16.83333      -  54.9 7680s
 40357318 8444275     cutoff   28               -   16.83333      -  54.9 7685s
 40381811 8444576     cutoff   68               -   16.83333      -  54.9 7690s
 40405983 8444643   18.00000   61   15          -   16.83333      -  54.9 7695s
 40433280 8445317   18.50000   35   26          -   16.83333      -  54.9 7700s
 40452751 8446176     cutoff   74               -   16.83648      -  54.9 7705s
 40472273 8447046 infeasible   34               -   16.83871      -  54.9 7710s
 40493921 8448083 infeasible   64               -   16.84091      -  54.9 7715s
 40516181 8448932   17.03688   45  146          -   16.84259      -  55.0 7720s
 40536179 8449846   18.33333   45  129          -   16.84483      -  55.0 7725s
 40559338 8450581   18.34814   30  171          -   16.84615      -  55.0 7730s
 40582555 8451421   18.00000   68   14          -   16.84746      -  55.0 7735s
 40601026 8452134   18.26613   28  138          -   16.84980      -  55.0 7740s
 40624346 8453170   17.00000   37   40          -   16.85106      -  55.0 7745s
 40646599 8454054   17.60317   39  145          -   16.85329      -  55.0 7750s
 40666724 8455152 infeasible   42               -   16.85593      -  55.0 7755s
 40689040 8456136     cutoff   35               -   16.85714      -  55.0 7760s
 40715579 8457066     cutoff   33               -   16.85714      -  55.0 7765s
 40741942 8457555   17.88889   51   87          -   16.85714      -  55.0 7770s
 40768691 8457742   19.00000   36   35          -   16.85714      -  55.0 7775s
 40793332 8458350 infeasible   44               -   16.85714      -  55.0 7780s
 40814103 8459142     cutoff   40               -   16.85915      -  55.0 7785s
 40834355 8460016   17.57895   42  118          -   16.86154      -  55.0 7790s
 40856388 8460841     cutoff   38               -   16.86364      -  55.0 7795s
 40877615 8461846   18.50000   37   29          -   16.86581      -  55.0 7800s
 40901956 8462604   17.93333   33  159          -   16.86667      -  55.0 7805s
 40922122 8463405   17.00000   36    9          -   16.86899      -  55.0 7810s
 40943496 8464317   18.07692   58   89          -   16.87097      -  55.0 7815s
 40960594 8465068   17.91304   38   79          -   16.87283      -  55.0 7820s
 40986884 8465540   17.25446   41  168          -   16.87500      -  55.0 7825s
 41011851 8465922 infeasible   33               -   16.87500      -  55.0 7830s
 41033621 8466270   17.93478   32  105          -   16.87500      -  55.0 7835s
 41058735 8466771   17.39731   36  162          -   16.87500      -  55.0 7840s
 41082770 8467319   18.00000   35   55          -   16.87500      -  55.0 7845s
 41104206 8467717 infeasible   37               -   16.87500      -  55.0 7850s
 41125100 8468859   17.10014   41  159          -   16.87838      -  55.1 7855s
 41144553 8469624 infeasible   35               -   16.88000      -  55.1 7860s
 41166652 8470430   18.50000   44   60          -   16.88235      -  55.1 7865s
 41188331 8471218   17.72289   47  143          -   16.88398      -  55.1 7870s
 41209744 8472073   18.07143   32   92          -   16.88596      -  55.1 7875s
 41231815 8472881   17.00000   36   71          -   16.88889      -  55.1 7880s
 41257252 8473318   17.06109   45  113          -   16.88889      -  55.1 7885s
 41282062 8473476     cutoff   44               -   16.88889      -  55.1 7890s
 41303558 8473836   18.50000   48   25          -   16.88889      -  55.1 7895s
 41323822 8474664   17.96219   40  197          -   16.89109      -  55.1 7900s
 41346189 8475472   17.16495   39  162          -   16.89313      -  55.1 7905s
 41368959 8476367   18.43100   44  149          -   16.89474      -  55.1 7910s
 41390299 8477270 infeasible   54               -   16.89730      -  55.1 7915s
 41412501 8478166   17.96505   37  150          -   16.90000      -  55.1 7920s
 41435465 8478638   17.00000   40   16          -   16.90000      -  55.1 7925s
 41460440 8479022 infeasible   36               -   16.90000      -  55.1 7930s
 41482149 8479031   18.02632   36  113          -   16.90000      -  55.1 7935s
 41502605 8479823 infeasible   31               -   16.90196      -  55.1 7940s
 41523922 8480650     cutoff   67               -   16.90441      -  55.1 7945s
 41545932 8481447   18.11825   28  135          -   16.90625      -  55.1 7950s
 41564723 8482220   17.90000   32   99          -   16.90805      -  55.1 7955s
 41589064 8482795   17.90909   49  111          -   16.90909      -  55.1 7960s
 41615413 8483289   16.94444   34   96          -   16.90909      -  55.1 7965s
 41635837 8484128   17.37683   39  235          -   16.91160      -  55.1 7970s
 41656034 8484833   17.00000   38   12          -   16.91304      -  55.1 7975s
 41677205 8485751 infeasible   68               -   16.91558      -  55.2 7980s
 41700776 8486220     cutoff   36               -   16.91667      -  55.2 7985s
 41720544 8486512   17.37838   30  152          -   16.91667      -  55.2 7990s
 41743802 8486904   17.45238   37  107          -   16.91714      -  55.2 7995s
 41764344 8487699   18.63636   29   75          -   16.92000      -  55.2 8000s
 41783923 8488467   17.25000   45   49          -   16.92153      -  55.2 8005s
 41805848 8489339   19.00000   36    1          -   16.92308      -  55.2 8010s
 41827432 8489654   17.00000   40   16          -   16.92308      -  55.2 8015s
 41846273 8490139   17.90058   32  128          -   16.92576      -  55.2 8020s
 41868535 8490991     cutoff   40               -   16.92803      -  55.2 8025s
 41896539 8491443   18.00000   49   16          -   16.92857      -  55.2 8030s
 41917047 8492031   18.25000   44   46          -   16.92982      -  55.2 8035s
 41936176 8492690   17.21429   40   70          -   16.93182      -  55.2 8040s
 41959031 8493033   17.09091   45  151          -   16.93333      -  55.2 8045s
 41978633 8493619   18.25000   37   52          -   16.93458      -  55.2 8050s
 41999020 8494364   17.50000   62   84          -   16.93694      -  55.2 8055s
 42024732 8494751   17.00000   36   12          -   16.93750      -  55.2 8060s
 42045120 8495289     cutoff   69               -   16.93939      -  55.2 8065s
 42065755 8495685   17.54545   36   80          -   16.94118      -  55.2 8070s
 42091014 8496204   18.25926   32  121          -   16.94286      -  55.2 8075s
 42116990 8496626   17.00000   47    8          -   16.94444      -  55.2 8080s
 42137495 8497088 infeasible   34               -   16.94643      -  55.2 8085s
 42160774 8497525     cutoff   63               -   16.94792      -  55.2 8090s
 42184900 8498152 infeasible   57               -   16.95000      -  55.3 8095s
 42208174 8498807   17.83333   36   96          -   16.95238      -  55.3 8100s
 42228428 8499096   17.09836   61  127          -   16.95371      -  55.3 8105s
 42251152 8499563   17.00000   40   12          -   16.95528      -  55.3 8110s
 42271552 8499979   18.40000   34   91          -   16.95699      -  55.3 8115s
 42290688 8500429 infeasible   38               -   16.95833      -  55.3 8120s
 42310686 8500801   17.72727   34   77          -   16.96000      -  55.3 8125s
 42331865 8501288   17.00000   39    5          -   16.96212      -  55.3 8130s
 42353903 8501853   18.00000   37   12          -   16.96429      -  55.3 8135s
 42374092 8502456   18.50000   70   17          -   16.96579      -  55.3 8140s
 42395917 8502923   17.10000   26  108          -   16.96774      -  55.3 8145s
 42418113 8503460   17.50000   45   21          -   16.96970      -  55.3 8150s
 42440228 8503749   17.00000   33   14          -   16.97191      -  55.3 8155s
 42461666 8504273     cutoff   45               -   16.97403      -  55.3 8160s
 42483156 8504718   18.33333   40   59          -   16.97619      -  55.3 8165s
 42504295 8505205   17.63514   63  140          -   16.97854      -  55.3 8170s
 42524026 8505666   17.34375   41   80          -   16.98077      -  55.3 8175s
 42543073 8505954   19.50000   42   71          -   16.98305      -  55.3 8180s
 42562383 8506267 infeasible   58               -   16.98557      -  55.4 8185s
 42584049 8506660   17.55015   37  220          -   16.98864      -  55.4 8190s
 42603287 8506929     cutoff   41               -   16.99184      -  55.4 8195s
 42622472 8507554   17.00000   47   12          -   16.99554      -  55.4 8200s
 42641971 8508102   17.65174   39  210          -   17.00000      -  55.4 8205s
 42663481 8507404     cutoff   34               -   17.00000      -  55.4 8210s
 42685588 8506800   17.63636   41  120          -   17.00000      -  55.4 8215s
 42705164 8506199 infeasible   65               -   17.00000      -  55.4 8220s
 42730382 8505538     cutoff   68               -   17.00000      -  55.4 8225s
 42754238 8504518   17.00000   32   12          -   17.00000      -  55.4 8230s
 42776779 8503983   17.00000   55   16          -   17.00000      -  55.4 8235s
 42802207 8503220   17.60000   34  121          -   17.00000      -  55.4 8240s
 42824307 8502762 infeasible   55               -   17.00000      -  55.4 8245s
 42849265 8501855     cutoff   61               -   17.00000      -  55.4 8250s
 42872163 8500962   18.50000   41   41          -   17.00000      -  55.4 8255s
 42896521 8500304   18.00000   39   10          -   17.00000      -  55.4 8260s
 42918763 8499485     cutoff   49               -   17.00000      -  55.4 8265s
 42943304 8498404   18.61739   31  137          -   17.00000      -  55.4 8270s
 42968667 8497421   17.00000   51   16          -   17.00000      -  55.4 8275s
 42991167 8496539   17.00000   38    9          -   17.00000      -  55.4 8280s
 43014428 8495752     cutoff   50               -   17.00000      -  55.4 8285s
 43038679 8494760   17.00000   45   16          -   17.00000      -  55.4 8290s
 43064948 8493744   18.50000   31   25          -   17.00000      -  55.4 8295s
 43090479 8492542   18.66667   52   24          -   17.00000      -  55.4 8300s
 43113548 8491704   18.00000   44   15          -   17.00000      -  55.4 8305s
 43138166 8490489   18.15789   50  108          -   17.00000      -  55.4 8310s
 43163185 8489080 infeasible   37               -   17.00000      -  55.4 8315s
 43184721 8486950   17.00000   36   15          -   17.00000      -  55.4 8320s
 43211254 8484810   18.00000   36   12          -   17.00000      -  55.4 8325s
 43237284 8482668   17.75000   33   42          -   17.00000      -  55.4 8330s
 43262175 8480777   17.23350   45  139          -   17.00000      -  55.4 8335s
 43287198 8478957     cutoff   53               -   17.00000      -  55.4 8340s
 43312944 8476835     cutoff   55               -   17.00000      -  55.4 8345s
 43342890 8474392   18.90000   39   47          -   17.00000      -  55.4 8350s
 43369571 8472484   18.00000   51   15          -   17.00000      -  55.4 8355s
 43393196 8470433   17.00000   52   14          -   17.00000      -  55.4 8360s
 43420215 8468094   17.00000   36   19          -   17.00000      -  55.4 8365s
 43445673 8465915     cutoff   47               -   17.00000      -  55.4 8370s
 43470526 8463890   17.00000   45   11          -   17.00000      -  55.4 8375s
 43498793 8461783     cutoff   35               -   17.00000      -  55.4 8380s
 43524206 8459403     cutoff   40               -   17.00000      -  55.4 8385s
 43548824 8457223     cutoff   72               -   17.00000      -  55.4 8390s
 43574549 8455134     cutoff   38               -   17.00000      -  55.4 8395s
 43598587 8453040     cutoff   43               -   17.00000      -  55.4 8400s
 43624220 8450974     cutoff   37               -   17.00000      -  55.4 8405s
 43649725 8449127 infeasible   58               -   17.00000      -  55.4 8410s
 43676578 8447145   18.00000   51   17          -   17.00000      -  55.4 8415s
 43700676 8445337     cutoff   46               -   17.00000      -  55.4 8420s
 43728163 8443089   17.87500   36   91          -   17.00000      -  55.4 8425s
 43753693 8441017   18.66667   37   48          -   17.00000      -  55.4 8430s
 43779498 8439200     cutoff   41               -   17.00000      -  55.4 8435s
 43812065 8436685     cutoff   44               -   17.00000      -  55.4 8440s
 43842571 8434098   18.00000   39   16          -   17.00000      -  55.4 8445s
 43870211 8431911     cutoff   61               -   17.00000      -  55.4 8450s
 43896382 8429732   17.00000   73   13          -   17.00000      -  55.4 8455s
 43923727 8427601   18.00000   50   16          -   17.00000      -  55.4 8460s
 43953446 8425149 infeasible   41               -   17.00000      -  55.4 8465s
 43980872 8422786   17.49734   42  121          -   17.00000      -  55.4 8470s
 44007719 8420754 infeasible   35               -   17.00000      -  55.4 8475s
 44034073 8418585   19.00000   67   26          -   17.00000      -  55.4 8480s
 44061876 8416357 infeasible   40               -   17.00000      -  55.4 8485s
 44089064 8414160     cutoff   35               -   17.00000      -  55.4 8490s
 44113514 8412271     cutoff   60               -   17.00000      -  55.4 8495s
 44141145 8410064     cutoff   59               -   17.00000      -  55.4 8500s
 44168229 8407695   19.00000   79   14          -   17.00000      -  55.4 8505s
 44191262 8405393   18.00000   46   12          -   17.00000      -  55.4 8510s
 44218479 8402915   17.85185   48   87          -   17.00000      -  55.4 8515s
 44241165 8400865 infeasible   35               -   17.00000      -  55.4 8520s
 44269998 8398496 infeasible   36               -   17.00000      -  55.4 8525s
 44296362 8396130     cutoff   43               -   17.00000      -  55.4 8530s
 44320373 8393833   18.00000   41   14          -   17.00000      -  55.4 8535s
 44345496 8391505     cutoff   32               -   17.00000      -  55.4 8540s
 44376092 8388832 infeasible   61               -   17.00000      -  55.4 8545s
 44400550 8386622   17.00000   31   14          -   17.00000      -  55.4 8550s
 44427717 8383902   17.50000   34   32          -   17.00000      -  55.4 8555s
 44452727 8381929     cutoff   63               -   17.00000      -  55.4 8560s
 44476828 8379663     cutoff   34               -   17.00000      -  55.4 8565s
 44501154 8377516   18.50954   33  138          -   17.00000      -  55.4 8570s
 44528618 8375087 infeasible   38               -   17.00000      -  55.4 8575s
 44553119 8372934   17.50000   57   25          -   17.00000      -  55.4 8580s
 44577968 8370646   18.00000   42   13          -   17.00000      -  55.4 8585s
 44603357 8368258 infeasible   38               -   17.00000      -  55.4 8590s
 44631405 8365766   17.33333   41   41          -   17.00000      -  55.4 8595s
 44658709 8362936     cutoff   38               -   17.00000      -  55.4 8600s
 44686831 8360498     cutoff   50               -   17.00000      -  55.4 8605s
 44715439 8357841   17.00000   40   12          -   17.00000      -  55.3 8610s
 44743157 8355127   18.00000   50   15          -   17.00000      -  55.3 8615s
 44767883 8352663 infeasible   40               -   17.00000      -  55.3 8620s
 44794423 8350146   18.00000   54   14          -   17.00000      -  55.3 8625s
 44817975 8347811   18.00000   53   53          -   17.00000      -  55.3 8630s
 44842505 8345342   18.60000   37   53          -   17.00000      -  55.3 8635s
 44867428 8342756   18.00000   49   13          -   17.00000      -  55.3 8640s
 44891880 8340348 infeasible   45               -   17.00000      -  55.3 8645s
 44914580 8338075     cutoff   62               -   17.00000      -  55.3 8650s
 44939080 8335758   17.00000   43    9          -   17.00000      -  55.3 8655s
 44964088 8333187     cutoff   40               -   17.00000      -  55.3 8660s
 44989075 8330828     cutoff   48               -   17.00000      -  55.4 8665s
 45015649 8328577     cutoff   42               -   17.00000      -  55.3 8670s
 45045859 8325930 infeasible   34               -   17.00000      -  55.3 8675s
 45077863 8323297     cutoff   61               -   17.00000      -  55.3 8680s
 45105154 8321012     cutoff   31               -   17.00000      -  55.3 8685s
 45129615 8318897   17.50000   50   35          -   17.00000      -  55.3 8690s
 45159463 8316203   17.00000   59   11          -   17.00000      -  55.3 8695s
 45186132 8313837   18.00000   31   17          -   17.00000      -  55.3 8700s
 45214800 8311123     cutoff   79               -   17.00000      -  55.3 8705s
 45242524 8308701   18.50000   35   24          -   17.00000      -  55.3 8710s
 45271389 8305926   17.00000   36   12          -   17.00000      -  55.3 8715s
 45298989 8303450   17.00000   38   49          -   17.00000      -  55.3 8720s
 45328995 8300657     cutoff   36               -   17.00000      -  55.3 8725s
 45355978 8298191   17.00000   60   14          -   17.00000      -  55.3 8730s
 45383298 8295726   19.50000   46   41          -   17.00000      -  55.3 8735s
 45413054 8292682 infeasible   36               -   17.00000      -  55.3 8740s
 45440901 8290075 infeasible   27               -   17.00000      -  55.3 8745s
 45468628 8287541   18.00000   47   18          -   17.00000      -  55.3 8750s
 45497943 8284801   18.06667   37   95          -   17.00000      -  55.3 8755s
 45521720 8282485   18.00000   30   18          -   17.00000      -  55.3 8760s
 45548897 8279875 infeasible   45               -   17.00000      -  55.3 8765s
 45578471 8276828     cutoff   35               -   17.00000      -  55.3 8770s
 45602723 8274097   18.61364   36  102          -   17.00000      -  55.3 8775s
 45630740 8271570   18.00000   40   14          -   17.00000      -  55.3 8780s
 45658383 8268837     cutoff   36               -   17.00000      -  55.3 8785s
 45686336 8266209   18.00000   45   18          -   17.00000      -  55.3 8790s
 45715993 8263338     cutoff   54               -   17.00000      -  55.3 8795s
 45743340 8260664   18.00000   35   11          -   17.00000      -  55.3 8800s
 45768507 8258110   19.00000   30   17          -   17.00000      -  55.3 8805s
 45795526 8255471   18.50000   72   38          -   17.00000      -  55.3 8810s
 45820326 8252788     cutoff   37               -   17.00000      -  55.3 8815s
 45845265 8250277   18.00000   35   16          -   17.00000      -  55.3 8820s
 45875515 8247238   18.00000   36   14          -   17.00000      -  55.3 8825s
 45906551 8244024     cutoff   50               -   17.00000      -  55.3 8830s
 45935038 8240873   18.50000   49   19          -   17.00000      -  55.3 8835s
 45963076 8238377   17.50000   38   28          -   17.00000      -  55.3 8840s
 45994500 8235522   18.00000   51   29          -   17.00000      -  55.2 8845s
 46021368 8232820   17.50000   34   52          -   17.00000      -  55.2 8850s
 46047329 8229759   18.00000   36   13          -   17.00000      -  55.2 8855s
 46072031 8227131   17.66667   52   39          -   17.00000      -  55.2 8860s
 46099801 8224455     cutoff   69               -   17.00000      -  55.2 8865s
 46124295 8222167 infeasible   59               -   17.00000      -  55.2 8870s
 46151583 8219861   18.00000   52   44          -   17.00000      -  55.2 8875s
 46178511 8217431   18.51852   39  106          -   17.00000      -  55.2 8880s
 46204138 8215355   17.50000   29   17          -   17.00000      -  55.2 8885s
 46230787 8213176     cutoff   79               -   17.00000      -  55.2 8890s
 46258010 8210908   17.00000   50    8          -   17.00000      -  55.2 8895s
 46282929 8208679   17.98864   37  117          -   17.00000      -  55.2 8900s
 46305093 8206887   17.00000   40   16          -   17.00000      -  55.2 8905s
 46329601 8204835   18.00000   52   13          -   17.00000      -  55.2 8910s
 46357540 8202542 infeasible   52               -   17.00000      -  55.2 8915s
 46382095 8200520   18.18400   42  176          -   17.00000      -  55.2 8920s
 46410501 8198544   17.00000   42   14          -   17.00000      -  55.2 8925s
 46436454 8196251   18.66667   46   45          -   17.00000      -  55.2 8930s
 46465502 8193812   17.00000   32   12          -   17.00000      -  55.2 8935s
 46492663 8191579   18.00000   38   14          -   17.00000      -  55.2 8940s
 46519337 8189537   18.11111   50  110          -   17.00000      -  55.2 8945s
 46546269 8187347 infeasible   44               -   17.00000      -  55.2 8950s
 46571273 8185365   19.00000   61    7          -   17.00000      -  55.2 8955s
 46597405 8183047   19.00000   69   11          -   17.00000      -  55.2 8960s
 46622609 8180900   18.25000   43   45          -   17.00000      -  55.2 8965s
 46647373 8178660   17.77939   30  149          -   17.00000      -  55.2 8970s
 46672257 8176464   19.00000   32   93          -   17.00000      -  55.2 8975s
 46696835 8175091   18.52294   36  126          -   17.00000      -  55.2 8980s
 46724656 8173512     cutoff   38               -   17.00000      -  55.2 8985s
 46749101 8172321     cutoff   56               -   17.00000      -  55.2 8990s
 46774299 8171251     cutoff   41               -   17.00000      -  55.2 8995s
 46798643 8170057 infeasible   41               -   17.00000      -  55.2 9000s
 46827025 8168636   17.30495   40  202          -   17.00000      -  55.2 9005s
 46854176 8167166 infeasible   36               -   17.00000      -  55.2 9010s
 46878386 8165792     cutoff   66               -   17.00000      -  55.2 9015s
 46904583 8164319   17.50000   42   36          -   17.00000      -  55.2 9020s
 46932368 8162925   17.58883   37  124          -   17.00000      -  55.2 9025s
 46956709 8161717   17.00000   43   12          -   17.00000      -  55.2 9030s
 46984404 8159802   19.00000   54   14          -   17.00000      -  55.2 9035s
 47007149 8158659   18.50000   40   77          -   17.00000      -  55.2 9040s
 47034167 8157120   18.35714   42   72          -   17.00000      -  55.2 9045s
 47061362 8155648   18.68132   36  131          -   17.00000      -  55.2 9050s
 47086399 8153866   17.00000   32   21          -   17.00000      -  55.2 9055s
 47115570 8151973   17.00000   77    5          -   17.00000      -  55.2 9060s
 47137706 8150663 infeasible   41               -   17.00000      -  55.2 9065s
 47162331 8149415   17.16000   30  104          -   17.00000      -  55.2 9070s
 47184619 8148031 infeasible   42               -   17.00000      -  55.2 9075s
 47209281 8146552 infeasible   42               -   17.00000      -  55.2 9080s
 47233839 8144681     cutoff   48               -   17.00000      -  55.2 9085s
 47258158 8143077     cutoff   47               -   17.00000      -  55.2 9090s
 47280718 8141358   17.00000   33   41          -   17.00000      -  55.2 9095s
 47305867 8139517   18.25000   36   77          -   17.00000      -  55.2 9100s
 47330763 8137938 infeasible   64               -   17.00000      -  55.2 9105s
 47357692 8136438   18.46281   32  126          -   17.00000      -  55.3 9110s
 47378966 8136151   17.29883   31  241          -   17.00484      -  55.3 9115s
 47400586 8136066     cutoff   43               -   17.01014      -  55.3 9120s
 47422749 8136106     cutoff   70               -   17.01493      -  55.3 9125s
 47441990 8136156   18.00000   44   20          -   17.01852      -  55.3 9130s
 47463339 8136405   18.00000   50   16          -   17.02222      -  55.3 9135s
 47484951 8136662   18.00000   69   20          -   17.02577      -  55.3 9140s
 47504764 8136781   17.24000   41   57          -   17.02885      -  55.3 9145s
 47524137 8137006 infeasible   38               -   17.03182      -  55.3 9150s
 47545859 8137219 infeasible   61               -   17.03488      -  55.3 9155s
 47568277 8137429   19.18094   31  187          -   17.03774      -  55.3 9160s
 47588858 8137750   18.00000   43    9          -   17.04049      -  55.3 9165s
 47608068 8137787   18.43299   52  124          -   17.04301      -  55.3 9170s
 47631369 8137923   18.03908   49  145          -   17.04545      -  55.3 9175s
 47650982 8138089   18.50000   36   90          -   17.04819      -  55.3 9180s
 47674450 8138385   18.00000   71    5          -   17.05114      -  55.3 9185s
 47693211 8138447   17.92092   40  147          -   17.05328      -  55.3 9190s
 47717273 8138765   17.50649   40  142          -   17.05556      -  55.3 9195s
 47737844 8139332   18.46803   37  195          -   17.05882      -  55.3 9200s
 47759939 8139609   18.69098   29  151          -   17.06092      -  55.3 9205s
 47781072 8139892 infeasible   43               -   17.06250      -  55.3 9210s
 47803180 8140345   17.54167   32   91          -   17.06522      -  55.4 9215s
 47823551 8140204   17.59722   42  105          -   17.06667      -  55.4 9220s
 47844420 8140553 infeasible   42               -   17.06977      -  55.4 9225s
 47865362 8140629   17.25000   35   49          -   17.07143      -  55.4 9230s
 47888355 8140884   18.50000   45   32          -   17.07378      -  55.4 9235s
 47909589 8141209   17.80000   35  115          -   17.07692      -  55.4 9240s
 47932158 8141060   17.44318   35  134          -   17.07778      -  55.4 9245s
 47952672 8141253   18.50000   39   41          -   17.08065      -  55.4 9250s
 47974236 8141470 infeasible   47               -   17.08333      -  55.4 9255s
 48000635 8141365 infeasible   44               -   17.08333      -  55.4 9260s
 48021756 8141590 infeasible   35               -   17.08603      -  55.4 9265s
 48044229 8141763 infeasible   34               -   17.08882      -  55.4 9270s
 48066860 8141716   18.00000   46    9          -   17.09091      -  55.4 9275s
 48090808 8141840     cutoff   42               -   17.09195      -  55.4 9280s
 48113106 8142311   17.90000   44   86          -   17.09524      -  55.4 9285s
 48135004 8142506     cutoff   37               -   17.09729      -  55.4 9290s
 48155732 8142785   18.35714   31   90          -   17.10000      -  55.4 9295s
 48182863 8142556 infeasible   42               -   17.10000      -  55.4 9300s
 48206851 8141897   17.64785   33  183          -   17.10039      -  55.4 9305s
 48226698 8142013   18.00000   41   11          -   17.10345      -  55.4 9310s
 48250536 8142044   18.00000   51   12          -   17.10615      -  55.4 9315s
 48269272 8142247   17.38764   37  149          -   17.10870      -  55.4 9320s
 48292223 8142337   18.50000   41   44          -   17.11111      -  55.4 9325s
 48317042 8142119   18.30263   39  116          -   17.11111      -  55.4 9330s
 48340262 8142089   18.10063   42  218          -   17.11160      -  55.4 9335s
 48360597 8142229   18.59574   42  137          -   17.11492      -  55.4 9340s
 48379590 8142503   18.53846   51   87          -   17.11705      -  55.4 9345s
 48402526 8142605     cutoff   37               -   17.11905      -  55.4 9350s
 48420335 8142679   17.40000   62   71          -   17.12121      -  55.5 9355s
 48440907 8142881     cutoff   62               -   17.12457      -  55.5 9360s
 48466500 8142470 infeasible   55               -   17.12500      -  55.5 9365s
 48490052 8141996     cutoff   49               -   17.12500      -  55.5 9370s
 48514606 8141235   17.66667   35   42          -   17.12500      -  55.5 9375s
 48538604 8140660 infeasible   43               -   17.12500      -  55.5 9380s
 48559557 8140932   17.64583   38  142          -   17.12857      -  55.5 9385s
 48581332 8140927 infeasible   47               -   17.13084      -  55.5 9390s
 48603711 8141118   18.42857   37   95          -   17.13333      -  55.5 9395s
 48626323 8140875   18.06093   48  210          -   17.13540      -  55.5 9400s
 48648449 8140762   18.17700   34  177          -   17.13761      -  55.5 9405s
 48666502 8140680   17.50000   47   41          -   17.13986      -  55.5 9410s
 48687232 8140696   17.28241   31  169          -   17.14286      -  55.5 9415s
 48712601 8140348     cutoff   39               -   17.14286      -  55.5 9420s
 48737136 8139655   17.95238   41  148          -   17.14286      -  55.5 9425s
 48761960 8138918 infeasible   44               -   17.14286      -  55.5 9430s
 48781487 8138761     cutoff   58               -   17.14400      -  55.5 9435s
 48801604 8138668   18.07692   44   87          -   17.14706      -  55.5 9440s
 48823196 8138856   18.35289   38  201          -   17.14961      -  55.5 9445s
 48845057 8138839   17.60714   33  116          -   17.15150      -  55.5 9450s
 48866629 8138776     cutoff   45               -   17.15385      -  55.5 9455s
 48887849 8138507   17.45378   50   95          -   17.15441      -  55.5 9460s
 48908957 8138349 infeasible   44               -   17.15730      -  55.5 9465s
 48928881 8138260 infeasible   48               -   17.15909      -  55.5 9470s
 48951674 8138198     cutoff   41               -   17.16162      -  55.5 9475s
 48972831 8138104   17.16475   41  147          -   17.16475      -  55.5 9480s
 48996707 8137663   18.00000   53    9          -   17.16667      -  55.5 9485s
 49018926 8137056   17.37500   39   78          -   17.16667      -  55.5 9490s
 49045758 8136321 infeasible   34               -   17.16667      -  55.5 9495s
 49073282 8135146   17.66667   36   77          -   17.16667      -  55.5 9500s
 49098124 8134396   17.16667   35   54          -   17.16667      -  55.5 9505s
 49120145 8133544   18.52778   50   91          -   17.16667      -  55.5 9510s
 49147296 8132173   18.00000   38   13          -   17.16667      -  55.5 9515s
 49171643 8131377   17.87500   39   79          -   17.16667      -  55.5 9520s
 49193222 8131068   18.50000   38   65          -   17.16949      -  55.5 9525s
 49212287 8131100     cutoff   41               -   17.17204      -  55.6 9530s
 49234559 8131088     cutoff   30               -   17.17424      -  55.6 9535s
 49257314 8130817     cutoff   67               -   17.17647      -  55.6 9540s
 49276454 8130567   17.43750   50  102          -   17.17857      -  55.6 9545s
 49297366 8130330   18.67647   42  139          -   17.18159      -  55.6 9550s
 49319323 8129688   17.55779   35  139          -   17.18182      -  55.6 9555s
 49339995 8129524   18.00000   42   10          -   17.18265      -  55.6 9560s
 49360178 8129296   17.47368   31  114          -   17.18519      -  55.6 9565s
 49383032 8128635 infeasible   49               -   17.18750      -  55.6 9570s
 49404869 8128402     cutoff   36               -   17.18919      -  55.6 9575s
 49426656 8128027   18.00000   43   30          -   17.19149      -  55.6 9580s
 49446632 8127751   17.49484   53  172          -   17.19355      -  55.6 9585s
 49468138 8127502   18.07979   42  148          -   17.19624      -  55.6 9590s
 49486119 8127283     cutoff   40               -   17.20000      -  55.6 9595s
 49515061 8126655   19.00000   54   38          -   17.20000      -  55.6 9600s
 49540079 8125951 infeasible   38               -   17.20000      -  55.6 9605s
 49567301 8124992   18.00000   46   14          -   17.20000      -  55.6 9610s
 49593850 8123549   17.20000   36   41          -   17.20000      -  55.6 9615s
 49618312 8122123   18.09896   41  121          -   17.20000      -  55.6 9620s
 49646014 8120637 infeasible   67               -   17.20000      -  55.6 9625s
 49672619 8119650     cutoff   43               -   17.20000      -  55.6 9630s
 49696865 8118566   18.20000   34   93          -   17.20000      -  55.6 9635s
 49716133 8118413   17.50000   32   33          -   17.20339      -  55.6 9640s
 49738569 8118049   17.66667   35  137          -   17.20652      -  55.6 9645s
 49759315 8117664     cutoff   36               -   17.20833      -  55.6 9650s
 49781342 8117429 infeasible   46               -   17.21053      -  55.6 9655s
 49801691 8117141   17.73478   41  214          -   17.21333      -  55.6 9660s
 49824432 8116490 infeasible   55               -   17.21429      -  55.6 9665s
 49844739 8115849     cutoff   37               -   17.21588      -  55.6 9670s
 49866041 8115450   17.37436   49  197          -   17.21818      -  55.6 9675s
 49884737 8115153   17.64286   53  100          -   17.22059      -  55.7 9680s
 49909550 8114551   17.66667   37   77          -   17.22222      -  55.7 9685s
 49932184 8113406 infeasible   46               -   17.22222      -  55.7 9690s
 49956591 8112343   17.93388   48  148          -   17.22240      -  55.7 9695s
 49975700 8111998     cutoff   42               -   17.22549      -  55.7 9700s
 49996557 8111520     cutoff   37               -   17.22727      -  55.7 9705s
 50017610 8111153 infeasible   40               -   17.23009      -  55.7 9710s
 50040598 8110483   17.55102   29  102          -   17.23077      -  55.7 9715s
 50061967 8110059 infeasible   40               -   17.23333      -  55.7 9720s
 50083461 8109406   17.68627   42  116          -   17.23529      -  55.7 9725s
 50102802 8108874   18.47583   37  157          -   17.23707      -  55.7 9730s
 50123153 8108466   17.80000   43   94          -   17.23913      -  55.7 9735s
 50142300 8107796 infeasible   46               -   17.24138      -  55.7 9740s
 50163482 8107458     cutoff   68               -   17.24390      -  55.7 9745s
 50180468 8107021   17.55172   42  147          -   17.24638      -  55.7 9750s
 50200617 8106197     cutoff   43               -   17.25000      -  55.7 9755s
 50225725 8105172   17.95122   41  115          -   17.25000      -  55.7 9760s
 50250939 8103924   18.00000   58   13          -   17.25000      -  55.7 9765s
 50276137 8102274   17.60000   35   55          -   17.25000      -  55.7 9770s
 50301185 8100609   18.50000   36   26          -   17.25000      -  55.7 9775s
 50325815 8099041   17.50000   35   28          -   17.25000      -  55.7 9780s
 50352698 8097220   18.19008   45  114          -   17.25000      -  55.7 9785s
 50377635 8095595   18.16667   38   56          -   17.25000      -  55.7 9790s
 50405399 8093549 infeasible   46               -   17.25000      -  55.7 9795s
 50431625 8091712     cutoff   35               -   17.25000      -  55.7 9800s
 50456140 8089995 infeasible   55               -   17.25000      -  55.7 9805s
 50478586 8088433     cutoff   41               -   17.25000      -  55.7 9810s
 50503754 8086630 infeasible   38               -   17.25000      -  55.7 9815s
 50528233 8084666   18.50000   44   25          -   17.25000      -  55.7 9820s
 50553980 8082576   18.00000   44   35          -   17.25000      -  55.7 9825s
 50580479 8080470   18.57143   43   67          -   17.25000      -  55.7 9830s
 50607868 8078306   18.50000   43   22          -   17.25000      -  55.7 9835s
 50630744 8076820   18.00000   60    9          -   17.25000      -  55.7 9840s
 50655574 8075349     cutoff   81               -   17.25000      -  55.7 9845s
 50678163 8074081   18.24510   37  139          -   17.25202      -  55.7 9850s
 50698939 8073588   18.16464   39  178          -   17.25547      -  55.7 9855s
 50719006 8073014   18.59630   35  196          -   17.25806      -  55.7 9860s
 50738460 8072512     cutoff   28               -   17.26025      -  55.7 9865s
 50760566 8071771     cutoff   35               -   17.26277      -  55.7 9870s
 50780406 8071102     cutoff   29               -   17.26471      -  55.7 9875s
 50802945 8070433   17.93333   31  131          -   17.26667      -  55.7 9880s
 50823367 8069687 infeasible   34               -   17.26829      -  55.8 9885s
 50844991 8068903   18.00000   47   47          -   17.27083      -  55.8 9890s
 50865630 8068186     cutoff   58               -   17.27273      -  55.8 9895s
 50888880 8066974   17.31250   44   63          -   17.27273      -  55.8 9900s
 50909015 8066424   17.87018   41  131          -   17.27500      -  55.8 9905s
 50928450 8065751   17.58333   43  136          -   17.27778      -  55.8 9910s
 50948585 8064917   17.42708   40  131          -   17.27848      -  55.8 9915s
 50967671 8064339   18.36364   33  101          -   17.28070      -  55.8 9920s
 50989444 8063526   18.33343   34  181          -   17.28343      -  55.8 9925s
 51011018 8062691   17.50000   38   26          -   17.28571      -  55.8 9930s
 51034537 8061355   19.00000   48   55          -   17.28571      -  55.8 9935s
 51059373 8059922   17.55556   34  122          -   17.28571      -  55.8 9940s
 51086083 8058106 infeasible   43               -   17.28571      -  55.8 9945s
 51107935 8056738     cutoff   46               -   17.28571      -  55.8 9950s
 51127951 8056144   18.67047   40  183          -   17.28916      -  55.8 9955s
 51145657 8055590   17.50000   43   30          -   17.29167      -  55.8 9960s
 51167691 8054730   18.13433   45  111          -   17.29396      -  55.8 9965s
 51189847 8053824   18.70696   36  143          -   17.29545      -  55.8 9970s
 51209206 8053180     cutoff   53               -   17.29771      -  55.8 9975s
 51228064 8052484   18.27500   41  106          -   17.30000      -  55.8 9980s
 51253017 8051064   17.85726   42  146          -   17.30000      -  55.8 9985s
 51275466 8049727   18.17737   39  176          -   17.30000      -  55.8 9990s
 51297479 8048677   18.89091   32  147          -   17.30159      -  55.8 9995s
 51316214 8048049   17.47826   47   88          -   17.30435      -  55.8 10000s
 51338684 8047139     cutoff   68               -   17.30645      -  55.8 10005s
 51360970 8045937     cutoff   35               -   17.30769      -  55.8 10010s
 51381409 8045124   17.70000   35   69          -   17.30952      -  55.8 10015s
 51399803 8044404   17.91536   39  191          -   17.31183      -  55.8 10020s
 51421807 8043106   17.50000   31   77          -   17.31250      -  55.9 10025s
 51442182 8042242   17.75015   34  179          -   17.31489      -  55.9 10030s
 51462044 8041087 infeasible   46               -   17.31680      -  55.9 10035s
 51480116 8040233   17.57273   39  123          -   17.31818      -  55.9 10040s
 51501245 8039543   18.50000   36   48          -   17.32072      -  55.9 10045s
 51521321 8038733   18.44030   38  109          -   17.32258      -  55.9 10050s
 51539560 8037945 infeasible   44               -   17.32500      -  55.9 10055s
 51559189 8036999   17.35274   40  157          -   17.32757      -  55.9 10060s
 51578465 8036134   17.48901   40  197          -   17.33074      -  55.9 10065s
 51600532 8034832   17.45062   36  150          -   17.33333      -  55.9 10070s
 51623951 8033100   17.66667   31   52          -   17.33333      -  55.9 10075s
 51646813 8031282   19.00000   43   11          -   17.33333      -  55.9 10080s
 51671183 8029224   18.00000   37   15          -   17.33333      -  55.9 10085s
 51698833 8026910     cutoff   43               -   17.33333      -  55.9 10090s
 51726580 8024206 infeasible   49               -   17.33333      -  55.9 10095s
 51750640 8021964 infeasible   34               -   17.33333      -  55.9 10100s
 51775306 8019379 infeasible   41               -   17.33333      -  55.9 10105s
 51797702 8017152   18.00000   65   14          -   17.33333      -  55.9 10110s
 51825600 8014500     cutoff   50               -   17.33333      -  55.9 10115s
 51849252 8011916     cutoff   48               -   17.33333      -  55.9 10120s
 51871758 8009564   17.50000   43   20          -   17.33333      -  55.9 10125s
 51896969 8006745     cutoff   40               -   17.33333      -  55.9 10130s
 51920950 8003969   17.50000   38   23          -   17.33333      -  55.9 10135s
 51948937 8000840   18.82894   38  161          -   17.33333      -  55.9 10140s
 51973665 7997840   17.66667   38   42          -   17.33333      -  55.9 10145s
 51998277 7995071 infeasible   38               -   17.33333      -  55.9 10150s
 52025068 7992287     cutoff   46               -   17.33333      -  55.9 10155s
 52046978 7989881   18.00000   33   14          -   17.33333      -  55.9 10160s
 52072481 7987330   17.50000   42   39          -   17.33333      -  55.9 10165s
 52094026 7985072 infeasible   30               -   17.33333      -  55.9 10170s
 52115953 7982871 infeasible   51               -   17.33333      -  55.9 10175s
 52138282 7980207   18.07692   42   87          -   17.33333      -  55.9 10180s
 52163628 7977383     cutoff   31               -   17.33333      -  55.9 10185s
 52186242 7974851     cutoff   35               -   17.33333      -  55.9 10190s
 52209890 7972273   17.50000   50   26          -   17.33333      -  55.9 10195s
 52234388 7970243 infeasible   57               -   17.33333      -  55.9 10200s
 52256850 7968048   17.64286   39  144          -   17.33465      -  55.9 10205s
 52274601 7967473   18.60000   32  124          -   17.33803      -  55.9 10210s
 52293950 7966483   18.36242   32  132          -   17.34082      -  55.9 10215s
 52313815 7965499   17.85714   45   59          -   17.34328      -  55.9 10220s
 52336068 7964216 infeasible   64               -   17.34615      -  55.9 10225s
 52356524 7963082     cutoff   32               -   17.34783      -  55.9 10230s
 52376560 7962041   17.46296   44  124          -   17.35000      -  55.9 10235s
 52397762 7960890   17.90374   40  154          -   17.35211      -  55.9 10240s
 52418008 7959612 infeasible   34               -   17.35366      -  55.9 10245s
 52436549 7958521   17.90198   47  163          -   17.35625      -  55.9 10250s
 52461088 7956788   18.00000   38   15          -   17.35714      -  55.9 10255s
 52481738 7955680   18.06216   33  110          -   17.35865      -  55.9 10260s
 52500575 7954464   17.62629   29  165          -   17.36085      -  55.9 10265s
 52522764 7953101     cutoff   54               -   17.36364      -  56.0 10270s
 52544825 7951653   18.50000   34   22          -   17.36364      -  56.0 10275s
 52565575 7950380   18.00000   36   19          -   17.36488      -  56.0 10280s
 52586793 7949460   17.44162   37  160          -   17.36765      -  56.0 10285s
 52606200 7948142   17.77585   41  196          -   17.36943      -  56.0 10290s
 52625700 7946914   18.38952   31  147          -   17.37179      -  56.0 10295s
 52645573 7945786   18.50000   41   46          -   17.37500      -  56.0 10300s
 52670293 7943789   18.00000   38   13          -   17.37500      -  56.0 10305s
 52693114 7942177   18.00000   42   35          -   17.37500      -  56.0 10310s
 52717435 7939992   17.62500   44   66          -   17.37500      -  56.0 10315s
 52737384 7938197   18.50000   39  104          -   17.37500      -  56.0 10320s
 52759347 7936482   18.38095   40   95          -   17.37500      -  56.0 10325s
 52777887 7935404     cutoff   36               -   17.37778      -  56.0 10330s
 52797952 7934163   18.85714   42   64          -   17.38043      -  56.0 10335s
 52818056 7933027 infeasible   44               -   17.38235      -  56.0 10340s
 52840842 7931291 infeasible   39               -   17.38462      -  56.0 10345s
 52861388 7929674 infeasible   30               -   17.38491      -  56.0 10350s
 52879302 7928361   18.72000   36  107          -   17.38750      -  56.0 10355s
 52902688 7926632   18.61538   37   91          -   17.38889      -  56.0 10360s
 52923914 7925511   19.00000   43   77          -   17.39130      -  56.0 10365s
 52943165 7924222   18.30851   51  170          -   17.39342      -  56.0 10370s
 52965002 7922897   18.50000   50   35          -   17.39623      -  56.0 10375s
 52983592 7921653   18.50000   37   84          -   17.40000      -  56.0 10380s
 53009627 7919677 infeasible   42               -   17.40000      -  56.0 10385s
 53032168 7917631 infeasible   42               -   17.40000      -  56.0 10390s
 53056997 7915133   18.20653   36  175          -   17.40000      -  56.0 10395s
 53079619 7912746   17.46970   44   75          -   17.40000      -  56.0 10400s
 53101298 7910297   18.00000   32   20          -   17.40000      -  56.0 10405s
 53126094 7907438   17.65957   37  115          -   17.40000      -  56.0 10410s
 53151269 7904582   19.00000   38   12          -   17.40000      -  56.0 10415s
 53175353 7902090   18.64286   34  122          -   17.40000      -  56.0 10420s
 53200238 7899248   18.35996   39  181          -   17.40000      -  56.0 10425s
 53223157 7897131   18.37818   36  193          -   17.40086      -  56.1 10430s
 53240824 7895909 infeasible   39               -   17.40403      -  56.1 10435s
 53260748 7894714 infeasible   41               -   17.40625      -  56.1 10440s
 53280162 7893409     cutoff   44               -   17.40884      -  56.1 10445s
 53300353 7892127     cutoff   31               -   17.41036      -  56.1 10450s
 53323219 7890440     cutoff   44               -   17.41192      -  56.1 10455s
 53339333 7889330   18.49740   46  145          -   17.41414      -  56.1 10460s
 53359923 7887870   18.00000   39   11          -   17.41667      -  56.1 10465s
 53383146 7885668     cutoff   53               -   17.41667      -  56.1 10470s
 53405132 7883915     cutoff   53               -   17.41697      -  56.1 10475s
 53422801 7882655     cutoff   39               -   17.41954      -  56.1 10480s
 53442835 7881097   18.25000   37   86          -   17.42133      -  56.1 10485s
 53462384 7879549     cutoff   46               -   17.42342      -  56.1 10490s
 53481532 7878200     cutoff   38               -   17.42593      -  56.1 10495s
 53499301 7876887   17.57692   35   89          -   17.42857      -  56.1 10500s
 53520975 7874754   18.61450   39  131          -   17.42857      -  56.1 10505s
 53543774 7872363     cutoff   53               -   17.42857      -  56.1 10510s
 53565870 7869866   17.76812   39  137          -   17.42857      -  56.1 10515s
 53588033 7867427     cutoff   29               -   17.42857      -  56.1 10520s
 53609153 7865314     cutoff   39               -   17.42913      -  56.1 10525s
 53626681 7863994     cutoff   38               -   17.43210      -  56.1 10530s
 53646071 7862501   18.16594   32  149          -   17.43443      -  56.1 10535s
 53665666 7860953     cutoff   45               -   17.43662      -  56.1 10540s
 53687526 7858822   18.00000   45   89          -   17.43750      -  56.1 10545s
 53707686 7857045   17.94969   40  149          -   17.43985      -  56.1 10550s
 53724730 7855724   17.87771   32  244          -   17.44144      -  56.1 10555s
 53744582 7854205   17.76415   36  131          -   17.44444      -  56.2 10560s
 53768824 7851863     cutoff   33               -   17.44444      -  56.2 10565s
 53788854 7849579 infeasible   70               -   17.44444      -  56.2 10570s
 53810581 7847394     cutoff   45               -   17.44444      -  56.2 10575s
 53828174 7846206   18.42440   43  173          -   17.44737      -  56.2 10580s
 53850050 7844459 infeasible   49               -   17.45000      -  56.2 10585s
 53869689 7842849   18.56842   38  128          -   17.45133      -  56.2 10590s
 53888867 7841386   17.61905   40  156          -   17.45382      -  56.2 10595s
 53910811 7839073   17.90714   34  210          -   17.45455      -  56.2 10600s
 53930921 7837252     cutoff   36               -   17.45455      -  56.2 10605s
 53950682 7835767     cutoff   40               -   17.45714      -  56.2 10610s
 53972578 7833849 infeasible   40               -   17.45941      -  56.2 10615s
 53993216 7832376   17.63122   53  211          -   17.46154      -  56.2 10620s
 54015920 7829929     cutoff   40               -   17.46154      -  56.2 10625s
 54034389 7828300     cutoff   41               -   17.46429      -  56.2 10630s
 54053812 7826774 infeasible   44               -   17.46667      -  56.2 10635s
 54072528 7824773   18.17979   37  160          -   17.46667      -  56.2 10640s
 54092564 7823256   18.14085   42  151          -   17.46939      -  56.2 10645s
 54113719 7821314     cutoff   35               -   17.47059      -  56.2 10650s
 54134480 7819348 infeasible   27               -   17.47368      -  56.2 10655s
 54154426 7817508 infeasible   48               -   17.47500      -  56.2 10660s
 54174139 7815769   17.83333   64   45          -   17.47678      -  56.2 10665s
 54193412 7813920   19.00000   49   10          -   17.47886      -  56.2 10670s
 54210422 7812290   19.00000   38   16          -   17.48077      -  56.2 10675s
 54229953 7810295   17.50000   54   29          -   17.48276      -  56.3 10680s
 54235069 7810140   17.81187   43  146          -   17.48377      -  56.3 10685s
 54235195 7809002   17.77419   46   93          -   17.48387      -  56.3 10707s
 54242132 7807658   18.26244   38  141          -   17.48387      -  56.3 10710s
 54267464 7805630   17.80822   42  137          -   17.48718      -  56.3 10715s
 54285569 7804169 infeasible   36               -   17.48936      -  56.3 10720s
 54302931 7802723 infeasible   36               -   17.49206      -  56.3 10725s
 54320182 7801131     cutoff   40               -   17.49495      -  56.3 10730s
 54336481 7799398   18.00000   42   91          -   17.50000      -  56.3 10735s
 54359656 7796396 infeasible   42               -   17.50000      -  56.3 10740s
 54380064 7793861   17.69388   36  103          -   17.50000      -  56.3 10745s
 54404799 7790496   18.00000   46   14          -   17.50000      -  56.3 10750s
 54427298 7787796   17.91043   39  136          -   17.50000      -  56.3 10755s
 54450063 7784584   18.50000   46   50          -   17.50000      -  56.3 10760s
 54471929 7781737     cutoff   61               -   17.50000      -  56.3 10765s
 54496696 7778292     cutoff   43               -   17.50000      -  56.3 10770s
 54521256 7774600     cutoff   58               -   17.50000      -  56.3 10775s
 54543695 7771295     cutoff   35               -   17.50000      -  56.3 10780s
 54570009 7766957 infeasible   36               -   17.50000      -  56.3 10785s
 54594726 7763061   18.22222   42   76          -   17.50000      -  56.3 10790s
 54622062 7758470   18.37500   42   65          -   17.50000      -  56.3 10795s
 54646374 7754243   18.00000   47   10          -   17.50000      -  56.3 10800s
 54670412 7750167 infeasible   41               -   17.50000      -  56.3 10805s
 54695900 7745936   17.73664   46  181          -   17.50000      -  56.3 10810s
 54720833 7741749   18.00000   49   11          -   17.50000      -  56.3 10815s
 54748504 7737310   17.66667   43   30          -   17.50000      -  56.3 10820s
 54772479 7733109   17.50000   47   48          -   17.50000      -  56.3 10825s
 54796960 7729023 infeasible   51               -   17.50000      -  56.3 10830s
 54819393 7725570   18.00000   42   11          -   17.50000      -  56.3 10835s
 54844011 7721345   17.50000   42   43          -   17.50000      -  56.3 10840s
 54868166 7717117 infeasible   37               -   17.50000      -  56.3 10845s
 54890985 7713362   18.00000   41   10          -   17.50000      -  56.3 10850s
 54918195 7708806   19.00000   41   36          -   17.50000      -  56.3 10855s
 54939641 7704957     cutoff   39               -   17.50000      -  56.3 10860s
 54965146 7700414 infeasible   57               -   17.50000      -  56.3 10865s
 54991586 7696189     cutoff   46               -   17.50000      -  56.3 10870s
 55019158 7691334     cutoff   42               -   17.50000      -  56.3 10875s
 55045748 7686921     cutoff   32               -   17.50000      -  56.3 10880s
 55073013 7682351   18.05556   47  104          -   17.50000      -  56.3 10885s
 55097169 7678439   18.00000   41   32          -   17.50000      -  56.3 10890s
 55121250 7674495 infeasible   53               -   17.50000      -  56.3 10895s
 55145814 7670470     cutoff   34               -   17.50000      -  56.3 10900s
 55170623 7666291   18.66667   43   63          -   17.50000      -  56.3 10905s
 55195022 7662300   18.40000   44   67          -   17.50000      -  56.3 10910s
 55219264 7657911     cutoff   61               -   17.50000      -  56.3 10915s
 55247056 7652825     cutoff   54               -   17.50000      -  56.3 10920s
 55271746 7648683     cutoff   57               -   17.50000      -  56.3 10925s
 55297665 7643728     cutoff   43               -   17.50000      -  56.3 10930s
 55326462 7639108   18.68421   41   77          -   17.50000      -  56.3 10935s
 55350732 7634422     cutoff   44               -   17.50000      -  56.3 10940s
 55375151 7629966     cutoff   56               -   17.50000      -  56.3 10945s
 55399205 7625182   18.00000   48   35          -   17.50000      -  56.3 10950s
 55422679 7620872     cutoff   47               -   17.50000      -  56.3 10955s
 55450946 7615955   18.00000   52   19          -   17.50000      -  56.3 10960s
 55477919 7611054 infeasible   63               -   17.50000      -  56.3 10965s
 55503694 7606188     cutoff   40               -   17.50000      -  56.3 10970s
 55525666 7602012 infeasible   48               -   17.50000      -  56.3 10975s
 55550118 7597379   17.50000   51   35          -   17.50000      -  56.3 10980s
 55569688 7593576 infeasible   58               -   17.50000      -  56.3 10985s
 55596305 7589024   18.50000   35   33          -   17.50000      -  56.3 10990s
 55617926 7584965     cutoff   48               -   17.50000      -  56.3 10995s
 55642697 7580605 infeasible   74               -   17.50000      -  56.3 11000s
 55668125 7576185 infeasible   47               -   17.50000      -  56.3 11005s
 55695382 7571408     cutoff   53               -   17.50000      -  56.3 11010s
 55719966 7566662   18.00000   41   13          -   17.50000      -  56.3 11015s
 55747091 7561604 infeasible   47               -   17.50000      -  56.3 11020s
 55770971 7556949 infeasible   57               -   17.50000      -  56.3 11025s
 55795703 7552160     cutoff   51               -   17.50000      -  56.3 11030s
 55821072 7547277   18.00000   46   27          -   17.50000      -  56.3 11035s
 55846319 7542550     cutoff   46               -   17.50000      -  56.3 11040s
 55871478 7538118   18.61522   30  187          -   17.50000      -  56.3 11045s
 55899119 7533093 infeasible   66               -   17.50000      -  56.3 11050s
 55923617 7528650   19.00000   44   20          -   17.50000      -  56.3 11055s
 55948971 7523845   17.50000   41   19          -   17.50000      -  56.3 11060s
 55971180 7519575     cutoff   48               -   17.50000      -  56.3 11065s
 55995523 7515909 infeasible   48               -   17.50000      -  56.3 11070s
 56019886 7512001     cutoff   55               -   17.50000      -  56.3 11075s
 56040084 7508869     cutoff   61               -   17.50000      -  56.3 11080s
 56066756 7504921     cutoff   40               -   17.50000      -  56.3 11085s
 56089328 7501446 infeasible   42               -   17.50000      -  56.3 11090s
 56111556 7497875     cutoff   34               -   17.50000      -  56.3 11095s
 56136544 7493988   18.00000   38   12          -   17.50000      -  56.3 11100s
 56160420 7490201     cutoff   41               -   17.50000      -  56.3 11105s
 56184958 7486304   18.18905   39  128          -   17.50000      -  56.3 11110s
 56207345 7482076 infeasible   58               -   17.50000      -  56.3 11115s
 56229997 7478682   17.83647   34  178          -   17.50154      -  56.3 11120s
 56247030 7476770     cutoff   38               -   17.50538      -  56.3 11125s
 56263983 7474791     cutoff   50               -   17.50847      -  56.3 11130s
 56284048 7472398   17.76626   40  197          -   17.51163      -  56.3 11135s
 56301678 7470518   18.22945   39  138          -   17.51429      -  56.3 11140s
 56321053 7468215   18.20000   41   53          -   17.51699      -  56.3 11145s
 56341123 7466165     cutoff   39               -   17.51950      -  56.3 11150s
 56357844 7464137   18.50000   46   36          -   17.52174      -  56.3 11155s
 56378103 7461525   18.35507   35  144          -   17.52381      -  56.3 11160s
 56397956 7459334     cutoff   50               -   17.52632      -  56.3 11165s
 56414805 7457516   18.57143   38   94          -   17.52809      -  56.3 11170s
 56435540 7455269   17.66667   34  148          -   17.52966      -  56.3 11175s
 56455804 7452993   18.10475   40  126          -   17.53326      -  56.3 11180s
 56474971 7450698 infeasible   47               -   17.53345      -  56.3 11185s
 56494993 7448304   17.66322   33  174          -   17.53680      -  56.3 11190s
 56513709 7446175 infeasible   49               -   17.53846      -  56.3 11195s
 56535173 7443367 infeasible   45               -   17.54000      -  56.3 11200s
 56554722 7441430 infeasible   39               -   17.54232      -  56.4 11205s
 56571392 7439750   19.28942   37  141          -   17.54497      -  56.4 11210s
 56590414 7437121   17.86441   44  109          -   17.54545      -  56.4 11215s
 56612214 7434594     cutoff   41               -   17.54630      -  56.4 11220s
 56630049 7432685     cutoff   49               -   17.54902      -  56.4 11225s
 56650304 7430519   17.61997   50  175          -   17.55072      -  56.4 11230s
 56666811 7428754   17.84188   49  129          -   17.55294      -  56.4 11235s
 56687719 7426220     cutoff   40               -   17.55556      -  56.4 11240s
 56711057 7422974   18.31250   38   80          -   17.55556      -  56.4 11245s
 56731613 7419759   18.00000   39   13          -   17.55556      -  56.4 11250s
 56750816 7417435   17.96295   39  230          -   17.55791      -  56.4 11255s
 56767765 7415543   18.35484   38  132          -   17.56000      -  56.4 11260s
 56787861 7413109 infeasible   44               -   17.56250      -  56.4 11265s
 56807166 7410685     cutoff   42               -   17.56373      -  56.4 11270s
 56826465 7408504 infeasible   39               -   17.56627      -  56.4 11275s
 56845897 7406509     cutoff   35               -   17.56881      -  56.4 11280s
 56863716 7404193     cutoff   49               -   17.57143      -  56.4 11285s
 56885146 7401259     cutoff   35               -   17.57143      -  56.4 11290s
 56907517 7397754 infeasible   43               -   17.57143      -  56.4 11295s
 56930351 7394317   18.27273   36   57          -   17.57143      -  56.4 11300s
 56950029 7390958   18.00000   45   76          -   17.57143      -  56.4 11305s
 56968872 7388501   17.81579   46   92          -   17.57399      -  56.4 11310s
 56985689 7386604     cutoff   51               -   17.57632      -  56.4 11315s
 57002849 7384608   18.00000   41   17          -   17.57843      -  56.4 11320s
 57025513 7382019     cutoff   38               -   17.58065      -  56.4 11325s
 57042752 7379990   17.97368   50   91          -   17.58333      -  56.4 11330s
 57063945 7376766     cutoff   36               -   17.58333      -  56.4 11335s
 57085058 7374126   18.26316   41  108          -   17.58442      -  56.4 11340s
 57103240 7371767     cutoff   62               -   17.58721      -  56.5 11345s
 57121582 7369433     cutoff   37               -   17.58834      -  56.5 11350s
 57140764 7366871     cutoff   40               -   17.59091      -  56.5 11355s
 57159918 7364589     cutoff   32               -   17.59338      -  56.5 11360s
 57179078 7362097     cutoff   48               -   17.59590      -  56.5 11365s
 57198115 7359756 infeasible   33               -   17.60000      -  56.5 11370s
 57221112 7356551     cutoff   43               -   17.60000      -  56.5 11375s
 57241584 7353317 infeasible   38               -   17.60000      -  56.5 11380s
 57266604 7349204 infeasible   62               -   17.60000      -  56.5 11385s
 57288213 7345634     cutoff   40               -   17.60000      -  56.5 11390s
 57310345 7341742 infeasible   45               -   17.60000      -  56.5 11395s
 57330298 7338067     cutoff   43               -   17.60000      -  56.5 11400s
 57353036 7334126   18.00000   38   11          -   17.60000      -  56.5 11405s
 57374913 7329868   17.75000   36   76          -   17.60000      -  56.5 11410s
 57397249 7325812   17.78571   45   63          -   17.60000      -  56.5 11415s
 57415531 7322914     cutoff   43               -   17.60041      -  56.5 11420s
 57435059 7320625     cutoff   36               -   17.60440      -  56.5 11425s
 57454467 7317958     cutoff   43               -   17.60714      -  56.5 11430s
 57472254 7315699   19.00000   33   14          -   17.60870      -  56.5 11435s
 57492089 7312839   17.62500   34   82          -   17.61111      -  56.5 11440s
 57513716 7310221     cutoff   48               -   17.61321      -  56.5 11445s
 57528399 7308289   18.00000   39   17          -   17.61538      -  56.5 11450s
 57551691 7304897 infeasible   53               -   17.61553      -  56.5 11455s
 57567285 7302810   17.84615   35  112          -   17.61818      -  56.5 11460s
 57586879 7300177   18.72496   34  148          -   17.62036      -  56.5 11465s
 57605951 7297610     cutoff   34               -   17.62312      -  56.5 11470s
 57628119 7294564   18.45833   36   90          -   17.62500      -  56.5 11475s
 57648256 7290968     cutoff   37               -   17.62500      -  56.5 11480s
 57671019 7287136     cutoff   48               -   17.62500      -  56.5 11485s
 57692935 7283029   18.00000   42   11          -   17.62500      -  56.5 11490s
 57716395 7279513   18.00000   38   22          -   17.62556      -  56.6 11495s
 57734109 7277235     cutoff   38               -   17.62857      -  56.6 11500s
 57751059 7274982 infeasible   34               -   17.63090      -  56.6 11505s
 57768501 7272373   18.00000   41   10          -   17.63265      -  56.6 11510s
 57785623 7270211 infeasible   36               -   17.63462      -  56.6 11515s
 57806943 7267008   17.63636   34   59          -   17.63636      -  56.6 11520s
 57826943 7263637 infeasible   41               -   17.63636      -  56.6 11525s
 57844735 7261322 infeasible   47               -   17.63889      -  56.6 11530s
 57863900 7258840     cutoff   43               -   17.64144      -  56.6 11535s
 57884860 7255433 infeasible   55               -   17.64286      -  56.6 11540s
 57902105 7252845   18.79503   38  214          -   17.64341      -  56.6 11545s
 57920193 7250242     cutoff   41               -   17.64615      -  56.6 11550s
 57940488 7247161   18.00000   43   85          -   17.64771      -  56.6 11555s
 57957331 7244726 infeasible   38               -   17.65000      -  56.6 11560s
 57976534 7241992   18.63636   39   76          -   17.65169      -  56.6 11565s
 57996272 7239035   18.59813   49  113          -   17.65385      -  56.6 11570s
 58012930 7236550     cutoff   34               -   17.65587      -  56.6 11575s
 58032587 7233776     cutoff   57               -   17.65833      -  56.6 11580s
 58049682 7231436     cutoff   66               -   17.66102      -  56.6 11585s
 58066331 7229175     cutoff   46               -   17.66393      -  56.6 11590s
 58088592 7225480     cutoff   40               -   17.66667      -  56.6 11595s
 58109414 7221497   18.00000   39   40          -   17.66667      -  56.6 11600s
 58129584 7217712   17.75000   38   52          -   17.66667      -  56.6 11605s
 58149593 7213535   18.00000   43   21          -   17.66667      -  56.6 11610s
 58171697 7208658     cutoff   37               -   17.66667      -  56.6 11615s
 58194222 7204001     cutoff   43               -   17.66667      -  56.6 11620s
 58219378 7198398 infeasible   49               -   17.66667      -  56.6 11625s
 58240992 7193831 infeasible   37               -   17.66667      -  56.6 11630s
 58260496 7189407 infeasible   49               -   17.66667      -  56.6 11635s
 58282667 7184334   18.56931   35  120          -   17.66667      -  56.7 11640s
 58304740 7179186   18.00000   47    9          -   17.66667      -  56.7 11645s
 58329784 7173321     cutoff   45               -   17.66667      -  56.7 11650s
 58352409 7167959   18.00000   63   17          -   17.66667      -  56.7 11655s
 58377298 7162509 infeasible   43               -   17.66667      -  56.7 11660s
 58401580 7156974   19.00000   40   61          -   17.66667      -  56.7 11665s
 58424330 7152024   18.00000   33   11          -   17.66667      -  56.7 11670s
 58448787 7146344     cutoff   39               -   17.66667      -  56.7 11675s
 58471689 7141491 infeasible   42               -   17.66667      -  56.7 11680s
 58495584 7136251     cutoff   79               -   17.66667      -  56.7 11685s
 58517768 7131343   18.00000   38   70          -   17.66667      -  56.7 11690s
 58543079 7125499 infeasible   36               -   17.66667      -  56.7 11695s
 58564517 7120366     cutoff   41               -   17.66667      -  56.7 11700s
 58587355 7115154 infeasible   50               -   17.66667      -  56.7 11705s
 58611949 7109346     cutoff   41               -   17.66667      -  56.7 11710s
 58634843 7104052   18.25000   30   68          -   17.66667      -  56.6 11715s
 58658314 7098849     cutoff   33               -   17.66667      -  56.7 11720s
 58680752 7094219     cutoff   39               -   17.66667      -  56.7 11725s
 58704882 7088928     cutoff   30               -   17.66667      -  56.7 11730s
 58727160 7084363     cutoff   30               -   17.66667      -  56.7 11735s
 58746846 7079883 infeasible   46               -   17.66754      -  56.7 11740s
 58763900 7077358 infeasible   41               -   17.67148      -  56.7 11745s
 58780719 7074772   18.87207   46  144          -   17.67429      -  56.7 11750s
 58798624 7072152 infeasible   45               -   17.67647      -  56.7 11755s
 58818396 7068978   18.39353   46  166          -   17.67912      -  56.7 11760s
 58834634 7066024   18.55663   35  210          -   17.68161      -  56.7 11765s
 58856993 7062426 infeasible   34               -   17.68412      -  56.7 11770s
 58874398 7059779     cutoff   57               -   17.68564      -  56.7 11775s
 58889563 7057276   18.45392   43  110          -   17.68750      -  56.7 11780s
 58909680 7054225   17.98421   43  144          -   17.68831      -  56.7 11785s
 58925692 7051664     cutoff   32               -   17.69053      -  56.7 11790s
 58943931 7048562   18.00000   35   10          -   17.69231      -  56.7 11795s
 58965499 7044935     cutoff   45               -   17.69370      -  56.7 11800s
 58982435 7042137 infeasible   42               -   17.69565      -  56.7 11805s
 59001168 7039047   18.29950   36  148          -   17.69841      -  56.7 11810s
 59020530 7035470 infeasible   45               -   17.70000      -  56.7 11815s
 59040888 7031304   17.77778   38   94          -   17.70000      -  56.7 11820s
 59060853 7027423     cutoff   53               -   17.70000      -  56.7 11825s
 59077976 7024628     cutoff   41               -   17.70213      -  56.7 11830s
 59092403 7022173     cutoff   32               -   17.70380      -  56.7 11835s
 59110148 7019000   18.18408   42  206          -   17.70588      -  56.7 11840s
 59129111 7015681     cutoff   39               -   17.70833      -  56.7 11845s
 59146179 7012849   17.91435   41  216          -   17.70988      -  56.8 11850s
 59162911 7010091     cutoff   35               -   17.71259      -  56.8 11855s
 59184912 7006347     cutoff   61               -   17.71429      -  56.8 11860s
 59205532 7002190   18.41667   49   78          -   17.71429      -  56.8 11865s
 59225516 6998006 infeasible   35               -   17.71429      -  56.8 11870s
 59245089 6993758 infeasible   33               -   17.71429      -  56.8 11875s
 59267494 6989032 infeasible   38               -   17.71429      -  56.8 11880s
 59286517 6985790   18.64168   51  146          -   17.71679      -  56.8 11885s
 59305589 6982837   18.68618   57  141          -   17.71935      -  56.8 11890s
 59324791 6979597   18.00000   34   15          -   17.72222      -  56.8 11895s
 59345383 6975921   17.96223   37  155          -   17.72327      -  56.8 11900s
 59366457 6972388   18.00000   33   15          -   17.72642      -  56.8 11905s
 59385828 6968518 infeasible   33               -   17.72727      -  56.8 11910s
 59406179 6964608   18.57143   36   75          -   17.72727      -  56.8 11915s
 59421084 6962200     cutoff   44               -   17.72973      -  56.8 11920s
 59437669 6959139 infeasible   34               -   17.73171      -  56.8 11925s
 59455898 6955718     cutoff   45               -   17.73333      -  56.8 11930s
 59472389 6952914     cutoff   44               -   17.73469      -  56.8 11935s
 59489603 6949756     cutoff   62               -   17.73684      -  56.8 11940s
 59508615 6946390   18.73913   35  131          -   17.73913      -  56.8 11945s
 59523550 6943748   19.00000   56   11          -   17.74074      -  56.8 11950s
 59540490 6940952     cutoff   47               -   17.74286      -  56.8 11955s
 59557322 6938011   18.50000   35   30          -   17.74545      -  56.8 11960s
 59573465 6935156     cutoff   41               -   17.74923      -  56.8 11965s
 59593826 6930494   18.75000   39  175          -   17.75000      -  56.8 11970s
 59614984 6925825     cutoff   35               -   17.75000      -  56.8 11975s
 59637749 6920632     cutoff   36               -   17.75000      -  56.9 11980s
 59660088 6915127     cutoff   39               -   17.75000      -  56.9 11985s
 59682469 6909646   18.00000   48   62          -   17.75000      -  56.9 11990s
 59707678 6903416     cutoff   47               -   17.75000      -  56.9 11995s
 59729454 6898202   18.50000   36   44          -   17.75000      -  56.9 12000s
 59751620 6892627     cutoff   45               -   17.75000      -  56.9 12005s
 59773901 6887280   18.00000   51   13          -   17.75000      -  56.9 12010s
 59793661 6882602     cutoff   73               -   17.75000      -  56.9 12015s
 59820849 6876289     cutoff   41               -   17.75000      -  56.9 12020s
 59842140 6870963 infeasible   45               -   17.75000      -  56.9 12025s
 59862562 6865824 infeasible   35               -   17.75000      -  56.9 12030s
 59886750 6859658     cutoff   39               -   17.75000      -  56.9 12035s
 59909346 6853989 infeasible   43               -   17.75000      -  56.9 12040s
 59931537 6848287     cutoff   64               -   17.75000      -  56.9 12045s
 59951747 6843419 infeasible   45               -   17.75000      -  56.9 12050s
 59976782 6837270   18.00000   37   72          -   17.75000      -  56.9 12055s
 59997703 6832383     cutoff   52               -   17.75000      -  56.9 12060s
 60016327 6827956   18.00000   50   15          -   17.75000      -  56.9 12065s
 60038370 6823012 infeasible   37               -   17.75000      -  56.9 12070s
 60055123 6819656 infeasible   43               -   17.75284      -  56.9 12075s
 60068988 6817233   18.10136   47  140          -   17.75543      -  56.9 12080s
 60086141 6814227   18.60000   49   90          -   17.75793      -  56.9 12085s
 60103926 6810908 infeasible   25               -   17.76000      -  56.9 12090s
 60121546 6807453     cutoff   54               -   17.76190      -  56.9 12095s
 60137998 6804169     cutoff   47               -   17.76471      -  56.9 12100s
 60155329 6800835     cutoff   42               -   17.76597      -  56.9 12105s
 60173998 6797339   19.00000   37   35          -   17.76901      -  56.9 12110s
 60193503 6793037     cutoff   55               -   17.76923      -  56.9 12115s
 60211513 6789671   18.00000   33   14          -   17.77143      -  56.9 12120s
 60228605 6786197     cutoff   31               -   17.77333      -  56.9 12125s
 60245119 6782945 infeasible   32               -   17.77582      -  56.9 12130s
 60266877 6778600     cutoff   57               -   17.77778      -  56.9 12135s
 60287281 6773843     cutoff   40               -   17.77778      -  56.9 12140s
 60305209 6769708   18.23529   36   78          -   17.77778      -  56.9 12145s
 60324299 6765959   18.23977   42  102          -   17.78000      -  56.9 12150s
 60340391 6762703   18.31637   38  176          -   17.78238      -  56.9 12155s
 60357665 6759550     cutoff   31               -   17.78438      -  56.9 12160s
 60373757 6755893     cutoff   45               -   17.78571      -  56.9 12165s
 60393136 6751740   18.46154   47  103          -   17.78652      -  56.9 12170s
 60411745 6747766     cutoff   45               -   17.78947      -  57.0 12175s
 60431213 6743815 infeasible   48               -   17.79167      -  57.0 12180s
 60450882 6740051   18.05482   62  182          -   17.79365      -  57.0 12185s
 60465267 6737198   18.46218   49  175          -   17.79573      -  57.0 12190s
 60481770 6734135 infeasible   44               -   17.79906      -  57.0 12195s
 60505618 6729038 infeasible   46               -   17.80000      -  57.0 12200s
 60525771 6724257     cutoff   38               -   17.80000      -  57.0 12205s
 60548107 6718627   18.80000   39   72          -   17.80000      -  57.0 12210s
 60569898 6712820   18.38889   34  100          -   17.80000      -  57.0 12215s
 60586944 6708029 infeasible   41               -   17.80000      -  57.0 12220s
 60607118 6702761     cutoff   28               -   17.80000      -  57.0 12225s
 60629405 6697030     cutoff   66               -   17.80000      -  57.0 12230s
 60651276 6691103 infeasible   51               -   17.80000      -  57.0 12235s
 60671383 6685884   18.00000   32   14          -   17.80000      -  57.0 12240s
 60692454 6680372     cutoff   55               -   17.80000      -  57.0 12245s
 60710545 6676051   19.00000   37   12          -   17.80098      -  57.0 12250s
 60725047 6672794     cutoff   39               -   17.80412      -  57.0 12255s
 60742582 6669040     cutoff   50               -   17.80645      -  57.0 12260s
 60759695 6665474   18.30000   50   67          -   17.80882      -  57.0 12265s
 60776861 6661677 infeasible   43               -   17.81081      -  57.0 12270s
 60797635 6656793   18.38393   42  141          -   17.81250      -  57.0 12275s
 60813437 6653471   18.79755   39  163          -   17.81425      -  57.0 12280s
 60830108 6649783 infeasible   44               -   17.81651      -  57.0 12285s
 60848897 6645194     cutoff   44               -   17.81818      -  57.0 12290s
 60869448 6640208     cutoff   37               -   17.81818      -  57.0 12295s
 60886796 6636625 infeasible   43               -   17.82075      -  57.0 12300s
 60903644 6632843     cutoff   54               -   17.82317      -  57.0 12305s
 60921449 6629003   19.03704   38  102          -   17.82440      -  57.0 12310s
 60938333 6625271   18.83333   60   44          -   17.82641      -  57.1 12315s
 60954945 6621691   18.07927   52  156          -   17.82895      -  57.1 12320s
 60971149 6618310 infeasible   31               -   17.83227      -  57.1 12325s
 60989080 6613782 infeasible   38               -   17.83333      -  57.1 12330s
 61010204 6608599   18.50000   40   33          -   17.83333      -  57.1 12335s
 61030298 6603275   18.04545   65   84          -   17.83333      -  57.1 12340s
 61052369 6597370   17.96429   43   78          -   17.83333      -  57.1 12345s
 61072145 6591887 infeasible   33               -   17.83333      -  57.1 12350s
 61094740 6585709     cutoff   35               -   17.83333      -  57.1 12355s
 61116529 6579915   18.00000   37   15          -   17.83333      -  57.1 12360s
 61138487 6573841     cutoff   41               -   17.83333      -  57.1 12365s
 61158035 6568352   18.16667   33   55          -   17.83333      -  57.1 12370s
 61179544 6563081     cutoff   39               -   17.83333      -  57.1 12375s
 61195609 6559642   18.50000   37   27          -   17.83712      -  57.1 12380s
 61209989 6556424     cutoff   64               -   17.83929      -  57.1 12385s
 61229929 6551649   17.87500   34   76          -   17.84211      -  57.1 12390s
 61247094 6547857   18.50000   37   84          -   17.84375      -  57.1 12395s
 61261688 6544622   18.00000   59   25          -   17.84615      -  57.1 12400s
 61280903 6539802   18.00000   62   12          -   17.84615      -  57.1 12405s
 61298444 6535998     cutoff   46               -   17.84848      -  57.1 12410s
 61316711 6531854   18.04211   35  127          -   17.85000      -  57.1 12415s
 61332262 6528128   18.61460   50  118          -   17.85249      -  57.1 12420s
 61348593 6524146     cutoff   34               -   17.85526      -  57.1 12425s
 61368735 6519208 infeasible   40               -   17.85714      -  57.1 12430s
 61389857 6513816   18.57770   36  152          -   17.85714      -  57.1 12435s
 61412080 6507666 infeasible   47               -   17.85714      -  57.1 12440s
 61431592 6501946 infeasible   48               -   17.85714      -  57.1 12445s
 61449072 6497198     cutoff   50               -   17.85714      -  57.1 12450s
 61468722 6492550     cutoff   51               -   17.85870      -  57.1 12455s
 61486596 6488433     cutoff   47               -   17.86171      -  57.1 12460s
 61501751 6484824     cutoff   31               -   17.86364      -  57.1 12465s
 61515901 6481579   18.00000   33   94          -   17.86538      -  57.2 12470s
 61536965 6475922     cutoff   46               -   17.86667      -  57.2 12475s
 61552371 6472485 infeasible   50               -   17.86892      -  57.2 12480s
 61567259 6468926     cutoff   46               -   17.87097      -  57.2 12485s
 61583734 6465212     cutoff   37               -   17.87356      -  57.2 12490s
 61603241 6459443   18.90676   37  217          -   17.87500      -  57.2 12495s
 61624435 6453694 infeasible   40               -   17.87500      -  57.2 12500s
 61646865 6447627     cutoff   40               -   17.87500      -  57.2 12505s
 61669005 6441446   18.00000   35   31          -   17.87500      -  57.2 12510s
 61690723 6435810   18.00000   29   93          -   17.87500      -  57.2 12515s
 61706880 6432036 infeasible   44               -   17.87801      -  57.2 12520s
 61721208 6428382 infeasible   34               -   17.88000      -  57.2 12525s
 61738695 6424081     cutoff   57               -   17.88235      -  57.2 12530s
 61757636 6419320     cutoff   39               -   17.88435      -  57.2 12535s
 61774661 6415175   18.00000   36   11          -   17.88636      -  57.2 12540s
 61793326 6410627   18.39655   41  158          -   17.88889      -  57.2 12545s
 61811988 6405346     cutoff   45               -   17.88889      -  57.2 12550s
 61832009 6399550     cutoff   42               -   17.88889      -  57.2 12555s
 61850363 6394683     cutoff   37               -   17.88950      -  57.2 12560s
 61865179 6390842     cutoff   32               -   17.89239      -  57.2 12565s
 61882786 6386319     cutoff   27               -   17.89474      -  57.2 12570s
 61899382 6382107   18.50000   45   23          -   17.89655      -  57.2 12575s
 61913450 6378736 infeasible   37               -   17.89866      -  57.2 12580s
 61933557 6373367     cutoff   40               -   17.90000      -  57.2 12585s
 61953909 6367754 infeasible   31               -   17.90000      -  57.2 12590s
 61972166 6361732     cutoff   45               -   17.90000      -  57.2 12595s
 61990076 6357328     cutoff   34               -   17.90196      -  57.2 12600s
 62006291 6353221   18.65385   40  115          -   17.90476      -  57.2 12605s
 62024045 6348990     cutoff   49               -   17.90625      -  57.3 12610s
 62041064 6344361   18.70000   39   66          -   17.90909      -  57.3 12615s
 62060241 6338754   18.00000   52   24          -   17.90909      -  57.3 12620s
 62077311 6334373     cutoff   50               -   17.90954      -  57.3 12625s
 62092159 6330788     cutoff   32               -   17.91209      -  57.3 12630s
 62111340 6325670     cutoff   51               -   17.91463      -  57.3 12635s
 62130127 6320592   19.00000   60   41          -   17.91667      -  57.3 12640s
 62148943 6315795 infeasible   40               -   17.91667      -  57.3 12645s
 62149433 6315635   18.17143   40  109          -   17.91667      -  57.3 12650s
 62149879 6315497   18.50000   34  119          -   17.91667      -  57.3 12655s
 62150204 6315439 infeasible   38               -   17.91667      -  57.3 12661s
 62150382 6315411   18.00000   41   25          -   17.91667      -  57.3 12668s
 62150488 6315380 infeasible   46               -   17.91667      -  57.3 12670s
 62150724 6315349 infeasible   44               -   17.91667      -  57.3 12675s
 62151150 6315088     cutoff   53               -   17.91667      -  57.3 12682s
 62152755 6314301     cutoff   37               -   17.91667      -  57.3 12686s
 62156361 6312729   18.76961   40  144          -   17.91667      -  57.3 12691s
 62163003 6310858 infeasible   58               -   17.91667      -  57.3 12695s
 62173442 6308349     cutoff   42               -   17.91837      -  57.3 12701s
 62189599 6304445     cutoff   48               -   17.92105      -  57.3 12705s
 62207091 6299409     cutoff   49               -   17.92308      -  57.3 12710s
 62224951 6294484   18.29953   38  152          -   17.92381      -  57.3 12715s
 62241268 6290369   18.50000   36   54          -   17.92602      -  57.3 12720s
 62258229 6285289   18.50000   49   34          -   17.92857      -  57.3 12725s
 62277271 6279743   19.00000   38    8          -   17.92857      -  57.3 12730s
 62292213 6275752   18.35883   47  175          -   17.93103      -  57.3 12735s
 62309240 6270941   18.78571   32   69          -   17.93333      -  57.3 12740s
 62329218 6265227   18.03125   41   69          -   17.93443      -  57.3 12745s
 62345096 6260751   18.00000   67    7          -   17.93729      -  57.3 12750s
 62364728 6255091 infeasible   35               -   17.93750      -  57.3 12755s
 62379943 6251192   18.00000   40  181          -   17.93990      -  57.3 12760s
 62400390 6245435     cutoff   27               -   17.94137      -  57.3 12765s
 62415904 6240800     cutoff   37               -   17.94444      -  57.3 12770s
 62434338 6235603     cutoff   59               -   17.94505      -  57.3 12775s
 62451143 6230812   18.33333   68   65          -   17.94737      -  57.4 12780s
 62469887 6225371   18.43750   31  119          -   17.95000      -  57.4 12785s
 62485166 6221107     cutoff   43               -   17.95082      -  57.4 12790s
 62502617 6216301 infeasible   41               -   17.95269      -  57.4 12795s
 62517220 6212028   18.40000   41   90          -   17.95455      -  57.4 12800s
 62533779 6207357   18.27143   33  138          -   17.95652      -  57.4 12805s
 62548433 6203027     cutoff   33               -   17.95833      -  57.4 12810s
 62566671 6198276 infeasible   41               -   17.96032      -  57.4 12815s
 62582240 6193400     cutoff   36               -   17.96250      -  57.4 12820s
 62599741 6188407   18.47826   51  147          -   17.96458      -  57.4 12825s
 62616887 6183434   18.29129   32  148          -   17.96678      -  57.4 12830s
 62633643 6178630   18.20000   50   61          -   17.96923      -  57.4 12835s
 62647945 6174398 infeasible   42               -   17.97143      -  57.4 12840s
 62665066 6169439     cutoff   37               -   17.97368      -  57.4 12845s
 62682019 6164331 infeasible   43               -   17.97638      -  57.4 12850s
 62696609 6160054   18.00000   43   13          -   17.97872      -  57.4 12855s
 62713332 6155132 infeasible   46               -   17.98165      -  57.4 12860s
 62730514 6150231   18.00000   41   16          -   17.98481      -  57.4 12865s
 62744976 6146079   18.26838   42  165          -   17.98775      -  57.4 12870s
 62761632 6141232     cutoff   44               -   17.99174      -  57.4 12875s
 62775584 6137104   18.00000   53   13          -   17.99611      -  57.4 12880s
 62789804 6131820   18.00000   39   13          -   18.00000      -  57.4 12885s
 62812381 6124486 infeasible   44               -   18.00000      -  57.5 12890s
 62832924 6117564 infeasible   50               -   18.00000      -  57.5 12895s
 62852755 6110869 infeasible   53               -   18.00000      -  57.5 12900s
 62872189 6103902 infeasible   38               -   18.00000      -  57.5 12905s
 62894804 6095980     cutoff   47               -   18.00000      -  57.5 12910s
 62914596 6088921     cutoff   38               -   18.00000      -  57.5 12915s
 62936986 6080611     cutoff   40               -   18.00000      -  57.5 12920s
 62959664 6072917   19.00000   53   16          -   18.00000      -  57.5 12925s
 62978918 6065746     cutoff   66               -   18.00000      -  57.5 12930s
 63001150 6057750     cutoff   42               -   18.00000      -  57.5 12935s
 63021317 6050515     cutoff   37               -   18.00000      -  57.5 12940s
 63042840 6042650     cutoff   38               -   18.00000      -  57.5 12945s
 63062431 6035486     cutoff   39               -   18.00000      -  57.5 12950s
 63085115 6027115     cutoff   36               -   18.00000      -  57.5 12955s
 63106742 6018767     cutoff   47               -   18.00000      -  57.5 12960s
 63127190 6011463     cutoff   47               -   18.00000      -  57.5 12965s
 63149191 6003269     cutoff   33               -   18.00000      -  57.5 12970s
 63172025 5994978 infeasible   43               -   18.00000      -  57.5 12975s
 63194303 5986867 infeasible   42               -   18.00000      -  57.5 12980s
 63219672 5976755 infeasible   38               -   18.00000      -  57.5 12985s
 63245133 5966132 infeasible   41               -   18.00000      -  57.5 12990s
 63269701 5956225 infeasible   36               -   18.00000      -  57.5 12995s
 63291167 5947191     cutoff   50               -   18.00000      -  57.5 13000s
 63310978 5938483     cutoff   58               -   18.00000      -  57.5 13005s
 63332974 5929063   18.00000   50   14          -   18.00000      -  57.5 13010s
 63357389 5918554     cutoff   52               -   18.00000      -  57.5 13015s
 63380290 5908775 infeasible   29               -   18.00000      -  57.5 13020s
 63405007 5898007     cutoff   41               -   18.00000      -  57.4 13025s
 63430315 5887510     cutoff   43               -   18.00000      -  57.4 13030s
 63452039 5878008     cutoff   38               -   18.00000      -  57.4 13035s
 63479392 5865981     cutoff   56               -   18.00000      -  57.4 13040s
 63504139 5855169   18.00000   64   12          -   18.00000      -  57.4 13045s
 63525800 5845735     cutoff   40               -   18.00000      -  57.4 13050s
 63547836 5835996     cutoff   45               -   18.00000      -  57.4 13055s
 63572461 5825247 infeasible   48               -   18.00000      -  57.4 13060s
 63595523 5815489     cutoff   36               -   18.00000      -  57.4 13065s
 63618613 5805819   19.00000   43   16          -   18.00000      -  57.4 13070s
 63646707 5794082     cutoff   49               -   18.00000      -  57.4 13075s
 63671142 5783774 infeasible   58               -   18.00000      -  57.4 13080s
 63695514 5773511   18.50000   50   43          -   18.00000      -  57.4 13085s
 63720213 5762913   18.00000   45   16          -   18.00000      -  57.4 13090s
 63745013 5752650 infeasible   40               -   18.00000      -  57.4 13095s
 63771023 5741588 infeasible   50               -   18.00000      -  57.4 13100s
 63793333 5731633     cutoff   33               -   18.00000      -  57.4 13105s
 63815421 5721931   18.09524   37  135          -   18.00000      -  57.4 13110s
 63840224 5711350   18.60345   40  149          -   18.00000      -  57.4 13115s
 63864777 5700581   18.00000   41   18          -   18.00000      -  57.4 13120s
 63887045 5690601   19.00000   39   18          -   18.00000      -  57.4 13125s
 63911524 5679720     cutoff   34               -   18.00000      -  57.4 13130s
 63936338 5668650     cutoff   46               -   18.00000      -  57.4 13135s
 63958333 5658565     cutoff   47               -   18.00000      -  57.4 13140s
 63981021 5648531     cutoff   46               -   18.00000      -  57.4 13145s
 64003700 5638629     cutoff   39               -   18.00000      -  57.4 13150s
 64027870 5627826 infeasible   37               -   18.00000      -  57.4 13155s
 64049901 5617977   18.00000   57   15          -   18.00000      -  57.4 13160s
 64071766 5607934 infeasible   35               -   18.00000      -  57.4 13165s
 64095104 5597960     cutoff   41               -   18.00000      -  57.4 13170s
 64119844 5587143     cutoff   42               -   18.00000      -  57.4 13175s
 64144128 5576184 infeasible   44               -   18.00000      -  57.4 13180s
 64168450 5565059     cutoff   50               -   18.00000      -  57.4 13185s
 64191326 5555131     cutoff   75               -   18.00000      -  57.4 13190s
 64215701 5543906   19.00000   41   15          -   18.00000      -  57.4 13195s
 64239965 5532806   19.00000   42   17          -   18.00000      -  57.4 13200s
 64262448 5522786     cutoff   37               -   18.00000      -  57.4 13205s
 64287742 5511903     cutoff   45               -   18.00000      -  57.4 13210s
 64312459 5501294     cutoff   45               -   18.00000      -  57.4 13215s
 64339766 5489455     cutoff   47               -   18.00000      -  57.4 13220s
 64362241 5479559     cutoff   38               -   18.00000      -  57.4 13225s
 64386517 5468692   19.00000   51   12          -   18.00000      -  57.4 13230s
 64409008 5459026 infeasible   31               -   18.00000      -  57.4 13235s
 64436445 5447334     cutoff   38               -   18.00000      -  57.4 13240s
 64461634 5436342   19.00000   32   11          -   18.00000      -  57.3 13245s
 64486148 5425591 infeasible   61               -   18.00000      -  57.3 13250s
 64510429 5414958 infeasible   49               -   18.00000      -  57.3 13255s
 64531826 5405350   18.00000   32   19          -   18.00000      -  57.3 13260s
 64556523 5394261     cutoff   61               -   18.00000      -  57.3 13265s
 64578938 5384366 infeasible   43               -   18.00000      -  57.3 13270s
 64602924 5373179     cutoff   41               -   18.00000      -  57.3 13275s
 64627820 5362016   18.00000   37   63          -   18.00000      -  57.3 13280s
 64650234 5352193     cutoff   42               -   18.00000      -  57.3 13285s
 64672172 5342286 infeasible   43               -   18.00000      -  57.3 13290s
 64694992 5331967     cutoff   38               -   18.00000      -  57.3 13295s
 64719315 5320916     cutoff   50               -   18.00000      -  57.3 13300s
 64743846 5309584 infeasible   44               -   18.00000      -  57.3 13305s
 64766327 5299350 infeasible   37               -   18.00000      -  57.3 13310s
 64790998 5288357   18.00000   43   18          -   18.00000      -  57.3 13315s
 64813492 5278633     cutoff   42               -   18.00000      -  57.3 13320s
 64838479 5267655   18.00000   49    8          -   18.00000      -  57.3 13325s
 64863932 5256956     cutoff   57               -   18.00000      -  57.3 13330s
 64888697 5246134   18.00000   50   11          -   18.00000      -  57.3 13335s
 64915453 5234514 infeasible   36               -   18.00000      -  57.3 13340s
 64939680 5223751     cutoff   63               -   18.00000      -  57.3 13345s
 64963132 5213819   18.53333   35   83          -   18.00000      -  57.3 13350s
 64986144 5203096     cutoff   37               -   18.00000      -  57.3 13355s
 65011272 5191799   18.00000   46   15          -   18.00000      -  57.3 13360s
 65036084 5180789   19.00000   49   11          -   18.00000      -  57.3 13365s
 65060544 5169500 infeasible   72               -   18.00000      -  57.3 13370s
 65083499 5159389     cutoff   46               -   18.00000      -  57.3 13375s
 65106048 5149621     cutoff   43               -   18.00000      -  57.3 13380s
 65130829 5138660     cutoff   43               -   18.00000      -  57.3 13385s
 65155075 5127861   19.00000   48   11          -   18.00000      -  57.3 13390s
 65177244 5117976   18.14286   37   75          -   18.00000      -  57.3 13395s
 65202154 5107037   18.00000   63   13          -   18.00000      -  57.3 13400s
 65229478 5094871     cutoff   50               -   18.00000      -  57.3 13405s
 65254250 5083941   18.80000   40   37          -   18.00000      -  57.3 13410s
 65276534 5073852     cutoff   43               -   18.00000      -  57.3 13415s
 65298656 5063927 infeasible   31               -   18.00000      -  57.3 13420s
 65323665 5052820 infeasible   46               -   18.00000      -  57.3 13425s
 65348065 5041741   18.66667   61   43          -   18.00000      -  57.3 13430s
 65370649 5031748   19.00000   43   17          -   18.00000      -  57.3 13435s
 65398053 5019876 infeasible   71               -   18.00000      -  57.3 13440s
 65425062 5007608   18.37500   34   55          -   18.00000      -  57.3 13445s
 65449237 4996521 infeasible   35               -   18.00000      -  57.2 13450s
 65471410 4986333     cutoff   30               -   18.00000      -  57.2 13455s
 65493418 4976039   18.40000   37   60          -   18.00000      -  57.2 13460s
 65517807 4964580     cutoff   64               -   18.00000      -  57.2 13465s
 65543299 4953039   18.80000   35   80          -   18.00000      -  57.2 13470s
 65570952 4940374 infeasible   53               -   18.00000      -  57.2 13475s
 65595775 4929440   18.37500   35  100          -   18.00000      -  57.2 13480s
 65620855 4918059     cutoff   48               -   18.00000      -  57.2 13485s
 65650729 4905052     cutoff   45               -   18.00000      -  57.2 13490s
 65675479 4894301     cutoff   42               -   18.00000      -  57.2 13495s
 65700301 4883476     cutoff   48               -   18.00000      -  57.2 13500s
 65727418 4871700     cutoff   51               -   18.00000      -  57.2 13505s
 65751869 4860732 infeasible   42               -   18.00000      -  57.2 13510s
 65779159 4849287     cutoff   34               -   18.00000      -  57.2 13515s
 65805367 4836968 infeasible   61               -   18.00000      -  57.2 13520s
 65831468 4825211     cutoff   48               -   18.00000      -  57.2 13525s
 65859388 4812633 infeasible   51               -   18.00000      -  57.2 13530s
 65883602 4801983   18.80678   36  199          -   18.00000      -  57.2 13535s
 65908070 4791224     cutoff   39               -   18.00000      -  57.2 13540s
 65932374 4780212 infeasible   49               -   18.00000      -  57.2 13545s
 65958564 4767820     cutoff   45               -   18.00000      -  57.2 13550s
 65983381 4756275 infeasible   48               -   18.00000      -  57.2 13555s
 66005714 4745836   18.00000   59   15          -   18.00000      -  57.2 13560s
 66027921 4736032 infeasible   49               -   18.00000      -  57.2 13565s
 66053400 4725576   19.00000   38   17          -   18.00000      -  57.2 13570s
 66076240 4716478   18.68421   42  112          -   18.00000      -  57.2 13575s
 66097817 4707823     cutoff   59               -   18.00000      -  57.2 13580s
 66122892 4697927 infeasible   55               -   18.00000      -  57.2 13585s
 66144377 4689550   18.62500   50   51          -   18.00000      -  57.2 13590s
 66166328 4680455 infeasible   42               -   18.00000      -  57.2 13595s
 66188402 4671433   19.00000   49   12          -   18.00000      -  57.2 13600s
 66210919 4662315     cutoff   43               -   18.00000      -  57.2 13605s
 66233291 4653075 infeasible   52               -   18.00000      -  57.2 13610s
 66255787 4644240   18.65000   36   99          -   18.00000      -  57.2 13615s
 66277280 4635619 infeasible   35               -   18.00000      -  57.2 13620s
 66299322 4626404   18.33333   43   82          -   18.00000      -  57.2 13625s
 66321781 4617215     cutoff   54               -   18.00000      -  57.2 13630s
 66341273 4609271   18.00000   54   12          -   18.00000      -  57.2 13635s
 66366913 4598907 infeasible   65               -   18.00000      -  57.2 13640s
 66388810 4590019 infeasible   65               -   18.00000      -  57.2 13645s
 66410049 4581182     cutoff   54               -   18.00000      -  57.2 13650s
 66431565 4572392 infeasible   41               -   18.00000      -  57.2 13655s
 66451583 4563982     cutoff   46               -   18.00000      -  57.2 13660s
 66471092 4555860   18.00000   37   44          -   18.00000      -  57.2 13665s
 66490763 4547526   18.00000   39   10          -   18.00000      -  57.2 13670s
 66512819 4537751 infeasible   55               -   18.00000      -  57.2 13675s
 66532912 4528750 infeasible   46               -   18.00000      -  57.2 13680s
 66555498 4519476   18.49020   34  132          -   18.00000      -  57.2 13685s
 66569310 4514315     cutoff   44               -   18.00493      -  57.2 13690s
 66583860 4508912     cutoff   73               -   18.01075      -  57.2 13695s
 66596129 4504890 infeasible   48               -   18.01471      -  57.2 13700s
 66610720 4500111   18.28000   30  114          -   18.01908      -  57.2 13705s
 66625762 4494980 infeasible   40               -   18.02326      -  57.2 13710s
 66640488 4489773   18.02703   36   91          -   18.02703      -  57.2 13715s
 66657969 4484244     cutoff   38               -   18.03125      -  57.2 13720s
 66672719 4479405     cutoff   37               -   18.03481      -  57.2 13725s
 66687373 4474389     cutoff   44               -   18.03812      -  57.2 13730s
 66704950 4468610 infeasible   44               -   18.04167      -  57.2 13735s
 66719149 4463813     cutoff   38               -   18.04487      -  57.2 13740s
 66736386 4458068     cutoff   39               -   18.04808      -  57.2 13745s
 66753424 4452238     cutoff   40               -   18.05149      -  57.2 13750s
 66768134 4447400     cutoff   40               -   18.05443      -  57.2 13755s
 66785718 4441597     cutoff   58               -   18.05738      -  57.2 13760s
 66799883 4436498   19.00000   40   12          -   18.06000      -  57.2 13765s
 66815451 4430840 infeasible   57               -   18.06250      -  57.3 13770s
 66831268 4425710 infeasible   42               -   18.06615      -  57.3 13775s
 66846398 4420404   18.66667   36   40          -   18.06818      -  57.3 13780s
 66860970 4415072 infeasible   31               -   18.07143      -  57.3 13785s
 66878147 4408969     cutoff   51               -   18.07341      -  57.3 13790s
 66892162 4404024 infeasible   41               -   18.07692      -  57.3 13795s
 66907479 4398559     cutoff   41               -   18.07843      -  57.3 13800s
 66923279 4393132     cutoff   48               -   18.08235      -  57.3 13805s
 66940321 4386172     cutoff   50               -   18.08333      -  57.3 13810s
 66956057 4380792 infeasible   43               -   18.08571      -  57.3 13815s
 66971993 4375093   18.61667   34  179          -   18.08929      -  57.3 13820s
 66988646 4368495 infeasible   38               -   18.09091      -  57.3 13825s
 67004318 4363131     cutoff   44               -   18.09375      -  57.3 13830s
 67018635 4358204   18.50000   52   24          -   18.09677      -  57.3 13835s
 67033902 4352574     cutoff   38               -   18.10000      -  57.3 13840s
 67053027 4344646     cutoff   69               -   18.10000      -  57.3 13845s
 67067988 4339552 infeasible   46               -   18.10256      -  57.3 13850s
 67082436 4334410     cutoff   40               -   18.10526      -  57.3 13855s
 67098554 4328581     cutoff   50               -   18.10897      -  57.3 13860s
 67112122 4323334     cutoff   54               -   18.11111      -  57.3 13865s
 67129063 4316355   18.20000   36   90          -   18.11111      -  57.3 13870s
 67145584 4310233   18.28571   41  105          -   18.11429      -  57.3 13875s
 67159486 4305104     cutoff   36               -   18.11736      -  57.3 13880s
 67176534 4298798 infeasible   46               -   18.12000      -  57.3 13885s
 67190153 4293590     cutoff   36               -   18.12402      -  57.3 13890s
 67208084 4285931     cutoff   46               -   18.12500      -  57.3 13895s
 67228943 4277053     cutoff   34               -   18.12500      -  57.3 13900s
 67245486 4270631 infeasible   41               -   18.12500      -  57.3 13905s
 67261840 4264491     cutoff   50               -   18.12963      -  57.4 13910s
 67275712 4258799     cutoff   52               -   18.13303      -  57.4 13915s
 67291179 4252975 infeasible   46               -   18.13492      -  57.4 13920s
 67305531 4247415 infeasible   32               -   18.13773      -  57.4 13925s
 67321938 4241186 infeasible   39               -   18.14184      -  57.4 13930s
 67339415 4233876     cutoff   59               -   18.14286      -  57.4 13935s
 67357860 4225527 infeasible   36               -   18.14286      -  57.4 13940s
 67376084 4218210     cutoff   37               -   18.14371      -  57.4 13945s
 67388445 4213363   19.00000   31   26          -   18.14706      -  57.4 13950s
 67405769 4206507 infeasible   49               -   18.15000      -  57.4 13955s
 67422589 4199399   18.50000   37   21          -   18.15385      -  57.4 13960s
 67436996 4193763     cutoff   61               -   18.15590      -  57.4 13965s
 67453640 4187043     cutoff   38               -   18.15909      -  57.4 13970s
 67467695 4181023   18.32923   36  180          -   18.16265      -  57.4 13975s
 67482714 4174243     cutoff   49               -   18.16667      -  57.4 13980s
 67503109 4165788     cutoff   45               -   18.16667      -  57.4 13985s
 67521028 4157911 infeasible   43               -   18.16667      -  57.4 13990s
 67540813 4148660     cutoff   40               -   18.16667      -  57.4 13995s
 67560830 4139123     cutoff   45               -   18.16667      -  57.4 14000s
 67579738 4130718     cutoff   41               -   18.16667      -  57.4 14005s
 67595340 4124234     cutoff   52               -   18.17085      -  57.4 14010s
 67611713 4117471 infeasible   40               -   18.17476      -  57.4 14015s
 67626706 4111300   18.75000   45   54          -   18.17730      -  57.4 14020s
 67640992 4105516 infeasible   37               -   18.18079      -  57.4 14025s
 67660342 4097007     cutoff   38               -   18.18182      -  57.4 14030s
 67672983 4091718     cutoff   35               -   18.18519      -  57.4 14035s
 67691263 4083930   18.50000   37   39          -   18.18750      -  57.4 14040s
 67704884 4078053 infeasible   54               -   18.19048      -  57.4 14045s
 67719029 4072173     cutoff   45               -   18.19355      -  57.5 14050s
 67735226 4065327   18.55022   47  156          -   18.19826      -  57.5 14055s
 67753074 4057056   18.75728   35  164          -   18.20000      -  57.5 14060s
 67774047 4047416   18.84615   51  142          -   18.20000      -  57.5 14065s
 67793738 4037623 infeasible   43               -   18.20000      -  57.5 14070s
 67811538 4028731     cutoff   50               -   18.20000      -  57.5 14075s
 67828061 4020754   18.59489   43  170          -   18.20000      -  57.5 14080s
 67846287 4012556     cutoff   42               -   18.20082      -  57.5 14085s
 67860204 4006169     cutoff   43               -   18.20536      -  57.5 14090s
 67875203 3999844 infeasible   43               -   18.20833      -  57.5 14095s
 67889381 3993418 infeasible   38               -   18.21145      -  57.5 14100s
 67904858 3986023     cutoff   59               -   18.21429      -  57.5 14105s
 67921332 3978643   18.50962   61  150          -   18.21683      -  57.5 14110s
 67935331 3972439   18.93382   42  150          -   18.22000      -  57.5 14115s
 67951849 3964386 infeasible   50               -   18.22222      -  57.5 14120s
 67969866 3955804   19.00000   40   17          -   18.22222      -  57.5 14125s
 67984342 3949145 infeasible   47               -   18.22630      -  57.5 14130s
 67998346 3942611   18.42254   39  173          -   18.22932      -  57.5 14135s
 68016509 3934172 infeasible   47               -   18.23171      -  57.5 14140s
 68030119 3927691 infeasible   49               -   18.23529      -  57.5 14145s
 68044308 3920861     cutoff   37               -   18.23810      -  57.5 14150s
 68058944 3914280   18.33671   47  120          -   18.24084      -  57.5 14155s
 68066621 3911862   18.73333   48  114          -   18.24286      -  57.5 14160s
 68067192 3911510     cutoff   36               -   18.24324      -  57.5 14166s
 68067559 3911306 infeasible   37               -   18.24324      -  57.5 14171s
 68067872 3911120 infeasible   43               -   18.24359      -  57.5 14176s
 68068320 3910779 infeasible   42               -   18.24378      -  57.5 14185s
 68068939 3910447     cutoff   53               -   18.24390      -  57.5 14191s
 68069951 3909786     cutoff   53               -   18.24390      -  57.5 14197s
 68070701 3909155 infeasible   58               -   18.24401      -  57.5 14200s
 68074720 3905899 infeasible   45               -   18.24440      -  57.5 14211s
 68083710 3900769     cutoff   42               -   18.24561      -  57.5 14216s
 68101182 3892264     cutoff   39               -   18.25000      -  57.5 14220s
 68123172 3881644   18.25000   46   38          -   18.25000      -  57.5 14225s
 68141518 3872335     cutoff   42               -   18.25000      -  57.5 14230s
 68163406 3861035   18.83333   34   39          -   18.25000      -  57.5 14235s
 68184452 3850057   18.46667   30   91          -   18.25000      -  57.5 14240s
 68205765 3838519 infeasible   35               -   18.25000      -  57.5 14245s
 68227250 3827028 infeasible   44               -   18.25000      -  57.5 14250s
 68248519 3815466     cutoff   47               -   18.25000      -  57.5 14255s
 68265768 3806221   18.95238   41   89          -   18.25000      -  57.5 14260s
 68290854 3793605     cutoff   33               -   18.25000      -  57.5 14265s
 68309735 3783605   18.75086   36  148          -   18.25000      -  57.5 14270s
 68324916 3777095 infeasible   37               -   18.25314      -  57.5 14275s
 68338426 3770193     cutoff   38               -   18.25716      -  57.5 14280s
 68352460 3763151     cutoff   35               -   18.26087      -  57.5 14285s
 68370749 3754814 infeasible   42               -   18.26477      -  57.5 14290s
 68387896 3745717     cutoff   42               -   18.26795      -  57.5 14296s
 68400820 3739323 infeasible   48               -   18.27122      -  57.6 14300s
 68419623 3729985     cutoff   39               -   18.27273      -  57.6 14305s
 68433214 3723079     cutoff   33               -   18.27654      -  57.6 14310s
 68448828 3715119     cutoff   40               -   18.27931      -  57.6 14315s
 68464358 3708183     cutoff   35               -   18.28335      -  57.6 14320s
 68481090 3698122     cutoff   49               -   18.28571      -  57.6 14325s
 68503483 3686455     cutoff   37               -   18.28571      -  57.6 14330s
 68520305 3678459     cutoff   36               -   18.28676      -  57.6 14335s
 68533897 3670303     cutoff   45               -   18.29104      -  57.6 14340s
 68549050 3662550   18.50000   51   23          -   18.29412      -  57.6 14345s
 68564673 3654615 infeasible   37               -   18.29825      -  57.6 14350s
 68583508 3644345     cutoff   41               -   18.30000      -  57.6 14355s
 68601361 3636001 infeasible   34               -   18.30108      -  57.6 14360s
 68615787 3627814   18.75897   30  173          -   18.30531      -  57.6 14365s
 68632261 3619071     cutoff   38               -   18.30769      -  57.6 14370s
 68646046 3611682 infeasible   44               -   18.31148      -  57.6 14375s
 68663671 3602266 infeasible   40               -   18.31429      -  57.6 14380s
 68677524 3594200     cutoff   34               -   18.31795      -  57.6 14385s
 68692621 3586481     cutoff   38               -   18.32130      -  57.6 14390s
 68709484 3577969     cutoff   52               -   18.32558      -  57.6 14395s
 68724706 3570317   18.78333   43  162          -   18.33117      -  57.6 14400s
 68742280 3559001     cutoff   48               -   18.33333      -  57.6 14405s
 68763694 3546666     cutoff   40               -   18.33333      -  57.6 14410s
 68783891 3534990   18.35352   37  134          -   18.33333      -  57.6 14415s
 68804067 3522861 infeasible   47               -   18.33333      -  57.6 14420s
 68827036 3509041     cutoff   51               -   18.33333      -  57.6 14425s
 68846270 3497391     cutoff   55               -   18.33333      -  57.6 14430s
 68865372 3485590 infeasible   44               -   18.33333      -  57.6 14435s
 68888579 3471227 infeasible   37               -   18.33333      -  57.6 14440s
 68911761 3457277 infeasible   45               -   18.33333      -  57.6 14445s
 68930019 3446316     cutoff   42               -   18.33333      -  57.6 14450s
 68952424 3433045   18.50000   42   54          -   18.33333      -  57.6 14455s
 68975073 3419184     cutoff   38               -   18.33333      -  57.6 14460s
 68997739 3405345   18.50000   45  110          -   18.33333      -  57.6 14465s
 69015303 3394946 infeasible   35               -   18.33333      -  57.6 14470s
 69034960 3384923   18.61905   33   90          -   18.33393      -  57.6 14475s
 69048954 3376606     cutoff   37               -   18.34021      -  57.6 14480s
 69060823 3369576 infeasible   52               -   18.34375      -  57.6 14485s
 69075399 3361390   18.50000   41   30          -   18.34783      -  57.6 14490s
 69092966 3351804     cutoff   48               -   18.35156      -  57.6 14495s
 69109013 3342550     cutoff   40               -   18.35556      -  57.6 14501s
 69125362 3333780     cutoff   43               -   18.35714      -  57.6 14505s
 69141726 3323286     cutoff   34               -   18.36270      -  57.6 14511s
 69158584 3314261     cutoff   45               -   18.36364      -  57.6 14515s
 69169651 3307673     cutoff   50               -   18.36704      -  57.6 14520s
 69185965 3298438     cutoff   40               -   18.37139      -  57.6 14525s
 69202317 3287785 infeasible   46               -   18.37500      -  57.6 14530s
 69218884 3278369 infeasible   56               -   18.37500      -  57.6 14535s
 69237386 3267684 infeasible   50               -   18.37500      -  57.6 14540s
 69252353 3259138   18.62069   29   81          -   18.37838      -  57.7 14545s
 69268423 3250350     cutoff   42               -   18.38255      -  57.7 14550s
 69282667 3241569 infeasible   48               -   18.38462      -  57.7 14555s
 69297688 3231811     cutoff   61               -   18.38889      -  57.7 14560s
 69310154 3224717     cutoff   49               -   18.39171      -  57.7 14565s
 69325787 3216301     cutoff   36               -   18.39655      -  57.7 14570s
 69343177 3204462 infeasible   50               -   18.40000      -  57.7 14575s
 69362505 3192407 infeasible   46               -   18.40000      -  57.7 14580s
 69380392 3180645   18.40000   42   46          -   18.40000      -  57.7 14585s
 69401339 3167189     cutoff   63               -   18.40000      -  57.7 14590s
 69420487 3156322   18.71429   42   59          -   18.40000      -  57.7 14595s
 69435225 3146649     cutoff   36               -   18.40351      -  57.7 14600s
 69449866 3136960 infeasible   41               -   18.40816      -  57.7 14606s
 69462438 3128927 infeasible   47               -   18.41176      -  57.7 14610s
 69477521 3120226     cutoff   38               -   18.41549      -  57.7 14615s
 69496711 3108455     cutoff   44               -   18.41667      -  57.7 14620s
 69509747 3099908     cutoff   46               -   18.42105      -  57.7 14625s
 69524926 3091028     cutoff   49               -   18.42500      -  57.7 14630s
 69541772 3079398     cutoff   37               -   18.42857      -  57.7 14635s
 69563793 3065220     cutoff   45               -   18.42857      -  57.7 14640s
 69580133 3055454 infeasible   55               -   18.43056      -  57.7 14645s
 69593847 3046363 infeasible   31               -   18.43478      -  57.7 14650s
 69610155 3035752 infeasible   39               -   18.43832      -  57.7 14655s
 69626976 3023926     cutoff   37               -   18.44444      -  57.7 14660s
 69642841 3013813   18.77143   50  114          -   18.44444      -  57.7 14665s
 69662214 3001446     cutoff   52               -   18.44870      -  57.7 14670s
 69677256 2992154     cutoff   35               -   18.45263      -  57.7 14675s
 69694156 2980246   18.50000   45   27          -   18.45455      -  57.7 14681s
 69708195 2971570     cutoff   42               -   18.45833      -  57.7 14685s
 69723615 2961029     cutoff   70               -   18.46154      -  57.7 14691s
 69737395 2951461     cutoff   48               -   18.46610      -  57.7 14695s
 69753327 2941240     cutoff   52               -   18.46939      -  57.7 14700s
 69768459 2930701     cutoff   30               -   18.47368      -  57.7 14705s
 69783613 2920553     cutoff   40               -   18.47764      -  57.7 14710s
 69798808 2910529     cutoff   46               -   18.48225      -  57.7 14715s
 69813931 2900541     cutoff   45               -   18.48750      -  57.7 14720s
 69826722 2891980 infeasible   33               -   18.49315      -  57.7 14725s
 69844579 2878457     cutoff   69               -   18.50000      -  57.7 14730s
 69866036 2864437 infeasible   42               -   18.50000      -  57.7 14735s
 69885186 2851671 infeasible   55               -   18.50000      -  57.7 14740s
 69904299 2838793     cutoff   39               -   18.50000      -  57.7 14745s
 69927551 2822556     cutoff   39               -   18.50000      -  57.7 14750s
 69950448 2806741 infeasible   48               -   18.50000      -  57.7 14755s
 69972432 2791023     cutoff   46               -   18.50000      -  57.7 14760s
 69994576 2775632     cutoff   43               -   18.50000      -  57.7 14765s
 70019810 2758090   19.00000   39   11          -   18.50000      -  57.7 14770s
 70041547 2743061     cutoff   43               -   18.50000      -  57.7 14775s
 70062769 2727953     cutoff   42               -   18.50000      -  57.7 14780s
 70087557 2710218     cutoff   42               -   18.50000      -  57.7 14785s
 70109050 2695172   19.00000   42   12          -   18.50000      -  57.7 14790s
 70130470 2680342     cutoff   58               -   18.50000      -  57.7 14795s
 70151441 2665233     cutoff   40               -   18.50000      -  57.7 14800s
 70176659 2647522   18.50000   44   27          -   18.50000      -  57.7 14805s
 70200803 2630594   19.00000   49   11          -   18.50000      -  57.7 14810s
 70221378 2616182     cutoff   38               -   18.50000      -  57.7 14815s
 70245825 2598985     cutoff   46               -   18.50000      -  57.7 14820s
 70270001 2581857     cutoff   34               -   18.50000      -  57.7 14825s
 70294151 2564826 infeasible   50               -   18.50000      -  57.7 14830s
 70317759 2548070     cutoff   41               -   18.50000      -  57.7 14835s
 70341665 2531006     cutoff   50               -   18.50000      -  57.7 14840s
 70362094 2516452 infeasible   39               -   18.50000      -  57.7 14845s
 70385709 2499764 infeasible   67               -   18.50000      -  57.7 14850s
 70409116 2483253   18.50000   47   56          -   18.50000      -  57.7 14855s
 70429140 2468975   18.66667   35   58          -   18.50000      -  57.7 14860s
 70452496 2452446     cutoff   37               -   18.50000      -  57.7 14865s
 70475584 2435774     cutoff   44               -   18.50000      -  57.7 14870s
 70498369 2419593 infeasible   49               -   18.50000      -  57.7 14875s
 70524144 2401195     cutoff   50               -   18.50000      -  57.7 14880s
 70544698 2387210 infeasible   35               -   18.50000      -  57.7 14885s
 70563677 2373911   18.56604   40  137          -   18.50000      -  57.7 14890s
 70586183 2358313   19.00000   38    8          -   18.50000      -  57.7 14895s
 70604491 2345711   18.55993   48  133          -   18.50000      -  57.7 14900s
 70624057 2333337   19.00000   44    9          -   18.50163      -  57.7 14905s
 70637361 2322876     cutoff   39               -   18.51006      -  57.7 14910s
 70653394 2310595     cutoff   40               -   18.51724      -  57.7 14915s
 70665699 2301184 infeasible   35               -   18.52239      -  57.7 14920s
 70683746 2287320     cutoff   30               -   18.52941      -  57.7 14925s
 70698906 2276757   18.68243   54  135          -   18.53389      -  57.7 14930s
 70716242 2262242     cutoff   37               -   18.54000      -  57.7 14935s
 70729579 2250337 infeasible   45               -   18.54545      -  57.7 14940s
 70749470 2237482     cutoff   41               -   18.55128      -  57.7 14945s
 70762348 2224014     cutoff   52               -   18.55556      -  57.7 14950s
 70778599 2214120     cutoff   57               -   18.55882      -  57.7 14955s
 70795033 2200933     cutoff   40               -   18.56522      -  57.7 14960s
 70812406 2182983 infeasible   40               -   18.57143      -  57.7 14966s
 70828260 2170646     cutoff   36               -   18.57143      -  57.7 14970s
 70848942 2157835     cutoff   42               -   18.57895      -  57.7 14975s
 70864865 2144198     cutoff   40               -   18.58333      -  57.7 14980s
 70882536 2130266     cutoff   42               -   18.59091      -  57.7 14985s
 70897430 2111850     cutoff   37               -   18.60000      -  57.7 14991s
 70917917 2092332   18.90625   31  130          -   18.60000      -  57.7 14996s
 70942190 2071301 infeasible   41               -   18.60000      -  57.7 15002s
 70960034 2065092 infeasible   62               -   18.60331      -  57.7 15005s
 70971739 2052610     cutoff   32               -   18.60976      -  57.7 15010s
 70990809 2039358     cutoff   40               -   18.61683      -  57.7 15015s
 71003149 2019093     cutoff   52               -   18.62416      -  57.7 15022s
 71016948 2007539     cutoff   33               -   18.62500      -  57.7 15025s
 71043752 1994589 infeasible   33               -   18.63333      -  57.7 15030s
 71061062 1979613     cutoff   40               -   18.64000      -  57.7 15035s
 71076098 1965356     cutoff   48               -   18.64583      -  57.7 15040s
 71093824 1952058 infeasible   35               -   18.65420      -  57.7 15045s
 71110379 1928124 infeasible   33               -   18.66667      -  57.7 15052s
 71136974 1904079 infeasible   41               -   18.66667      -  57.7 15057s
 71150093 1892385 infeasible   38               -   18.66667      -  57.7 15060s
 71188116 1857961   19.00000   40   37          -   18.66667      -  57.7 15066s
 71213244 1836002     cutoff   48               -   18.66667      -  57.7 15071s
 71237624 1813772     cutoff   45               -   18.66667      -  57.7 15075s
 71272997 1782692 infeasible   58               -   18.66667      -  57.7 15081s
 71297863 1769444 infeasible   51               -   18.66946      -  57.7 15085s
 71311242 1757269     cutoff   38               -   18.67949      -  57.7 15090s
 71330038 1740879     cutoff   39               -   18.68889      -  57.7 15095s
 71347919 1715080     cutoff   37               -   18.69955      -  57.7 15102s
 71367111 1706342 infeasible   33               -   18.70455      -  57.7 15105s
 71379866 1686312     cutoff   40               -   18.71345      -  57.7 15110s
 71408571 1670452     cutoff   38               -   18.71929      -  57.7 15115s
 71428112 1652901 infeasible   34               -   18.72727      -  57.7 15120s
 71443869 1638516     cutoff   47               -   18.73770      -  57.6 15125s
 71458336 1615603 infeasible   50               -   18.75000      -  57.6 15131s
 71484324 1591581     cutoff   31               -   18.75000      -  57.6 15135s
 71509777 1568196     cutoff   42               -   18.75000      -  57.6 15140s
 71546756 1534075     cutoff   42               -   18.75000      -  57.6 15146s
 71571680 1520932 infeasible   45               -   18.75000      -  57.6 15150s
 71589023 1504533     cutoff   44               -   18.76596      -  57.6 15155s
 71603702 1481187     cutoff   38               -   18.77632      -  57.6 15161s
 71630703 1466233     cutoff   36               -   18.78947      -  57.6 15165s
 71642685 1445180     cutoff   44               -   18.80000      -  57.6 15170s
 71680599 1418232     cutoff   34               -   18.80000      -  57.6 15175s
 71700119 1400774     cutoff   54               -   18.81579      -  57.6 15180s
 71722748 1369814 infeasible   35               -   18.83333      -  57.6 15186s
 71748016 1347147 infeasible   41               -   18.83333      -  57.6 15190s
 71773994 1330995 infeasible   42               -   18.84906      -  57.6 15195s
 71799329 1307432     cutoff   44               -   18.86111      -  57.6 15200s
 71825470 1281773 infeasible   34               -   18.87500      -  57.6 15205s
 71850334 1258612 infeasible   61               -   18.89474      -  57.5 15210s
 71878136 1228916     cutoff   50               -   18.91667      -  57.5 15215s
 71905414 1205714 infeasible   49               -   18.94118      -  57.5 15220s
 71929627 1182278 infeasible   45               -   18.97436      -  57.5 15225s
 71951857 1151304 infeasible   47               -   19.00000      -  57.5 15230s
 71989426 1115458 infeasible   31               -   19.00000      -  57.5 15235s
 72050965 1056205 infeasible   54               -   19.00000      -  57.5 15240s
 72110912 998154 infeasible   40               -   19.00000      -  57.4 15245s
 72170574 940107     cutoff   34               -   19.00000      -  57.4 15250s
 72218252 893609 infeasible   33               -   19.00000      -  57.4 15255s
 72278188 835796 infeasible   48               -   19.00000      -  57.3 15260s
 72337919 777812 infeasible   37               -   19.00000      -  57.3 15266s
 72386018 731173 infeasible   40               -   19.00000      -  57.3 15270s
 72445756 673294     cutoff   37               -   19.00000      -  57.2 15275s
 72493287 627081 infeasible   41               -   19.00000      -  57.2 15280s
 72552850 569036 infeasible   43               -   19.00000      -  57.2 15285s
 72600838 522510 infeasible   40               -   19.00000      -  57.1 15290s
 72648271 476483 infeasible   36               -   19.00000      -  57.1 15295s
 72708092 418410 infeasible   64               -   19.00000      -  57.1 15301s
 72755938 372331 infeasible   41               -   19.00000      -  57.1 15306s
 72800025 329641     cutoff   31               -   19.00000      -  57.0 15311s

Cutting planes:
  Gomory: 27
  Implied bound: 770
  MIR: 74
  Zero half: 352
  Relax-and-lift: 11

Explored 72838790 nodes (4152981984 simplex iterations) in 15314.38 seconds (22539.35 work units)
Thread count was 24 (of 64 available processors)

Solution count 0

Model objective exceeds cutoff
Best objective -, best bound 1.950000000205e+01, gap -

Gurobi 13.0.3 (linux64) logging started Thu Oct  1 03:07:32 2026

Set parameter LogFile to value "W7_m56-100_38_n360k24d20w7_dX_20-24_gurobi.log"
Set parameter Threads to value 24
Set parameter NodefileStart to value 60
Set parameter NodefileDir to value "."
Set parameter SoftMemLimit to value 60
Set parameter Cutoff to value 19.5
Set parameter MIPFocus to value 3
Set parameter Symmetry to value 2
Gurobi Optimizer version 13.0.3 build v13.0.3rc0 (linux64 - "Ubuntu 24.04.4 LTS")

CPU model: AMD Ryzen Threadripper PRO 9975WX 32-Cores, instruction set [SSE2|AVX|AVX2|AVX512]
Thread count: 32 physical cores, 64 logical processors, using up to 24 threads

Non-default parameters:
Cutoff  19.5
SoftMemLimit  60
MIPFocus  3
NodefileStart  60
Symmetry  2
Threads  24

Optimize a model with 181 rows, 541 columns and 1511 nonzeros (Min)
Model fingerprint: 0xfb9e0f3d
Model has 360 linear objective coefficients
Variable types: 0 continuous, 541 integer (360 binary)
Coefficient statistics:
  Matrix range     [1e+00, 2e+00]
  Objective range  [1e+00, 1e+00]
  Bounds range     [1e+00, 4e+01]
  RHS range        [1e+00, 1e+00]

Presolve time: 0.00s
Presolved: 181 rows, 541 columns, 1511 nonzeros
Variable types: 0 continuous, 541 integer (360 binary)
Root relaxation presolve removed 181 rows and 541 columns
Root relaxation presolve: All rows and columns removed

Root relaxation: objective 1.000000e+00, 0 iterations, 0.00 seconds (0.00 work units)

    Nodes    |    Current Node    |     Objective Bounds      |     Work
 Expl Unexpl |  Obj  Depth IntInf | Incumbent    BestBd   Gap | It/Node Time

     0     0    1.00000    0    4          -    1.00000      -     -    0s
     0     0    1.00000    0    3          -    1.00000      -     -    0s
     0     0    1.00000    0    3          -    1.00000      -     -    0s
     0     0    2.00000    0    3          -    2.00000      -     -    0s
     0     0    2.00000    0    3          -    2.00000      -     -    0s
     0     2    2.00000    0    3          -    2.00000      -     -    0s
  4636  4128    9.12719   68  161          -    5.00000      -  78.9    5s
 13349 10715   11.56632   39  188          -    8.65615      -  87.8   10s
 28422 22272   12.00000   31    7          -    8.85425      -  79.4   15s
 37802 28337   10.84776   43  221          -    8.99689      -  78.2   20s
 40547 31461   13.65857   42  207          -    9.02334      -  78.9   25s
 61352 45038   10.59091   35   58          -    9.18218      -  76.0   30s
 78900 56458   11.50000   48   20          -    9.30608      -  74.4   35s
 102981 68987   10.59920   64  228          -    9.47577      -  72.7   40s
 119787 77333   14.50000   51   48          -    9.59457      -  71.6   45s
 131374 83813   13.57895   60  144          -    9.70588      -  70.9   50s
 155760 96440   15.05546   65  140          -    9.98180      -  69.1   55s
 180503 108752   14.28467   38  148          -   10.23713      -  67.4   60s
 204444 121460 infeasible   81               -   10.50374      -  66.4   65s
 230132 135616   13.37268   36  138          -   10.82484      -  65.5   70s
 252612 147847   14.66667   70   46          -   11.00000      -  65.2   75s
 273080 159710   14.43750   29   84          -   11.17241      -  64.9   80s
 298040 174072   12.07268   38  174          -   11.36783      -  64.8   85s
 319169 185561   14.64706   43  117          -   11.50000      -  64.8   90s
 342260 198285   11.91939   52  210          -   11.60000      -  64.7   95s
 368379 213048   13.31818   63  128          -   11.73972      -  64.6  100s
 392313 226462   12.81169   37  140          -   11.84211      -  64.7  105s
 414788 238664   13.18519   33   92          -   11.94737      -  64.7  110s
 437797 250304   13.63363   44  216          -   12.00000      -  64.8  115s
 459761 261672   12.70360   37  200          -   12.04348      -  64.9  120s
 485640 275935   12.48780   41  127          -   12.14286      -  64.8  125s
 508255 287934   12.30716   32  179          -   12.22222      -  64.7  130s
 530598 299498   12.60136   37  203          -   12.28346      -  64.7  135s
 555702 312296   12.70000   28  113          -   12.35106      -  64.6  140s
 578352 324579   12.94979   30  208          -   12.41606      -  64.6  145s
 599893 336557   14.00000   51    5          -   12.47541      -  64.7  150s
 625015 348569   15.53731   50  151          -   12.50000      -  64.8  155s
 645066 359079   12.65238   42  139          -   12.54525      -  64.8  160s
 670636 372414   14.64545   57  118          -   12.61111      -  64.8  165s
 690541 383417   13.30529   32  189          -   12.66023      -  64.8  170s
 716487 396288   14.34694   62  129          -   12.70283      -  64.8  175s
 739835 408004   14.00000   47   13          -   12.75000      -  64.8  180s
 764162 420487   14.63345   34  217          -   12.79474      -  64.9  185s
 785956 430821   13.45117   55  179          -   12.83333      -  64.9  190s
 809374 442747   13.53091   54  180          -   12.87500      -  65.0  195s
 831851 454425   13.09106   39  269          -   12.91142      -  65.0  200s
 855952 466184   14.63611   40  160          -   12.95455      -  65.0  205s
 875862 476551   16.58696   58  142          -   12.99379      -  65.1  210s
 896694 484746   15.67925   56  129          -   13.00000      -  65.2  215s
 919408 493138   13.05000   28   66          -   13.00000      -  65.3  220s
 941236 502428   13.59167   28  143          -   13.00000      -  65.5  225s
 962930 513616   15.87672   35  154          -   13.05220      -  65.5  230s
 984893 524424   13.55764   32  185          -   13.09090      -  65.6  235s
 1006962 534835   16.66527   42  193          -   13.12500      -  65.7  240s
 1026282 544589   13.77778   30   87          -   13.15258      -  65.7  245s
 1047506 554846   16.34920   38  164          -   13.17722      -  65.9  250s
 1066204 563218   14.84520   38  167          -   13.20000      -  65.9  255s
 1089040 574071   13.68630   66  211          -   13.22612      -  66.0  260s
 1108941 583347   16.01754   42  150          -   13.25000      -  66.1  265s
 1128796 592199   16.50000   56   22          -   13.26573      -  66.2  270s
 1148478 600580   16.20000   37   58          -   13.28767      -  66.3  275s
 1172402 610920   14.00000   33   37          -   13.31624      -  66.4  280s
 1192936 620389   13.45690   35  138          -   13.33333      -  66.5  285s
 1213054 629220   15.11753   30  185          -   13.35000      -  66.5  290s
 1232740 637724   16.51111   36   86          -   13.37256      -  66.6  295s
 1252702 645818   17.85983   27  150          -   13.39286      -  66.7  300s
 1274747 655570   16.00000   55   14          -   13.41379      -  66.8  305s
 1296953 664853   19.00000   50    1          -   13.43478      -  66.9  310s
 1318811 674396   14.99113   30  187          -   13.45602      -  67.0  315s
 1338475 682571   14.94784   55  153          -   13.47541      -  67.1  320s
 1358240 691038   16.36667   36  163          -   13.50000      -  67.2  325s
 1381044 699919   18.00000   36   38          -   13.50000      -  67.3  330s
 1401808 707521   14.00000   79    1          -   13.50000      -  67.3  335s
 1419857 714806   14.60345   75  152          -   13.50943      -  67.5  340s
 1440083 723413   14.33333   33   79          -   13.53312      -  67.5  345s
 1459742 731773   16.91866   30  160          -   13.55286      -  67.6  350s
 1477649 739048   16.27714   40  175          -   13.57018      -  67.7  355s
 1499398 747836   18.23589   46  168          -   13.58824      -  67.8  360s
 1514866 753911   15.25373   43  163          -   13.60000      -  67.8  365s
 1527348 757988   16.91667   46  192          -   13.61491      -  67.8  370s
 1528270 758589   14.84545   34  164          -   13.61846      -  67.9  375s
 1531623 760455   16.75000   58   30          -   13.62222      -  67.9  380s
 1539693 764413   14.60735   43  243          -   13.62500      -  67.9  385s
 1556713 770759     cutoff   48               -   13.64286      -  67.9  390s
 1574225 777618   18.06667   56  142          -   13.65962      -  68.0  395s
 1596929 786199   15.90625   40  125          -   13.66667      -  68.0  400s
 1616668 793916   16.41115   45  202          -   13.68293      -  68.1  405s
 1634035 800966   15.62500   32  128          -   13.69907      -  68.2  410s
 1654257 808972   14.59615   48  132          -   13.71429      -  68.2  415s
 1673304 816649   14.50000   35   22          -   13.72997      -  68.3  420s
 1692657 824358 infeasible   56               -   13.74891      -  68.4  425s
 1714102 832052   17.33333   46  129          -   13.75221      -  68.4  430s
 1732790 839292   17.50000   49   21          -   13.76995      -  68.4  435s
 1753457 847293   15.76048   42  159          -   13.78829      -  68.5  440s
 1773512 855035   15.33565   45  155          -   13.80000      -  68.6  445s
 1794910 863288   14.54255   32  153          -   13.81896      -  68.6  450s
 1814854 870678   16.66223   38  205          -   13.83333      -  68.7  455s
 1835811 879017   14.00000   35   39          -   13.84898      -  68.7  460s
 1855385 885964   14.58650   42  176          -   13.86400      -  68.7  465s
 1876248 894487   15.92973   37  176          -   13.87866      -  68.7  470s
 1895955 901744   16.81818   60   63          -   13.89474      -  68.8  475s
 1916535 909062   16.20588   47  108          -   13.90909      -  68.8  480s
 1936165 916498   16.11565   32  159          -   13.92308      -  68.8  485s
 1957986 924957   16.81818   56   71          -   13.94003      -  68.9  490s
 1980406 933485   15.83634   33  187          -   13.95760      -  68.9  495s
 1999873 940919   14.19912   51  222          -   13.97491      -  68.9  500s
 2016819 947533   15.97754   39  177          -   13.98969      -  69.0  505s
 2038073 955676   16.00000   39  103          -   14.00000      -  69.0  510s
 2059413 963493   14.50000   35   23          -   14.00000      -  69.0  515s
 2078534 969709   16.52291   42  130          -   14.00000      -  69.1  520s
 2103641 977810   18.62500   47   39          -   14.00000      -  69.2  525s
 2128779 985654   18.60000   50   99          -   14.00000      -  69.2  530s
 2148119 991583   16.07209   40  226          -   14.00000      -  69.2  535s
 2169899 998760   18.22906   47  184          -   14.00000      -  69.3  540s
 2189438 1006028   16.50000   52   21          -   14.00000      -  69.3  545s
 2209412 1013621   17.34084   61  157          -   14.01806      -  69.4  550s
 2229204 1021156 infeasible   55               -   14.03812      -  69.4  555s
 2248517 1028504   14.22667   47  215          -   14.05578      -  69.4  560s
 2271330 1037016   15.50976   34  171          -   14.07557      -  69.3  565s
 2291521 1044566   14.82258   37  110          -   14.09091      -  69.3  570s
 2314172 1053039   15.73333   71   55          -   14.10870      -  69.3  575s
 2333720 1060075   16.40992   59  162          -   14.12315      -  69.3  580s
 2356446 1068092   16.17134   40  159          -   14.13793      -  69.3  585s
 2377455 1075437   16.10138   35  178          -   14.15217      -  69.3  590s
 2400376 1084239   16.50000   46   18          -   14.16667      -  69.3  595s
 2422240 1092497   15.93210   37  196          -   14.17983      -  69.3  600s
 2436822 1096727   15.22381   69  135          -   14.19231      -  69.3  605s
 2437039 1096891   16.33333   58   27          -   14.19565      -  69.3  610s
 2437276 1097090   16.00000   70   13          -   14.20000      -  69.3  615s
 2438264 1097661   18.47534   44  160          -   14.20000      -  69.4  620s
 2447308 1101819   16.44722   64  180          -   14.20000      -  69.3  625s
 2470600 1109969   14.72097   40  194          -   14.21875      -  69.3  630s
 2490286 1117175   15.71239   57  152          -   14.23374      -  69.3  635s
 2513390 1125394     cutoff   61               -   14.25000      -  69.3  640s
 2534239 1132299   15.53768   28  174          -   14.25000      -  69.3  645s
 2556022 1140266   15.14075   41  168          -   14.26667      -  69.3  650s
 2578377 1148379   18.17308   41  101          -   14.28070      -  69.3  655s
 2598185 1155211   16.72682   57  178          -   14.29216      -  69.3  660s
 2620457 1163302   15.35000   46   75          -   14.30523      -  69.3  665s
 2643424 1171869   18.00000   58   31          -   14.32039      -  69.3  670s
 2666606 1179559     cutoff   72               -   14.33333      -  69.3  675s
 2689443 1186353   17.07999   63  184          -   14.33333      -  69.3  680s
 2710648 1194007   17.25363   42  175          -   14.34437      -  69.3  685s
 2730368 1201113     cutoff   56               -   14.35714      -  69.3  690s
 2752435 1209384     cutoff   69               -   14.37130      -  69.3  695s
 2774803 1217564     cutoff   64               -   14.38222      -  69.3  700s
 2794554 1224458   15.46321   32  208          -   14.39394      -  69.2  705s
 2817401 1232284   15.32579   28  126          -   14.40079      -  69.2  710s
 2837327 1239609   15.88997   36  227          -   14.41442      -  69.2  715s
 2862405 1248215   16.47614   32  201          -   14.42857      -  69.2  720s
 2882133 1255426   15.48170   40  200          -   14.43781      -  69.2  725s
 2902353 1262682   15.10035   43  178          -   14.44966      -  69.2  730s
 2922103 1269696   15.15266   49  237          -   14.46118      -  69.2  735s
 2944757 1277814   16.49205   33  167          -   14.47368      -  69.2  740s
 2964920 1285578   15.11837   37  150          -   14.48649      -  69.2  745s
 2988105 1292969   16.09547   52  211          -   14.50000      -  69.2  750s
 3010764 1299130   15.00000   55   10          -   14.50000      -  69.2  755s
 3033053 1305386   17.14286   79   88          -   14.50000      -  69.2  760s
 3053327 1311286   16.23508   43  179          -   14.50000      -  69.3  765s
 3073063 1316737 infeasible   69               -   14.50000      -  69.3  770s
 3093214 1322638   18.16762   40  194          -   14.50000      -  69.3  775s
 3114909 1330296   15.48417   33  164          -   14.51648      -  69.3  780s
 3133367 1336967   14.63768   49  197          -   14.52941      -  69.3  785s
 3155342 1344702   14.94827   41  184          -   14.54217      -  69.3  790s
 3175340 1351827   17.16071   47  163          -   14.55491      -  69.3  795s
 3197967 1360235   15.75000   39   50          -   14.56667      -  69.3  800s
 3220501 1368115   17.07429   42  141          -   14.57778      -  69.2  805s
 3240121 1374994   16.42951   46  249          -   14.58724      -  69.2  810s
 3263271 1382982   15.00000   54    7          -   14.60000      -  69.2  815s
 3284765 1390346   15.26757   40  187          -   14.60708      -  69.2  820s
 3304904 1397345   15.75594   36  150          -   14.61749      -  69.2  825s
 3327049 1404782   15.68453   34  212          -   14.62562      -  69.2  830s
 3348932 1412300   15.04856   31  269          -   14.63745      -  69.2  835s
 3370051 1419854     cutoff   64               -   14.64777      -  69.2  840s
 3389787 1426588   15.92469   45  209          -   14.65789      -  69.2  845s
 3410579 1433148   15.50000   29   23          -   14.66667      -  69.2  850s
 3433038 1439278     cutoff   59               -   14.66667      -  69.2  855s
 3455725 1446165   15.27966   35  105          -   14.67188      -  69.2  860s
 3474610 1452926   15.15680   33  184          -   14.68269      -  69.2  865s
 3495034 1460226   16.78571   61  146          -   14.69264      -  69.2  870s
 3517088 1467683   15.13333   47  102          -   14.70259      -  69.2  875s
 3538947 1475049   16.78571   40   66          -   14.71429      -  69.2  880s
 3559705 1481765   16.43484   34  188          -   14.72109      -  69.2  885s
 3580563 1488705   15.39201   33  176          -   14.73081      -  69.2  890s
 3599876 1495494   17.12766   65   88          -   14.74041      -  69.2  895s
 3622131 1502601   15.99187   53  152          -   14.75000      -  69.2  900s
 3642315 1507889   18.50000   67   23          -   14.75000      -  69.2  905s
 3664258 1515050   15.45968   32  153          -   14.75556      -  69.2  910s
 3681627 1520849   16.32406   46  168          -   14.76471      -  69.2  915s
 3703791 1527393     cutoff   67               -   14.77434      -  69.2  920s
 3726114 1534720   15.06538   53  123          -   14.78367      -  69.2  925s
 3746302 1541396   17.10451   54  161          -   14.79292      -  69.2  930s
 3766086 1547480   16.90476   37  107          -   14.80000      -  69.2  935s
 3788405 1554571   16.85359   50  168          -   14.80544      -  69.2  940s
 3807912 1561288   15.50368   34  197          -   14.81400      -  69.2  945s
 3830100 1568872   15.45000   30  164          -   14.82312      -  69.2  950s
 3850074 1575783   15.73099   30  248          -   14.83203      -  69.2  955s
 3870500 1581571   15.62277   63  150          -   14.83333      -  69.3  960s
 3890007 1588584   15.90399   57  203          -   14.84211      -  69.2  965s
 3910359 1595270     cutoff   62               -   14.85000      -  69.2  970s
 3932729 1602411   16.52137   47  161          -   14.85714      -  69.3  975s
 3952358 1608732   17.50000   63   30          -   14.86538      -  69.3  980s
 3972109 1615389   17.00000   51    9          -   14.87500      -  69.3  985s
 3994107 1622121   16.50000   44   21          -   14.88000      -  69.3  990s
 4013727 1628859   18.50283   41  204          -   14.88889      -  69.3  995s
 4033756 1635093   16.14659   39  171          -   14.89474      -  69.3 1000s
 4053675 1641240   16.73504   39  206          -   14.90192      -  69.3 1005s
 4073040 1647538   16.00000   47    7          -   14.90909      -  69.3 1010s
 4090336 1653306   16.50000   73   22          -   14.91667      -  69.3 1015s
 4109921 1659383   18.97885   44  141          -   14.92308      -  69.3 1020s
 4127744 1665011   16.93414   47  172          -   14.92857      -  69.3 1025s
 4147635 1671150   15.76867   38  213          -   14.93664      -  69.4 1030s
 4167635 1677528   16.55122   34  209          -   14.94437      -  69.4 1035s
 4187375 1683726   15.32143   39   86          -   14.95183      -  69.4 1040s
 4205585 1689008   15.16667   48   94          -   14.95849      -  69.4 1045s
 4223413 1694710   17.00000   49   11          -   14.96536      -  69.4 1050s
 4243156 1701030   17.93165   50  149          -   14.97287      -  69.4 1055s
 4264317 1707836   17.00000   42    9          -   14.98166      -  69.4 1060s
 4280907 1713013   17.70930   30  193          -   14.98955      -  69.5 1065s
 4298403 1718982   16.51961   35  172          -   14.99897      -  69.5 1070s
 4315931 1722993     cutoff   44               -   15.00000      -  69.5 1075s
 4333432 1726838   15.50000   36   31          -   15.00000      -  69.5 1080s
 4352930 1731077     cutoff   50               -   15.00000      -  69.5 1085s
 4372559 1734571   19.00000   47    1          -   15.00000      -  69.6 1090s
 4392357 1737860   16.94005   36  163          -   15.00000      -  69.6 1095s
 4409573 1740825   16.04381   39  119          -   15.00000      -  69.6 1100s
 4429360 1744336   16.67391   38   96          -   15.00000      -  69.6 1105s
 4446128 1747322   16.30000   33   58          -   15.00000      -  69.7 1110s
 4463893 1750808   18.50981   37  201          -   15.00000      -  69.7 1115s
 4483303 1754263   16.03879   53  140          -   15.00000      -  69.7 1120s
 4503464 1757586 infeasible   79               -   15.00000      -  69.8 1125s
 4520628 1760509   17.55582   34  203          -   15.00000      -  69.8 1130s
 4540120 1764450   15.00000   57   10          -   15.00000      -  69.8 1135s
 4559912 1768619   17.55611   32  164          -   15.00000      -  69.8 1140s
 4579118 1772883     cutoff   39               -   15.00000      -  69.9 1145s
 4595947 1777146   17.00000   71   70          -   15.00362      -  69.9 1150s
 4615026 1783367   17.17105   42  127          -   15.01429      -  69.9 1155s
 4635654 1789908   17.90265   35  158          -   15.02439      -  69.9 1160s
 4655354 1796554   15.79018   50  123          -   15.03333      -  69.9 1165s
 4675037 1802746   17.32318   31  191          -   15.04167      -  69.9 1170s
 4692051 1808482   15.16667   42   95          -   15.04824      -  69.9 1175s
 4711393 1814776   18.00000   43  122          -   15.05556      -  69.9 1180s
 4728414 1819871   18.64120   42  120          -   15.06250      -  69.9 1185s
 4748533 1826784   16.39568   42  169          -   15.06944      -  69.9 1190s
 4768666 1833047   18.52198   33  218          -   15.07645      -  69.9 1195s
 4788148 1839013   16.00000   58   40          -   15.08333      -  69.9 1200s
 4807432 1845147   17.19472   33   97          -   15.08955      -  69.9 1205s
 4827855 1851417   17.02834   39  173          -   15.09600      -  69.9 1210s
 4847300 1857379   15.31227   35  226          -   15.10150      -  70.0 1215s
 4864697 1862492     cutoff   48               -   15.10793      -  70.0 1220s
 4883948 1867880     cutoff   35               -   15.11354      -  70.0 1225s
 4903668 1873814   15.78756   44  218          -   15.12027      -  70.0 1230s
 4922015 1879222   17.41443   38  176          -   15.12500      -  70.0 1235s
 4942645 1885326   16.00000   61    9          -   15.13043      -  70.0 1240s
 4960148 1890516     cutoff   45               -   15.13617      -  70.0 1245s
 4979950 1896452   15.66746   33  182          -   15.14286      -  70.0 1250s
 4999840 1901893   16.31720   44  170          -   15.14688      -  70.0 1255s
 5016537 1906756   16.48000   36  165          -   15.15193      -  70.0 1260s
 5035844 1911854   16.92308   39  122          -   15.15789      -  70.0 1265s
 5051973 1916803   17.17130   52  151          -   15.16384      -  70.1 1270s
 5072946 1921986   16.16667   49   58          -   15.16667      -  70.1 1275s
 5091879 1927443   16.00000   31    9          -   15.17107      -  70.1 1280s
 5111541 1933008 infeasible   64               -   15.17750      -  70.1 1285s
 5129264 1937761   17.56090   39  112          -   15.18190      -  70.1 1290s
 5146692 1942739   15.80311   34  113          -   15.18798      -  70.1 1295s
 5163844 1947571   16.99330   44  198          -   15.19329      -  70.1 1300s
 5180791 1952443   19.00000   31    7          -   15.19959      -  70.2 1305s
 5198947 1956395   17.98529   45  110          -   15.20000      -  70.2 1310s
 5214618 1960791   16.00000   51    6          -   15.20463      -  70.2 1315s
 5232460 1965375   16.96154   45   95          -   15.21046      -  70.2 1320s
 5249589 1970088   17.78178   46  188          -   15.21505      -  70.2 1325s
 5267569 1975168   19.00000   41    1          -   15.22124      -  70.2 1330s
 5284910 1979374   16.60969   34  160          -   15.22535      -  70.3 1335s
 5301667 1983771   17.59816   33  150          -   15.23077      -  70.3 1340s
 5319724 1988578     cutoff   50               -   15.23551      -  70.3 1345s
 5336841 1993053   18.53202   40  129          -   15.24098      -  70.3 1350s
 5353723 1997518     cutoff   50               -   15.24663      -  70.3 1355s
 5372242 2001842   16.42017   50  128          -   15.25000      -  70.3 1360s
 5391990 2005977   15.53846   35   78          -   15.25000      -  70.4 1365s
 5409414 2009766   16.40249   47  119          -   15.25000      -  70.4 1370s
 5426402 2014159     cutoff   38               -   15.25494      -  70.4 1375s
 5443667 2018643   16.00000   46   10          -   15.26000      -  70.4 1380s
 5459863 2022904   18.76276   32  224          -   15.26506      -  70.4 1385s
 5477654 2027322   16.05683   44  141          -   15.27017      -  70.4 1390s
 5495213 2031658   16.80684   39  202          -   15.27500      -  70.5 1395s
 5511927 2035769   17.78536   43  177          -   15.28000      -  70.5 1400s
 5529943 2040352   17.39398   45  202          -   15.28571      -  70.5 1405s
 5548463 2044779   17.38636   52   85          -   15.28814      -  70.5 1410s
 5565374 2048983   18.38559   42  116          -   15.29310      -  70.5 1415s
 5583904 2053733   19.00000   42    1          -   15.29942      -  70.6 1420s
 5601026 2057597   18.68852   47  181          -   15.30252      -  70.6 1425s
 5620639 2062343   15.75000   39   58          -   15.30769      -  70.6 1430s
 5637176 2066299   18.43590   73  135          -   15.31250      -  70.6 1435s
 5655067 2070733   18.34099   36  179          -   15.31739      -  70.6 1440s
 5671620 2075038   16.30000   41   50          -   15.32204      -  70.7 1445s
 5687996 2079048   15.47149   42  248          -   15.32702      -  70.7 1450s
 5705695 2083236   18.15444   53  154          -   15.33333      -  70.7 1455s
 5727093 2086931   17.45718   34  137          -   15.33333      -  70.7 1460s
 5744772 2089926     cutoff   32               -   15.33333      -  70.8 1465s
 5763783 2093545     cutoff   56               -   15.33333      -  70.8 1470s
 5781700 2097680   18.75401   42  190          -   15.33636      -  70.8 1475s
 5800094 2102149   15.34483   49  192          -   15.34226      -  70.8 1480s
 5817361 2106301   18.36250   59  104          -   15.34737      -  70.8 1485s
 5833991 2110185   16.85714   34  119          -   15.35196      -  70.9 1490s
 5844428 2112421   16.14608   39  171          -   15.35484      -  70.9 1495s
 5861207 2116302   18.50000   63  131          -   15.35953      -  70.9 1500s
 5877897 2119783   17.50000   52   26          -   15.36364      -  70.9 1505s
 5896246 2124298   15.60000   43  118          -   15.36884      -  70.9 1510s
 5910331 2127773   17.87973   38  171          -   15.37349      -  71.0 1515s
 5930496 2132270   17.63158   39  155          -   15.37563      -  71.0 1520s
 5945940 2136399   16.50000   46   39          -   15.38053      -  71.0 1525s
 5963390 2140403     cutoff   49               -   15.38462      -  71.0 1530s
 5982164 2144823   16.48864   43  191          -   15.38953      -  71.0 1535s
 5998541 2148428   17.50259   59  128          -   15.39405      -  71.1 1540s
 6014913 2152474   17.30952   51  113          -   15.39939      -  71.1 1545s
 6034320 2155812   17.05103   32  148          -   15.40000      -  71.1 1550s
 6051990 2159669     cutoff   46               -   15.40329      -  71.1 1555s
 6068446 2163359   16.22074   33  146          -   15.40835      -  71.1 1560s
 6085415 2166922     cutoff   44               -   15.41270      -  71.1 1565s
 6103813 2171045   19.00000   52    1          -   15.41667      -  71.2 1570s
 6120405 2174774   16.67973   53  229          -   15.42157      -  71.2 1575s
 6137682 2178786     cutoff   51               -   15.42637      -  71.2 1580s
 6157411 2182709   16.60032   39  124          -   15.42857      -  71.2 1585s
 6173570 2186352     cutoff   45               -   15.43333      -  71.3 1590s
 6181136 2187480   16.77841   41  191          -   15.43586      -  71.3 1595s
 6181324 2187577   15.55749   40  215          -   15.43652      -  71.3 1600s
 6181515 2187678     cutoff   53               -   15.43750      -  71.3 1605s
 6181633 2187755   15.91667   46  175          -   15.43750      -  71.3 1610s
 6181748 2187830   16.50000   46   21          -   15.43750      -  71.3 1616s
 6181837 2187885   18.44430   50  195          -   15.43750      -  71.3 1621s
 6181963 2187957     cutoff   39               -   15.43802      -  71.3 1627s
 6182388 2188113   15.90217   42  190          -   15.43835      -  71.3 1631s
 6183109 2188281   18.67047   45  196          -   15.43860      -  71.3 1636s
 6184714 2188711   18.41561   47  139          -   15.43902      -  71.3 1641s
 6188022 2189286   15.50000   57   23          -   15.43939      -  71.3 1646s
 6193586 2191078   17.47752   52  165          -   15.44000      -  71.3 1651s
 6200376 2192777   18.87110   49  198          -   15.44118      -  71.3 1655s
 6216891 2195745   17.79449   46  203          -   15.44545      -  71.3 1660s
 6231771 2198844   16.57621   34  159          -   15.45000      -  71.4 1665s
 6249695 2202421   18.42850   47  169          -   15.45455      -  71.4 1670s
 6268198 2206238   17.08947   44  168          -   15.45946      -  71.4 1675s
 6282855 2209264   18.56410   47  176          -   15.46285      -  71.4 1680s
 6299825 2212560   16.99772   49  190          -   15.46696      -  71.4 1685s
 6315948 2216289   18.28434   35  177          -   15.47149      -  71.5 1690s
 6330574 2219348     cutoff   52               -   15.47514      -  71.5 1695s
 6347325 2222954     cutoff   41               -   15.48000      -  71.5 1700s
 6364409 2226657   18.39040   46  165          -   15.48451      -  71.5 1705s
 6381302 2230275     cutoff   51               -   15.48936      -  71.6 1710s
 6397672 2234005   17.00000   38   10          -   15.49467      -  71.6 1715s
 6415078 2237649   17.93750   38   75          -   15.50000      -  71.6 1720s
 6433989 2241006   18.42992   40  198          -   15.50000      -  71.6 1725s
 6453177 2244508   17.00000   31   12          -   15.50000      -  71.6 1730s
 6472645 2247409   16.96243   76  139          -   15.50000      -  71.6 1735s
 6492611 2250292   15.70297   45  181          -   15.50000      -  71.6 1740s
 6512533 2253084   17.93826   33  226          -   15.50000      -  71.7 1745s
 6529995 2255905   17.00000   35   11          -   15.50000      -  71.7 1750s
 6549815 2259027   15.95833   38  152          -   15.50000      -  71.7 1755s
 6569675 2261924   16.61493   48  173          -   15.50000      -  71.7 1760s
 6588910 2264975   15.50000   62   67          -   15.50000      -  71.7 1765s
 6606545 2268085   16.00000   44   14          -   15.50000      -  71.7 1770s
 6624555 2271408   17.62380   44  186          -   15.50250      -  71.7 1775s
 6640836 2274669   18.44706   47  207          -   15.50831      -  71.8 1780s
 6655093 2277679   17.60210   32  162          -   15.51276      -  71.8 1785s
 6671803 2281248     cutoff   47               -   15.51796      -  71.8 1790s
 6689213 2284560   16.53883   42  250          -   15.52273      -  71.8 1795s
 6703999 2287541 infeasible   41               -   15.52698      -  71.8 1800s
 6721503 2291195     cutoff   55               -   15.53191      -  71.9 1805s
 6738563 2294761   16.54386   44  131          -   15.53659      -  71.9 1810s
 6755871 2298611   16.69388   46  112          -   15.54094      -  71.9 1815s
 6772956 2302224   16.93929   39  144          -   15.54545      -  71.9 1820s
 6788838 2305525 infeasible   52               -   15.54955      -  71.9 1825s
 6805713 2308686 infeasible   50               -   15.55417      -  71.9 1830s
 6823632 2312352   17.06758   49  228          -   15.55709      -  71.9 1835s
 6837616 2315243   16.22222   59  133          -   15.56148      -  72.0 1840s
 6855282 2319026   18.00000   50    5          -   15.56593      -  72.0 1845s
 6873309 2322624   16.40940   45  121          -   15.57143      -  72.0 1850s
 6890795 2325922 infeasible   56               -   15.57263      -  72.0 1855s
 6908684 2329785     cutoff   51               -   15.57812      -  72.0 1860s
 6923879 2332772   16.90000   40   78          -   15.58227      -  72.0 1865s
 6940364 2336006   16.48087   33  162          -   15.58550      -  72.1 1870s
 6956687 2339462   19.50000   54   27          -   15.58975      -  72.1 1875s
 6974211 2342885     cutoff   45               -   15.59446      -  72.1 1880s
 6988767 2345938   19.20000   49  122          -   15.59930      -  72.1 1885s
 7008800 2349339   16.48000   47  105          -   15.60000      -  72.1 1890s
 7027375 2352571     cutoff   53               -   15.60204      -  72.1 1895s
 7043475 2355885   17.07073   61  161          -   15.60680      -  72.1 1900s
 7061373 2359226   17.47024   54  213          -   15.61111      -  72.2 1905s
 7078520 2362722   17.32395   56  176          -   15.61538      -  72.2 1910s
 7095074 2365792     cutoff   52               -   15.62013      -  72.2 1915s
 7109207 2368842   19.00000   44    1          -   15.62466      -  72.2 1920s
 7129581 2372732     cutoff   51               -   15.62500      -  72.2 1925s
 7144239 2375781     cutoff   57               -   15.62966      -  72.2 1930s
 7161804 2378964   16.47368   53  214          -   15.63425      -  72.2 1935s
 7178568 2382195     cutoff   47               -   15.63718      -  72.3 1940s
 7196175 2385794   17.92803   44  155          -   15.64280      -  72.3 1945s
 7213478 2388797   18.00000   54    4          -   15.64615      -  72.3 1950s
 7231029 2391911   16.23465   36  179          -   15.65000      -  72.3 1955s
 7247126 2395131   15.85902   37  211          -   15.65432      -  72.3 1960s
 7261770 2398216 infeasible   53               -   15.65830      -  72.3 1965s
 7278148 2401498   16.47597   47  163          -   15.66316      -  72.4 1970s
 7295075 2404498     cutoff   43               -   15.66667      -  72.4 1975s
 7315395 2407466   17.69281   34  144          -   15.66667      -  72.4 1980s
 7333096 2409852     cutoff   64               -   15.66667      -  72.4 1985s
 7353126 2412503   18.18182   41   67          -   15.66667      -  72.4 1990s
 7372328 2415341   16.34960   42  183          -   15.66667      -  72.4 1995s
 7388619 2418258   18.82658   35  165          -   15.67164      -  72.4 2000s
 7403475 2420834 infeasible   44               -   15.67592      -  72.4 2005s
 7420353 2423827   16.81640   54  180          -   15.68075      -  72.4 2010s
 7437084 2426874   16.09705   33  169          -   15.68482      -  72.5 2015s
 7454138 2430003   17.50000   51   39          -   15.68896      -  72.5 2020s
 7472121 2433151   18.83903   44  147          -   15.69307      -  72.5 2025s
 7488318 2436521   17.06582   40  172          -   15.69721      -  72.5 2030s
 7507268 2439906   16.76316   35  106          -   15.70000      -  72.5 2035s
 7522338 2442759   18.65531   35  151          -   15.70370      -  72.5 2040s
 7539669 2446258     cutoff   48               -   15.70792      -  72.5 2045s
 7559087 2449819   18.15385   66  183          -   15.71290      -  72.6 2050s
 7576557 2452821   17.68318   39  172          -   15.71429      -  72.6 2055s
 7594287 2456267     cutoff   56               -   15.71860      -  72.6 2060s
 7609368 2458842   16.67105   40   96          -   15.72222      -  72.6 2065s
 7626220 2461816     cutoff   58               -   15.72650      -  72.6 2070s
 7643728 2464738     cutoff   48               -   15.72955      -  72.6 2075s
 7661568 2467985   18.91667   44   84          -   15.73349      -  72.6 2080s
 7680373 2471426     cutoff   54               -   15.73901      -  72.6 2085s
 7698117 2474576   18.36084   54  148          -   15.74336      -  72.7 2090s
 7714848 2477735     cutoff   48               -   15.74815      -  72.7 2095s
 7733153 2480718     cutoff   55               -   15.75000      -  72.7 2100s
 7750773 2483158   17.42174   39  176          -   15.75000      -  72.7 2105s
 7770305 2485895   18.55054   47  155          -   15.75000      -  72.7 2110s
 7787567 2488403   18.33333   51   43          -   15.75000      -  72.7 2115s
 7805278 2491239     cutoff   51               -   15.75316      -  72.7 2120s
 7823068 2494470   15.90440   49  163          -   15.75800      -  72.7 2125s
 7840249 2497541   16.99482   38  192          -   15.76224      -  72.7 2130s
 7857239 2500508   16.63636   36  119          -   15.76653      -  72.8 2135s
 7874605 2503699   16.55617   40  222          -   15.77044      -  72.8 2140s
 7888843 2506290   16.32183   51  196          -   15.77413      -  72.8 2145s
 7907309 2509321     cutoff   56               -   15.77778      -  72.8 2150s
 7921969 2511843   15.90387   49  206          -   15.78095      -  72.8 2155s
 7939396 2515112   17.17669   30  200          -   15.78540      -  72.8 2160s
 7956505 2517921   18.20118   34  200          -   15.78875      -  72.8 2165s
 7973438 2520913   17.40780   48  138          -   15.79310      -  72.8 2170s
 7987713 2523547   16.15880   33  178          -   15.79673      -  72.9 2175s
 8006189 2526671   16.60638   47  128          -   15.80000      -  72.9 2180s
 8023795 2529127   16.51467   62  169          -   15.80000      -  72.9 2185s
 8042421 2531651   17.47585   40  218          -   15.80159      -  72.9 2190s
 8059775 2534740   17.64547   42  214          -   15.80645      -  72.9 2195s
 8073960 2537385     cutoff   55               -   15.80992      -  72.9 2200s
 8091676 2540554   17.00000   41   12          -   15.81356      -  72.9 2205s
 8108456 2543584   17.61111   34  132          -   15.81818      -  72.9 2210s
 8123579 2546100     cutoff   56               -   15.82051      -  72.9 2215s
 8140620 2549205   16.54448   44  151          -   15.82456      -  73.0 2220s
 8155282 2551602     cutoff   60               -   15.82812      -  73.0 2225s
 8172167 2554765     cutoff   50               -   15.83333      -  73.0 2230s
 8190135 2557359   17.00000   58    9          -   15.83333      -  73.0 2235s
 8209938 2560118   16.81837   41  159          -   15.83333      -  73.0 2240s
 8228097 2563309   17.35558   45  151          -   15.83824      -  73.0 2245s
 8245385 2566081   17.45946   35   99          -   15.84211      -  73.0 2250s
 8262275 2568871   17.09883   41  169          -   15.84615      -  73.0 2255s
 8279404 2571608   16.05556   41  148          -   15.85000      -  73.0 2260s
 8298814 2574995     cutoff   61               -   15.85397      -  73.1 2265s
 8316755 2577753 infeasible   51               -   15.85714      -  73.1 2270s
 8332868 2580222   17.88090   49  145          -   15.85795      -  73.1 2275s
 8348830 2583019   16.31074   48  167          -   15.86240      -  73.1 2280s
 8365291 2585887     cutoff   52               -   15.86629      -  73.1 2285s
 8382454 2588710 infeasible   40               -   15.86957      -  73.1 2290s
 8399377 2591814   16.02778   52  160          -   15.87409      -  73.1 2295s
 8415981 2594262   17.20833   46   87          -   15.87500      -  73.1 2300s
 8432328 2596859   17.74074   49  126          -   15.87692      -  73.1 2305s
 8448236 2599813     cutoff   65               -   15.88095      -  73.1 2310s
 8465329 2602736   17.25878   44  179          -   15.88503      -  73.2 2315s
 8479873 2605275   17.07329   42  206          -   15.88889      -  73.2 2320s
 8497795 2607866   16.25281   35  182          -   15.89062      -  73.2 2325s
 8518337 2610958     cutoff   56               -   15.89552      -  73.2 2330s
 8535332 2613954   16.83526   39  160          -   15.90000      -  73.2 2335s
 8553029 2616310 infeasible   50               -   15.90104      -  73.2 2340s
 8569422 2619059   16.99756   45  190          -   15.90476      -  73.2 2345s
 8586695 2621812   16.25926   58  140          -   15.90909      -  73.2 2350s
 8601854 2624350     cutoff   58               -   15.91139      -  73.2 2355s
 8619090 2627261   17.85205   32  181          -   15.91547      -  73.3 2360s
 8637916 2630329   18.60141   54  214          -   15.91807      -  73.3 2365s
 8652136 2632750   17.51829   41  107          -   15.92139      -  73.3 2370s
 8670133 2635752     cutoff   59               -   15.92486      -  73.3 2375s
 8687397 2638598   16.30123   36  174          -   15.92857      -  73.3 2380s
 8704746 2641318   16.09576   38  214          -   15.93193      -  73.3 2385s
 8719685 2643879     cutoff   63               -   15.93478      -  73.3 2390s
 8739132 2647075   16.10345   40  146          -   15.93846      -  73.3 2395s
 8755711 2649707     cutoff   57               -   15.94203      -  73.3 2400s
 8773068 2652446     cutoff   61               -   15.94545      -  73.4 2405s
 8789825 2655223   17.83644   54  223          -   15.94915      -  73.4 2410s
 8806718 2657754   17.96023   28  150          -   15.95238      -  73.4 2415s
 8823916 2660599   16.61807   41  157          -   15.95652      -  73.4 2420s
 8841083 2663543   17.00000   45    1          -   15.96000      -  73.4 2425s
 8856131 2665980   18.00000   57    6          -   15.96353      -  73.4 2430s
 8873855 2668772   16.49436   33  137          -   15.96721      -  73.4 2435s
 8890761 2671711     cutoff   58               -   15.97115      -  73.4 2440s
 8907936 2674375   19.00000   50    6          -   15.97519      -  73.4 2445s
 8924643 2677142   17.00000   40   61          -   15.97917      -  73.5 2450s
 8939804 2679670   16.29262   27  141          -   15.98301      -  73.5 2455s
 8956895 2682548     cutoff   57               -   15.98773      -  73.5 2460s
 8971309 2684662     cutoff   52               -   15.99160      -  73.5 2465s
 8988216 2687646   18.00000   50   18          -   15.99738      -  73.5 2470s
 9004916 2689300 infeasible   48               -   16.00000      -  73.5 2475s
 9022666 2691179   17.06569   37  157          -   16.00000      -  73.5 2480s
 9039785 2692518 infeasible   38               -   16.00000      -  73.5 2485s
 9057277 2693899     cutoff   53               -   16.00000      -  73.6 2490s
 9077168 2695582     cutoff   37               -   16.00000      -  73.6 2495s
 9094744 2696882 infeasible   40               -   16.00000      -  73.6 2500s
 9112168 2697803   17.22727   33   78          -   16.00000      -  73.6 2505s
 9131288 2698429   16.00000   39   14          -   16.00000      -  73.6 2510s
 9148854 2699197   16.00000   40   18          -   16.00000      -  73.6 2515s
 9165552 2699862   17.34936   47  205          -   16.00000      -  73.6 2520s
 9182571 2700530   18.71951   40  146          -   16.00000      -  73.6 2525s
 9199599 2701154   16.66667   85   33          -   16.00000      -  73.7 2530s
 9218958 2701793   17.95294   52  126          -   16.00000      -  73.7 2535s
 9233820 2702251   17.30612   31  168          -   16.00000      -  73.7 2540s
 9251429 2702902   17.00000   44    8          -   16.00000      -  73.7 2545s
 9268778 2703550   18.00000   75   17          -   16.00000      -  73.7 2550s
 9288337 2704198 infeasible   72               -   16.00000      -  73.7 2555s
 9305523 2704933   16.00000   35   11          -   16.00000      -  73.7 2560s
 9324852 2705804   17.00000   65    9          -   16.00000      -  73.8 2565s
 9341651 2706505   16.31842   55  218          -   16.00000      -  73.8 2570s
 9358751 2707440     cutoff   48               -   16.00000      -  73.8 2575s
 9375593 2708112   16.56818   41  120          -   16.00000      -  73.8 2580s
 9393331 2709126 infeasible   33               -   16.00000      -  73.8 2585s
 9412880 2710823   19.00000   62   34          -   16.00000      -  73.8 2590s
 9427830 2711963     cutoff   76               -   16.00000      -  73.8 2595s
 9447134 2713441 infeasible   66               -   16.00000      -  73.8 2600s
 9464019 2714692 infeasible   48               -   16.00000      -  73.9 2605s
 9480926 2716379 infeasible   36               -   16.00086      -  73.9 2610s
 9498226 2719136   16.33607   42  176          -   16.00823      -  73.9 2615s
 9515174 2721872   16.62500   45  117          -   16.01371      -  73.9 2620s
 9532525 2724419     cutoff   51               -   16.01923      -  73.9 2625s
 9549388 2727438   17.14929   41  236          -   16.02418      -  73.9 2630s
 9566650 2730482   16.98357   35  200          -   16.02913      -  73.9 2635s
 9583427 2733300   17.10211   47  182          -   16.03375      -  73.9 2640s
 9600801 2736354   17.00000   46   46          -   16.03843      -  73.9 2645s
 9617229 2739120   16.39734   48  168          -   16.04242      -  73.9 2650s
 9634583 2741764     cutoff   73               -   16.04651      -  73.9 2655s
 9651562 2744600 infeasible   60               -   16.05093      -  73.9 2660s
 9668594 2747466   18.93059   38  176          -   16.05556      -  73.9 2665s
 9687811 2750568   17.98173   32  219          -   16.05970      -  73.9 2670s
 9705337 2753739   16.60450   36  203          -   16.06364      -  73.9 2675s
 9721876 2756578     cutoff   54               -   16.06723      -  73.9 2680s
 9737155 2758894   16.85294   39  103          -   16.07143      -  74.0 2685s
 9754288 2761581   16.26731   37  199          -   16.07500      -  74.0 2690s
 9771440 2764160   17.45903   40  179          -   16.07861      -  74.0 2695s
 9790906 2767135   17.14257   40  196          -   16.08333      -  74.0 2700s
 9808560 2770148 infeasible   50               -   16.08657      -  74.0 2705s
 9825438 2772817   17.11592   38  216          -   16.09075      -  74.0 2710s
 9842537 2775609   16.39316   70  200          -   16.09342      -  74.0 2715s
 9861349 2778592     cutoff   62               -   16.09804      -  74.0 2720s
 9880151 2781090   18.63740   48  153          -   16.10000      -  74.0 2725s
 9896167 2783701   18.49930   44  211          -   16.10417      -  74.0 2730s
 9912628 2786473 infeasible   57               -   16.10781      -  74.0 2735s
 9930518 2789345   18.09459   58  152          -   16.11111      -  74.0 2740s
 9949332 2792337 infeasible   60               -   16.11433      -  74.0 2745s
 9969195 2795271   18.15827   43  127          -   16.11876      -  74.0 2750s
 9985841 2797902   17.59677   36  134          -   16.12292      -  74.0 2755s
 10004387 2800370   16.32032   44  171          -   16.12500      -  74.0 2760s
 10022908 2803129     cutoff   53               -   16.12776      -  74.0 2765s
 10040071 2805986     cutoff   57               -   16.13171      -  74.0 2770s
 10056912 2808402     cutoff   61               -   16.13541      -  74.0 2775s
 10073840 2810861   18.81296   40  188          -   16.13891      -  74.0 2780s
 10093167 2813699     cutoff   66               -   16.14286      -  74.0 2785s
 10113508 2816845   17.50892   43  221          -   16.14516      -  74.0 2790s
 10129041 2819250   16.63413   28  184          -   16.14871      -  74.0 2795s
 10146706 2822006   17.25128   45  123          -   16.15254      -  74.1 2800s
 10166919 2825092   17.42476   31  186          -   16.15625      -  74.1 2805s
 10181479 2827133   16.33176   56  150          -   16.15942      -  74.1 2810s
 10201451 2830320   18.83380   32  207          -   16.16409      -  74.1 2815s
 10217691 2832403   18.04985   46  202          -   16.16667      -  74.1 2820s
 10235973 2834434   18.00000   71    4          -   16.16667      -  74.1 2825s
 10253099 2836642   16.97195   31  224          -   16.16750      -  74.1 2830s
 10269693 2839161   18.63093   41  170          -   16.17193      -  74.1 2835s
 10286959 2841869     cutoff   58               -   16.17573      -  74.1 2840s
 10303840 2844330   16.79426   68  141          -   16.17910      -  74.1 2845s
 10319054 2846438   18.80000   37   67          -   16.18182      -  74.1 2850s
 10336989 2848965 infeasible   57               -   16.18536      -  74.1 2855s
 10351971 2851195   17.54873   35  196          -   16.18778      -  74.1 2860s
 10369122 2853873     cutoff   59               -   16.19178      -  74.1 2865s
 10388508 2856832   18.35008   35  231          -   16.19608      -  74.1 2870s
 10406071 2859168   16.66667   43   29          -   16.20000      -  74.1 2875s
 10423290 2860825   17.87716   33  151          -   16.20000      -  74.1 2880s
 10440285 2862457     cutoff   42               -   16.20000      -  74.1 2885s
 10455970 2864955   17.24051   46  155          -   16.20487      -  74.1 2890s
 10475456 2867635   17.00610   50  134          -   16.20899      -  74.1 2895s
 10492136 2869951   16.55526   51  255          -   16.21276      -  74.1 2900s
 10507184 2872112   17.12133   47  164          -   16.21517      -  74.2 2905s
 10525089 2874498     cutoff   41               -   16.21934      -  74.2 2910s
 10542612 2876791 infeasible   58               -   16.22222      -  74.2 2915s
 10559031 2879079   17.88372   39   99          -   16.22500      -  74.2 2920s
 10576144 2881330     cutoff   41               -   16.22857      -  74.2 2925s
 10592707 2883435 infeasible   46               -   16.23182      -  74.2 2930s
 10607453 2885565   16.89796   41  156          -   16.23529      -  74.2 2935s
 10624457 2887940   18.00000   46    6          -   16.23841      -  74.2 2940s
 10641579 2890481   17.45358   31  176          -   16.24242      -  74.2 2945s
 10658215 2893072   17.03344   45  225          -   16.24648      -  74.2 2950s
 10675438 2895025   16.59491   39  133          -   16.25000      -  74.2 2955s
 10693605 2896479   17.77672   53  196          -   16.25000      -  74.2 2960s
 10710839 2898048   17.29167   50   94          -   16.25000      -  74.2 2965s
 10728025 2899455   17.05263   43  169          -   16.25000      -  74.2 2970s
 10744914 2900945   18.02439   44  118          -   16.25000      -  74.2 2975s
 10761221 2903314   17.37500   33   54          -   16.25225      -  74.2 2980s
 10779852 2905894   19.00000   51    1          -   16.25714      -  74.3 2985s
 10797623 2908133   16.92568   38  156          -   16.26087      -  74.3 2990s
 10815097 2910393   17.50000   74   17          -   16.26471      -  74.3 2995s
 10832072 2912813   18.50000   60   20          -   16.26786      -  74.3 3000s
 10848589 2915037   16.91433   32  179          -   16.27157      -  74.3 3005s
 10868129 2917400   17.76581   38  174          -   16.27491      -  74.3 3010s
 10883030 2919133   17.42358   63  118          -   16.27778      -  74.3 3015s
 10900348 2921513   18.20868   49  127          -   16.28125      -  74.3 3020s
 10916983 2923962     cutoff   48               -   16.28571      -  74.3 3025s
 10935015 2925485   17.74419   46  126          -   16.28571      -  74.3 3030s
 10951058 2927810     cutoff   70               -   16.28906      -  74.3 3035s
 10966210 2929819   17.51262   34  174          -   16.29204      -  74.3 3040s
 10983481 2932131   17.60000   48  121          -   16.29577      -  74.3 3045s
 11000157 2934713   16.61440   64  232          -   16.29975      -  74.3 3050s
 11019956 2936926   16.88933   33  209          -   16.30087      -  74.3 3055s
 11036716 2939259   17.00000   40    1          -   16.30447      -  74.3 3060s
 11056320 2941766   17.50000   37   20          -   16.30822      -  74.4 3065s
 11073427 2944086     cutoff   76               -   16.31250      -  74.4 3070s
 11088283 2945855   18.72346   46  197          -   16.31465      -  74.4 3075s
 11105679 2948104 infeasible   43               -   16.31818      -  74.4 3080s
 11122792 2950398   16.93333   37  104          -   16.32143      -  74.4 3085s
 11140319 2952714   16.50909   35  117          -   16.32479      -  74.4 3090s
 11157710 2955060   18.66667   49   63          -   16.32849      -  74.4 3095s
 11174166 2956969   17.50000   37   23          -   16.33333      -  74.4 3100s
 11193183 2958659   17.22755   49  154          -   16.33333      -  74.4 3105s
 11210130 2959665     cutoff   64               -   16.33333      -  74.4 3110s
 11227225 2960663     cutoff   43               -   16.33333      -  74.4 3115s
 11244861 2961571   16.67797   39  187          -   16.33333      -  74.4 3120s
 11264048 2962609     cutoff   37               -   16.33333      -  74.4 3125s
 11281725 2963587   17.30000   32   63          -   16.33333      -  74.4 3130s
 11298013 2965587     cutoff   41               -   16.33645      -  74.4 3135s
 11315411 2967859   16.64317   43  177          -   16.34091      -  74.4 3140s
 11335370 2970759     cutoff   55               -   16.34513      -  74.4 3145s
 11350067 2972537   16.75632   41  147          -   16.34807      -  74.4 3150s
 11367296 2974541   17.00000   51    5          -   16.35196      -  74.5 3155s
 11384831 2976547   16.49647   52  213          -   16.35537      -  74.5 3160s
 11402514 2978711   16.87571   40  210          -   16.35802      -  74.5 3165s
 11420160 2981074   17.43845   50  166          -   16.36150      -  74.5 3170s
 11436989 2982806     cutoff   37               -   16.36364      -  74.5 3175s
 11450949 2984535     cutoff   56               -   16.36683      -  74.5 3180s
 11468602 2986662   16.86031   60  211          -   16.37049      -  74.5 3185s
 11484586 2988746   17.66667   46  104          -   16.37453      -  74.5 3190s
 11505700 2990534   17.69072   38  114          -   16.37500      -  74.5 3195s
 11521779 2992431   17.51289   38  175          -   16.37736      -  74.5 3200s
 11539143 2994845 infeasible   69               -   16.38095      -  74.5 3205s
 11556930 2997108   16.58763   51  105          -   16.38462      -  74.5 3210s
 11573853 2998975     cutoff   41               -   16.38690      -  74.5 3215s
 11588889 3000670   18.15970   42  143          -   16.38938      -  74.5 3220s
 11606824 3003066   17.68605   37  134          -   16.39286      -  74.5 3225s
 11623635 3005256   17.54758   49  203          -   16.39655      -  74.5 3230s
 11638366 3007064   17.00000   49   35          -   16.40000      -  74.6 3235s
 11655616 3008064   18.52539   39  167          -   16.40000      -  74.6 3240s
 11675407 3009562   16.69430   46  151          -   16.40000      -  74.6 3245s
 11691655 3011446 infeasible   68               -   16.40278      -  74.6 3250s
 11708592 3013508   18.43210   36  143          -   16.40625      -  74.6 3255s
 11725680 3015546   18.56512   38  136          -   16.40919      -  74.6 3260s
 11742141 3017727   17.45587   33  219          -   16.41250      -  74.6 3265s
 11760379 3019766   17.78656   42  146          -   16.41667      -  74.6 3270s
 11776686 3021544   18.00000   41    4          -   16.41746      -  74.6 3275s
 11793745 3023538   17.63816   38  161          -   16.42105      -  74.6 3280s
 11810919 3025475     cutoff   51               -   16.42424      -  74.6 3285s
 11822764 3026683     cutoff   51               -   16.42712      -  74.6 3290s
 11823769 3027031   17.00000   37  117          -   16.42795      -  74.6 3304s
 11828003 3026782   17.41949   49  214          -   16.42811      -  74.6 3312s
 11834337 3027209   17.27993   39  179          -   16.42830      -  74.6 3316s
 11856447 3028386 infeasible   36               -   16.42857      -  74.6 3320s
 11870985 3030287   18.05641   45  151          -   16.43213      -  74.6 3325s
 11888121 3032352     cutoff   36               -   16.43564      -  74.6 3330s
 11905462 3034193 infeasible   54               -   16.43820      -  74.7 3335s
 11920181 3035798   18.18581   42  191          -   16.44118      -  74.7 3340s
 11939555 3037919   16.57895   41  107          -   16.44444      -  74.7 3345s
 11956114 3039739   17.88592   38  193          -   16.44565      -  74.7 3350s
 11972991 3041890     cutoff   52               -   16.44928      -  74.7 3355s
 11989968 3043794   16.86509   41  183          -   16.45218      -  74.7 3360s
 12007523 3045353   17.03422   39  178          -   16.45455      -  74.7 3365s
 12024741 3047436   18.13301   41  219          -   16.45813      -  74.7 3370s
 12042018 3049414   17.67381   39  183          -   16.46130      -  74.7 3375s
 12059559 3051120     cutoff   66               -   16.46364      -  74.7 3380s
 12076542 3052909   16.92000   42  115          -   16.46667      -  74.7 3385s
 12093693 3054937   18.26410   50  195          -   16.47012      -  74.7 3390s
 12110142 3056833   17.35627   40  171          -   16.47309      -  74.7 3395s
 12126781 3058563     cutoff   55               -   16.47619      -  74.8 3400s
 12143999 3060232   18.05455   52  135          -   16.47952      -  74.8 3405s
 12161651 3062409     cutoff   49               -   16.48276      -  74.8 3410s
 12178501 3064170   17.17024   45  147          -   16.48611      -  74.8 3415s
 12196094 3066333   16.80556   33  148          -   16.48976      -  74.8 3420s
 12212982 3068273     cutoff   46               -   16.49381      -  74.8 3425s
 12229236 3070275     cutoff   66               -   16.49865      -  74.8 3430s
 12244567 3071025     cutoff   85               -   16.50000      -  74.8 3435s
 12259848 3071766   18.69330   40  163          -   16.50000      -  74.8 3440s
 12277388 3072628     cutoff   56               -   16.50000      -  74.8 3445s
 12294584 3073021   18.11465   39  124          -   16.50000      -  74.8 3450s
 12311742 3073076     cutoff   75               -   16.50000      -  74.8 3455s
 12326578 3073112     cutoff   51               -   16.50000      -  74.8 3460s
 12346577 3073196   17.51514   43  177          -   16.50000      -  74.8 3465s
 12363085 3072949   16.80000   46  167          -   16.50000      -  74.8 3470s
 12377989 3072859   16.86364   46  116          -   16.50000      -  74.9 3475s
 12395511 3073008     cutoff   44               -   16.50000      -  74.9 3480s
 12410590 3073163 infeasible   43               -   16.50000      -  74.9 3485s
 12429536 3073312     cutoff   62               -   16.50000      -  74.9 3490s
 12444434 3073475   16.60714   46  102          -   16.50000      -  74.9 3495s
 12461880 3073670   18.75233   50  159          -   16.50000      -  74.9 3500s
 12479208 3073771     cutoff   50               -   16.50000      -  74.9 3505s
 12496612 3073954   17.44348   41  152          -   16.50000      -  74.9 3510s
 12514084 3074586   17.66074   39  148          -   16.50000      -  74.9 3515s
 12531186 3075231 infeasible   69               -   16.50000      -  74.9 3520s
 12548304 3075873   17.61065   42  147          -   16.50022      -  74.9 3525s
 12562216 3077326   18.44898   49  158          -   16.50472      -  74.9 3530s
 12579346 3079178   18.37600   41  134          -   16.50909      -  74.9 3535s
 12596108 3081038     cutoff   72               -   16.51274      -  75.0 3540s
 12613407 3082589   18.58007   41  194          -   16.51667      -  75.0 3545s
 12627961 3084171   17.47329   40  160          -   16.51969      -  75.0 3550s
 12647752 3086263     cutoff   53               -   16.52381      -  75.0 3555s
 12662302 3087685     cutoff   46               -   16.52632      -  75.0 3560s
 12681119 3089516     cutoff   70               -   16.53006      -  75.0 3565s
 12696423 3091088   17.45455   37  109          -   16.53333      -  75.0 3570s
 12713526 3092908     cutoff   40               -   16.53631      -  75.0 3575s
 12730575 3094499   18.32886   34  160          -   16.53909      -  75.0 3580s
 12744720 3096104   17.38053   45  144          -   16.54217      -  75.0 3585s
 12762306 3097797     cutoff   56               -   16.54545      -  75.0 3590s
 12779353 3099408   18.11822   37  146          -   16.54839      -  75.0 3595s
 12796410 3101190   16.79641   43  200          -   16.55201      -  75.0 3600s
 12813708 3102926   16.75000   46   38          -   16.55556      -  75.0 3605s
 12828395 3103866   17.67761   47  161          -   16.55618      -  75.0 3610s
 12845094 3105623     cutoff   47               -   16.56000      -  75.1 3615s
 12862805 3107552 infeasible   40               -   16.56266      -  75.1 3620s
 12879809 3109448   18.47422   58  131          -   16.56667      -  75.1 3625s
 12896435 3111191   16.72011   39  159          -   16.57042      -  75.1 3630s
 12912112 3111995   16.66667   40   46          -   16.57143      -  75.1 3635s
 12928944 3113453   18.53922   36  165          -   16.57307      -  75.1 3640s
 12942895 3114948   17.00000   40   16          -   16.57634      -  75.1 3645s
 12960251 3116754   17.61226   34  198          -   16.57944      -  75.1 3650s
 12974627 3118428 infeasible   52               -   16.58266      -  75.1 3655s
 12992161 3119871   17.05006   44  160          -   16.58389      -  75.1 3660s
 13009596 3121792     cutoff   76               -   16.58772      -  75.1 3665s
 13026429 3123425     cutoff   45               -   16.59091      -  75.1 3670s
 13043649 3125285     cutoff   40               -   16.59375      -  75.1 3675s
 13058445 3126736   18.00000   65   10          -   16.59701      -  75.1 3680s
 13076483 3128133   16.77385   46  161          -   16.60000      -  75.1 3685s
 13092970 3128725   18.65904   35  182          -   16.60000      -  75.1 3690s
 13110189 3129260   18.00000   47   58          -   16.60000      -  75.1 3695s
 13126539 3130718   16.98980   38  209          -   16.60194      -  75.1 3700s
 13140599 3132102 infeasible   55               -   16.60526      -  75.2 3705s
 13160522 3133913 infeasible   51               -   16.60894      -  75.2 3710s
 13177786 3135485   16.93526   42  213          -   16.61165      -  75.2 3715s
 13192118 3136940   17.44627   41  182          -   16.61468      -  75.2 3720s
 13209572 3138399   17.21081   52  167          -   16.61723      -  75.2 3725s
 13226473 3140210   18.32216   31  104          -   16.62069      -  75.2 3730s
 13240903 3141779 infeasible   52               -   16.62379      -  75.2 3735s
 13259462 3142867     cutoff   41               -   16.62500      -  75.2 3740s
 13274065 3143624   17.58092   51  169          -   16.62500      -  75.2 3745s
 13290192 3145406     cutoff   63               -   16.62887      -  75.2 3750s
 13308010 3147103     cutoff   44               -   16.63200      -  75.2 3755s
 13324621 3148630   18.41264   42  178          -   16.63551      -  75.2 3760s
 13342362 3149718   18.08931   36  180          -   16.63722      -  75.2 3765s
 13357125 3150934 infeasible   47               -   16.64022      -  75.2 3770s
 13374611 3152094   17.58891   41  138          -   16.64286      -  75.3 3775s
 13390955 3153747     cutoff   67               -   16.64567      -  75.3 3780s
 13410074 3155315   18.00000   46   11          -   16.64921      -  75.3 3785s
 13424631 3156619   17.44934   46  139          -   16.65159      -  75.3 3790s
 13442133 3158259   16.82302   45  239          -   16.65468      -  75.3 3795s
 13459173 3159933   18.58931   48  163          -   16.65789      -  75.3 3800s
 13473963 3161302     cutoff   66               -   16.66089      -  75.3 3805s
 13490906 3163069     cutoff   48               -   16.66514      -  75.3 3810s
 13508647 3163660   17.00000   39   14          -   16.66667      -  75.3 3815s
 13523322 3163620     cutoff   47               -   16.66667      -  75.3 3820s
 13540708 3163629     cutoff   42               -   16.66667      -  75.3 3825s
 13558004 3163707   17.78554   39  155          -   16.66667      -  75.3 3830s
 13574789 3163391   18.17058   48  173          -   16.66667      -  75.3 3835s
 13591859 3163396     cutoff   50               -   16.66667      -  75.3 3840s
 13608694 3163335 infeasible   66               -   16.66667      -  75.3 3845s
 13628580 3164097   17.98118   54  144          -   16.66680      -  75.3 3850s
 13642001 3165377     cutoff   74               -   16.67093      -  75.3 3855s
 13659195 3166927   19.00000   43   45          -   16.67470      -  75.4 3860s
 13674001 3168346   17.62174   41  136          -   16.67742      -  75.4 3865s
 13691040 3169813   17.35000   36  165          -   16.68085      -  75.4 3870s
 13707619 3171240   17.79694   37  189          -   16.68414      -  75.4 3875s
 13722286 3172616   18.00000   60   49          -   16.68687      -  75.4 3880s
 13739426 3173848   18.00000   55  132          -   16.68932      -  75.4 3885s
 13756397 3175132   18.66667   39   99          -   16.69231      -  75.4 3890s
 13772734 3176610   17.40000   39  103          -   16.69488      -  75.4 3895s
 13790506 3178138   18.00000   42    6          -   16.69831      -  75.4 3900s
 13804962 3178903     cutoff   40               -   16.70000      -  75.4 3905s
 13821873 3180172   18.98695   43  190          -   16.70157      -  75.4 3910s
 13838550 3181644   17.09370   50  224          -   16.70491      -  75.4 3915s
 13853209 3182718   17.61061   38  191          -   16.70732      -  75.4 3920s
 13870318 3184015     cutoff   39               -   16.71028      -  75.5 3925s
 13887033 3185432   17.99151   48  232          -   16.71429      -  75.5 3930s
 13907063 3185955   18.39031   43  121          -   16.71429      -  75.5 3935s
 13921417 3186874   18.13612   37  186          -   16.71602      -  75.5 3940s
 13937982 3188433   18.00000   43   74          -   16.71919      -  75.5 3945s
 13955425 3189638 infeasible   42               -   16.72222      -  75.5 3950s
 13969736 3190831     cutoff   37               -   16.72464      -  75.5 3955s
 13983852 3191708     cutoff   67               -   16.72727      -  75.5 3960s
 14000630 3192801   18.21154   39  143          -   16.72917      -  75.5 3965s
 14016577 3194051 infeasible   53               -   16.73226      -  75.5 3970s
 14031877 3195017     cutoff   38               -   16.73438      -  75.5 3975s
 14048728 3196246   17.41019   65  183          -   16.73737      -  75.5 3980s
 14065403 3197694   17.47005   34  213          -   16.74059      -  75.5 3985s
 14082531 3198982   18.00000   54   48          -   16.74359      -  75.5 3990s
 14096874 3200041     cutoff   42               -   16.74667      -  75.6 3995s
 14114307 3201035 infeasible   53               -   16.75000      -  75.6 4000s
 14131422 3201186 infeasible   46               -   16.75000      -  75.6 4005s
 14148201 3200768 infeasible   65               -   16.75000      -  75.6 4010s
 14163191 3200521   18.25995   33  157          -   16.75000      -  75.6 4015s
 14180975 3200534 infeasible   39               -   16.75000      -  75.6 4020s
 14197311 3200291 infeasible   52               -   16.75000      -  75.6 4025s
 14211591 3200565   17.92284   43  184          -   16.75000      -  75.6 4030s
 14227989 3201653   17.31522   33  119          -   16.75269      -  75.6 4035s
 14244736 3203075   17.80263   43  101          -   16.75624      -  75.6 4040s
 14262112 3204306   17.47500   32  153          -   16.75944      -  75.6 4045s
 14276957 3205152     cutoff   53               -   16.76205      -  75.6 4050s
 14291348 3206182     cutoff   50               -   16.76471      -  75.6 4055s
 14308098 3207537   17.76257   37  180          -   16.76768      -  75.6 4060s
 14325225 3208608   18.59419   46  190          -   16.76970      -  75.7 4065s
 14339469 3209434   17.50000   40   37          -   16.77273      -  75.7 4070s
 14354026 3210665   17.89223   45  205          -   16.77493      -  75.7 4075s
 14371009 3211799     cutoff   48               -   16.77778      -  75.7 4080s
 14387654 3212512   18.15365   39  190          -   16.77841      -  75.7 4085s
 14401950 3213580   17.30865   36  197          -   16.78125      -  75.7 4090s
 14418858 3214742   17.73236   43  223          -   16.78421      -  75.7 4095s
 14433679 3215365   17.27705   47  232          -   16.78571      -  75.7 4100s
 14450090 3216611   18.49802   39  153          -   16.78913      -  75.7 4105s
 14464607 3217468     cutoff   41               -   16.79167      -  75.7 4110s
 14479046 3218466     cutoff   50               -   16.79412      -  75.7 4115s
 14496440 3219675   17.55005   46  223          -   16.79747      -  75.7 4120s
 14511514 3220382   18.15054   42  184          -   16.80000      -  75.7 4125s
 14529153 3220229     cutoff   60               -   16.80000      -  75.7 4130s
 14543950 3219961 infeasible   39               -   16.80000      -  75.8 4135s
 14560979 3219943   18.23093   36  152          -   16.80000      -  75.8 4140s
 14577730 3221220   18.31599   41  187          -   16.80404      -  75.8 4145s
 14592252 3222150   18.54236   62  142          -   16.80682      -  75.8 4150s
 14609308 3223324     cutoff   46               -   16.80952      -  75.8 4155s
 14623993 3224299     cutoff   51               -   16.81250      -  75.8 4160s
 14640706 3225426 infeasible   73               -   16.81481      -  75.8 4165s
 14655235 3226460   18.25000   42   68          -   16.81752      -  75.8 4170s
 14670324 3226995   18.52954   35  215          -   16.81822      -  75.8 4175s
 14687671 3228143     cutoff   39               -   16.82192      -  75.8 4180s
 14704465 3229323     cutoff   38               -   16.82456      -  75.8 4185s
 14719177 3230237     cutoff   61               -   16.82720      -  75.8 4190s
 14736372 3231609   17.13943   42  214          -   16.83051      -  75.8 4195s
 14753624 3232306 infeasible   42               -   16.83333      -  75.8 4200s
 14770454 3232238 infeasible   66               -   16.83333      -  75.9 4205s
 14784926 3231920     cutoff   57               -   16.83333      -  75.9 4210s
 14804463 3232122   18.68003   35  183          -   16.83333      -  75.9 4215s
 14818232 3233259   17.17670   35  197          -   16.83636      -  75.9 4220s
 14834591 3234176   18.00874   41  178          -   16.83951      -  75.9 4225s
 14852131 3235118     cutoff   41               -   16.84211      -  75.9 4230s
 14867178 3236272     cutoff   41               -   16.84485      -  75.9 4235s
 14884245 3236949   17.73913   35  154          -   16.84694      -  75.9 4240s
 14899676 3237805     cutoff   50               -   16.85000      -  75.9 4245s
 14914306 3238745   17.54223   36  170          -   16.85199      -  75.9 4250s
 14930964 3239835   18.65809   39  149          -   16.85526      -  75.9 4255s
 14945808 3240427     cutoff   67               -   16.85714      -  75.9 4260s
 14960764 3240272   17.50000   50  138          -   16.85714      -  75.9 4265s
 14975252 3240794   17.43041   59  136          -   16.85833      -  76.0 4270s
 14991669 3241847   17.30998   41  185          -   16.86152      -  76.0 4275s
 15009275 3242738   18.07159   35  129          -   16.86432      -  76.0 4280s
 15026260 3243481   17.48506   36  177          -   16.86667      -  76.0 4285s
 15042967 3244322     cutoff   32               -   16.86962      -  76.0 4290s
 15062146 3245609     cutoff   65               -   16.87324      -  76.0 4295s
 15079521 3245747     cutoff   67               -   16.87500      -  76.0 4300s
 15096978 3245825     cutoff   42               -   16.87500      -  76.0 4305s
 15113492 3246665   18.42847   31  142          -   16.87778      -  76.0 4310s
 15128160 3247425     cutoff   38               -   16.88046      -  76.0 4315s
 15145297 3248194     cutoff   40               -   16.88323      -  76.0 4320s
 15159725 3248960 infeasible   43               -   16.88571      -  76.0 4325s
 15174336 3249766   17.66667   43   60          -   16.88883      -  76.1 4330s
 15189403 3249553 infeasible   53               -   16.88889      -  76.1 4335s
 15205682 3250139   18.00000   38    8          -   16.89130      -  76.1 4340s
 15220215 3250987   18.00000   34   81          -   16.89381      -  76.1 4345s
 15237214 3251761   17.91197   44  163          -   16.89655      -  76.1 4350s
 15251625 3252591     cutoff   49               -   16.89963      -  76.1 4355s
 15269291 3252404   17.00000   48   16          -   16.90000      -  76.1 4360s
 15286056 3253132   17.50000   49   63          -   16.90258      -  76.1 4365s
 15300716 3253953   18.31765   51  213          -   16.90476      -  76.1 4370s
 15317949 3255093   18.89063   42  114          -   16.90814      -  76.1 4375s
 15332828 3255200   18.33333   49   60          -   16.90909      -  76.1 4380s
 15349485 3256174   17.76245   41  157          -   16.91190      -  76.1 4385s
 15366457 3256892   18.18333   54   90          -   16.91489      -  76.2 4390s
 15381249 3257133   17.09108   50  176          -   16.91667      -  76.2 4395s
 15397810 3257599   18.81083   32  213          -   16.91837      -  76.2 4400s
 15412777 3258170     cutoff   44               -   16.92105      -  76.2 4405s
 15427645 3258348 infeasible   42               -   16.92308      -  76.2 4410s
 15444543 3259236   17.68000   43  110          -   16.92593      -  76.2 4415s
 15459336 3259817     cutoff   38               -   16.92857      -  76.2 4420s
 15474426 3260237   18.00000   53   46          -   16.92974      -  76.2 4425s
 15491186 3260963     cutoff   48               -   16.93315      -  76.2 4430s
 15506382 3261490     cutoff   73               -   16.93478      -  76.2 4435s
 15520897 3262030     cutoff   36               -   16.93750      -  76.2 4440s
 15535677 3262460   17.56206   42  143          -   16.93900      -  76.2 4445s
 15552838 3263032 infeasible   37               -   16.94150      -  76.2 4450s
 15566929 3263735   18.60985   39  150          -   16.94436      -  76.3 4455s
 15581703 3264149   18.45311   61  216          -   16.94595      -  76.3 4460s
 15596386 3264721   17.31436   43  238          -   16.94817      -  76.3 4465s
 15611044 3265024 infeasible   36               -   16.95000      -  76.3 4470s
 15627738 3265687   17.70926   43  139          -   16.95302      -  76.3 4475s
 15642068 3266194   17.84477   49  193          -   16.95495      -  76.3 4480s
 15659313 3266880     cutoff   67               -   16.95789      -  76.3 4485s
 15673543 3267264   18.43730   38  226          -   16.96000      -  76.3 4490s
 15688574 3267757   18.50000   35   66          -   16.96250      -  76.3 4495s
 15702986 3268248   18.00000   47   10          -   16.96483      -  76.3 4500s
 15717974 3268825 infeasible   43               -   16.96716      -  76.3 4505s
 15734863 3269392   17.87550   42  191          -   16.96993      -  76.3 4510s
 15749643 3269755     cutoff   61               -   16.97239      -  76.4 4515s
 15766923 3270306   17.00000   38   11          -   16.97541      -  76.4 4520s
 15779548 3270707   17.21622   40  216          -   16.97753      -  76.4 4525s
 15795708 3271254     cutoff   40               -   16.98039      -  76.4 4530s
 15809839 3271899   18.33333   41   51          -   16.98316      -  76.4 4535s
 15824407 3272429   17.83333   35  116          -   16.98600      -  76.4 4540s
 15838681 3273165   17.66667   50  107          -   16.98907      -  76.4 4545s
 15853071 3273645   17.16667   35   34          -   16.99226      -  76.4 4550s
 15867310 3274299     cutoff   40               -   16.99571      -  76.4 4555s
 15882222 3275312     cutoff   45               -   17.00000      -  76.4 4560s
 15899063 3274411     cutoff   37               -   17.00000      -  76.4 4565s
 15911554 3273682     cutoff   41               -   17.00000      -  76.5 4570s
 15928419 3271992     cutoff   47               -   17.00000      -  76.5 4575s
 15943256 3270775   18.06040   44  125          -   17.00000      -  76.5 4580s
 15957893 3269713   18.08000   74   87          -   17.00000      -  76.5 4585s
 15972970 3268675   18.80000   46   94          -   17.00000      -  76.5 4590s
 15990056 3267231   17.65556   48  124          -   17.00000      -  76.5 4595s
 16004373 3264980   19.50000   46   18          -   17.00000      -  76.5 4600s
 16019694 3262174     cutoff   44               -   17.00000      -  76.5 4605s
 16034188 3259401     cutoff   53               -   17.00000      -  76.5 4610s
 16050711 3255801     cutoff   34               -   17.00000      -  76.5 4615s
 16066164 3252780 infeasible   76               -   17.00000      -  76.5 4620s
 16080259 3249901     cutoff   57               -   17.00000      -  76.6 4625s
 16095331 3247133   18.00000   65   15          -   17.00000      -  76.6 4630s
 16109870 3244189 infeasible   43               -   17.00000      -  76.6 4635s
 16124878 3241528   17.00000   50    6          -   17.00000      -  76.6 4640s
 16139339 3239099     cutoff   39               -   17.00000      -  76.6 4645s
 16154030 3236518 infeasible   58               -   17.00000      -  76.6 4650s
 16169047 3234255 infeasible   38               -   17.00000      -  76.6 4655s
 16183793 3232058     cutoff   30               -   17.00000      -  76.6 4660s
 16198521 3229940 infeasible   38               -   17.00000      -  76.6 4665s
 16213248 3227839     cutoff   58               -   17.00000      -  76.6 4670s
 16228126 3225544 infeasible   57               -   17.00000      -  76.6 4675s
 16242738 3223065   17.33333   64   41          -   17.00000      -  76.6 4680s
 16259832 3220320 infeasible   44               -   17.00000      -  76.7 4685s
 16277499 3217957     cutoff   38               -   17.00000      -  76.7 4690s
 16291949 3215702   17.00000   48   33          -   17.00000      -  76.7 4695s
 16308958 3212880     cutoff   50               -   17.00000      -  76.7 4700s
 16323577 3210419     cutoff   65               -   17.00000      -  76.7 4705s
 16337983 3208241   18.00000   45   14          -   17.00000      -  76.7 4710s
 16349590 3206097     cutoff   49               -   17.00000      -  76.7 4715s
 16364154 3203858 infeasible   54               -   17.00000      -  76.7 4720s
 16378719 3201125 infeasible   39               -   17.00000      -  76.7 4725s
 16393389 3198296     cutoff   39               -   17.00000      -  76.7 4730s
 16408021 3196184 infeasible   42               -   17.00000      -  76.7 4735s
 16423318 3194655     cutoff   69               -   17.00000      -  76.7 4740s
 16438235 3193376   18.78182   44  134          -   17.00000      -  76.8 4745s
 16455713 3191993   17.98682   45  163          -   17.00000      -  76.8 4750s
 16470203 3190686   18.82895   42  139          -   17.00000      -  76.8 4755s
 16484677 3189142 infeasible   65               -   17.00000      -  76.8 4760s
 16499584 3187863     cutoff   51               -   17.00000      -  76.8 4765s
 16516502 3186201   18.00000   38   10          -   17.00000      -  76.8 4770s
 16530577 3186643     cutoff   42               -   17.00434      -  76.8 4775s
 16543309 3187064   17.44673   42  153          -   17.00820      -  76.8 4780s
 16560184 3187908     cutoff   63               -   17.01268      -  76.8 4785s
 16575009 3188512   17.25000   44  130          -   17.01629      -  76.8 4790s
 16589383 3188982   17.56410   42  164          -   17.01979      -  76.8 4795s
 16603753 3189499   17.20755   44  109          -   17.02299      -  76.8 4800s
 16606544 3189542     cutoff   40               -   17.02392      -  76.8 4805s
 16606712 3189579   17.27978   43  166          -   17.02427      -  76.8 4810s
 16606781 3189593   17.40882   53  133          -   17.02439      -  76.8 4815s
 16606891 3189642 infeasible   63               -   17.02458      -  76.8 4820s
 16607014 3189679   17.89162   46  181          -   17.02479      -  76.8 4825s
 16607761 3189760   17.84151   39  164          -   17.02492      -  76.8 4830s
 16608842 3189780 infeasible   42               -   17.02500      -  76.8 4836s
 16610520 3189890   17.75000   39   45          -   17.02513      -  76.8 4843s
 16612251 3189913     cutoff   67               -   17.02527      -  76.9 4848s
 16616981 3190044   18.22785   50  129          -   17.02544      -  76.9 4851s
 16632626 3190390   18.18715   49  173          -   17.03000      -  76.9 4855s
 16647680 3190764     cutoff   36               -   17.03322      -  76.9 4860s
 16664689 3191341   18.68421   53  140          -   17.03704      -  76.9 4865s
 16679560 3191710   18.27879   39  132          -   17.03991      -  76.9 4870s
 16694030 3192241   17.93382   43  131          -   17.04264      -  76.9 4875s
 16710891 3192686   18.23300   35  204          -   17.04580      -  76.9 4880s
 16723153 3193132   18.36253   42  133          -   17.04833      -  76.9 4885s
 16740307 3193579     cutoff   37               -   17.05141      -  76.9 4890s
 16752979 3194050 infeasible   44               -   17.05405      -  76.9 4895s
 16767829 3194245   17.30817   39  171          -   17.05650      -  76.9 4900s
 16784337 3194656   17.33143   46  224          -   17.05905      -  76.9 4905s
 16799126 3195072   18.57895   48   98          -   17.06250      -  76.9 4910s
 16816561 3195647   17.74623   38  181          -   17.06522      -  76.9 4915s
 16831034 3195977   17.57379   40  173          -   17.06758      -  76.9 4920s
 16845258 3196414     cutoff   55               -   17.07031      -  77.0 4925s
 16860169 3196649   17.66942   48  156          -   17.07216      -  77.0 4930s
 16876618 3197229   17.55241   45  153          -   17.07547      -  77.0 4935s
 16891429 3197369   18.37500   39   84          -   17.07752      -  77.0 4940s
 16905799 3197793   18.37570   37  159          -   17.08050      -  77.0 4945s
 16921081 3198115   17.61848   44  180          -   17.08333      -  77.0 4950s
 16938161 3198337     cutoff   60               -   17.08511      -  77.0 4955s
 16952965 3198702   17.66667   45  121          -   17.08793      -  77.0 4960s
 16967426 3198809     cutoff   55               -   17.09091      -  77.0 4965s
 16984898 3199136   18.61817   29  181          -   17.09322      -  77.0 4970s
 16999107 3199582   18.13305   65  147          -   17.09574      -  77.0 4975s
 17013165 3200027     cutoff   48               -   17.09875      -  77.0 4980s
 17030699 3199599     cutoff   78               -   17.10000      -  77.0 4985s
 17046710 3200054   18.10780   55  203          -   17.10294      -  77.0 4990s
 17061176 3200419   17.54494   45  120          -   17.10541      -  77.1 4995s
 17075249 3200637     cutoff   41               -   17.10811      -  77.1 5000s
 17090238 3200634     cutoff   49               -   17.11111      -  77.1 5005s
 17107635 3200567   18.21443   41  192          -   17.11217      -  77.1 5010s
 17122384 3200750     cutoff   40               -   17.11538      -  77.1 5015s
 17137531 3200854 infeasible   61               -   17.11765      -  77.1 5020s
 17154299 3201277 infeasible   39               -   17.12074      -  77.1 5025s
 17168941 3201663     cutoff   51               -   17.12374      -  77.1 5030s
 17184252 3201210     cutoff   54               -   17.12500      -  77.1 5035s
 17200977 3200658   18.01818   43  131          -   17.12519      -  77.1 5040s
 17215299 3201015   17.42767   37  243          -   17.12838      -  77.1 5045s
 17232156 3201266     cutoff   65               -   17.13158      -  77.1 5050s
 17247586 3201369     cutoff   65               -   17.13375      -  77.1 5055s
 17262283 3201328 infeasible   55               -   17.13636      -  77.1 5060s
 17276680 3201512     cutoff   75               -   17.13889      -  77.2 5065s
 17290759 3201783 infeasible   53               -   17.14201      -  77.2 5070s
 17306449 3201107     cutoff   38               -   17.14286      -  77.2 5075s
 17322587 3200802     cutoff   57               -   17.14438      -  77.2 5080s
 17335306 3201065   18.42021   40  150          -   17.14688      -  77.2 5085s
 17352323 3201168   17.70755   38  194          -   17.15000      -  77.2 5090s
 17369137 3201571   18.14286   51   65          -   17.15278      -  77.2 5095s
 17385987 3201495   18.36719   41  162          -   17.15520      -  77.2 5100s
 17401009 3201541   18.99436   49  161          -   17.15789      -  77.2 5105s
 17417746 3201626 infeasible   60               -   17.16080      -  77.2 5110s
 17429655 3201630   17.69793   32  205          -   17.16327      -  77.2 5115s
 17444340 3201658     cutoff   38               -   17.16667      -  77.2 5120s
 17460153 3200886   18.25000   64   61          -   17.16667      -  77.2 5125s
 17477086 3199456     cutoff   50               -   17.16667      -  77.2 5130s
 17492032 3198652     cutoff   34               -   17.16667      -  77.3 5135s
 17507973 3198741   17.65714   42  162          -   17.17021      -  77.3 5140s
 17520235 3198744   18.63455   38  193          -   17.17241      -  77.3 5145s
 17536427 3198882   18.50000   40   44          -   17.17544      -  77.3 5150s
 17550924 3198977     cutoff   78               -   17.17778      -  77.3 5155s
 17565661 3199014   17.64648   42  186          -   17.18052      -  77.3 5160s
 17580909 3198579 infeasible   35               -   17.18182      -  77.3 5165s
 17595049 3198589   18.73824   52  147          -   17.18466      -  77.3 5170s
 17609912 3198595   18.54586   50  184          -   17.18750      -  77.3 5175s
 17626095 3198623   18.05444   35  155          -   17.18959      -  77.3 5180s
 17640232 3198686   19.00000   43    7          -   17.19200      -  77.3 5185s
 17657142 3198391   17.29508   41  154          -   17.19501      -  77.3 5190s
 17671444 3198458 infeasible   65               -   17.19796      -  77.3 5195s
 17686126 3197822     cutoff   51               -   17.20000      -  77.4 5200s
 17701449 3196601     cutoff   47               -   17.20000      -  77.4 5205s
 17718660 3195214 infeasible   40               -   17.20000      -  77.4 5210s
 17732409 3194894   17.50000   56   26          -   17.20148      -  77.4 5215s
 17747561 3194974   18.25373   48  114          -   17.20455      -  77.4 5220s
 17761617 3194933     cutoff   51               -   17.20727      -  77.4 5225s
 17776069 3194838     cutoff   46               -   17.20968      -  77.4 5230s
 17790467 3194597   17.88786   40  154          -   17.21212      -  77.4 5235s
 17805510 3194177   17.55769   54  114          -   17.21429      -  77.4 5240s
 17820307 3194082     cutoff   31               -   17.21622      -  77.4 5245s
 17834925 3193823 infeasible   76               -   17.21875      -  77.4 5250s
 17849328 3193605     cutoff   40               -   17.22195      -  77.4 5255s
 17864935 3192542     cutoff   41               -   17.22222      -  77.4 5260s
 17881338 3192507   17.49985   40  188          -   17.22531      -  77.4 5265s
 17895939 3192248 infeasible   44               -   17.22767      -  77.4 5270s
 17909812 3192081   18.57554   47  155          -   17.23069      -  77.5 5275s
 17924571 3191764   17.50000   41   65          -   17.23217      -  77.5 5280s
 17941217 3191497   18.54545   37   98          -   17.23529      -  77.5 5285s
 17953471 3191300   17.79415   53  168          -   17.23699      -  77.5 5290s
 17970715 3191158   18.50000   56   58          -   17.24000      -  77.5 5295s
 17984878 3190928   18.53448   41  143          -   17.24264      -  77.5 5300s
 17999226 3190729   18.02857   46  143          -   17.24545      -  77.5 5305s
 18013941 3190834   18.85195   38  196          -   17.24867      -  77.5 5310s
 18029416 3189722     cutoff   44               -   17.25000      -  77.5 5315s
 18044425 3188026   17.25000   49   63          -   17.25000      -  77.5 5320s
 18059611 3186287 infeasible   56               -   17.25000      -  77.5 5325s
 18074222 3184717   18.28571   51   94          -   17.25000      -  77.5 5330s
 18088816 3183024     cutoff   42               -   17.25000      -  77.5 5335s
 18106124 3181110     cutoff   48               -   17.25000      -  77.5 5340s
 18120234 3179888   18.43750   42   81          -   17.25000      -  77.5 5345s
 18134479 3179655     cutoff   66               -   17.25301      -  77.6 5350s
 18149370 3179478     cutoff   46               -   17.25610      -  77.6 5355s
 18166200 3179289     cutoff   47               -   17.25926      -  77.6 5360s
 18180883 3179015     cutoff   45               -   17.26190      -  77.6 5365s
 18192665 3178599     cutoff   50               -   17.26389      -  77.6 5370s
 18207358 3178369   17.64922   43  174          -   17.26667      -  77.6 5375s
 18224246 3178060     cutoff   48               -   17.26923      -  77.6 5380s
 18238704 3177866   19.26433   52  226          -   17.27174      -  77.6 5385s
 18254152 3177019   17.60709   37  200          -   17.27293      -  77.6 5390s
 18268373 3176819   18.70659   39  174          -   17.27586      -  77.6 5395s
 18283590 3176332 infeasible   40               -   17.27778      -  77.6 5400s
 18298123 3176027   17.88889   48   84          -   17.28075      -  77.6 5405s
 18312628 3175965   17.84211   43  133          -   17.28333      -  77.7 5410s
 18327339 3175287     cutoff   75               -   17.28571      -  77.7 5415s
 18342568 3173715     cutoff   60               -   17.28571      -  77.7 5420s
 18356069 3173308   18.21791   44  164          -   17.28767      -  77.7 5425s
 18373525 3172934   18.42087   54  197          -   17.29093      -  77.7 5430s
 18387702 3172510     cutoff   48               -   17.29342      -  77.7 5435s
 18402738 3172050   19.01831   41  197          -   17.29565      -  77.7 5440s
 18416949 3171644   18.22727   43  144          -   17.29837      -  77.7 5445s
 18432518 3170540   18.24034   51  146          -   17.30000      -  77.7 5450s
 18447232 3169789 infeasible   43               -   17.30120      -  77.7 5455s
 18460591 3169393   17.59333   34  175          -   17.30392      -  77.7 5460s
 18475470 3168910   18.49218   37  190          -   17.30654      -  77.7 5465s
 18488295 3168167     cutoff   70               -   17.30769      -  77.7 5470s
 18502179 3167776 infeasible   34               -   17.31047      -  77.8 5475s
 18514361 3167175   17.72727   44   60          -   17.31250      -  77.8 5480s
 18529132 3166726     cutoff   56               -   17.31481      -  77.8 5485s
 18543405 3166273   18.21601   39  186          -   17.31715      -  77.8 5490s
 18558510 3165689   18.42143   48  209          -   17.31973      -  77.8 5495s
 18571093 3165348   17.92029   34  174          -   17.32166      -  77.8 5500s
 18587344 3164802 infeasible   47               -   17.32479      -  77.8 5505s
 18601971 3164326     cutoff   41               -   17.32759      -  77.8 5510s
 18615841 3163939   18.88557   43  204          -   17.33077      -  77.8 5515s
 18631536 3162820     cutoff   39               -   17.33333      -  77.8 5520s
 18647107 3160808     cutoff   49               -   17.33333      -  77.8 5525s
 18661779 3158293   18.00000   51   15          -   17.33333      -  77.8 5530s
 18676578 3156006     cutoff   53               -   17.33333      -  77.8 5535s
 18691648 3153798     cutoff   78               -   17.33333      -  77.9 5540s
 18708174 3150711     cutoff   68               -   17.33333      -  77.9 5545s
 18723538 3148408   17.78351   49  162          -   17.33333      -  77.9 5550s
 18737913 3145838   17.83766   50  160          -   17.33333      -  77.9 5555s
 18749895 3144245   17.97917   74  115          -   17.33333      -  77.9 5560s
 18765736 3143630   17.56728   69  196          -   17.33654      -  77.9 5565s
 18780247 3142967     cutoff   34               -   17.33977      -  77.9 5570s
 18792900 3142472   18.39250   43  193          -   17.34211      -  77.9 5575s
 18809247 3141779   18.09414   41  145          -   17.34491      -  77.9 5580s
 18823972 3141078   18.07895   41  131          -   17.34783      -  77.9 5585s
 18838994 3140433   18.00000   41   48          -   17.35000      -  77.9 5590s
 18851289 3140096   18.00000   38  105          -   17.35222      -  77.9 5595s
 18865753 3139235   18.75000   50   86          -   17.35461      -  77.9 5600s
 18880737 3138261 infeasible   42               -   17.35714      -  78.0 5605s
 18895308 3137479   18.25000   61   79          -   17.35897      -  78.0 5610s
 18909978 3136876 infeasible   82               -   17.36170      -  78.0 5615s
 18922254 3135920   18.08646   37  177          -   17.36364      -  78.0 5620s
 18936978 3135244 infeasible   42               -   17.36538      -  78.0 5625s
 18951773 3134459 infeasible   76               -   17.36842      -  78.0 5630s
 18966670 3133801   17.81858   59  165          -   17.37059      -  78.0 5635s
 18978828 3133300 infeasible   42               -   17.37297      -  78.0 5640s
 18994044 3131896     cutoff   33               -   17.37500      -  78.0 5645s
 19009288 3129908 infeasible   44               -   17.37500      -  78.0 5650s
 19023622 3129013     cutoff   38               -   17.37647      -  78.0 5655s
 19035488 3128502   18.50000   43   20          -   17.37892      -  78.0 5660s
 19050112 3127695   17.82927   44  100          -   17.38149      -  78.0 5665s
 19064505 3126821     cutoff   42               -   17.38462      -  78.1 5670s
 19076917 3125920     cutoff   43               -   17.38558      -  78.1 5675s
 19091327 3125119 infeasible   58               -   17.38854      -  78.1 5680s
 19106508 3124214   18.16146   42  128          -   17.39055      -  78.1 5685s
 19118688 3123540     cutoff   62               -   17.39286      -  78.1 5690s
 19133345 3122740     cutoff   51               -   17.39532      -  78.1 5695s
 19145297 3122119     cutoff   36               -   17.39785      -  78.1 5700s
 19160722 3120584   17.50000   35   23          -   17.40000      -  78.1 5705s
 19176373 3118332     cutoff   65               -   17.40000      -  78.1 5710s
 19190864 3115849 infeasible   54               -   17.40000      -  78.1 5715s
 19205485 3114137     cutoff   52               -   17.40000      -  78.1 5720s
 19219124 3113448     cutoff   41               -   17.40329      -  78.1 5725s
 19233834 3112696 infeasible   38               -   17.40625      -  78.2 5730s
 19245945 3112099   17.99510   42  243          -   17.40837      -  78.2 5735s
 19260576 3111056   17.86861   48  132          -   17.41071      -  78.2 5740s
 19275554 3110080   17.84232   48  201          -   17.41304      -  78.2 5745s
 19289823 3109058   17.50000   46   30          -   17.41602      -  78.2 5750s
 19303122 3107460   18.68449   42  145          -   17.41667      -  78.2 5755s
 19317380 3106605   17.99029   54  164          -   17.41886      -  78.2 5760s
 19332112 3105704   17.79878   47  180          -   17.42118      -  78.2 5765s
 19346477 3104788 infeasible   50               -   17.42389      -  78.2 5770s
 19361209 3103993   17.75000   40   54          -   17.42682      -  78.2 5775s
 19376573 3102406     cutoff   67               -   17.42857      -  78.2 5780s
 19391724 3100017 infeasible   47               -   17.42857      -  78.2 5785s
 19402993 3099217 infeasible   49               -   17.43056      -  78.3 5790s
 19417335 3098057     cutoff   45               -   17.43333      -  78.3 5795s
 19431992 3096992   17.80000   42   54          -   17.43593      -  78.3 5800s
 19444680 3095733     cutoff   36               -   17.43750      -  78.3 5805s
 19459426 3094856     cutoff   58               -   17.44000      -  78.3 5810s
 19471179 3094040   18.03866   53  160          -   17.44231      -  78.3 5815s
 19486204 3092375 infeasible   35               -   17.44444      -  78.3 5820s
 19501063 3090836   18.40000   44  157          -   17.44531      -  78.3 5825s
 19515501 3089909     cutoff   57               -   17.44828      -  78.3 5830s
 19527864 3088793     cutoff   55               -   17.45000      -  78.3 5835s
 19542492 3087814 infeasible   47               -   17.45250      -  78.3 5840s
 19554995 3086600     cutoff   46               -   17.45455      -  78.4 5845s
 19571895 3085161 infeasible   41               -   17.45652      -  78.4 5850s
 19586456 3083974   18.23077   37   89          -   17.45885      -  78.4 5855s
 19598371 3083015     cutoff   44               -   17.46154      -  78.4 5860s
 19613550 3081716     cutoff   50               -   17.46296      -  78.4 5865s
 19628141 3080657     cutoff   66               -   17.46552      -  78.4 5870s
 19640682 3079526   18.00000   45  106          -   17.46687      -  78.4 5875s
 19654837 3078424     cutoff   53               -   17.46970      -  78.4 5880s
 19669451 3077003     cutoff   39               -   17.47211      -  78.4 5885s
 19684236 3075715   18.50000   35   94          -   17.47442      -  78.4 5890s
 19696686 3074654   18.07042   49  165          -   17.47642      -  78.4 5895s
 19711157 3073588     cutoff   70               -   17.47913      -  78.4 5900s
 19722806 3072614     cutoff   41               -   17.48097      -  78.5 5905s
 19737486 3071375   18.00000   41   11          -   17.48366      -  78.5 5910s
 19749393 3070254     cutoff   37               -   17.48593      -  78.5 5915s
 19763922 3069045 infeasible   54               -   17.48881      -  78.5 5920s
 19776135 3068015     cutoff   55               -   17.49123      -  78.5 5925s
 19788161 3067069   18.00000   49   10          -   17.49408      -  78.5 5930s
 19799946 3066368   18.12342   40  168          -   17.49697      -  78.5 5935s
 19812168 3064779     cutoff   64               -   17.50000      -  78.5 5940s
 19827851 3062030   18.00000   40   28          -   17.50000      -  78.5 5945s
 19843005 3059178   17.79543   51  155          -   17.50000      -  78.5 5950s
 19857697 3056439   18.00000   56   40          -   17.50000      -  78.5 5955s
 19869830 3053196   19.00000   50   77          -   17.50000      -  78.6 5960s
 19885275 3048969     cutoff   46               -   17.50000      -  78.6 5965s
 19899638 3044508     cutoff   37               -   17.50000      -  78.6 5970s
 19914422 3040547 infeasible   52               -   17.50000      -  78.6 5975s
 19929411 3037166     cutoff   68               -   17.50000      -  78.6 5980s
 19944023 3033068 infeasible   60               -   17.50000      -  78.6 5985s
 19958726 3029328     cutoff   40               -   17.50000      -  78.6 5990s
 19973576 3025790 infeasible   55               -   17.50000      -  78.6 5995s
 19988067 3022153     cutoff   82               -   17.50000      -  78.6 6000s
 20002959 3018489   17.90488   44  175          -   17.50000      -  78.6 6005s
 20017582 3014547     cutoff   35               -   17.50000      -  78.6 6010s
 20032101 3010628     cutoff   41               -   17.50000      -  78.6 6015s
 20046675 3006488     cutoff   47               -   17.50000      -  78.6 6020s
 20061484 3002243   18.00000   52   11          -   17.50000      -  78.6 6025s
 20073718 2998909   18.18420   46  126          -   17.50000      -  78.6 6030s
 20090565 2995526 infeasible   60               -   17.50000      -  78.6 6035s
 20105138 2992636   18.42336   50  118          -   17.50000      -  78.6 6040s
 20117144 2990172   18.00000   58   11          -   17.50000      -  78.6 6045s
 20132226 2987528 infeasible   37               -   17.50000      -  78.6 6050s
 20143345 2986656     cutoff   43               -   17.50342      -  78.7 6055s
 20157428 2985292     cutoff   41               -   17.50669      -  78.7 6060s
 20172142 2983836   17.94687   47  195          -   17.51020      -  78.7 6065s
 20184638 2982765     cutoff   50               -   17.51282      -  78.7 6070s
 20199292 2981277     cutoff   60               -   17.51613      -  78.7 6075s
 20211709 2980100     cutoff   38               -   17.51852      -  78.7 6080s
 20226227 2978679   18.34718   37  208          -   17.52169      -  78.7 6085s
 20241362 2977236     cutoff   36               -   17.52422      -  78.7 6090s
 20253564 2975955 infeasible   40               -   17.52633      -  78.7 6095s
 20268119 2974563     cutoff   38               -   17.52941      -  78.7 6100s
 20280320 2973562   18.34758   35  215          -   17.53165      -  78.7 6105s
 20295224 2971860     cutoff   43               -   17.53399      -  78.7 6110s
 20306908 2970550   18.65519   44  193          -   17.53657      -  78.8 6115s
 20319749 2969010   18.93936   37  184          -   17.53846      -  78.8 6120s
 20333697 2967556     cutoff   36               -   17.54146      -  78.8 6125s
 20346330 2966601   18.35330   38  192          -   17.54351      -  78.8 6130s
 20361780 2964575     cutoff   50               -   17.54545      -  78.8 6135s
 20373658 2963635 infeasible   69               -   17.54762      -  78.8 6140s
 20388205 2962175     cutoff   65               -   17.55000      -  78.8 6145s
 20400227 2961072     cutoff   61               -   17.55263      -  78.8 6150s
 20414900 2959008     cutoff   81               -   17.55556      -  78.8 6155s
 20429843 2956763   17.89109   52  190          -   17.55634      -  78.8 6160s
 20441812 2955746 infeasible   44               -   17.55882      -  78.8 6165s
 20453799 2954570     cutoff   43               -   17.56140      -  78.8 6170s
 20466359 2952988 infeasible   37               -   17.56303      -  78.9 6175s
 20480682 2951399   18.52823   46  127          -   17.56604      -  78.9 6180s
 20495187 2949981     cutoff   33               -   17.56905      -  78.9 6185s
 20507988 2948355 infeasible   57               -   17.57143      -  78.9 6190s
 20520814 2945715   17.91336   33  161          -   17.57143      -  78.9 6195s
 20535060 2943752     cutoff   37               -   17.57300      -  78.9 6200s
 20546804 2942407   18.98578   38  152          -   17.57569      -  78.9 6205s
 20559022 2941217     cutoff   48               -   17.57785      -  78.9 6210s
 20573692 2939568 infeasible   54               -   17.58065      -  78.9 6215s
 20588578 2937368   19.00000   53   25          -   17.58333      -  78.9 6221s
 20601058 2935951     cutoff   37               -   17.58427      -  78.9 6225s
 20615262 2934427     cutoff   60               -   17.58711      -  78.9 6230s
 20627812 2932875     cutoff   38               -   17.58929      -  79.0 6235s
 20639989 2931440     cutoff   45               -   17.59142      -  79.0 6240s
 20654469 2929678 infeasible   48               -   17.59420      -  79.0 6245s
 20666687 2928436     cutoff   43               -   17.59677      -  79.0 6250s
 20678890 2926887     cutoff   38               -   17.60000      -  79.0 6255s
 20695292 2923634 infeasible   42               -   17.60000      -  79.0 6260s
 20707679 2920907   18.33846   47  144          -   17.60000      -  79.0 6265s
 20722005 2917485 infeasible   39               -   17.60000      -  79.0 6270s
 20735972 2915939   17.97524   42  190          -   17.60256      -  79.0 6275s
 20747893 2914617     cutoff   57               -   17.60526      -  79.0 6280s
 20762353 2912773   17.82147   44  251          -   17.60804      -  79.0 6285s
 20774500 2911178   17.83264   51  168          -   17.61039      -  79.0 6290s
 20789266 2909129 infeasible   36               -   17.61290      -  79.0 6295s
 20801440 2907434   19.00000   41    1          -   17.61538      -  79.1 6300s
 20816228 2905590     cutoff   44               -   17.61751      -  79.1 6305s
 20828123 2903953     cutoff   44               -   17.61962      -  79.1 6310s
 20840472 2902598   18.34615   32  101          -   17.62222      -  79.1 6315s
 20852756 2900887 infeasible   38               -   17.62500      -  79.1 6320s
 20868453 2897410   17.72222   59   92          -   17.62500      -  79.1 6325s
 20880374 2895528     cutoff   41               -   17.62558      -  79.1 6330s
 20894684 2893967 infeasible   47               -   17.62887      -  79.1 6335s
 20909174 2891952   18.23751   32  230          -   17.63158      -  79.1 6341s
 20921339 2890417   18.31163   61  166          -   17.63380      -  79.1 6345s
 20936311 2888150     cutoff   54               -   17.63636      -  79.1 6350s
 20948445 2886539     cutoff   35               -   17.63787      -  79.1 6355s
 20960382 2884991     cutoff   53               -   17.64000      -  79.2 6360s
 20972527 2883352     cutoff   38               -   17.64286      -  79.2 6365s
 20987385 2881286     cutoff   49               -   17.64444      -  79.2 6370s
 20999251 2879317     cutoff   56               -   17.64706      -  79.2 6375s
 21011539 2877849   17.96774   36  130          -   17.64901      -  79.2 6380s
 21024014 2876076     cutoff   38               -   17.65116      -  79.2 6385s
 21036215 2874388   18.28244   45  206          -   17.65354      -  79.2 6390s
 21050423 2872380     cutoff   71               -   17.65625      -  79.2 6395s
 21062574 2870651     cutoff   41               -   17.65873      -  79.2 6400s
 21074830 2868997     cutoff   58               -   17.66131      -  79.2 6405s
 21086812 2867484     cutoff   46               -   17.66429      -  79.2 6410s
 21102597 2864195     cutoff   46               -   17.66667      -  79.3 6415s
 21117879 2859557 infeasible   86               -   17.66667      -  79.3 6420s
 21130742 2855967   18.39815   48  109          -   17.66667      -  79.3 6425s
 21145267 2851820     cutoff   34               -   17.66667      -  79.3 6430s
 21159764 2847067   18.28571   52   83          -   17.66667      -  79.3 6435s
 21172429 2843262   18.50000   44   54          -   17.66667      -  79.3 6440s
 21187084 2838670   18.63192   44  169          -   17.66667      -  79.3 6445s
 21201537 2834075 infeasible   56               -   17.66667      -  79.3 6450s
 21216235 2829950     cutoff   38               -   17.66667      -  79.3 6455s
 21229656 2827632   19.08201   45  197          -   17.66867      -  79.3 6460s
 21243883 2825889   18.10853   34  208          -   17.67213      -  79.3 6465s
 21255554 2824174   18.57595   39  150          -   17.67470      -  79.3 6470s
 21268106 2822334 infeasible   43               -   17.67742      -  79.3 6475s
 21280380 2820606 infeasible   41               -   17.68000      -  79.3 6480s
 21292627 2818732   17.78571   47   67          -   17.68182      -  79.3 6485s
 21304906 2816776 infeasible   40               -   17.68421      -  79.4 6490s
 21319475 2814425     cutoff   45               -   17.68750      -  79.4 6495s
 21331541 2812246 infeasible   58               -   17.68909      -  79.4 6500s
 21343601 2810455 infeasible   60               -   17.69178      -  79.4 6505s
 21356503 2808325   18.50000   66   80          -   17.69314      -  79.4 6510s
 21370537 2805902   18.03734   35  198          -   17.69613      -  79.4 6515s
 21382741 2804198     cutoff   36               -   17.69880      -  79.4 6520s
 21395836 2801207     cutoff   47               -   17.70000      -  79.4 6525s
 21407607 2798932     cutoff   40               -   17.70093      -  79.4 6530s
 21419271 2797109   19.10899   44  213          -   17.70370      -  79.4 6535s
 21431826 2794963     cutoff   48               -   17.70588      -  79.4 6540s
 21446468 2792562   18.57960   43  168          -   17.70833      -  79.5 6545s
 21458514 2790658 infeasible   42               -   17.71091      -  79.5 6550s
 21470282 2788525   18.03614   42  169          -   17.71419      -  79.5 6555s
 21484240 2785307   18.49333   46  156          -   17.71429      -  79.5 6560s
 21496753 2782409     cutoff   38               -   17.71429      -  79.5 6565s
 21508361 2780687     cutoff   41               -   17.71698      -  79.5 6570s
 21522051 2778275 infeasible   43               -   17.72000      -  79.5 6575s
 21534569 2776114   18.66667   43   82          -   17.72222      -  79.5 6580s
 21548963 2773850     cutoff   56               -   17.72474      -  79.5 6585s
 21558391 2772062 infeasible   42               -   17.72711      -  79.5 6590s
 21571646 2769456     cutoff   47               -   17.72785      -  79.5 6595s
 21583102 2767442 infeasible   46               -   17.73050      -  79.5 6600s
 21595320 2765464   18.09314   39  135          -   17.73280      -  79.6 6605s
 21607698 2763124 infeasible   38               -   17.73457      -  79.6 6610s
 21620203 2760913     cutoff   45               -   17.73684      -  79.6 6615s
 21632028 2758817   18.44354   39  201          -   17.73913      -  79.6 6620s
 21643907 2756759 infeasible   33               -   17.74189      -  79.6 6625s
 21656246 2754697   18.29854   49  200          -   17.74444      -  79.6 6630s
 21668265 2752728   18.16367   42  158          -   17.74750      -  79.6 6635s
 21681262 2749816     cutoff   57               -   17.75000      -  79.6 6640s
 21694424 2746038     cutoff   53               -   17.75000      -  79.6 6645s
 21706995 2741784   19.00000   51   12          -   17.75000      -  79.6 6650s
 21722014 2737282 infeasible   33               -   17.75000      -  79.6 6655s
 21736850 2732516     cutoff   44               -   17.75000      -  79.6 6660s
 21748854 2728570   18.10272   42  218          -   17.75000      -  79.6 6665s
 21763521 2723974   18.00000   49    9          -   17.75000      -  79.6 6670s
 21777627 2720096   18.04914   53  158          -   17.75000      -  79.6 6675s
 21790749 2717891     cutoff   38               -   17.75342      -  79.7 6680s
 21802716 2715742 infeasible   70               -   17.75610      -  79.7 6685s
 21815110 2713500   18.66948   41  147          -   17.75879      -  79.7 6690s
 21826716 2711146 infeasible   49               -   17.76136      -  79.7 6695s
 21838932 2708626   18.04167   59  139          -   17.76414      -  79.7 6700s
 21851520 2706112   18.35000   39   96          -   17.76648      -  79.7 6705s
 21863876 2703631 infeasible   42               -   17.76923      -  79.7 6710s
 21876141 2701033     cutoff   36               -   17.77083      -  79.7 6715s
 21888527 2698810   18.84838   37  198          -   17.77317      -  79.7 6720s
 21900370 2696633     cutoff   40               -   17.77582      -  79.7 6725s
 21913189 2693432     cutoff   36               -   17.77778      -  79.7 6730s
 21928073 2690242     cutoff   55               -   17.77907      -  79.8 6735s
 21939329 2687950 infeasible   38               -   17.78155      -  79.8 6740s
 21951487 2685646   18.57764   38  162          -   17.78426      -  79.8 6745s
 21964125 2682498     cutoff   38               -   17.78571      -  79.8 6750s
 21975970 2680477   19.19488   38  183          -   17.78846      -  79.8 6755s
 21988236 2677902 infeasible   40               -   17.79070      -  79.8 6760s
 22003065 2674931     cutoff   47               -   17.79348      -  79.8 6765s
 22014921 2672655   18.00000   43    8          -   17.79612      -  79.8 6770s
 22026803 2670354     cutoff   44               -   17.79943      -  79.8 6775s
 22040690 2666158     cutoff   44               -   17.80000      -  79.8 6780s
 22053629 2662101     cutoff   37               -   17.80000      -  79.8 6785s
 22065882 2657809   18.00000   39   15          -   17.80000      -  79.8 6790s
 22080278 2653747   18.33103   46  127          -   17.80000      -  79.9 6795s
 22090991 2651528 infeasible   48               -   17.80346      -  79.9 6800s
 22097199 2650876     cutoff   51               -   17.80490      -  79.9 6805s
 22097439 2650807     cutoff   46               -   17.80519      -  79.9 6810s
 22097663 2650730   18.21203   36  183          -   17.80534      -  79.9 6815s
 22098766 2650478     cutoff   49               -   17.80556      -  79.9 6822s
 22099658 2650267 infeasible   40               -   17.80556      -  79.9 6826s
 22100579 2650083 infeasible   40               -   17.80573      -  79.9 6834s
 22100960 2650002     cutoff   35               -   17.80589      -  79.9 6839s
 22101407 2649763   18.83422   39  159          -   17.80597      -  79.9 6842s
 22102493 2649312     cutoff   46               -   17.80612      -  79.9 6845s
 22109496 2647101     cutoff   51               -   17.80645      -  79.9 6850s
 22125976 2644028   18.66328   44  155          -   17.81132      -  79.9 6855s
 22137749 2641249   18.17213   64  189          -   17.81289      -  79.9 6860s
 22150220 2638760     cutoff   61               -   17.81564      -  79.9 6865s
 22163125 2635743 infeasible   48               -   17.81818      -  79.9 6870s
 22175339 2632884     cutoff   41               -   17.81938      -  79.9 6875s
 22187226 2630325     cutoff   38               -   17.82192      -  79.9 6880s
 22199634 2627735     cutoff   73               -   17.82427      -  79.9 6885s
 22211470 2625057 infeasible   44               -   17.82670      -  80.0 6890s
 22223788 2622649 infeasible   43               -   17.82931      -  80.0 6895s
 22235569 2620035     cutoff   37               -   17.83282      -  80.0 6900s
 22249160 2615630 infeasible   40               -   17.83333      -  80.0 6905s
 22262080 2611230     cutoff   41               -   17.83333      -  80.0 6910s
 22276889 2606042 infeasible   47               -   17.83333      -  80.0 6915s
 22290850 2602235   17.90354   49  192          -   17.83430      -  80.0 6920s
 22301949 2599800 infeasible   38               -   17.83740      -  80.0 6925s
 22313838 2597164     cutoff   45               -   17.84000      -  80.0 6930s
 22326256 2594312     cutoff   44               -   17.84211      -  80.0 6935s
 22338254 2591604   18.00000   43  118          -   17.84494      -  80.0 6940s
 22351020 2588225     cutoff   50               -   17.84659      -  80.0 6945s
 22362649 2585729   18.02581   43  203          -   17.84940      -  80.0 6950s
 22374763 2582718   18.54954   41  175          -   17.85169      -  80.1 6955s
 22386756 2580058 infeasible   53               -   17.85420      -  80.1 6960s
 22396244 2577582     cutoff   53               -   17.85714      -  80.1 6965s
 22410348 2572898     cutoff   39               -   17.85714      -  80.1 6970s
 22424771 2568700   18.00000   49   12          -   17.85773      -  80.1 6975s
 22435756 2566060     cutoff   54               -   17.86075      -  80.1 6980s
 22447777 2562982     cutoff   39               -   17.86352      -  80.1 6985s
 22460043 2560163     cutoff   74               -   17.86598      -  80.1 6990s
 22472466 2556973     cutoff   38               -   17.86792      -  80.1 6995s
 22484507 2554115     cutoff   34               -   17.87047      -  80.1 7000s
 22496605 2551566 infeasible   48               -   17.87335      -  80.1 7005s
 22509345 2546801     cutoff   46               -   17.87500      -  80.2 7010s
 22522278 2542039   18.10000   52  127          -   17.87500      -  80.2 7015s
 22533893 2539157     cutoff   45               -   17.87671      -  80.2 7020s
 22545314 2536206     cutoff   41               -   17.87958      -  80.2 7025s
 22557479 2532831     cutoff   45               -   17.88235      -  80.2 7030s
 22569542 2529976   18.18605   43  127          -   17.88462      -  80.2 7036s
 22579217 2527548     cutoff   58               -   17.88655      -  80.2 7040s
 22595208 2522549   18.50000   46   29          -   17.88889      -  80.2 7045s
 22607117 2519150     cutoff   43               -   17.89000      -  80.2 7050s
 22621032 2515714     cutoff   49               -   17.89312      -  80.2 7055s
 22632897 2512530     cutoff   39               -   17.89577      -  80.2 7060s
 22645249 2509773   18.76150   36  184          -   17.89848      -  80.3 7065s
 22658278 2505069     cutoff   47               -   17.90000      -  80.3 7070s
 22672695 2501055 infeasible   52               -   17.90145      -  80.3 7075s
 22684036 2498185     cutoff   41               -   17.90438      -  80.3 7080s
 22696332 2494983     cutoff   45               -   17.90691      -  80.3 7085s
 22708965 2490770     cutoff   40               -   17.90909      -  80.3 7090s
 22720735 2487524     cutoff   46               -   17.91089      -  80.3 7095s
 22733017 2484401     cutoff   45               -   17.91348      -  80.3 7100s
 22744828 2480722     cutoff   42               -   17.91667      -  80.3 7105s
 22758403 2476652   18.51913   37  186          -   17.91677      -  80.3 7111s
 22767436 2474415 infeasible   66               -   17.91917      -  80.3 7115s
 22778908 2471320     cutoff   39               -   17.92178      -  80.3 7120s
 22790637 2467428     cutoff   41               -   17.92331      -  80.4 7125s
 22803098 2463998   19.00000   57    8          -   17.92623      -  80.4 7130s
 22815858 2459907     cutoff   73               -   17.92857      -  80.4 7135s
 22827753 2456944     cutoff   43               -   17.93085      -  80.4 7140s
 22840110 2453219     cutoff   43               -   17.93333      -  80.4 7146s
 22849690 2450671     cutoff   46               -   17.93491      -  80.4 7150s
 22861907 2446794     cutoff   48               -   17.93750      -  80.4 7155s
 22874022 2443746   18.32457   40  240          -   17.93976      -  80.4 7160s
 22886235 2440649   18.06126   48  124          -   17.94213      -  80.4 7165s
 22886547 2440524 infeasible   36               -   17.94236      -  80.4 7170s
 22886788 2440404 infeasible   56               -   17.94255      -  80.4 7175s
 22887016 2440314   18.25000   35   55          -   17.94282      -  80.4 7180s
 22887221 2440176     cutoff   34               -   17.94286      -  80.4 7185s
 22887474 2440087     cutoff   40               -   17.94300      -  80.4 7190s
 22887655 2439997   18.42350   43  220          -   17.94314      -  80.4 7195s
 22888476 2439463     cutoff   50               -   17.94322      -  80.4 7201s
 22890778 2438237   18.32558   40  117          -   17.94340      -  80.4 7208s
 22892757 2437264     cutoff   56               -   17.94359      -  80.4 7211s
 22899120 2434728     cutoff   38               -   17.94444      -  80.4 7215s
 22913590 2430121   18.24743   42  188          -   17.94861      -  80.5 7221s
 22925150 2426462     cutoff   69               -   17.95103      -  80.5 7225s
 22935370 2423070 infeasible   42               -   17.95349      -  80.5 7230s
 22947723 2418968     cutoff   44               -   17.95614      -  80.5 7236s
 22957852 2415670     cutoff   47               -   17.95833      -  80.5 7240s
 22969986 2411819     cutoff   42               -   17.96104      -  80.5 7245s
 22982005 2407844     cutoff   60               -   17.96382      -  80.5 7250s
 22992026 2404781     cutoff   44               -   17.96602      -  80.5 7255s
 23004458 2400960     cutoff   45               -   17.96875      -  80.5 7260s
 23016559 2397066   18.41859   56  211          -   17.97167      -  80.5 7265s
 23026138 2394268     cutoff   43               -   17.97386      -  80.5 7270s
 23038199 2390393 infeasible   47               -   17.97693      -  80.5 7275s
 23048168 2387366     cutoff   59               -   17.97938      -  80.6 7280s
 23060162 2383641     cutoff   45               -   17.98246      -  80.6 7285s
 23072186 2379893   18.53123   48  168          -   17.98581      -  80.6 7290s
 23084029 2376029   18.24404   39  179          -   17.98936      -  80.6 7295s
 23093674 2372985     cutoff   52               -   17.99257      -  80.6 7300s
 23103512 2370362   19.16764   39  183          -   17.99623      -  80.6 7305s
 23116641 2365128   18.50752   45  138          -   18.00000      -  80.6 7310s
 23127379 2360221 infeasible   51               -   18.00000      -  80.6 7315s
 23139775 2354513 infeasible   48               -   18.00000      -  80.6 7320s
 23152588 2347545 infeasible   57               -   18.00000      -  80.6 7325s
 23164942 2341774     cutoff   48               -   18.00000      -  80.6 7330s
 23177182 2335351   18.38998   54  170          -   18.00000      -  80.6 7335s
 23189696 2329235     cutoff   47               -   18.00000      -  80.6 7340s
 23204323 2321501     cutoff   51               -   18.00000      -  80.6 7345s
 23217329 2312613 infeasible   44               -   18.00000      -  80.6 7350s
 23232576 2302267 infeasible   54               -   18.00000      -  80.6 7355s
 23247769 2292333 infeasible   35               -   18.00000      -  80.6 7360s
 23262195 2282351 infeasible   60               -   18.00000      -  80.6 7365s
 23276811 2272313   19.00000   64   10          -   18.00000      -  80.6 7370s
 23292316 2262327     cutoff   41               -   18.00000      -  80.6 7375s
 23304670 2253776     cutoff   56               -   18.00000      -  80.6 7380s
 23319587 2245505     cutoff   59               -   18.00000      -  80.6 7386s
 23332377 2238065     cutoff   39               -   18.00000      -  80.6 7390s
 23344976 2230299     cutoff   49               -   18.00000      -  80.6 7395s
 23360650 2220924   18.50000   36   65          -   18.00000      -  80.6 7400s
 23373028 2213011     cutoff   56               -   18.00000      -  80.6 7405s
 23387955 2203690 infeasible   48               -   18.00000      -  80.6 7410s
 23403188 2194349     cutoff   52               -   18.00000      -  80.6 7415s
 23415333 2186115     cutoff   56               -   18.00000      -  80.6 7420s
 23430257 2176182     cutoff   51               -   18.00000      -  80.6 7425s
 23445240 2165904     cutoff   51               -   18.00000      -  80.6 7430s
 23459792 2157179     cutoff   63               -   18.00000      -  80.6 7435s
 23471732 2149717     cutoff   49               -   18.00000      -  80.6 7440s
 23486344 2140442     cutoff   62               -   18.00000      -  80.6 7445s
 23501032 2130916 infeasible   43               -   18.00000      -  80.6 7450s
 23515915 2121257     cutoff   47               -   18.00000      -  80.6 7455s
 23530401 2112103     cutoff   45               -   18.00000      -  80.6 7460s
 23545039 2102843     cutoff   48               -   18.00000      -  80.6 7465s
 23557064 2095577     cutoff   46               -   18.00000      -  80.6 7470s
 23570473 2087526 infeasible   40               -   18.00000      -  80.6 7475s
 23582374 2081392     cutoff   48               -   18.00000      -  80.6 7480s
 23597333 2073555     cutoff   56               -   18.00000      -  80.6 7485s
 23609429 2066964 infeasible   57               -   18.00000      -  80.6 7490s
 23621184 2060531     cutoff   45               -   18.00000      -  80.6 7495s
 23633574 2054273     cutoff   44               -   18.00000      -  80.6 7500s
 23648059 2047375     cutoff   37               -   18.00029      -  80.6 7505s
 23657717 2044236 infeasible   48               -   18.00556      -  80.6 7510s
 23666551 2041204 infeasible   45               -   18.00962      -  80.6 7515s
 23678394 2036989     cutoff   38               -   18.01439      -  80.6 7520s
 23688057 2033566     cutoff   39               -   18.01829      -  80.7 7525s
 23700357 2029507 infeasible   38               -   18.02247      -  80.7 7531s
 23710187 2026201     cutoff   42               -   18.02609      -  80.7 7536s
 23720317 2022861 infeasible   35               -   18.02941      -  80.7 7540s
 23729726 2019491     cutoff   47               -   18.03261      -  80.7 7545s
 23742250 2015316 infeasible   53               -   18.03636      -  80.7 7550s
 23751751 2011857     cutoff   42               -   18.03947      -  80.7 7555s
 23764095 2007557 infeasible   44               -   18.04324      -  80.7 7560s
 23776278 2003023   18.13028   56  207          -   18.04696      -  80.7 7566s
 23785828 1999371     cutoff   62               -   18.05000      -  80.7 7570s
 23795701 1995916     cutoff   32               -   18.05264      -  80.7 7575s
 23808061 1991535     cutoff   52               -   18.05609      -  80.7 7580s
 23817663 1987894     cutoff   43               -   18.05902      -  80.8 7585s
 23829961 1983302 infeasible   39               -   18.06250      -  80.8 7590s
 23839513 1979996 infeasible   41               -   18.06522      -  80.8 7595s
 23851420 1975327     cutoff   45               -   18.06881      -  80.8 7600s
 23861532 1971138 infeasible   45               -   18.07143      -  80.8 7605s
 23873336 1966696 infeasible   55               -   18.07477      -  80.8 7610s
 23883347 1962665     cutoff   37               -   18.07709      -  80.8 7615s
 23895303 1958282     cutoff   39               -   18.08108      -  80.8 7620s
 23908013 1952679     cutoff   50               -   18.08333      -  80.8 7625s
 23917061 1948970     cutoff   37               -   18.08659      -  80.8 7630s
 23929017 1944086     cutoff   40               -   18.09053      -  80.8 7636s
 23939005 1940196 infeasible   51               -   18.09231      -  80.8 7640s
 23950850 1935324 infeasible   42               -   18.09615      -  80.9 7645s
 23960554 1931471     cutoff   36               -   18.09965      -  80.9 7650s
 23973787 1925702   18.24687   56  167          -   18.10092      -  80.9 7656s
 23982912 1922168   18.75000   61   43          -   18.10417      -  80.9 7660s
 23994961 1917227 infeasible   37               -   18.10775      -  80.9 7665s
 24004433 1912990     cutoff   34               -   18.11111      -  80.9 7670s
 24017201 1907476 infeasible   47               -   18.11290      -  80.9 7675s
 24026653 1903622     cutoff   56               -   18.11565      -  80.9 7680s
 24038096 1898338     cutoff   45               -   18.11950      -  80.9 7685s
 24047838 1894514   19.00000   44   10          -   18.12270      -  80.9 7690s
 24058252 1888896     cutoff   39               -   18.12500      -  80.9 7695s
 24071130 1883306     cutoff   41               -   18.12596      -  80.9 7700s
 24081799 1878222     cutoff   39               -   18.13003      -  80.9 7705s
 24094346 1872795 infeasible   53               -   18.13333      -  81.0 7710s
 24103783 1868423     cutoff   47               -   18.13636      -  81.0 7715s
 24113289 1864468     cutoff   61               -   18.13953      -  81.0 7720s
 24122928 1859393   18.45098   43  131          -   18.14286      -  81.0 7725s
 24136605 1852765 infeasible   43               -   18.14339      -  81.0 7730s
 24145321 1848737 infeasible   71               -   18.14693      -  81.0 7735s
 24157122 1843205     cutoff   44               -   18.15025      -  81.0 7741s
 24166603 1838632     cutoff   50               -   18.15385      -  81.0 7745s
 24176409 1834344     cutoff   61               -   18.15625      -  81.0 7750s
 24188782 1828775 infeasible   40               -   18.16000      -  81.0 7756s
 24198082 1824506     cutoff   52               -   18.16312      -  81.0 7761s
 24207985 1819383     cutoff   67               -   18.16667      -  81.0 7765s
 24219402 1812469     cutoff   52               -   18.16667      -  81.0 7770s
 24232723 1804932     cutoff   46               -   18.16667      -  81.0 7775s
 24243008 1800149 infeasible   40               -   18.17033      -  81.0 7780s
 24252215 1795881 infeasible   51               -   18.17376      -  81.1 7785s
 24261762 1791121     cutoff   42               -   18.17647      -  81.1 7790s
 24273727 1785505     cutoff   37               -   18.18075      -  81.1 7796s
 24283733 1780371     cutoff   35               -   18.18273      -  81.1 7800s
 24293047 1775704   19.09704   35  216          -   18.18609      -  81.1 7805s
 24305364 1769296     cutoff   37               -   18.18983      -  81.1 7811s
 24315070 1764513 infeasible   42               -   18.19280      -  81.1 7815s
 24324761 1759926     cutoff   49               -   18.19616      -  81.1 7820s
 24334359 1754657     cutoff   43               -   18.20000      -  81.1 7825s
 24349318 1745062     cutoff   61               -   18.20000      -  81.1 7831s
 24359971 1739313   18.47815   43  142          -   18.20000      -  81.1 7835s
 24370140 1734002     cutoff   49               -   18.20455      -  81.1 7840s
 24379753 1729052 infeasible   38               -   18.20816      -  81.1 7845s
 24390023 1724313 infeasible   49               -   18.21101      -  81.1 7850s
 24402668 1717721 infeasible   50               -   18.21429      -  81.1 7855s
 24412126 1712848   18.76354   49  173          -   18.21757      -  81.2 7860s
 24421688 1707741     cutoff   49               -   18.22139      -  81.2 7865s
 24435012 1700184     cutoff   51               -   18.22360      -  81.2 7870s
 24444136 1695039     cutoff   38               -   18.22721      -  81.2 7875s
 24453761 1689629     cutoff   50               -   18.23053      -  81.2 7880s
 24463548 1684709 infeasible   43               -   18.23327      -  81.2 7885s
 24475892 1677859   18.53636   43  138          -   18.23705      -  81.2 7890s
 24485787 1672467   18.39951   40  192          -   18.24051      -  81.2 7895s
 24495408 1667345     cutoff   64               -   18.24418      -  81.2 7900s
 24504930 1662411 infeasible   45               -   18.24849      -  81.2 7905s
 24518978 1652787     cutoff   50               -   18.25000      -  81.2 7911s
 24531648 1643770     cutoff   51               -   18.25000      -  81.2 7915s
 24543907 1635396     cutoff   55               -   18.25000      -  81.2 7920s
 24555701 1627589 infeasible   56               -   18.25000      -  81.2 7925s
 24567868 1620558   19.00000   45    9          -   18.25135      -  81.2 7930s
 24578201 1614706     cutoff   52               -   18.25612      -  81.2 7935s
 24588334 1609001 infeasible   55               -   18.26000      -  81.2 7940s
 24598786 1603278     cutoff   51               -   18.26357      -  81.2 7946s
 24606423 1598534     cutoff   41               -   18.26667      -  81.3 7950s
 24617212 1592809   18.77980   40  195          -   18.27011      -  81.3 7955s
 24628952 1585647     cutoff   45               -   18.27304      -  81.3 7960s
 24638908 1579079     cutoff   47               -   18.27729      -  81.3 7966s
 24650213 1573009     cutoff   46               -   18.28103      -  81.3 7971s
 24660687 1566157     cutoff   44               -   18.28539      -  81.3 7976s
 24672273 1558577   18.50000   49   21          -   18.28571      -  81.3 7980s
 24681905 1553617 infeasible   52               -   18.28916      -  81.3 7985s
 24693022 1546472 infeasible   46               -   18.29333      -  81.3 7990s
 24703908 1540715 infeasible   51               -   18.29730      -  81.3 7995s
 24713838 1533542     cutoff   57               -   18.30000      -  81.3 8000s
 24725599 1527312 infeasible   38               -   18.30273      -  81.3 8005s
 24736261 1519991 infeasible   50               -   18.30693      -  81.3 8010s
 24748022 1514094   18.62500   46  136          -   18.31034      -  81.3 8015s
 24760071 1505960     cutoff   47               -   18.31442      -  81.3 8021s
 24769596 1499699     cutoff   55               -   18.31818      -  81.3 8026s
 24781376 1493120     cutoff   45               -   18.32232      -  81.3 8031s
 24789441 1488735     cutoff   65               -   18.32558      -  81.4 8035s
 24801366 1481616     cutoff   49               -   18.33102      -  81.4 8040s
 24813246 1470911     cutoff   50               -   18.33333      -  81.4 8046s
 24824102 1461634     cutoff   39               -   18.33333      -  81.4 8050s
 24842588 1447365   18.75000   45   48          -   18.33333      -  81.4 8056s
 24854516 1438366     cutoff   60               -   18.33333      -  81.4 8060s
 24871558 1425847     cutoff   48               -   18.33333      -  81.4 8066s
 24881785 1421831     cutoff   43               -   18.33607      -  81.4 8070s
 24890226 1416300 infeasible   42               -   18.34000      -  81.4 8075s
 24900505 1409251     cutoff   40               -   18.34444      -  81.4 8080s
 24911573 1401887 infeasible   44               -   18.34884      -  81.4 8085s
 24919699 1396131 infeasible   48               -   18.35211      -  81.4 8090s
 24930657 1387491   18.48783   60  206          -   18.35632      -  81.4 8096s
 24941448 1382357     cutoff   51               -   18.35975      -  81.4 8100s
 24952998 1373984     cutoff   42               -   18.36364      -  81.4 8105s
 24964842 1366746 infeasible   47               -   18.36808      -  81.4 8110s
 24975503 1360319 infeasible   47               -   18.37255      -  81.4 8115s
 24984475 1350441 infeasible   50               -   18.37500      -  81.4 8121s
 24998610 1344206 infeasible   41               -   18.37678      -  81.4 8126s
 25008648 1337724   18.48938   42  157          -   18.38095      -  81.4 8131s
 25018577 1330242 infeasible   40               -   18.38462      -  81.4 8135s
 25026404 1323992 infeasible   43               -   18.38776      -  81.4 8140s
 25038826 1316288 infeasible   51               -   18.39262      -  81.4 8145s
 25049298 1309758 infeasible   55               -   18.39723      -  81.4 8150s
 25059223 1297453   18.70283   36  159          -   18.40000      -  81.4 8155s
 25076193 1287253     cutoff   50               -   18.40000      -  81.4 8160s
 25088463 1280233 infeasible   42               -   18.40478      -  81.4 8165s
 25099000 1272705 infeasible   46               -   18.40909      -  81.4 8170s
 25110119 1265019     cutoff   54               -   18.41379      -  81.4 8175s
 25121093 1256669 infeasible   50               -   18.41667      -  81.4 8180s
 25133832 1247254     cutoff   42               -   18.42222      -  81.5 8186s
 25143880 1234394     cutoff   60               -   18.42685      -  81.5 8193s
 25153878 1229325     cutoff   45               -   18.42857      -  81.5 8196s
 25167267 1222950 infeasible   62               -   18.43243      -  81.5 8201s
 25175404 1215409     cutoff   36               -   18.43588      -  81.5 8205s
 25186051 1209413     cutoff   46               -   18.43990      -  81.5 8210s
 25193789 1197791     cutoff   49               -   18.44352      -  81.5 8216s
 25208386 1192836     cutoff   40               -   18.44737      -  81.5 8220s
 25219976 1184440     cutoff   49               -   18.45238      -  81.5 8225s
 25231420 1175604     cutoff   51               -   18.45623      -  81.5 8230s
 25241421 1165795   18.72727   44   87          -   18.46083      -  81.5 8236s
 25251805 1160297     cutoff   39               -   18.46447      -  81.5 8240s
 25263386 1150307     cutoff   56               -   18.46957      -  81.5 8246s
 25273047 1144125 infeasible   40               -   18.47368      -  81.5 8250s
 25284283 1135769     cutoff   43               -   18.47826      -  81.5 8255s
 25295307 1127227 infeasible   44               -   18.48387      -  81.5 8260s
 25305063 1119996     cutoff   44               -   18.48901      -  81.5 8265s
 25314565 1112976     cutoff   39               -   18.49481      -  81.5 8270s
 25330054 1093730     cutoff   41               -   18.50000      -  81.5 8279s
 25340961 1084077     cutoff   54               -   18.50000      -  81.5 8283s
 25352202 1073461     cutoff   50               -   18.50000      -  81.5 8286s
 25377366 1050825 infeasible   50               -   18.50000      -  81.5 8293s
 25390046 1040672     cutoff   57               -   18.50000      -  81.5 8297s
 25401737 1030043     cutoff   45               -   18.50000      -  81.5 8300s
 25426067 1008759     cutoff   43               -   18.50000      -  81.5 8307s
 25438337 998056     cutoff   43               -   18.50000      -  81.4 8311s
 25450618 987311     cutoff   59               -   18.50000      -  81.4 8315s
 25474157 968580     cutoff   55               -   18.50000      -  81.4 8322s
 25484459 959409     cutoff   43               -   18.50000      -  81.4 8325s
 25502164 952600 infeasible   32               -   18.50312      -  81.4 8330s
 25512298 944476     cutoff   53               -   18.51012      -  81.4 8335s
 25523827 935104     cutoff   49               -   18.51724      -  81.4 8340s
 25533293 927478   18.94198   48  156          -   18.52308      -  81.4 8345s
 25543065 919143 infeasible   46               -   18.52860      -  81.4 8350s
 25554212 910221     cutoff   39               -   18.53471      -  81.4 8355s
 25565652 900786 infeasible   50               -   18.54093      -  81.4 8360s
 25576334 892260     cutoff   45               -   18.54545      -  81.4 8365s
 25588472 882668     cutoff   42               -   18.55323      -  81.4 8370s
 25601063 871538 infeasible   53               -   18.55861      -  81.4 8375s
 25611579 862588     cutoff   48               -   18.56456      -  81.4 8380s
 25621021 845333     cutoff   40               -   18.57114      -  81.4 8387s
 25635642 841842     cutoff   53               -   18.57536      -  81.4 8390s
 25647340 828335     cutoff   44               -   18.58333      -  81.4 8396s
 25658589 822194     cutoff   37               -   18.58824      -  81.4 8400s
 25670171 812430 infeasible   49               -   18.59607      -  81.4 8405s
 25675167 798283 infeasible   47               -   18.60000      -  81.4 8410s
 25698480 786971 infeasible   51               -   18.60417      -  81.4 8415s
 25710253 776775     cutoff   41               -   18.61161      -  81.4 8420s
 25721172 767171     cutoff   46               -   18.61843      -  81.4 8425s
 25728175 751536 infeasible   41               -   18.62376      -  81.4 8431s
 25747697 743722     cutoff   62               -   18.63158      -  81.4 8435s
 25759317 733364     cutoff   45               -   18.63851      -  81.4 8440s
 25773352 721052 infeasible   44               -   18.64706      -  81.4 8445s
 25785103 710493     cutoff   57               -   18.65546      -  81.4 8450s
 25797184 689967 infeasible   34               -   18.66667      -  81.4 8457s
 25809647 677943 infeasible   47               -   18.66667      -  81.4 8460s
 25834487 654013     cutoff   39               -   18.66667      -  81.3 8467s
 25852209 647945     cutoff   48               -   18.66667      -  81.3 8470s
 25862155 638405 infeasible   37               -   18.67689      -  81.3 8475s
 25873241 626925 infeasible   49               -   18.68571      -  81.3 8480s
 25886853 615679     cutoff   36               -   18.69539      -  81.3 8485s
 25901482 602034     cutoff   50               -   18.70455      -  81.3 8490s
 25913415 584038     cutoff   52               -   18.71429      -  81.3 8497s
 25927451 577739 infeasible   42               -   18.72138      -  81.3 8500s
 25940601 565579 infeasible   44               -   18.73077      -  81.3 8505s
 25954657 552519     cutoff   44               -   18.74351      -  81.3 8510s
 25971576 526362 infeasible   46               -   18.75000      -  81.3 8516s
 25995916 512862 infeasible   54               -   18.75000      -  81.2 8520s
 26008839 500504     cutoff   44               -   18.76331      -  81.2 8525s
 26020746 489457 infeasible   45               -   18.77419      -  81.2 8530s
 26036637 474127 infeasible   46               -   18.78665      -  81.2 8535s
 26048726 452755     cutoff   44               -   18.80000      -  81.2 8541s
 26070530 441198 infeasible   48               -   18.81117      -  81.2 8545s
 26086738 426022     cutoff   44               -   18.82808      -  81.1 8550s
 26106390 407114     cutoff   51               -   18.83750      -  81.1 8555s
 26122265 387254     cutoff   51               -   18.85714      -  81.1 8560s
 26140855 370230     cutoff   44               -   18.87500      -  81.1 8565s
 26159701 355314     cutoff   37               -   18.89423      -  81.1 8570s
 26177213 337817 infeasible   49               -   18.91667      -  81.0 8575s
 26197203 318513     cutoff   44               -   18.94737      -  81.0 8580s
 26213979 302056 infeasible   37               -   18.98718      -  81.0 8585s
 26240524 266090     cutoff   40               -   19.00000      -  80.9 8590s
 26288941 218365 infeasible   53               -   19.00000      -  80.8 8596s
 26324483 183126 infeasible   54               -   19.00000      -  80.7 8600s
 26371834 136398 infeasible   74               -   19.00000      -  80.6 8605s
 26411119 107676     cutoff   51               -   19.00000      -  80.5 8610s

Cutting planes:
  Gomory: 19
  Implied bound: 901
  MIR: 126
  Zero half: 398
  Relax-and-lift: 21

Explored 26412777 nodes (2127046760 simplex iterations) in 8610.14 seconds (14495.44 work units)
Thread count was 24 (of 64 available processors)

Solution count 0

Model objective exceeds cutoff
Best objective -, best bound 1.950000000205e+01, gap -

Gurobi 13.0.3 (linux64) logging started Thu Oct  1 05:31:03 2026

Set parameter LogFile to value "W7_m56-100_38_n360k24d20w7_dX_20-24_gurobi.log"
Set parameter Threads to value 24
Set parameter NodefileStart to value 60
Set parameter NodefileDir to value "."
Set parameter SoftMemLimit to value 60
Set parameter Cutoff to value 19.5
Set parameter MIPFocus to value 3
Set parameter Symmetry to value 2
Gurobi Optimizer version 13.0.3 build v13.0.3rc0 (linux64 - "Ubuntu 24.04.4 LTS")

CPU model: AMD Ryzen Threadripper PRO 9975WX 32-Cores, instruction set [SSE2|AVX|AVX2|AVX512]
Thread count: 32 physical cores, 64 logical processors, using up to 24 threads

Non-default parameters:
Cutoff  19.5
SoftMemLimit  60
MIPFocus  3
NodefileStart  60
Symmetry  2
Threads  24

Optimize a model with 181 rows, 541 columns and 1522 nonzeros (Min)
Model fingerprint: 0xe0eb6f4d
Model has 360 linear objective coefficients
Variable types: 0 continuous, 541 integer (360 binary)
Coefficient statistics:
  Matrix range     [1e+00, 2e+00]
  Objective range  [1e+00, 1e+00]
  Bounds range     [1e+00, 4e+01]
  RHS range        [1e+00, 1e+00]

Presolve time: 0.00s
Presolved: 181 rows, 541 columns, 1522 nonzeros
Variable types: 0 continuous, 541 integer (360 binary)
Root relaxation presolve removed 181 rows and 541 columns
Root relaxation presolve: All rows and columns removed

Extra simplex iterations after uncrush: 1

Root relaxation: objective 1.000000e+00, 1 iterations, 0.00 seconds (0.00 work units)

    Nodes    |    Current Node    |     Objective Bounds      |     Work
 Expl Unexpl |  Obj  Depth IntInf | Incumbent    BestBd   Gap | It/Node Time

     0     0    1.00000    0    3          -    1.00000      -     -    0s
     0     0    1.00000    0    3          -    1.00000      -     -    0s
     0     0    1.00000    0    3          -    1.00000      -     -    0s
     0     0    2.00000    0    3          -    2.00000      -     -    0s
     0     0    2.00000    0    3          -    2.00000      -     -    0s
     0     2    2.00000    0    3          -    2.00000      -     -    0s
  6437  5152   11.00374   25  258          -    8.10371      -  79.6    5s
  8312  6489   13.31966   25  245          -    8.57176      -   120   10s
 15594 11970   15.29110   45  178          -    8.72773      -   117   15s
 16023 12451   11.59139   47  225          -    8.79407      -   123   20s
 25815 20824   14.00000   55    1          -    8.87926      -   110   25s
 42290 31185   14.00813   59  209          -    9.00000      -  97.8   30s
 56842 39378   14.35886   47  251          -    9.07934      -  94.5   35s
 73075 48329   12.90394   47  217          -    9.20707      -  92.1   40s
 90382 56174   14.00000   54    1          -    9.34234      -  88.9   45s
 109458 64005   14.00000   69    1          -    9.56522      -  86.8   50s
 127445 71212   13.45167   67  211          -    9.88858      -  84.7   55s
 145722 79009 infeasible   62               -   10.24121      -  83.2   60s
 164482 88219   15.84235   39  187          -   10.83333      -  81.9   65s
 182564 97933   15.89420   33  198          -   11.25000      -  81.3   70s
 199643 108240   14.48326   39  205          -   11.52535      -  81.2   75s
 221127 120076   13.34940   24  226          -   11.85344      -  80.3   80s
 239010 130498   13.87496   44  215          -   12.00000      -  79.9   85s
 259722 143537   13.88771   38  244          -   12.14634      -  79.5   90s
 274761 152284   14.21828   61  232          -   12.26586      -  79.2   95s
 295261 163966   12.46515   49  163          -   12.42105      -  79.1  100s
 312236 174009   14.98300   48  236          -   12.50164      -  78.9  105s
 318064 175814   13.84995   24  246          -   12.55810      -  79.0  110s
 318211 175954   14.74158   36  208          -   12.58182      -  79.1  116s
 318333 176072   17.00000   30    1          -   12.60000      -  79.2  120s
 323765 182004   14.43507   30  203          -   12.62301      -  79.3  125s
 341031 191129   13.08708   49  187          -   12.69342      -  79.2  130s
 358925 200656   13.81717   34  253          -   12.75708      -  79.2  135s
 376984 210645   13.59366   28  213          -   12.82535      -  79.3  140s
 393627 220037   15.13407   44  249          -   12.87956      -  79.4  145s
 407285 227409   13.53005   26  211          -   12.92376      -  79.8  150s
 423189 236270   16.20450   29  250          -   12.96645      -  80.1  155s
 439130 244334   14.62523   45  241          -   13.00000      -  80.5  160s
 452973 251239   14.42735   51  217          -   13.00394      -  81.0  165s
 468308 259395   13.97009   43  218          -   13.04784      -  81.2  170s
 483743 267351   18.75363   33  215          -   13.08000      -  81.3  175s
 496717 273989   17.00000   41    1          -   13.10866      -  81.6  180s
 510913 281264   14.40081   25  250          -   13.13513      -  82.0  185s
 525696 288333   17.28760   37  249          -   13.16667      -  82.3  190s
 541103 295549   19.00000   32    1          -   13.19351      -  82.6  195s
 553084 301166   17.59668   39  215          -   13.21366      -  82.9  200s
 566943 307627   14.04646   32  225          -   13.24000      -  83.3  205s
 581700 313906   15.29379   35  269          -   13.26348      -  83.6  210s
 594055 319472   17.43172   45  229          -   13.28417      -  83.9  215s
 607235 325230   14.62198   30  280          -   13.30985      -  84.4  220s
 620306 330427   15.87417   76  158          -   13.33333      -  84.7  225s
 631904 335899   19.00000   44    1          -   13.34914      -  85.1  230s
 645537 341686   17.00000   48    1          -   13.36876      -  85.4  235s
 657677 346830   16.43402   38  201          -   13.38903      -  85.6  240s
 672042 352689   18.90308   40  216          -   13.41119      -  85.9  245s
 684308 357868   17.25461   41  235          -   13.43142      -  86.2  250s
 699028 363586   16.38643   44  210          -   13.45346      -  86.3  255s
 713464 369431   19.00000   42    1          -   13.47368      -  86.6  260s
 725677 374329   16.68232   34  225          -   13.49405      -  86.9  265s
 738004 378861   17.29621   36  223          -   13.50000      -  87.1  270s
 753170 385124   14.86037   62  217          -   13.52525      -  87.3  275s
 757270 386203   19.00000   52    1          -   13.53333      -  87.3  281s
 763030 389679     cutoff   38               -   13.54237      -  87.5  285s
 777932 395100   17.65737   43  241          -   13.56667      -  87.6  291s
 788487 398980   17.00000   49    1          -   13.58333      -  87.7  295s
 803246 404693   19.00000   48    1          -   13.60698      -  87.9  300s
 815661 409369   17.83979   55  192          -   13.62500      -  88.1  305s
 830277 415027   18.00000   59    4          -   13.64900      -  88.3  310s
 842666 419361   17.06842   28  240          -   13.66667      -  88.4  315s
 857295 424886   13.82797   39  233          -   13.68750      -  88.6  320s
 869782 429836   19.00000   51   23          -   13.70704      -  88.7  325s
 884123 434788     cutoff   48               -   13.73146      -  88.8  330s
 898498 440442   18.95873   61  222          -   13.75000      -  89.0  335s
 910858 445007   16.50000   58   19          -   13.77083      -  89.1  340s
 925805 450381     cutoff   53               -   13.79549      -  89.3  345s
 936077 454041   18.38121   51  205          -   13.80919      -  89.3  350s
 950738 459728   14.62602   43  219          -   13.83180      -  89.4  355s
 966012 465063   15.44555   41  225          -   13.85698      -  89.4  360s
 977751 469656     cutoff   61               -   13.87500      -  89.6  365s
 995088 475462 infeasible   67               -   13.90000      -  89.6  370s
 1007438 480380   16.69464   56  167          -   13.91863      -  89.6  375s
 1025215 487251   15.33842   47  217          -   13.94820      -  89.6  380s
 1037534 492424   14.00000   39    1          -   13.96898      -  89.7  385s
 1053335 499415   15.30941   36  205          -   13.99472      -  89.8  390s
 1068664 506335   15.78249   41  147          -   14.00000      -  89.6  395s
 1084979 513796   14.00000   56    1          -   14.00000      -  89.6  400s
 1100801 520549   14.41278   36  244          -   14.00000      -  89.6  405s
 1116452 529808   15.63702   54  254          -   14.00000      -  89.6  410s
 1133927 537704     cutoff   65               -   14.01730      -  89.4  415s
 1148394 543345   18.50885   64  229          -   14.04442      -  89.3  420s
 1164002 549735   19.00000   72    1          -   14.07317      -  89.3  425s
 1178472 555204   19.00000   63   32          -   14.09879      -  89.2  430s
 1193825 561295   14.93456   27  206          -   14.12389      -  89.2  435s
 1211341 567929   16.39462   42  253          -   14.15152      -  89.2  440s
 1225911 573895 infeasible   68               -   14.17393      -  89.1  445s
 1240707 579903   17.00000   59    1          -   14.19766      -  89.1  450s
 1258221 586564 infeasible   61               -   14.22081      -  89.0  455s
 1273057 592454     cutoff   62               -   14.24428      -  89.0  460s
 1290070 598565   17.12358   38  196          -   14.26511      -  89.0  465s
 1304730 604628   15.38551   52  190          -   14.28571      -  88.9  470s
 1321984 611575   17.25585   39  245          -   14.30769      -  88.8  475s
 1337656 617865 infeasible   71               -   14.32737      -  88.7  480s
 1354259 624015   17.00000   34   49          -   14.34534      -  88.7  485s
 1369807 630133   14.76875   41  167          -   14.36634      -  88.6  490s
 1387686 637831   16.25096   29  225          -   14.38710      -  88.5  495s
 1403145 644148   15.83393   30  222          -   14.40260      -  88.5  500s
 1420360 651108   14.89074   54  157          -   14.42574      -  88.4  505s
 1436710 657647   15.70015   32  212          -   14.44231      -  88.3  510s
 1454271 665086   19.50000   68   39          -   14.46154      -  88.2  515s
 1468418 670596   17.08307   31  237          -   14.47917      -  88.1  520s
 1485823 677270   15.61473   35  235          -   14.50000      -  88.1  525s
 1498449 680650   18.95346   32  225          -   14.50000      -  88.2  530s
 1514046 687225   15.66381   29  244          -   14.51520      -  88.2  535s
 1528808 693718   16.69352   33  235          -   14.53276      -  88.1  540s
 1546252 700963   15.08124   38  260          -   14.55000      -  88.0  545s
 1564381 708560     cutoff   34               -   14.56935      -  87.9  550s
 1581229 715504   16.05042   82  194          -   14.58696      -  87.9  555s
 1596289 721442 infeasible   38               -   14.60000      -  87.8  560s
 1614196 728775   15.12190   27  196          -   14.61667      -  87.8  565s
 1631999 736033   15.25004   30  246          -   14.63494      -  87.7  570s
 1646316 741861 infeasible   69               -   14.64706      -  87.7  575s
 1663218 749007   14.90401   33  187          -   14.66378      -  87.6  580s
 1677883 753160   15.91181   37  217          -   14.66969      -  87.6  585s
 1695890 760006   15.36567   36  250          -   14.68750      -  87.6  590s
 1710213 765745   17.06370   34  247          -   14.70146      -  87.6  595s
 1727111 772441   17.47707   45  236          -   14.71598      -  87.6  600s
 1742648 778564   18.14716   31  209          -   14.73065      -  87.5  605s
 1757751 784077   16.61236   41  231          -   14.74251      -  87.5  610s
 1771453 788494     cutoff   34               -   14.75017      -  87.6  615s
 1786896 794601   14.92278   37  210          -   14.76449      -  87.5  620s
 1801830 800075   16.43636   31  226          -   14.77778      -  87.5  625s
 1816996 805926   15.61637   34  252          -   14.79058      -  87.6  630s
 1834168 812038   15.19150   78  204          -   14.80259      -  87.6  635s
 1846485 816312   15.91306   75  197          -   14.81250      -  87.6  640s
 1863693 822575   15.26545   49  236          -   14.82558      -  87.6  645s
 1878577 828011     cutoff   71               -   14.83522      -  87.6  650s
 1891564 832447   15.40546   36  219          -   14.84536      -  87.6  655s
 1907012 837924   17.55697   40  249          -   14.85714      -  87.7  660s
 1922437 843342   17.59029   30  213          -   14.86793      -  87.7  665s
 1937265 848208   17.57331   35  166          -   14.87828      -  87.7  670s
 1949820 851839   16.90603   30  229          -   14.88836      -  87.7  675s
 1963905 856806   17.15394   35  253          -   14.89894      -  87.8  680s
 1976205 861269   18.43879   44  212          -   14.90733      -  87.9  685s
 1991431 865929     cutoff   33               -   14.91667      -  87.9  690s
 1996476 866759   16.34923   34  204          -   14.92233      -  87.9  695s
 1996646 866837   17.03564   47  259          -   14.92352      -  88.0  700s
 1997326 867164 infeasible   38               -   14.92484      -  88.0  705s
 1998584 867561   14.96776   33  227          -   14.92610      -  88.0  710s
 2000256 868276   19.00000   27    1          -   14.92768      -  88.0  715s
 2004429 869731   16.62345   55  252          -   14.92903      -  88.0  720s
 2013124 873579 infeasible   36               -   14.93278      -  88.1  725s
 2026592 877941   18.47826   35  224          -   14.94526      -  88.1  730s
 2041874 882939   16.32037   29  224          -   14.95535      -  88.1  735s
 2054180 887024   16.28581   32  190          -   14.96327      -  88.2  740s
 2068636 892000   17.30584   39  251          -   14.97306      -  88.2  745s
 2080763 896070   18.25187   41  186          -   14.98113      -  88.3  750s
 2095636 900442   18.31832   32  246          -   14.99174      -  88.4  755s
 2107164 903405     cutoff   51               -   15.00000      -  88.4  760s
 2118184 904018     cutoff   47               -   15.00000      -  88.6  765s
 2129932 903744 infeasible   36               -   15.00000      -  88.8  770s
 2138837 904012     cutoff   40               -   15.00000      -  88.9  775s
 2149072 905885 infeasible   38               -   15.00092      -  89.0  780s
 2166737 912066   17.73472   35  233          -   15.01420      -  89.1  785s
 2180862 916695   16.23308   29  253          -   15.02435      -  89.1  790s
 2194198 921103   19.00000   41    1          -   15.03302      -  89.1  795s
 2208969 926150   16.83334   37  215          -   15.04341      -  89.1  800s
 2223499 931078     cutoff   40               -   15.05215      -  89.2  805s
 2235518 934836     cutoff   40               -   15.05909      -  89.2  810s
 2250132 939818   17.07000   50  222          -   15.06757      -  89.2  815s
 2265040 944469   19.00000   39    1          -   15.07514      -  89.3  820s
 2276875 948095 infeasible   48               -   15.08237      -  89.3  825s
 2289426 951871   19.00000   32    1          -   15.08960      -  89.3  830s
 2301284 955495   15.41679   33  231          -   15.09639      -  89.4  835s
 2315842 959606   16.64098   38  241          -   15.10442      -  89.4  840s
 2327927 962910     cutoff   53               -   15.11117      -  89.5  845s
 2340325 966464   19.00000   39    1          -   15.11841      -  89.5  850s
 2352344 969344   16.05834   31  249          -   15.12500      -  89.6  855s
 2364680 972496   17.50000   38   17          -   15.13281      -  89.7  860s
 2377443 975542   18.97249   45  242          -   15.13959      -  89.7  865s
 2390208 978772     cutoff   36               -   15.14667      -  89.8  870s
 2401885 981679     cutoff   34               -   15.15363      -  89.9  875s
 2411624 984052     cutoff   39               -   15.15895      -  89.9  880s
 2423247 986323   19.00000   45    1          -   15.16667      -  90.0  885s
 2432680 988273   19.00000   44    1          -   15.17037      -  90.1  890s
 2445443 991096   16.54225   34  242          -   15.17833      -  90.2  895s
 2454442 993188     cutoff   42               -   15.18352      -  90.2  900s
 2464181 995392   16.50390   37  225          -   15.18950      -  90.3  905s
 2476682 998134   17.66862   40  243          -   15.19708      -  90.4  910s
 2488490 1000309   17.41375   33  232          -   15.20227      -  90.5  915s
 2498090 1002419     cutoff   37               -   15.20769      -  90.5  920s
 2509639 1004754     cutoff   42               -   15.21429      -  90.6  925s
 2522690 1007542   15.62732   37  261          -   15.22218      -  90.7  931s
 2532882 1009586     cutoff   47               -   15.22692      -  90.7  935s
 2544876 1012263 infeasible   53               -   15.23333      -  90.8  940s
 2553946 1014222     cutoff   39               -   15.23871      -  90.9  945s
 2566601 1016717     cutoff   59               -   15.24599      -  91.0  950s
 2578978 1017866     cutoff   54               -   15.25000      -  91.1  956s
 2588107 1019287   16.81340   31  242          -   15.25470      -  91.1  960s
 2598138 1021073   19.00000   46    1          -   15.26087      -  91.2  965s
 2610651 1023468   15.50000   48   20          -   15.26860      -  91.3  970s
 2620358 1025072   17.06164   39  207          -   15.27356      -  91.4  975s
 2632623 1027515   17.56046   39  240          -   15.28042      -  91.5  980s
 2641868 1028781     cutoff   49               -   15.28571      -  91.5  985s
 2654263 1030927     cutoff   48               -   15.29268      -  91.6  990s
 2664593 1032747 infeasible   49               -   15.29851      -  91.7  995s
 2676179 1034851 infeasible   46               -   15.30515      -  91.8 1000s
 2688345 1036568   17.11035   46  229          -   15.31183      -  91.9 1005s
 2697588 1037899 infeasible   38               -   15.31770      -  91.9 1010s
 2707959 1039533     cutoff   35               -   15.32343      -  92.0 1015s
 2720464 1041665     cutoff   36               -   15.33058      -  92.1 1020s
 2731486 1041969     cutoff   59               -   15.33333      -  92.2 1026s
 2740753 1043232   19.00000   44    1          -   15.33903      -  92.3 1030s
 2750273 1044907     cutoff   37               -   15.34473      -  92.3 1035s
 2762386 1046810   16.63716   36  244          -   15.35185      -  92.4 1040s
 2772432 1048464     cutoff   46               -   15.35734      -  92.5 1045s
 2781566 1049958     cutoff   43               -   15.36306      -  92.5 1050s
 2793874 1051793     cutoff   49               -   15.36972      -  92.6 1055s
 2805416 1053516     cutoff   44               -   15.37541      -  92.7 1061s
 2815770 1055179 infeasible   42               -   15.38156      -  92.7 1065s
 2827111 1057153     cutoff   50               -   15.38801      -  92.8 1070s
 2836586 1058520   18.50000   50   18          -   15.39344      -  92.9 1075s
 2846759 1059805   19.00000   42    1          -   15.39930      -  92.9 1080s
 2857875 1061387   17.98377   33  244          -   15.40458      -  93.0 1085s
 2867651 1062636 infeasible   55               -   15.41019      -  93.1 1090s
 2877773 1063950   17.70959   44  189          -   15.41667      -  93.2 1095s
 2889273 1065582   18.50000   59   18          -   15.42308      -  93.2 1100s
 2899307 1066584   18.28570   45  199          -   15.42857      -  93.3 1105s
 2910717 1068058     cutoff   42               -   15.43490      -  93.4 1110s
 2920684 1069342 infeasible   50               -   15.44118      -  93.4 1115s
 2932806 1070712   16.61407   40  229          -   15.44790      -  93.5 1120s
 2942479 1071990 infeasible   50               -   15.45355      -  93.6 1125s
 2952223 1073217 infeasible   72               -   15.45908      -  93.6 1130s
 2961821 1074560     cutoff   50               -   15.46429      -  93.7 1135s
 2974065 1076306     cutoff   42               -   15.47094      -  93.8 1141s
 2983773 1077472   15.62451   41  229          -   15.47704      -  93.8 1145s
 2993034 1078648     cutoff   47               -   15.48292      -  93.9 1150s
 3003332 1079951     cutoff   36               -   15.48882      -  93.9 1155s
 3015320 1081547 infeasible   54               -   15.49673      -  94.0 1160s
 3025208 1081415 infeasible   61               -   15.50000      -  94.1 1165s
 3034545 1080719   17.30311   35  194          -   15.50000      -  94.2 1170s
 3044521 1080836     cutoff   50               -   15.50029      -  94.2 1175s
 3056491 1082606   18.53400   44  167          -   15.50867      -  94.3 1180s
 3066316 1084047     cutoff   45               -   15.51515      -  94.4 1185s
 3077947 1085567   19.26835   41  214          -   15.52215      -  94.4 1190s
 3087938 1087011     cutoff   47               -   15.52878      -  94.5 1195s
 3099970 1088851     cutoff   49               -   15.53571      -  94.5 1200s
 3111629 1090545     cutoff   53               -   15.54255      -  94.6 1205s
 3121028 1091691 infeasible   54               -   15.54819      -  94.6 1210s
 3132840 1093290 infeasible   58               -   15.55556      -  94.6 1215s
 3145344 1095267     cutoff   54               -   15.56210      -  94.7 1220s
 3157242 1096763 infeasible   54               -   15.56896      -  94.7 1226s
 3167421 1097879     cutoff   51               -   15.57403      -  94.8 1231s
 3177459 1099066   18.93731   52  211          -   15.57975      -  94.8 1235s
 3189419 1100653   17.23344   30  220          -   15.58681      -  94.9 1240s
 3199390 1101866     cutoff   52               -   15.59249      -  94.9 1245s
 3211443 1102453     cutoff   79               -   15.60000      -  95.0 1251s
 3221553 1103896   17.92300   35  236          -   15.60436      -  95.0 1255s
 3233672 1105335   17.12183   31  232          -   15.61111      -  95.1 1261s
 3243540 1106249 infeasible   66               -   15.61682      -  95.1 1265s
 3253179 1107331     cutoff   61               -   15.62322      -  95.1 1270s
 3265202 1108597 infeasible   51               -   15.62944      -  95.2 1275s
 3275353 1109594     cutoff   57               -   15.63524      -  95.2 1280s
 3287037 1110786     cutoff   52               -   15.64286      -  95.3 1285s
 3298956 1112253 infeasible   59               -   15.64945      -  95.3 1290s
 3308640 1113443 infeasible   55               -   15.65517      -  95.4 1295s
 3320098 1114780   17.84801   53  252          -   15.66246      -  95.4 1301s
 3330102 1114163     cutoff   66               -   15.66667      -  95.5 1306s
 3339976 1114714 infeasible   57               -   15.66899      -  95.5 1310s
 3349762 1116054     cutoff   59               -   15.67532      -  95.6 1315s
 3362019 1117497     cutoff   60               -   15.68224      -  95.6 1320s
 3371122 1118472   18.37450   44  249          -   15.68750      -  95.7 1325s
 3383335 1119735   19.00000   58    1          -   15.69535      -  95.7 1330s
 3392999 1120639     cutoff   61               -   15.70033      -  95.7 1335s
 3404496 1121841   18.99102   32  238          -   15.70785      -  95.8 1340s
 3414523 1122653   19.00000   66    1          -   15.71429      -  95.8 1345s
 3426064 1124034 infeasible   58               -   15.72000      -  95.9 1350s
 3438074 1125341     cutoff   61               -   15.72727      -  95.9 1356s
 3447946 1126786   18.23265   53  210          -   15.73303      -  96.0 1360s
 3460511 1128327   17.33473   66  241          -   15.73950      -  96.0 1365s
 3472016 1129807     cutoff   61               -   15.74715      -  96.0 1370s
 3481340 1129331 infeasible   68               -   15.75000      -  96.1 1375s
 3493838 1131199     cutoff   59               -   15.75556      -  96.1 1380s
 3503644 1132400     cutoff   52               -   15.76119      -  96.1 1385s
 3516094 1133701     cutoff   51               -   15.76909      -  96.2 1390s
 3525981 1134811   19.06692   53  214          -   15.77497      -  96.2 1395s
 3538400 1136298 infeasible   68               -   15.78157      -  96.3 1401s
 3548072 1136933   17.70573   38  217          -   15.78727      -  96.3 1405s
 3557168 1137901   16.16699   46  189          -   15.79324      -  96.3 1410s
 3569877 1138586   18.01142   38  240          -   15.80000      -  96.4 1415s
 3581031 1139798   18.01041   35  271          -   15.80580      -  96.4 1421s
 3591327 1141018   16.56128   35  222          -   15.81220      -  96.4 1425s
 3601143 1142051   16.75692   39  239          -   15.81765      -  96.5 1430s
 3612985 1143488     cutoff   61               -   15.82401      -  96.5 1435s
 3625476 1144788     cutoff   69               -   15.83197      -  96.5 1440s
 3637022 1145235     cutoff   62               -   15.83710      -  96.6 1445s
 3647092 1146586   18.58818   40  190          -   15.84286      -  96.6 1450s
 3657073 1147808     cutoff   55               -   15.84876      -  96.6 1455s
 3669489 1148858     cutoff   61               -   15.85577      -  96.7 1460s
 3679513 1149720 infeasible   60               -   15.86096      -  96.7 1465s
 3691882 1150980   17.04714   32  195          -   15.86820      -  96.8 1470s
 3704276 1151790   18.09211   72  186          -   15.87500      -  96.8 1475s
 3714548 1152848     cutoff   67               -   15.88081      -  96.8 1480s
 3726869 1154101   16.17938   42  205          -   15.88836      -  96.9 1485s
 3739212 1155518   17.22132   40  203          -   15.89506      -  96.9 1490s
 3751073 1156757     cutoff   54               -   15.90124      -  96.9 1495s
 3763175 1157892   16.98068   35  221          -   15.90869      -  97.0 1500s
 3774682 1158868   18.81433   37  259          -   15.91511      -  97.0 1506s
 3784537 1159762 infeasible   56               -   15.92105      -  97.0 1510s
 3794495 1160712     cutoff   56               -   15.92704      -  97.0 1515s
 3806519 1162089     cutoff   62               -   15.93340      -  97.1 1520s
 3815758 1163118 infeasible   59               -   15.93939      -  97.1 1525s
 3828172 1164259     cutoff   54               -   15.94595      -  97.1 1530s
 3839923 1165305   17.57872   42  249          -   15.95301      -  97.2 1535s
 3849327 1166178     cutoff   64               -   15.95834      -  97.2 1540s
 3859606 1167392     cutoff   55               -   15.96471      -  97.2 1545s
 3871884 1168985   17.23385   40  228          -   15.97171      -  97.3 1550s
 3881506 1170125 infeasible   65               -   15.97775      -  97.3 1555s
 3894541 1171735   17.26644   29  214          -   15.98578      -  97.3 1561s
 3904162 1172970   17.15152   43  235          -   15.99189      -  97.4 1565s
 3916379 1173643     cutoff   34               -   16.00000      -  97.4 1570s
 3925314 1171818   18.22018   36  192          -   16.00000      -  97.4 1575s
 3935068 1169477     cutoff   48               -   16.00000      -  97.5 1580s
 3947077 1165822     cutoff   70               -   16.00000      -  97.5 1585s
 3956625 1162916     cutoff   70               -   16.00000      -  97.6 1590s
 3966469 1160617     cutoff   38               -   16.00000      -  97.6 1595s
 3978669 1162590   16.58349   29  254          -   16.00641      -  97.7 1600s
 3990593 1164337 infeasible   64               -   16.01481      -  97.7 1605s
 4000552 1165766     cutoff   48               -   16.02130      -  97.7 1610s
 4012653 1167687   16.65298   39  225          -   16.02827      -  97.7 1615s
 4024479 1169350   17.84392   39  214          -   16.03602      -  97.7 1620s
 4036579 1171275   17.36788   30  210          -   16.04348      -  97.8 1625s
 4048859 1172899 infeasible   70               -   16.05076      -  97.8 1630s
 4060885 1174568     cutoff   65               -   16.05817      -  97.8 1635s
 4073419 1176508 infeasible   61               -   16.06551      -  97.8 1640s
 4085476 1178010   18.89565   38  258          -   16.07224      -  97.9 1645s
 4095778 1179294 infeasible   63               -   16.07859      -  97.9 1650s
 4108024 1180770   18.98132   31  251          -   16.08527      -  97.9 1655s
 4120327 1182360   18.01375   44  220          -   16.09140      -  97.9 1660s
 4135181 1184130     cutoff   60               -   16.10000      -  97.9 1665s
 4144573 1185433     cutoff   56               -   16.10464      -  98.0 1670s
 4157600 1186805   16.81612   33  229          -   16.11153      -  98.0 1675s
 4169467 1188337   16.89189   55  234          -   16.11857      -  98.0 1680s
 4181536 1189392   18.61913   41  247          -   16.12500      -  98.0 1685s
 4193845 1190715   17.55414   34  266          -   16.13274      -  98.0 1691s
 4203715 1191890     cutoff   71               -   16.13793      -  98.1 1695s
 4216052 1193464     cutoff   55               -   16.14398      -  98.1 1700s
 4228225 1195044     cutoff   58               -   16.15139      -  98.1 1705s
 4240308 1196352     cutoff   80               -   16.15810      -  98.1 1710s
 4252260 1197796   16.73735   27  240          -   16.16535      -  98.1 1715s
 4264240 1198614   17.24838   32  224          -   16.16982      -  98.2 1720s
 4273613 1199649     cutoff   69               -   16.17534      -  98.2 1725s
 4285923 1201077     cutoff   64               -   16.18237      -  98.2 1730s
 4297909 1202489     cutoff   62               -   16.18939      -  98.2 1735s
 4310350 1204127     cutoff   66               -   16.19645      -  98.3 1740s
 4320372 1204350     cutoff   78               -   16.20000      -  98.3 1745s
 4332412 1206206   17.02064   50  273          -   16.20683      -  98.3 1750s
 4344395 1207407   16.94171   33  227          -   16.21407      -  98.3 1755s
 4354179 1208502   16.87339   33  227          -   16.21903      -  98.3 1760s
 4363991 1209488 infeasible   51               -   16.22416      -  98.4 1765s
 4376324 1210885   19.10208   38  206          -   16.23094      -  98.4 1770s
 4388270 1212409     cutoff   55               -   16.23750      -  98.4 1775s
 4400362 1213964     cutoff   68               -   16.24444      -  98.4 1780s
 4412525 1213764     cutoff   75               -   16.25000      -  98.5 1785s
 4422055 1214563   16.94653   35  272          -   16.25271      -  98.5 1790s
 4434165 1216115     cutoff   67               -   16.25954      -  98.5 1795s
 4444404 1217345   17.52091   37  237          -   16.26515      -  98.5 1800s
 4456956 1218775     cutoff   68               -   16.27174      -  98.6 1805s
 4469280 1220064 infeasible   37               -   16.27850      -  98.6 1810s
 4479043 1221140     cutoff   71               -   16.28395      -  98.6 1815s
 4491472 1222135     cutoff   73               -   16.28947      -  98.6 1820s
 4503332 1223335   16.70786   37  241          -   16.29630      -  98.7 1825s
 4513088 1224282 infeasible   73               -   16.30091      -  98.7 1830s
 4525468 1225641   18.23049   39  165          -   16.30769      -  98.7 1835s
 4535318 1226640 infeasible   58               -   16.31280      -  98.7 1840s
 4547548 1227914   17.47993   31  217          -   16.31907      -  98.8 1845s
 4559614 1229306   16.75880   36  229          -   16.32553      -  98.8 1850s
 4571697 1230365   16.51970   35  237          -   16.33256      -  98.8 1855s
 4583680 1228785     cutoff   77               -   16.33333      -  98.8 1861s
 4593234 1229907 infeasible   34               -   16.33930      -  98.9 1865s
 4603327 1231269   17.15300   43  247          -   16.34495      -  98.9 1870s
 4612305 1232259   17.63184   42  257          -   16.35025      -  98.9 1875s
 4624546 1233384 infeasible   72               -   16.35700      -  98.9 1880s
 4636862 1234853   18.86109   40  217          -   16.36364      -  99.0 1885s
 4646477 1235901 infeasible   74               -   16.36842      -  99.0 1890s
 4659125 1236878     cutoff   69               -   16.37500      -  99.0 1895s
 4671145 1238233     cutoff   57               -   16.38095      -  99.0 1900s
 4683265 1239373 infeasible   42               -   16.38730      -  99.1 1905s
 4695644 1240681   18.04594   33  199          -   16.39365      -  99.1 1910s
 4705369 1241394   18.24514   35  193          -   16.39940      -  99.1 1915s
 4717459 1241916 infeasible   40               -   16.40385      -  99.1 1920s
 4729723 1243120   17.00109   75  221          -   16.41096      -  99.2 1926s
 4739493 1243971     cutoff   54               -   16.41593      -  99.2 1930s
 4750938 1245256     cutoff   62               -   16.42222      -  99.2 1935s
 4761108 1246275     cutoff   71               -   16.42751      -  99.2 1940s
 4773189 1246966   18.15936   33  240          -   16.43299      -  99.3 1945s
 4785342 1248017     cutoff   64               -   16.43974      -  99.3 1950s
 4795203 1248788     cutoff   62               -   16.44466      -  99.3 1955s
 4807250 1250151   18.83280   47  207          -   16.45105      -  99.4 1960s
 4817227 1251044     cutoff   36               -   16.45634      -  99.4 1965s
 4829779 1252114     cutoff   67               -   16.46268      -  99.4 1970s
 4839437 1252847   16.79642   47  230          -   16.46791      -  99.4 1975s
 4851810 1253925   18.11612   44  249          -   16.47491      -  99.5 1981s
 4861227 1254850   16.94959   32  209          -   16.48000      -  99.5 1985s
 4873153 1255964   17.05041   43  214          -   16.48649      -   100 1990s
 4885216 1257320 infeasible   83               -   16.49305      -   100 1995s
 4897273 1257909     cutoff   76               -   16.50000      -   100 2000s
 4906528 1255744 infeasible   34               -   16.50000      -   100 2005s
 4915805 1253076     cutoff   56               -   16.50000      -   100 2010s
 4925644 1251993     cutoff   57               -   16.50000      -   100 2015s
 4937634 1253365     cutoff   62               -   16.50683      -   100 2020s
 4950054 1254686 infeasible   73               -   16.51399      -   100 2026s
 4959795 1255730   17.23689   39  235          -   16.51939      -   100 2030s
 4972273 1256967     cutoff   79               -   16.52632      -   100 2035s
 4982094 1257952   17.75714   42  230          -   16.53160      -   100 2040s
 4991736 1258744   17.98985   46  226          -   16.53678      -   100 2045s
 5004150 1259914   17.17957   35  234          -   16.54369      -   100 2050s
 5016509 1260925   17.13656   40  267          -   16.55000      -   100 2056s
 5025690 1261323     cutoff   46               -   16.55548      -   100 2060s
 5037827 1262513   16.85418   31  244          -   16.56135      -   100 2066s
 5047559 1263561   17.73649   50  230          -   16.56667      -   100 2070s
 5057355 1263867     cutoff   53               -   16.57143      -   100 2075s
 5069784 1265358   17.58786   54  233          -   16.57778      -   100 2080s
 5079338 1266190   18.00068   38  216          -   16.58292      -   100 2085s
 5088954 1266967   17.44556   70  227          -   16.58824      -   100 2090s
 5100689 1268021 infeasible   75               -   16.59440      -   100 2095s
 5110315 1268367   17.78032   29  221          -   16.59968      -   100 2100s
 5122278 1268778   19.02868   43  243          -   16.60362      -   100 2105s
 5134654 1269898   16.96820   39  177          -   16.61010      -   100 2110s
 5146666 1270954     cutoff   58               -   16.61602      -   100 2116s
 5156717 1272015     cutoff   47               -   16.62116      -   100 2120s
 5169045 1272732   18.80291   40  234          -   16.62656      -   100 2126s
 5178802 1273654   18.44313   40  214          -   16.63158      -   100 2130s
 5191187 1274541     cutoff   33               -   16.63783      -   100 2135s
 5200734 1275199   17.64717   49  197          -   16.64286      -   100 2140s
 5212975 1276265 infeasible   68               -   16.64897      -   100 2145s
 5225480 1277226     cutoff   37               -   16.65530      -   100 2150s
 5234837 1278210     cutoff   86               -   16.66000      -   100 2155s
 5247072 1277876     cutoff   48               -   16.66667      -   100 2160s
 5256693 1275875     cutoff   45               -   16.66667      -   100 2165s
 5268613 1277096     cutoff   44               -   16.67213      -   101 2170s
 5280247 1278204   19.00000   58    1          -   16.67857      -   101 2175s
 5289736 1278759   18.28342   33  190          -   16.68377      -   101 2180s
 5299497 1279474   18.86000   40  199          -   16.68887      -   101 2185s
 5311941 1280458     cutoff   70               -   16.69512      -   101 2191s
 5321289 1280789   18.99860   40  255          -   16.70000      -   101 2195s
 5331046 1281610   18.09408   33  199          -   16.70455      -   101 2200s
 5342637 1282453 infeasible   83               -   16.71076      -   101 2205s
 5352521 1282623   17.10196   27  208          -   16.71455      -   101 2210s
 5365128 1283681   17.27971   29  236          -   16.72173      -   101 2215s
 5374580 1284194     cutoff   57               -   16.72644      -   101 2220s
 5384398 1285137   17.25128   32  206          -   16.73101      -   101 2225s
 5396293 1285857   17.44946   45  247          -   16.73684      -   101 2230s
 5406056 1286668     cutoff   76               -   16.74194      -   101 2235s
 5418445 1287766   17.17466   31  256          -   16.74848      -   101 2241s
 5427718 1285588     cutoff   80               -   16.75000      -   101 2245s
 5437789 1286442     cutoff   78               -   16.75385      -   101 2250s
 5449885 1287458     cutoff   37               -   16.76000      -   101 2255s
 5459680 1288109     cutoff   55               -   16.76471      -   101 2260s
 5466995 1288421   19.13490   34  190          -   16.76812      -   101 2265s
 5479134 1289221     cutoff   30               -   16.77477      -   101 2271s
 5489015 1289658     cutoff   78               -   16.77890      -   101 2275s
 5498872 1290477     cutoff   36               -   16.78365      -   101 2280s
 5508756 1291077 infeasible   43               -   16.78788      -   101 2285s
 5518412 1291633   17.50040   38  213          -   16.79332      -   101 2290s
 5530784 1292110   17.59651   43  200          -   16.79972      -   101 2295s
 5540487 1291960     cutoff   67               -   16.80215      -   101 2300s
 5552941 1292778   17.31304   32  203          -   16.80828      -   101 2305s
 5562257 1293261   17.55678   45  224          -   16.81327      -   101 2310s
 5572249 1293647 infeasible   54               -   16.81803      -   101 2315s
 5584044 1294424 infeasible   63               -   16.82353      -   101 2321s
 5593930 1295006   19.02823   44  146          -   16.82854      -   101 2325s
 5603225 1294328     cutoff   39               -   16.83333      -   101 2330s
 5612751 1294604     cutoff   39               -   16.83663      -   101 2335s
 5624819 1295411     cutoff   54               -   16.84262      -   101 2340s
 5634582 1295948     cutoff   52               -   16.84765      -   101 2345s
 5646247 1296550   18.48663   37  233          -   16.85358      -   102 2350s
 5656072 1296633     cutoff   68               -   16.85739      -   102 2355s
 5665955 1297284     cutoff   30               -   16.86245      -   102 2360s
 5677982 1297940   17.47414   36  266          -   16.86842      -   102 2365s
 5688276 1298566     cutoff   38               -   16.87334      -   102 2370s
 5697520 1298163 infeasible   39               -   16.87693      -   102 2375s
 5709376 1298786   18.23195   34  261          -   16.88324      -   102 2380s
 5719198 1298784     cutoff   38               -   16.88835      -   102 2385s
 5727355 1299352     cutoff   78               -   16.89141      -   102 2391s
 5738707 1299993   18.94014   34  251          -   16.89723      -   102 2396s
 5748609 1299952   17.47244   42  220          -   16.90121      -   102 2401s
 5757920 1300507   18.64472   35  272          -   16.90572      -   102 2405s
 5767782 1300960   17.16300   39  210          -   16.91000      -   102 2410s
 5779908 1301339   18.87430   37  241          -   16.91596      -   102 2415s
 5789908 1301834     cutoff   38               -   16.92030      -   102 2420s
 5795223 1302047   18.78209   37  257          -   16.92188      -   102 2425s
 5805763 1302408   18.36958   35  258          -   16.92817      -   102 2430s
 5815136 1302721   18.69684   35  215          -   16.93283      -   102 2435s
 5825236 1303230   18.06893   39  236          -   16.93714      -   102 2440s
 5825492 1303197   17.83518   34  216          -   16.93775      -   102 2446s
 5825626 1303202   17.22468   43  214          -   16.93820      -   102 2450s
 5825750 1303213   17.30246   39  269          -   16.93878      -   102 2455s
 5825893 1303214   17.72333   28  257          -   16.93918      -   102 2460s
 5826058 1303218     cutoff   41               -   16.93963      -   102 2466s
 5826820 1303318   17.09016   38  172          -   16.93995      -   102 2471s
 5828526 1303368   17.24698   33  181          -   16.94030      -   102 2478s
 5830048 1303436     cutoff   70               -   16.94061      -   102 2484s
 5831895 1303500   17.69596   38  250          -   16.94106      -   102 2487s
 5835171 1303560     cutoff   65               -   16.94226      -   102 2491s
 5844834 1303764     cutoff   51               -   16.94767      -   102 2495s
 5856596 1304122     cutoff   42               -   16.95455      -   102 2501s
 5866325 1304398     cutoff   40               -   16.95918      -   102 2505s
 5876128 1304946     cutoff   85               -   16.96419      -   102 2510s
 5886176 1305284     cutoff   40               -   16.96876      -   102 2515s
 5895679 1305789     cutoff   42               -   16.97358      -   102 2520s
 5905520 1306286 infeasible   64               -   16.97826      -   102 2525s
 5917618 1306831     cutoff   39               -   16.98438      -   102 2531s
 5927547 1307260     cutoff   42               -   16.98953      -   102 2536s
 5937672 1307939   17.84075   54  195          -   16.99448      -   102 2541s
 5947781 1309704   18.32340   44  276          -   17.00000      -   102 2546s
 5958080 1306376     cutoff   48               -   17.00000      -   102 2550s
 5967452 1300999     cutoff   57               -   17.00000      -   102 2555s
 5979779 1293660 infeasible   57               -   17.00000      -   102 2560s
 5990167 1287295     cutoff   43               -   17.00000      -   102 2565s
 6000582 1281171 infeasible   59               -   17.00000      -   102 2570s
 6010740 1276596     cutoff   91               -   17.00000      -   102 2575s
 6020223 1275885     cutoff   68               -   17.00000      -   102 2580s
 6031622 1276652   18.48472   34  227          -   17.00658      -   102 2585s
 6041150 1277100     cutoff   36               -   17.01170      -   103 2590s
 6050314 1277418   18.58579   54  223          -   17.01641      -   103 2595s
 6062460 1277766   18.52386   45  227          -   17.02291      -   103 2600s
 6072241 1277966     cutoff   37               -   17.02830      -   103 2605s
 6084083 1278365   17.44452   33  231          -   17.03447      -   103 2611s
 6093780 1278664     cutoff   47               -   17.03905      -   103 2616s
 6103379 1279025 infeasible   73               -   17.04400      -   103 2620s
 6113270 1279369   17.49091   32  251          -   17.04861      -   103 2625s
 6123037 1279636     cutoff   32               -   17.05328      -   103 2630s
 6132370 1279779   17.63230   39  246          -   17.05782      -   103 2635s
 6142236 1280078 infeasible   46               -   17.06250      -   103 2640s
 6151967 1280124     cutoff   76               -   17.06718      -   103 2645s
 6163576 1280374   18.17228   42  269          -   17.07337      -   103 2650s
 6173546 1280526   17.15228   69  210          -   17.07760      -   103 2655s
 6185113 1280699     cutoff   47               -   17.08333      -   103 2661s
 6192650 1280703   18.47223   37  215          -   17.08706      -   103 2665s
 6204359 1280684     cutoff   35               -   17.09202      -   103 2670s
 6214959 1281047   18.64959   38  239          -   17.09781      -   103 2675s
 6224290 1280903   17.83304   38  246          -   17.10183      -   103 2680s
 6234033 1280816     cutoff   36               -   17.10651      -   103 2685s
 6243143 1280556     cutoff   87               -   17.11111      -   103 2690s
 6255281 1280687   18.10416   46  253          -   17.11702      -   103 2696s
 6262565 1280925     cutoff   32               -   17.12047      -   103 2700s
 6273983 1280601     cutoff   48               -   17.12500      -   103 2705s
 6283553 1280545   18.87724   33  206          -   17.13040      -   103 2710s
 6293357 1280482     cutoff   42               -   17.13536      -   103 2715s
 6302636 1280418     cutoff   46               -   17.13983      -   103 2720s
 6314816 1280006     cutoff   41               -   17.14544      -   103 2726s
 6324340 1280044   18.23655   40  229          -   17.14988      -   103 2731s
 6334306 1280046   18.29300   39  185          -   17.15470      -   103 2736s
 6344428 1280094   18.65293   32  222          -   17.15964      -   103 2741s
 6353840 1280174   18.99204   37  219          -   17.16432      -   103 2745s
 6363536 1279201   18.60113   37  223          -   17.16725      -   103 2750s
 6373639 1279268     cutoff   66               -   17.17222      -   103 2755s
 6383235 1279209     cutoff   68               -   17.17647      -   103 2760s
 6392649 1279081     cutoff   45               -   17.18103      -   103 2765s
 6401840 1279095   18.60454   46  213          -   17.18546      -   104 2770s
 6411889 1278842 infeasible   70               -   17.19020      -   104 2775s
 6421730 1278743   17.93607   42  239          -   17.19512      -   104 2780s
 6431436 1277485     cutoff   71               -   17.20000      -   104 2785s
 6440966 1277479   17.74361   42  239          -   17.20305      -   104 2790s
 6450600 1277418   17.58955   36  221          -   17.20789      -   104 2795s
 6458117 1277303   17.85422   45  249          -   17.21129      -   104 2800s
 6470322 1277003   17.80481   34  189          -   17.21724      -   104 2805s
 6470372 1274910     cutoff   81               -   17.21739      -   104 2829s
 6483386 1275489   18.84160   41  245          -   17.22222      -   104 2835s
 6496796 1275078 infeasible   31               -   17.22764      -   104 2840s
 6508479 1274724     cutoff   38               -   17.23342      -   104 2845s
 6520016 1274388   18.99778   49  201          -   17.23913      -   104 2851s
 6527601 1274050   18.31563   40  202          -   17.24294      -   104 2855s
 6537370 1273947   18.57986   59  208          -   17.24779      -   104 2860s
 6547026 1270629     cutoff   44               -   17.25000      -   104 2865s
 6557051 1270648   18.13963   50  162          -   17.25365      -   104 2870s
 6566678 1270700     cutoff   76               -   17.25812      -   104 2875s
 6576200 1270350 infeasible   39               -   17.26305      -   104 2880s
 6585663 1269987 infeasible   40               -   17.26804      -   104 2885s
 6595018 1269688   18.45185   35  254          -   17.27262      -   104 2890s
 6604642 1269470   18.45730   38  246          -   17.27718      -   104 2895s
 6614890 1269349   18.13299   45  230          -   17.28164      -   104 2900s
 6624265 1268581   19.19867   39  193          -   17.28571      -   104 2905s
 6636424 1268193     cutoff   36               -   17.29114      -   104 2911s
 6643592 1267879     cutoff   48               -   17.29474      -   104 2915s
 6655346 1267072   17.90537   39  184          -   17.30000      -   104 2921s
 6662568 1266599     cutoff   46               -   17.30372      -   104 2925s
 6672343 1266174     cutoff   36               -   17.30844      -   104 2930s
 6682485 1265665   18.50456   39  166          -   17.31324      -   104 2935s
 6692113 1265186     cutoff   40               -   17.31813      -   104 2940s
 6701531 1264779     cutoff   48               -   17.32282      -   104 2945s
 6711657 1264595     cutoff   44               -   17.32806      -   104 2950s
 6721250 1263131     cutoff   38               -   17.33319      -   104 2955s
 6731171 1259497 infeasible   67               -   17.33333      -   104 2960s
 6740827 1259204     cutoff   34               -   17.33856      -   104 2965s
 6752558 1258566   18.14168   35  221          -   17.34454      -   104 2971s
 6759993 1258414     cutoff   37               -   17.34796      -   104 2975s
 6769613 1257865     cutoff   67               -   17.35275      -   105 2980s
 6779340 1257096     cutoff   70               -   17.35714      -   105 2985s
 6789084 1256567   18.13683   35  242          -   17.36207      -   105 2990s
 6798902 1255790   17.84176   36  222          -   17.36667      -   105 2995s
 6808668 1255300 infeasible   80               -   17.37143      -   105 3000s
 6818428 1254102   19.00000   53    1          -   17.37500      -   105 3006s
 6828112 1253550   17.95917   40  237          -   17.37969      -   105 3011s
 6835431 1252907   18.45674   45  218          -   17.38333      -   105 3015s
 6845038 1252225   18.51193   45  209          -   17.38814      -   105 3020s
 6855227 1251696 infeasible   46               -   17.39262      -   105 3025s
 6864692 1251033 infeasible   39               -   17.39749      -   105 3030s
 6872222 1248907 infeasible   59               -   17.40000      -   105 3035s
 6881816 1248419   17.66459   36  245          -   17.40463      -   105 3040s
 6891634 1247702   18.42835   39  176          -   17.40918      -   105 3045s
 6901415 1247073     cutoff   31               -   17.41411      -   105 3050s
 6911300 1246312     cutoff   33               -   17.41846      -   105 3055s
 6921253 1245706     cutoff   34               -   17.42323      -   105 3061s
 6930806 1244391     cutoff   40               -   17.42811      -   105 3066s
 6938110 1243620     cutoff   42               -   17.43075      -   105 3070s
 6947901 1243116     cutoff   40               -   17.43566      -   105 3076s
 6957675 1242146   18.16875   43  156          -   17.44022      -   105 3081s
 6967277 1240935   18.86295   41  252          -   17.44444      -   105 3086s
 6974776 1240316 infeasible   40               -   17.44797      -   105 3090s
 6984259 1239318 infeasible   40               -   17.45270      -   105 3095s
 6991507 1238366     cutoff   39               -   17.45596      -   105 3100s
 7001288 1237434     cutoff   44               -   17.46091      -   105 3105s
 7011298 1236585   18.53010   33  194          -   17.46555      -   105 3111s
 7021046 1235857     cutoff   47               -   17.47014      -   105 3116s
 7028486 1235284     cutoff   82               -   17.47368      -   105 3120s
 7038185 1234524     cutoff   35               -   17.47826      -   105 3125s
 7045275 1233725 infeasible   40               -   17.48174      -   105 3130s
 7055142 1233016     cutoff   41               -   17.48649      -   105 3135s
 7062467 1232419     cutoff   48               -   17.49011      -   105 3140s
 7072159 1231569 infeasible   42               -   17.49550      -   105 3145s
 7079618 1230400   18.73068   41  254          -   17.49972      -   105 3150s
 7089901 1223472     cutoff   79               -   17.50000      -   105 3155s
 7101470 1216225 infeasible   60               -   17.50000      -   105 3160s
 7110755 1214110     cutoff   49               -   17.50179      -   105 3165s
 7119813 1213024   18.71949   39  213          -   17.50710      -   105 3170s
 7126846 1212185 infeasible   48               -   17.51102      -   105 3175s
 7136484 1211122     cutoff   58               -   17.51613      -   106 3180s
 7146221 1209997   18.31131   38  271          -   17.52148      -   106 3186s
 7153574 1209200   18.14225   31  218          -   17.52522      -   106 3190s
 7163298 1208144 infeasible   35               -   17.53012      -   106 3195s
 7170733 1207342     cutoff   39               -   17.53371      -   106 3200s
 7180462 1206021   18.39865   45  176          -   17.53892      -   106 3205s
 7190015 1204740     cutoff   36               -   17.54403      -   106 3211s
 7197432 1203775     cutoff   52               -   17.54773      -   106 3215s
 7207376 1202788   18.50688   39  214          -   17.55263      -   106 3220s
 7217166 1201474     cutoff   44               -   17.55681      -   106 3225s
 7226780 1200235 infeasible   39               -   17.56146      -   106 3230s
 7236452 1199119 infeasible   35               -   17.56618      -   106 3236s
 7243800 1198261 infeasible   33               -   17.56983      -   106 3240s
 7253556 1196325   18.42360   48  204          -   17.57419      -   106 3245s
 7263227 1195009     cutoff   32               -   17.57912      -   106 3250s
 7270661 1193855   17.94234   38  229          -   17.58325      -   106 3255s
 7280201 1192517     cutoff   44               -   17.58786      -   106 3260s
 7290039 1191003 infeasible   47               -   17.59315      -   106 3265s
 7299714 1189757   18.16899   41  249          -   17.59814      -   106 3270s
 7309806 1186698     cutoff   35               -   17.60170      -   106 3276s
 7316993 1185568     cutoff   50               -   17.60577      -   106 3280s
 7326536 1183859     cutoff   63               -   17.61093      -   106 3286s
 7333640 1182638     cutoff   37               -   17.61489      -   106 3290s
 7343622 1181220   18.94176   36  229          -   17.61987      -   106 3296s
 7350941 1179971     cutoff   45               -   17.62366      -   106 3300s
 7360804 1177969   18.11618   38  281          -   17.62778      -   106 3305s
 7370584 1176372   18.63758   32  240          -   17.63312      -   106 3311s
 7377512 1175022 infeasible   35               -   17.63636      -   106 3315s
 7387308 1173081     cutoff   32               -   17.64195      -   106 3320s
 7397254 1171572     cutoff   42               -   17.64692      -   106 3326s
 7404745 1170245   17.92883   47  251          -   17.65060      -   106 3330s
 7414306 1168777     cutoff   43               -   17.65574      -   106 3335s
 7421730 1167467 infeasible   39               -   17.65958      -   106 3340s
 7428802 1166396 infeasible   40               -   17.66366      -   106 3345s
 7439854 1159831 infeasible   54               -   17.66667      -   106 3350s
 7449682 1157656     cutoff   40               -   17.66949      -   106 3356s
 7456487 1156439     cutoff   47               -   17.67347      -   106 3360s
 7466001 1154862     cutoff   39               -   17.67837      -   106 3366s
 7473324 1153762 infeasible   48               -   17.68208      -   106 3370s
 7482787 1151795     cutoff   39               -   17.68738      -   106 3375s
 7490151 1150560   18.90144   36  258          -   17.69097      -   106 3380s
 7500001 1148754 infeasible   38               -   17.69565      -   107 3385s
 7509600 1146398     cutoff   41               -   17.70000      -   107 3390s
 7519447 1144729 infeasible   32               -   17.70548      -   107 3396s
 7526768 1143303   18.20237   40  211          -   17.70903      -   107 3400s
 7536318 1140679     cutoff   47               -   17.71429      -   107 3406s
 7543470 1139165 infeasible   42               -   17.71761      -   107 3410s
 7553323 1137281     cutoff   46               -   17.72292      -   107 3415s
 7560433 1135604     cutoff   52               -   17.72665      -   107 3420s
 7570482 1133713   18.04704   35  188          -   17.73159      -   107 3425s
 7577664 1132134     cutoff   50               -   17.73529      -   107 3430s
 7587312 1130303   18.99792   37  264          -   17.74062      -   107 3435s
 7594796 1128880     cutoff   38               -   17.74438      -   107 3440s
 7604641 1125097     cutoff   43               -   17.75000      -   107 3446s
 7613189 1121421 infeasible   41               -   17.75000      -   107 3451s
 7622447 1119553     cutoff   40               -   17.75555      -   107 3456s
 7629457 1117974     cutoff   42               -   17.75942      -   107 3460s
 7639212 1115668     cutoff   45               -   17.76471      -   107 3466s
 7646571 1113914   18.45552   40  250          -   17.76829      -   107 3470s
 7655958 1111798 infeasible   38               -   17.77358      -   107 3476s
 7663295 1109689     cutoff   56               -   17.77778      -   107 3480s
 7670701 1108027     cutoff   51               -   17.78125      -   107 3485s
 7680343 1105724     cutoff   51               -   17.78633      -   107 3490s
 7690127 1103412     cutoff   38               -   17.79167      -   107 3496s
 7697414 1101877   18.71720   34  256          -   17.79548      -   107 3500s
 7704551 1098323     cutoff   38               -   17.79954      -   107 3505s
 7715235 1095598   18.14967   37  226          -   17.80357      -   107 3510s
 7722320 1093719   19.04323   39  245          -   17.80769      -   107 3515s
 7732017 1091216 infeasible   40               -   17.81254      -   107 3521s
 7739287 1089252     cutoff   45               -   17.81674      -   107 3525s
 7748971 1086699     cutoff   34               -   17.82167      -   107 3531s
 7756314 1084831     cutoff   36               -   17.82554      -   107 3535s
 7765925 1082237     cutoff   43               -   17.83109      -   107 3541s
 7774750 1078623     cutoff   42               -   17.83378      -   107 3546s
 7781648 1076729     cutoff   48               -   17.83773      -   107 3550s
 7791074 1074042 infeasible   70               -   17.84314      -   107 3556s
 7798371 1071881   17.87544   34  246          -   17.84703      -   107 3560s
 7808006 1069089     cutoff   40               -   17.85265      -   107 3566s
 7815580 1066106 infeasible   33               -   17.85710      -   107 3570s
 7825496 1063654     cutoff   43               -   17.86154      -   107 3576s
 7832760 1061424     cutoff   38               -   17.86538      -   107 3580s
 7842530 1058810     cutoff   56               -   17.87069      -   107 3586s
 7850333 1055593 infeasible   49               -   17.87500      -   107 3590s
 7860324 1052947     cutoff   35               -   17.87948      -   108 3596s
 7867376 1050736   18.46682   48  206          -   17.88333      -   108 3600s
 7874518 1048661 infeasible   42               -   17.88739      -   108 3605s
 7881758 1046128     cutoff   30               -   17.89065      -   108 3610s
 7888917 1043849     cutoff   45               -   17.89494      -   108 3615s
 7896289 1041115   18.52181   42  251          -   17.89912      -   108 3620s
 7906278 1038289     cutoff   41               -   17.90392      -   108 3626s
 7913459 1035724   18.79958   31  211          -   17.90789      -   108 3630s
 7920901 1033450     cutoff   44               -   17.91200      -   108 3635s
 7927841 1030771 infeasible   42               -   17.91609      -   108 3640s
 7937710 1027747   18.37406   55  249          -   17.92121      -   108 3646s
 7945098 1025137 infeasible   43               -   17.92532      -   108 3650s
 7952338 1022518 infeasible   40               -   17.92893      -   108 3655s
 7962099 1019339     cutoff   44               -   17.93450      -   108 3660s
 7969621 1016901     cutoff   34               -   17.93861      -   108 3665s
 7979102 1013504 infeasible   53               -   17.94397      -   108 3671s
 7986279 1010856     cutoff   52               -   17.94828      -   108 3675s
 7996055 1007412     cutoff   41               -   17.95348      -   108 3681s
 8003187 1004809   18.31754   39  247          -   17.95735      -   108 3685s
 8010473 1002064     cutoff   41               -   17.96170      -   108 3690s
 8020286 998505   18.12650   49  246          -   17.96739      -   108 3696s
 8027322 996030 infeasible   41               -   17.97143      -   108 3701s
 8034883 993475     cutoff   37               -   17.97581      -   108 3705s
 8041976 990825     cutoff   44               -   17.98004      -   108 3710s
 8051656 987210 infeasible   34               -   17.98592      -   108 3715s
 8059051 984710     cutoff   37               -   17.99070      -   108 3720s
 8066345 982113   18.24125   33  253          -   17.99552      -   108 3725s
 8075091 976012 infeasible   46               -   18.00000      -   108 3730s
 8088037 964295     cutoff   70               -   18.00000      -   108 3735s
 8103705 949158     cutoff   49               -   18.00000      -   108 3740s
 8116384 936391 infeasible   47               -   18.00000      -   108 3745s
 8131228 923090     cutoff   77               -   18.00000      -   108 3750s
 8145350 912879     cutoff   52               -   18.00000      -   108 3755s
 8157577 909282   18.32695   39  218          -   18.00284      -   108 3760s
 8164873 906775     cutoff   41               -   18.00773      -   108 3765s
 8173307 903886     cutoff   56               -   18.01345      -   108 3771s
 8180141 901482     cutoff   31               -   18.01811      -   108 3775s
 8187058 898887     cutoff   59               -   18.02273      -   108 3780s
 8194379 896341 infeasible   39               -   18.02744      -   108 3785s
 8203539 892721     cutoff   38               -   18.03333      -   108 3790s
 8213013 888901     cutoff   42               -   18.03962      -   108 3796s
 8220503 886099 infeasible   39               -   18.04417      -   108 3801s
 8227776 883135     cutoff   42               -   18.04888      -   108 3805s
 8235128 880218   18.61558   54  234          -   18.05355      -   108 3810s
 8244748 876050     cutoff   61               -   18.05947      -   108 3816s
 8252147 872861   19.22605   43  234          -   18.06432      -   108 3820s
 8259312 869704   18.47171   51  222          -   18.06897      -   108 3825s
 8268925 865441     cutoff   36               -   18.07500      -   108 3831s
 8276355 862233     cutoff   52               -   18.07994      -   108 3835s
 8283960 858838   18.55773   36  214          -   18.08422      -   108 3840s
 8293503 854208     cutoff   54               -   18.09034      -   108 3846s
 8300908 851156   18.96545   36  233          -   18.09479      -   108 3850s
 8308097 847316   18.29882   48  200          -   18.09942      -   108 3855s
 8317808 843124 infeasible   45               -   18.10516      -   108 3861s
 8325138 839501     cutoff   49               -   18.10967      -   108 3865s
 8332630 836158     cutoff   38               -   18.11392      -   108 3870s
 8339793 832879     cutoff   42               -   18.11841      -   108 3875s
 8346835 829559     cutoff   37               -   18.12278      -   108 3880s
 8357186 824141 infeasible   39               -   18.12837      -   108 3886s
 8364476 820621     cutoff   50               -   18.13311      -   108 3890s
 8371872 817045   18.75500   46  256          -   18.13738      -   108 3895s
 8382260 811534     cutoff   33               -   18.14302      -   108 3901s
 8389195 808004   18.98316   39  231          -   18.14773      -   108 3905s
 8396222 804003 infeasible   48               -   18.15244      -   108 3910s
 8403187 800507     cutoff   36               -   18.15650      -   108 3915s
 8413069 795428     cutoff   36               -   18.16311      -   108 3920s
 8423484 789121     cutoff   55               -   18.16744      -   108 3926s
 8430395 785524     cutoff   46               -   18.17226      -   108 3930s
 8437572 781789     cutoff   40               -   18.17647      -   108 3935s
 8447148 776391     cutoff   50               -   18.18276      -   108 3941s
 8454244 772413 infeasible   46               -   18.18750      -   108 3946s
 8461490 768711   18.52013   36  260          -   18.19193      -   108 3951s
 8468745 764814     cutoff   48               -   18.19650      -   108 3956s
 8477005 759072     cutoff   42               -   18.20000      -   108 3960s
 8483710 755181     cutoff   58               -   18.20482      -   108 3965s
 8493072 749637     cutoff   37               -   18.21107      -   108 3971s
 8500451 745287     cutoff   40               -   18.21587      -   108 3975s
 8507424 741300     cutoff   49               -   18.22043      -   108 3980s
 8515061 736833     cutoff   38               -   18.22492      -   108 3985s
 8524998 731016     cutoff   34               -   18.23125      -   108 3991s
 8532186 726700   19.24399   35  210          -   18.23611      -   108 3996s
 8539422 722395     cutoff   51               -   18.24095      -   108 4000s
 8546681 718193   19.00000   42    1          -   18.24579      -   108 4005s
 8551350 708988     cutoff   45               -   18.24928      -   108 4010s
 8566247 704440     cutoff   42               -   18.25428      -   108 4016s
 8572995 700480     cutoff   57               -   18.25918      -   108 4020s
 8580004 696090     cutoff   51               -   18.26381      -   108 4025s
 8589671 690107 infeasible   39               -   18.27009      -   108 4031s
 8597050 685353     cutoff   40               -   18.27514      -   108 4035s
 8604229 680813     cutoff   41               -   18.28017      -   109 4040s
 8611418 674917     cutoff   46               -   18.28530      -   109 4045s
 8622006 669237 infeasible   35               -   18.29161      -   109 4051s
 8629295 664758 infeasible   38               -   18.29650      -   109 4055s
 8637319 659327     cutoff   36               -   18.30143      -   109 4060s
 8646872 653096 infeasible   49               -   18.30802      -   109 4066s
 8654078 648226   18.89307   39  219          -   18.31290      -   109 4071s
 8661220 643535     cutoff   48               -   18.31798      -   109 4075s
 8670841 637096     cutoff   45               -   18.32490      -   109 4081s
 8677993 632449     cutoff   43               -   18.33037      -   109 4085s
 8689876 620855     cutoff   43               -   18.33333      -   108 4091s
 8697293 617083     cutoff   37               -   18.33708      -   108 4095s
 8705722 611028     cutoff   35               -   18.34364      -   108 4100s
 8712574 606162     cutoff   44               -   18.34884      -   108 4105s
 8722127 599351     cutoff   36               -   18.35570      -   108 4111s
 8729330 594589     cutoff   41               -   18.36082      -   108 4115s
 8738877 588033     cutoff   40               -   18.36723      -   108 4121s
 8746119 583155     cutoff   36               -   18.37268      -   109 4125s
 8755207 576345     cutoff   32               -   18.37815      -   108 4130s
 8764758 569414     cutoff   34               -   18.38493      -   108 4135s
 8771932 564224     cutoff   44               -   18.39041      -   108 4140s
 8781625 557590     cutoff   34               -   18.39764      -   108 4146s
 8791154 550402 infeasible   43               -   18.40194      -   108 4150s
 8797566 545459     cutoff   46               -   18.40698      -   108 4155s
 8806806 538452     cutoff   49               -   18.41382      -   108 4160s
 8816615 531180   18.86840   44  244          -   18.42094      -   108 4166s
 8823715 525854 infeasible   35               -   18.42615      -   108 4170s
 8834812 517253     cutoff   42               -   18.43370      -   108 4176s
 8841781 512192     cutoff   34               -   18.43859      -   108 4180s
 8851796 504505 infeasible   41               -   18.44581      -   108 4186s
 8858946 498983     cutoff   45               -   18.45144      -   108 4190s
 8868733 491361 infeasible   35               -   18.45886      -   108 4196s
 8876057 485519     cutoff   41               -   18.46457      -   108 4200s
 8885794 477958     cutoff   47               -   18.47233      -   108 4206s
 8892848 472438   18.86006   44  249          -   18.47801      -   108 4210s
 8902499 464817 infeasible   41               -   18.48603      -   108 4215s
 8909605 459107 infeasible   54               -   18.49253      -   108 4220s
 8916501 446590     cutoff   43               -   18.49915      -   108 4226s
 8936777 425629     cutoff   47               -   18.50000      -   108 4232s
 8950858 422515     cutoff   37               -   18.50293      -   108 4235s
 8959392 415479     cutoff   57               -   18.51107      -   108 4241s
 8965511 410518     cutoff   62               -   18.51690      -   108 4245s
 8974550 403164     cutoff   41               -   18.52525      -   108 4250s
 8983921 395712 infeasible   57               -   18.53363      -   108 4255s
 8993114 389538     cutoff   46               -   18.54086      -   108 4260s
 9001121 381466     cutoff   46               -   18.55000      -   108 4265s
 9010869 373353     cutoff   37               -   18.55870      -   108 4270s
 9020565 365371     cutoff   45               -   18.56811      -   108 4275s
 9028853 358246 infeasible   37               -   18.57511      -   108 4280s
 9035843 351987     cutoff   45               -   18.58209      -   108 4285s
 9045465 344121     cutoff   50               -   18.59107      -   108 4290s
 9052609 333994     cutoff   35               -   18.59867      -   108 4295s
 9063758 328400     cutoff   39               -   18.60668      -   108 4300s
 9075346 318244     cutoff   37               -   18.61856      -   108 4306s
 9083906 310886     cutoff   37               -   18.62598      -   108 4310s
 9092916 302850     cutoff   31               -   18.63620      -   108 4315s
 9102900 294331     cutoff   52               -   18.64666      -   108 4320s
 9112509 285921   18.87325   43  238          -   18.65749      -   108 4325s
 9119909 269588 infeasible   46               -   18.66667      -   108 4331s
 9137915 262842     cutoff   35               -   18.67742      -   108 4335s
 9146763 255089     cutoff   51               -   18.68778      -   108 4340s
 9155952 246261     cutoff   58               -   18.69970      -   108 4345s
 9165769 236906     cutoff   45               -   18.71182      -   108 4350s
 9177945 226493     cutoff   37               -   18.72657      -   108 4356s
 9187674 217825     cutoff   44               -   18.73944      -   108 4360s
 9195584 204235     cutoff   72               -   18.75000      -   108 4365s
 9212780 194627     cutoff   37               -   18.76861      -   108 4370s
 9224562 183724     cutoff   58               -   18.78571      -   107 4375s
 9235616 173745   19.07890   38  253          -   18.80028      -   107 4380s
 9246814 163000     cutoff   42               -   18.82022      -   107 4385s
 9257555 153057     cutoff   40               -   18.83589      -   107 4390s
 9271808 139321     cutoff   44               -   18.86345      -   107 4396s
 9284600 127289     cutoff   33               -   18.88889      -   107 4400s
 9296959 115437     cutoff   38               -   18.91667      -   107 4405s
 9309468 103305     cutoff   39               -   18.94889      -   107 4410s
 9325102 79041 infeasible   46               -   19.00000      -   107 4415s
 9369250 45936     cutoff   39               -   19.00000      -   107 4420s

Cutting planes:
  Gomory: 30
  Implied bound: 1140
  MIR: 142
  Zero half: 424
  Relax-and-lift: 6

Explored 9371423 nodes (998661525 simplex iterations) in 4420.56 seconds (8597.23 work units)
Thread count was 24 (of 64 available processors)

Solution count 0

Model objective exceeds cutoff
Best objective -, best bound 1.950000000205e+01, gap -

Gurobi 13.0.3 (linux64) logging started Thu Oct  1 06:44:45 2026

Set parameter LogFile to value "W7_m56-100_38_n360k24d20w7_dX_20-24_gurobi.log"
Set parameter Threads to value 24
Set parameter NodefileStart to value 60
Set parameter NodefileDir to value "."
Set parameter SoftMemLimit to value 60
Set parameter Cutoff to value 19.5
Set parameter MIPFocus to value 3
Set parameter Symmetry to value 2
Gurobi Optimizer version 13.0.3 build v13.0.3rc0 (linux64 - "Ubuntu 24.04.4 LTS")

CPU model: AMD Ryzen Threadripper PRO 9975WX 32-Cores, instruction set [SSE2|AVX|AVX2|AVX512]
Thread count: 32 physical cores, 64 logical processors, using up to 24 threads

Non-default parameters:
Cutoff  19.5
SoftMemLimit  60
MIPFocus  3
NodefileStart  60
Symmetry  2
Threads  24

Optimize a model with 181 rows, 541 columns and 1522 nonzeros (Min)
Model fingerprint: 0xb1d484bc
Model has 360 linear objective coefficients
Variable types: 0 continuous, 541 integer (360 binary)
Coefficient statistics:
  Matrix range     [1e+00, 2e+00]
  Objective range  [1e+00, 1e+00]
  Bounds range     [1e+00, 4e+01]
  RHS range        [1e+00, 1e+00]

Presolve time: 0.00s
Presolved: 181 rows, 541 columns, 1522 nonzeros
Variable types: 0 continuous, 541 integer (360 binary)
Root relaxation presolve removed 181 rows and 541 columns
Root relaxation presolve: All rows and columns removed

Extra simplex iterations after uncrush: 1

Root relaxation: objective 1.000000e+00, 1 iterations, 0.00 seconds (0.00 work units)

    Nodes    |    Current Node    |     Objective Bounds      |     Work
 Expl Unexpl |  Obj  Depth IntInf | Incumbent    BestBd   Gap | It/Node Time

     0     0    1.00000    0    3          -    1.00000      -     -    0s
     0     0    1.00000    0    3          -    1.00000      -     -    0s
     0     0    1.00000    0    3          -    1.00000      -     -    0s
     0     0    2.00000    0    3          -    2.00000      -     -    0s
     0     0    2.00000    0    3          -    2.00000      -     -    0s
     0     2    2.00000    0    3          -    2.00000      -     -    0s
  6850  5880   14.00000   67   44          -    6.22751      -  60.7    5s
 24229 19618    9.40755   57   97          -    7.14740      -  48.5   10s
 48220 38010   10.49534   30  136          -    7.91558      -  45.1   15s
 74020 55855   10.99617   41  184          -    8.31470      -  45.6   20s
 95311 70046   10.45543   26  196          -    8.57143      -  47.3   25s
 115787 83615   12.16667   40   47          -    8.76718      -  48.8   30s
 135640 96850   13.75793   38  194          -    8.92500      -  50.2   35s
 154974 108479    9.11793   44  258          -    9.01087      -  51.2   40s
 170785 116667   14.59911   28  122          -    9.14286      -  51.7   45s
 170977 116859   12.00235   31  171          -    9.18558      -  52.1   50s
 171146 117026   13.77559   35  164          -    9.22059      -  52.5   55s
 181443 124761 infeasible   46               -    9.29412      -  52.9   60s
 203492 137188   16.00000   47  130          -    9.43442      -  53.2   65s
 223484 148226   12.73650   50  169          -    9.54831      -  53.5   70s
 245321 160434   12.30590   30  231          -    9.69236      -  53.8   75s
 265262 171677   11.01550   26  190          -    9.82708      -  54.1   80s
 287016 183188   16.08153   47  210          -    9.97406      -  54.2   85s
 307021 193022   12.49535   32  187          -   10.00353      -  54.6   90s
 329857 205291   12.23832   27  148          -   10.18061      -  54.6   95s
 350210 215950   12.44782   37  206          -   10.31862      -  54.7  100s
 373569 228509   13.42677   31  187          -   10.48148      -  54.8  105s
 396084 240378   15.67740   65  207          -   10.60000      -  54.9  110s
 407981 245225   11.31130   26  233          -   10.68478      -  55.1  115s
 408183 245405   13.85102   32  167          -   10.71900      -  55.2  120s
 408358 245568   13.93444   30  185          -   10.75000      -  55.3  125s
 408508 245706   12.90531   43  238          -   10.76274      -  55.4  130s
 410747 248689   17.27010   45  190          -   10.79578      -  55.6  135s
 431623 259577   16.03449   65  193          -   10.91114      -  55.6  140s
 450734 269170   14.21672   32  222          -   11.00000      -  55.8  145s
 470727 278129   13.55091   36  216          -   11.00000      -  56.1  150s
 490506 288361   16.70918   45  142          -   11.11685      -  56.1  155s
 510947 300306   12.95149   50  169          -   11.22500      -  56.1  160s
 532420 312084   12.48865   47  226          -   11.32241      -  56.2  165s
 555480 324947   13.04471   34  218          -   11.40741      -  56.3  170s
 578146 337080   15.50000   32   51          -   11.50000      -  56.4  175s
 601789 350210   13.11914   27  243          -   11.54921      -  56.5  180s
 622287 361318   14.00000   41    1          -   11.61654      -  56.6  185s
 647240 374446   14.58629   34  211          -   11.68182      -  56.6  190s
 671376 387214   16.89071   32  220          -   11.75000      -  56.6  195s
 694429 400053   17.39304   51  196          -   11.80741      -  56.6  200s
 716947 411987   16.14855   55  217          -   11.87209      -  56.7  205s
 740661 424778   14.19097   30  223          -   11.93080      -  56.7  210s
 761664 436793   13.36603   34  191          -   11.98624      -  56.8  215s
 780483 442496 infeasible   33               -   12.00000      -  57.1  220s
 801464 450674   14.08317   32  215          -   12.00000      -  57.3  225s
 824508 463846   13.71212   82  181          -   12.05911      -  57.4  230s
 847813 476227   14.58458   39  157          -   12.11111      -  57.3  235s
 868464 487826   16.33285   68  172          -   12.15385      -  57.4  240s
 893728 501197   15.06663   30  199          -   12.20000      -  57.4  245s
 914000 512147   13.10381   32  205          -   12.24043      -  57.4  250s
 934751 523068   15.21286   41  182          -   12.27103      -  57.4  255s
 957314 535065   15.42893   37  149          -   12.31302      -  57.5  260s
 979611 546595   13.17166   45  180          -   12.33962      -  57.5  265s
 1002191 559043   12.91466   25  254          -   12.38144      -  57.6  270s
 1022931 569912   14.26190   63   83          -   12.41176      -  57.6  275s
 1048048 582593   12.89074   51  249          -   12.44957      -  57.6  280s
 1068739 593349   13.00000   37    8          -   12.47716      -  57.6  285s
 1089847 603145   15.37277   29  132          -   12.50000      -  57.7  290s
 1109993 612630   14.79107   41  204          -   12.50728      -  57.8  295s
 1129405 622674   13.41694   45  217          -   12.54054      -  57.8  300s
 1152148 634479   15.64940   48  176          -   12.57143      -  57.8  305s
 1177426 647176   15.40539   47  212          -   12.60059      -  57.8  310s
 1200480 658409   16.26826   33  226          -   12.63088      -  57.9  315s
 1220587 669057   14.00000   51    9          -   12.66050      -  57.9  320s
 1239926 677949   16.25664   33  203          -   12.67188      -  58.0  325s
 1260375 688659   13.12505   27  264          -   12.69777      -  58.0  330s
 1285527 700901   13.30305   29  210          -   12.72727      -  58.0  335s
 1304727 710173   13.77062   72  175          -   12.75000      -  58.1  340s
 1324364 720376   13.33486   37  184          -   12.76693      -  58.1  345s
 1346490 731326   13.51561   32  197          -   12.79245      -  58.1  350s
 1366967 741189   15.64691   35  198          -   12.80952      -  58.2  355s
 1389361 752258   14.51012   31   95          -   12.83333      -  58.2  360s
 1409831 762034   13.65626   38  138          -   12.85514      -  58.3  365s
 1429553 772095   14.17145   37  175          -   12.87500      -  58.3  370s
 1452152 782885   14.91569   54  135          -   12.89760      -  58.3  375s
 1472209 793213   14.21558   59  212          -   12.91601      -  58.3  380s
 1494673 804270   14.06292   28  121          -   12.93850      -  58.4  385s
 1515408 814546   13.60033   53  219          -   12.95916      -  58.4  390s
 1533446 823724   17.35231   36  208          -   12.97902      -  58.5  395s
 1554897 832737     cutoff   29               -   13.00000      -  58.6  400s
 1572019 837396     cutoff   72               -   13.00000      -  58.8  405s
 1590656 843965   17.75000   38   82          -   13.00000      -  59.0  410s
 1608689 850947   16.23593   47  189          -   13.00000      -  59.1  415s
 1629817 859902   15.08023   52  167          -   13.00000      -  59.2  420s
 1653237 871624   13.44089   37  205          -   13.02949      -  59.2  425s
 1676789 883198   15.57402   42  121          -   13.05475      -  59.2  430s
 1699519 894394   14.42841   57  188          -   13.07500      -  59.2  435s
 1721393 905393   15.00000   61   21          -   13.09459      -  59.2  440s
 1741590 915048   16.96635   51  140          -   13.11111      -  59.2  445s
 1762055 924670   15.23371   52  236          -   13.12895      -  59.3  450s
 1781650 934007   15.18276   28  213          -   13.14523      -  59.3  455s
 1802087 943549   15.00637   27  212          -   13.16448      -  59.3  460s
 1823047 952572   14.87786   30  167          -   13.17808      -  59.4  465s
 1842658 961991   14.57903   35  161          -   13.19434      -  59.4  470s
 1862480 971122   13.94647   39  232          -   13.20815      -  59.5  475s
 1882523 980661   13.96643   43  166          -   13.22281      -  59.5  480s
 1902247 989209   13.55313   47  235          -   13.23758      -  59.6  485s
 1920600 997303   15.50000   48   28          -   13.25000      -  59.6  490s
 1940449 1006282   17.00000   40    6          -   13.26010      -  59.7  495s
 1960220 1015753   14.36486   31  194          -   13.27326      -  59.7  500s
 1980642 1024545   16.16716   58  170          -   13.28571      -  59.8  505s
 1996908 1031992   15.49180   45  132          -   13.29752      -  59.8  510s
 2017438 1041277   16.13163   64  199          -   13.30952      -  59.9  515s
 2037825 1050285   14.85378   40  200          -   13.32432      -  59.9  520s
 2056843 1057863   15.91820   32  198          -   13.33333      -  60.0  525s
 2075218 1065589   14.68548   32  152          -   13.33811      -  60.1  530s
 2094517 1074564   14.29335   46  196          -   13.35205      -  60.1  535s
 2114452 1083646   16.47195   53  165          -   13.36628      -  60.2  540s
 2134430 1092845   13.50786   31  142          -   13.37818      -  60.2  545s
 2157413 1103323   17.43136   47  158          -   13.39274      -  60.3  550s
 2176401 1111112   19.00000   40   29          -   13.40128      -  60.3  555s
 2196090 1119167   14.18711   34  230          -   13.41356      -  60.4  560s
 2216055 1128059   16.00000   41    8          -   13.42529      -  60.4  565s
 2236110 1136733   15.40765   56  182          -   13.43535      -  60.5  570s
 2256805 1145697   15.76923   39   72          -   13.44741      -  60.5  575s
 2277218 1154493   14.25000   29   34          -   13.46047      -  60.6  580s
 2294903 1162157     cutoff   49               -   13.47059      -  60.6  585s
 2315602 1170821   13.62179   29  148          -   13.48276      -  60.6  590s
 2332055 1178318   16.31880   53  142          -   13.49512      -  60.7  595s
 2348426 1183642   17.56112   47  217          -   13.50000      -  60.8  600s
 2366240 1189650   16.88344   44  133          -   13.50000      -  60.9  605s
 2382853 1195783   16.15496   48  228          -   13.50000      -  60.9  610s
 2402937 1204338   14.70769   45   88          -   13.50601      -  61.0  615s
 2422820 1213103   15.35384   44  227          -   13.51899      -  61.0  620s
 2440262 1220596   14.84651   48  240          -   13.53030      -  61.0  625s
 2458778 1228433   16.54072   49  184          -   13.54218      -  61.1  630s
 2478661 1236705   14.80054   22  201          -   13.55414      -  61.1  635s
 2498580 1245248   14.62520   35  186          -   13.56556      -  61.1  640s
 2521423 1255119   14.87306   52  209          -   13.57692      -  61.2  645s
 2541594 1263787   16.97141   39  217          -   13.58824      -  61.2  650s
 2559060 1271040   14.98624   31  164          -   13.59903      -  61.2  655s
 2576035 1277939     cutoff   64               -   13.60427      -  61.3  660s
 2594063 1285361   17.50000   64   30          -   13.61538      -  61.3  665s
 2612850 1293042   14.71984   54  196          -   13.62500      -  61.3  670s
 2633517 1301905   14.49770   58  157          -   13.63447      -  61.4  675s
 2650615 1308826   15.75281   66  157          -   13.64286      -  61.4  680s
 2670649 1317007   17.10583   45  125          -   13.65455      -  61.4  685s
 2687330 1323629   16.76965   47  169          -   13.66600      -  61.5  690s
 2704526 1329124   16.91749   36  193          -   13.66667      -  61.5  695s
 2723634 1337041   14.08188   28  184          -   13.67105      -  61.6  700s
 2740804 1344112   14.22453   47  216          -   13.68099      -  61.6  705s
 2763931 1353353   14.30065   43  224          -   13.69231      -  61.6  710s
 2783607 1361441   15.42007   45  246          -   13.70252      -  61.7  715s
 2804065 1369577   17.15079   39  172          -   13.71429      -  61.7  720s
 2821670 1376921   15.19479   40  219          -   13.72222      -  61.7  725s
 2841294 1384807   14.02795   33  196          -   13.73109      -  61.7  730s
 2861734 1393475   15.88620   49  192          -   13.74074      -  61.7  735s
 2881045 1400400 infeasible   55               -   13.75000      -  61.8  740s
 2899306 1407016   16.44423   53  192          -   13.75032      -  61.8  745s
 2919376 1415122   18.25000   51   29          -   13.76192      -  61.9  750s
 2939473 1423035   16.75659   59  175          -   13.77273      -  61.9  755s
 2957261 1430439   14.55308   33  214          -   13.78054      -  61.9  760s
 2979709 1439134   15.22666   33  189          -   13.79228      -  61.9  765s
 2996103 1445733   15.25000   35   47          -   13.80000      -  62.0  770s
 3016522 1453277   15.00000   38   76          -   13.80538      -  62.0  775s
 3033875 1460377   14.06163   49  214          -   13.81429      -  62.0  780s
 3052803 1468191   17.27925   58  182          -   13.82448      -  62.1  785s
 3070258 1474620   16.91581   48  204          -   13.83333      -  62.1  790s
 3089235 1482250   14.26849   55  240          -   13.83929      -  62.1  795s
 3110337 1490574   14.09641   37  182          -   13.84960      -  62.2  800s
 3129671 1497983   18.50000   55   27          -   13.85714      -  62.2  805s
 3147579 1505107   15.46983   54  247          -   13.86491      -  62.2  810s
 3165162 1511868   17.88586   56  181          -   13.87478      -  62.2  815s
 3185482 1519573   16.54311   57  178          -   13.88161      -  62.3  820s
 3203957 1526931   15.07981   34  171          -   13.88889      -  62.3  825s
 3221762 1534115   14.34151   39  227          -   13.89919      -  62.3  830s
 3241839 1542261   14.50000   57   42          -   13.90648      -  62.3  835s
 3261114 1549866   16.32591   59  182          -   13.91496      -  62.4  840s
 3279063 1556478   15.48657   40  170          -   13.92224      -  62.4  845s
 3296492 1563024   17.57348   34  181          -   13.93003      -  62.4  850s
 3316033 1570966   15.61479   34  234          -   13.93922      -  62.4  855s
 3333867 1578079   16.35581   29  192          -   13.94685      -  62.4  860s
 3354128 1585879   14.81308   42  168          -   13.95536      -  62.5  865s
 3373411 1593800   17.48040   59  210          -   13.96434      -  62.5  870s
 3378467 1594663   15.44922   30  191          -   13.96783      -  62.5  875s
 3379165 1595075   17.60823   41  189          -   13.96970      -  62.5  881s
 3380044 1595522   17.24255   55  162          -   13.97083      -  62.5  885s
 3381077 1596020   16.12443   70  157          -   13.97222      -  62.5  892s
 3381637 1600241   16.13851   31  200          -   13.97321      -  62.5  903s
 3392099 1604424   14.24297   34  228          -   13.97368      -  62.5  906s
 3413172 1609633   14.31164   57  172          -   13.98780      -  62.6  910s
 3431374 1616558   14.97001   30  186          -   13.99928      -  62.6  915s
 3447555 1620954   16.41619   35  128          -   14.00000      -  62.7  920s
 3461224 1623402   17.14286   52  116          -   14.00000      -  62.8  925s
 3478252 1626372   17.29310   75   79          -   14.00000      -  62.9  930s
 3492355 1629893   17.43929   35  213          -   14.00000      -  63.0  935s
 3508406 1634925   16.27778   53   86          -   14.00000      -  63.0  940s
 3525321 1640099   15.11990   32  161          -   14.00000      -  63.1  945s
 3544428 1645474   18.00000   54   40          -   14.00000      -  63.1  950s
 3561539 1651159   16.45331   60  196          -   14.00000      -  63.2  955s
 3578896 1657070   16.50321   32  205          -   14.00000      -  63.2  960s
 3599049 1664490   16.17270   61  179          -   14.00000      -  63.2  965s
 3619458 1673076   15.30160   48  171          -   14.00901      -  63.2  970s
 3635807 1679960   14.25636   34  193          -   14.01833      -  63.3  975s
 3652722 1686383   16.60349   46  118          -   14.02857      -  63.3  980s
 3673706 1694625   14.45631   34  171          -   14.03937      -  63.3  985s
 3693172 1702521   16.84117   46  183          -   14.04918      -  63.3  990s
 3710339 1708818   14.61438   36  207          -   14.05769      -  63.3  995s
 3730029 1716650   15.27517   37  163          -   14.06719      -  63.3 1000s
 3750261 1724283   16.05824   51  210          -   14.07641      -  63.3 1005s
 3768924 1731276   15.40851   57  187          -   14.08434      -  63.3 1010s
 3789458 1739240   16.89947   57  151          -   14.09524      -  63.3 1015s
 3806966 1745926   14.70979   30  204          -   14.10256      -  63.3 1020s
 3825799 1753146     cutoff   61               -   14.11111      -  63.4 1025s
 3848002 1761917   14.86626   38  180          -   14.12020      -  63.4 1030s
 3867366 1768824   17.17603   64  197          -   14.12698      -  63.4 1035s
 3887631 1776845   14.50000   71   34          -   14.13636      -  63.4 1040s
 3910604 1784843   14.73408   30  165          -   14.14435      -  63.4 1045s
 3927700 1791617   15.71215   30  199          -   14.15278      -  63.4 1050s
 3948043 1799554   14.75770   43  214          -   14.16197      -  63.4 1055s
 3965132 1805446   15.84850   39  190          -   14.16667      -  63.4 1060s
 3985376 1813045   14.92731   39  246          -   14.17341      -  63.5 1065s
 4005740 1820768   15.75654   46  208          -   14.18182      -  63.5 1070s
 4025517 1828486   14.75362   40  138          -   14.18966      -  63.5 1075s
 4045890 1836136   14.72771   35  212          -   14.19847      -  63.5 1080s
 4065529 1842856   17.02440   49  206          -   14.20206      -  63.5 1085s
 4085916 1850240   15.02641   50  180          -   14.21053      -  63.5 1090s
 4105495 1857789   15.39768   52  164          -   14.21854      -  63.5 1095s
 4126427 1865412     cutoff   48               -   14.22504      -  63.5 1100s
 4146957 1873199   15.26901   39  127          -   14.23341      -  63.5 1105s
 4167171 1880884   14.57028   48  209          -   14.24195      -  63.5 1110s
 4186409 1887604   15.00000   58    4          -   14.25000      -  63.6 1115s
 4203556 1892726   16.72581   62  104          -   14.25000      -  63.6 1120s
 4221450 1899330   16.93424   40  232          -   14.25417      -  63.6 1125s
 4241395 1906839   16.24659   37  171          -   14.26299      -  63.6 1130s
 4261215 1914469     cutoff   61               -   14.27075      -  63.6 1135s
 4279048 1920692 infeasible   63               -   14.27778      -  63.7 1140s
 4298996 1927929   16.26937   36  197          -   14.28571      -  63.7 1145s
 4316352 1934034   16.14286   51  148          -   14.29032      -  63.7 1150s
 4334133 1940340   15.16474   36  136          -   14.29688      -  63.7 1155s
 4352828 1947177   16.67164   49  142          -   14.30345      -  63.7 1160s
 4371392 1953928   16.62079   37  152          -   14.31022      -  63.7 1165s
 4390591 1960835   16.33159   43  136          -   14.31708      -  63.7 1170s
 4411013 1968414   15.82809   43  173          -   14.32500      -  63.7 1175s
 4429749 1974824   17.19783   31  138          -   14.33333      -  63.7 1180s
 4445425 1979006   16.62500   41   63          -   14.33333      -  63.8 1185s
 4465841 1985185   15.00000   37   51          -   14.33333      -  63.8 1190s
 4483699 1992074   15.23628   35  189          -   14.33924      -  63.8 1195s
 4503656 1999667   16.36410   39  216          -   14.34694      -  63.8 1200s
 4522573 2006689   17.03858   37  215          -   14.35413      -  63.8 1205s
 4543472 2014185   15.09138   42  231          -   14.36133      -  63.8 1210s
 4563966 2021667   15.48528   37  184          -   14.36842      -  63.9 1215s
 4583777 2028540   17.97214   48  127          -   14.37500      -  63.9 1220s
 4601450 2035253   15.37389   36  185          -   14.37956      -  63.9 1225s
 4621311 2042716   15.42265   42  179          -   14.38660      -  63.9 1230s
 4639205 2049093   17.15570   52  203          -   14.39286      -  63.9 1235s
 4656751 2055030   15.93303   30  153          -   14.40000      -  63.9 1240s
 4675480 2061077   17.57871   62  166          -   14.40096      -  64.0 1245s
 4693161 2067583   14.92857   34  106          -   14.40803      -  64.0 1250s
 4712717 2074539   15.69795   40  196          -   14.41530      -  64.0 1255s
 4730360 2081052   15.77597   33  194          -   14.42069      -  64.0 1260s
 4747421 2087211   15.04481   35  194          -   14.42683      -  64.0 1265s
 4765775 2093304   16.06333   41  231          -   14.43030      -  64.0 1270s
 4785970 2100563   16.00000   32   54          -   14.43750      -  64.0 1275s
 4803518 2106704   15.30399   49  164          -   14.44402      -  64.0 1280s
 4822531 2113837   17.35618   67  206          -   14.44892      -  64.1 1285s
 4842659 2120740   15.52494   41  163          -   14.45455      -  64.1 1290s
 4862861 2127152   15.36794   35  185          -   14.46151      -  64.1 1295s
 4884580 2135147   17.62373   36  132          -   14.46753      -  64.1 1300s
 4901862 2141556   15.26073   40  195          -   14.47368      -  64.1 1305s
 4921386 2148710   19.00000   62   29          -   14.48000      -  64.1 1310s
 4939060 2154792   15.70925   37  191          -   14.48597      -  64.1 1315s
 4956685 2161419   15.72987   39  206          -   14.49275      -  64.1 1320s
 4973727 2167555   16.49411   40  156          -   14.50000      -  64.2 1325s
 4991707 2171417   16.64625   41  186          -   14.50000      -  64.2 1330s
 5007219 2174848   16.00000   39    5          -   14.50000      -  64.3 1335s
 5024395 2178907   17.51330   39  160          -   14.50000      -  64.3 1340s
 5041149 2183473     cutoff   71               -   14.50000      -  64.4 1345s
 5056765 2187485   15.56781   62  171          -   14.50000      -  64.4 1350s
 5074199 2192490   15.04144   42  193          -   14.50000      -  64.4 1355s
 5094480 2199323   16.43522   47  159          -   14.50094      -  64.4 1360s
 5112304 2205653   15.47622   32  184          -   14.50808      -  64.4 1365s
 5132780 2212780   17.65552   29  197          -   14.51515      -  64.4 1370s
 5150759 2218997   15.79753   37  162          -   14.52107      -  64.4 1375s
 5170707 2225983   17.40818   49  215          -   14.52754      -  64.5 1380s
 5190998 2233065     cutoff   60               -   14.53374      -  64.5 1385s
 5212574 2240908   16.77529   51  124          -   14.54070      -  64.5 1390s
 5229824 2246756   18.27531   48  165          -   14.54545      -  64.5 1395s
 5249859 2254115   16.76630   54  143          -   14.55260      -  64.5 1400s
 5270198 2261006   17.16594   53  167          -   14.55734      -  64.5 1405s
 5287812 2267341   14.80750   39  220          -   14.56301      -  64.5 1410s
 5305290 2273795   14.96704   48  222          -   14.56906      -  64.5 1415s
 5324876 2279987   15.65834   31  203          -   14.57283      -  64.5 1420s
 5342341 2286194   14.88848   28  146          -   14.57895      -  64.5 1425s
 5361867 2292719   17.15690   56  181          -   14.58469      -  64.5 1430s
 5380153 2298868   15.90896   61  229          -   14.58974      -  64.5 1435s
 5399398 2305871   16.56439   41  186          -   14.59648      -  64.6 1440s
 5418386 2311576   15.70947   60  219          -   14.60000      -  64.6 1445s
 5435887 2317632   16.38208   34  177          -   14.60234      -  64.6 1450s
 5456154 2325212   15.78816   34  207          -   14.60870      -  64.6 1455s
 5476100 2332030   14.95736   53  180          -   14.61441      -  64.6 1460s
 5496185 2339071   16.17975   37  203          -   14.62029      -  64.6 1465s
 5513488 2344620   15.63469   38  216          -   14.62500      -  64.6 1470s
 5533407 2351974   15.81606   39  129          -   14.62962      -  64.7 1475s
 5551467 2357948   15.50608   40  191          -   14.63591      -  64.7 1480s
 5571292 2364872   14.92051   29  201          -   14.64088      -  64.7 1485s
 5590935 2371820   14.94308   34  171          -   14.64628      -  64.7 1490s
 5608386 2378175   16.83045   38  198          -   14.65104      -  64.7 1495s
 5626378 2384415   15.77821   33  221          -   14.65625      -  64.7 1500s
 5646958 2391495   16.90323   52  142          -   14.66250      -  64.7 1505s
 5663148 2395775     cutoff   37               -   14.66667      -  64.7 1510s
 5680530 2399558   15.98366   31  174          -   14.66667      -  64.8 1515s
 5698054 2403919   17.74965   44  236          -   14.66667      -  64.8 1520s
 5715497 2409056   18.03297   33  149          -   14.66667      -  64.8 1525s
 5735114 2415453   15.01971   37  191          -   14.67154      -  64.8 1530s
 5754436 2422363   15.04410   41  193          -   14.67816      -  64.8 1535s
 5769985 2427360   16.48041   38  186          -   14.68226      -  64.9 1540s
 5787915 2433214     cutoff   75               -   14.68750      -  64.9 1545s
 5807574 2439553   16.27878   47  224          -   14.69231      -  64.9 1550s
 5825060 2445701   16.30540   44  181          -   14.69796      -  64.9 1555s
 5844987 2452262   14.82146   43  231          -   14.70238      -  64.9 1560s
 5862284 2457938   15.86609   60  180          -   14.70676      -  64.9 1565s
 5879240 2463869   15.86931   36  210          -   14.71181      -  64.9 1570s
 5897043 2469150   16.79923   48  133          -   14.71429      -  64.9 1575s
 5916713 2475643   15.25808   33  199          -   14.72020      -  65.0 1580s
 5934171 2481474   15.83276   29  186          -   14.72439      -  65.0 1585s
 5953839 2488101   16.18456   48  207          -   14.72917      -  65.0 1590s
 5971145 2494025   15.07717   33  231          -   14.73333      -  65.0 1595s
 5991657 2500737   16.46941   41  168          -   14.73913      -  65.0 1600s
 6008744 2506565   15.88903   56  203          -   14.74423      -  65.0 1605s
 6028599 2512711   17.89230   63  147          -   14.75000      -  65.0 1610s
 6045615 2516873   17.31202   42  188          -   14.75000      -  65.1 1615s
 6060975 2520924   16.00335   45  192          -   14.75000      -  65.1 1620s
 6081037 2527515   15.58166   54  208          -   14.75155      -  65.1 1625s
 6098762 2533427   15.43824   33  179          -   14.75709      -  65.1 1630s
 6115670 2539063   15.75974   65  168          -   14.76183      -  65.1 1635s
 6135567 2545933   17.28487   42  159          -   14.76667      -  65.1 1640s
 6153233 2551794   15.12836   51  231          -   14.77069      -  65.1 1645s
 6172482 2558626   16.35172   33  118          -   14.77612      -  65.2 1650s
 6190166 2564148   16.31195   37  220          -   14.77926      -  65.2 1655s
 6210080 2570783   15.29217   37  185          -   14.78431      -  65.2 1660s
 6229859 2576809   18.19172   46  175          -   14.78878      -  65.2 1665s
 6246855 2582580   15.20771   37  192          -   14.79310      -  65.2 1670s
 6266535 2589446   17.86406   48  188          -   14.79877      -  65.2 1675s
 6282164 2593220 infeasible   63               -   14.80000      -  65.2 1680s
 6303015 2599603   14.99344   45  244          -   14.80172      -  65.3 1685s
 6324780 2607000   15.60680   55  183          -   14.80805      -  65.3 1690s
 6342417 2612733   16.02346   52  142          -   14.81250      -  65.3 1695s
 6362551 2619441   18.15772   40  174          -   14.81818      -  65.3 1700s
 6382374 2625697   18.26177   37  153          -   14.82201      -  65.3 1705s
 6401852 2632462   15.41525   75  138          -   14.82693      -  65.3 1710s
 6421956 2638978   15.57776   49  208          -   14.83272      -  65.3 1715s
 6441464 2643566   16.77915   61  130          -   14.83333      -  65.4 1720s
 6461682 2649694   15.98082   51  198          -   14.83657      -  65.4 1725s
 6482764 2656940 infeasible   45               -   14.84211      -  65.4 1730s
 6500714 2662043   18.48691   34  144          -   14.84615      -  65.4 1735s
 6517288 2667333   17.00000   42    1          -   14.85000      -  65.4 1740s
 6535333 2673018   17.81324   52  232          -   14.85417      -  65.4 1745s
 6551440 2677659     cutoff   34               -   14.85714      -  65.4 1750s
 6569351 2683399   16.17667   50  212          -   14.86026      -  65.5 1755s
 6586931 2689116   15.75814   41  168          -   14.86419      -  65.5 1760s
 6604590 2694748   17.14310   42  195          -   14.86842      -  65.5 1765s
 6622252 2700686   16.88476   41  197          -   14.87290      -  65.5 1770s
 6638961 2704813   17.26820   40  144          -   14.87500      -  65.5 1775s
 6655787 2710338   16.34423   34  226          -   14.87847      -  65.5 1780s
 6673117 2715713   17.99495   35  196          -   14.88235      -  65.5 1785s
 6690027 2721456   18.10993   45  208          -   14.88642      -  65.5 1790s
 6708086 2726900   15.89462   59  178          -   14.88889      -  65.6 1795s
 6726334 2732690   18.07344   54  222          -   14.89341      -  65.6 1800s
 6743345 2738217   16.06971   38  180          -   14.89773      -  65.6 1805s
 6760493 2743377   16.00082   31  166          -   14.90000      -  65.6 1810s
 6775993 2748484   15.33371   31  220          -   14.90406      -  65.6 1815s
 6793402 2753986   15.59742   37  180          -   14.90801      -  65.6 1820s
 6810139 2759142   16.16945   50  120          -   14.91111      -  65.6 1825s
 6827966 2764652     cutoff   72               -   14.91534      -  65.7 1830s
 6846132 2769847   16.07565   43  232          -   14.91811      -  65.7 1835s
 6866485 2775731     cutoff   74               -   14.92308      -  65.7 1840s
 6883896 2780749 infeasible   38               -   14.92623      -  65.7 1845s
 6901246 2786090   17.69871   35  162          -   14.92971      -  65.7 1850s
 6918682 2791347   15.38206   49  203          -   14.93333      -  65.7 1855s
 6935159 2796588   17.01707   31  217          -   14.93750      -  65.7 1860s
 6952151 2801565   17.50000   42   20          -   14.94118      -  65.7 1865s
 6969192 2806558   16.65487   43  191          -   14.94444      -  65.8 1870s
 6983011 2810948   15.59612   61  180          -   14.94737      -  65.8 1875s
 7000863 2816557   15.52178   43  194          -   14.95096      -  65.8 1880s
 7018250 2821996   16.48056   52  202          -   14.95492      -  65.8 1885s
 7037253 2827486   15.35117   46  232          -   14.95874      -  65.8 1890s
 7055621 2834029   16.51534   35  146          -   14.96315      -  65.8 1895s
 7073380 2839756   16.40734   35  205          -   14.96703      -  65.9 1900s
 7090552 2844850     cutoff   43               -   14.97059      -  65.9 1905s
 7110578 2850862   15.66667   37   71          -   14.97500      -  65.9 1910s
 7128001 2856156   17.93222   50  144          -   14.97917      -  65.9 1915s
 7147670 2862114   17.26059   49  251          -   14.98396      -  65.9 1920s
 7162134 2866652   15.59301   49  171          -   14.98761      -  65.9 1925s
 7180382 2871886   16.84313   31  191          -   14.99213      -  65.9 1930s
 7198172 2878072   15.66452   30  205          -   14.99701      -  65.9 1935s
 7213118 2880990   18.94549   43  195          -   15.00000      -  66.0 1940s
 7226827 2882164   15.66510   61  193          -   15.00000      -  66.0 1945s
 7238155 2883417   18.50000   36   19          -   15.00000      -  66.1 1950s
 7250498 2883974   18.64609   36  185          -   15.00000      -  66.1 1955s
 7264131 2884529     cutoff   64               -   15.00000      -  66.2 1960s
 7273962 2884950   15.76132   32  175          -   15.00000      -  66.2 1965s
 7288138 2885607   17.91766   46  174          -   15.00000      -  66.3 1970s
 7300202 2886297     cutoff   53               -   15.00000      -  66.4 1975s
 7312791 2887600   17.20000   32   65          -   15.00000      -  66.4 1980s
 7327028 2889296   17.28201   69  169          -   15.00000      -  66.4 1985s
 7341660 2891431 infeasible   43               -   15.00000      -  66.5 1990s
 7356826 2894057   16.88889   51  104          -   15.00000      -  66.5 1995s
 7373655 2896851     cutoff   43               -   15.00000      -  66.5 2000s
 7388454 2899599   16.89032   73  137          -   15.00000      -  66.6 2005s
 7403380 2902312   18.61665   58  129          -   15.00000      -  66.6 2010s
 7420919 2906131   16.95769   29  184          -   15.00000      -  66.6 2015s
 7438817 2909741   18.29412   46  137          -   15.00000      -  66.7 2020s
 7453027 2912867   16.15260   50  155          -   15.00000      -  66.7 2025s
 7470066 2916838   18.37544   50  161          -   15.00000      -  66.7 2030s
 7487698 2921104   17.00000   58   61          -   15.00000      -  66.7 2035s
 7502365 2924957   16.21148   46  211          -   15.00000      -  66.7 2040s
 7517755 2928910   18.54463   52  207          -   15.00000      -  66.7 2045s
 7534590 2933884   15.70944   32  214          -   15.00211      -  66.8 2050s
 7548364 2938348   15.39308   34  196          -   15.00652      -  66.8 2055s
 7566046 2943819   16.16648   39  164          -   15.01194      -  66.8 2060s
 7583228 2949479   17.65878   55  145          -   15.01709      -  66.8 2065s
 7603069 2955546   16.64045   52  217          -   15.02260      -  66.8 2070s
 7620413 2961069   16.33638   45  252          -   15.02762      -  66.8 2075s
 7638251 2966687   16.16588   40  186          -   15.03196      -  66.8 2080s
 7654766 2972108   18.28757   30  209          -   15.03600      -  66.8 2085s
 7672239 2978012   15.69944   29  215          -   15.04054      -  66.8 2090s
 7687814 2982270 infeasible   46               -   15.04392      -  66.8 2095s
 7703846 2987463   16.50710   41  209          -   15.04800      -  66.8 2100s
 7721921 2993063   15.66757   75  186          -   15.05244      -  66.8 2105s
 7739739 2998625   16.41430   35  129          -   15.05623      -  66.9 2110s
 7756757 3003843   16.57398   41  233          -   15.06044      -  66.9 2115s
 7773460 3009144   17.07290   42  197          -   15.06383      -  66.9 2120s
 7790900 3014457   16.34167   57  102          -   15.06757      -  66.9 2125s
 7807942 3019611   17.00000   45    9          -   15.07143      -  66.9 2130s
 7824779 3025083   17.52880   40  212          -   15.07490      -  66.9 2135s
 7842347 3030349   15.43987   32  200          -   15.07875      -  66.9 2140s
 7860854 3035775   17.97425   47  214          -   15.08265      -  66.9 2145s
 7875963 3040040   15.65805   30  180          -   15.08500      -  66.9 2150s
 7893403 3045178   16.79198   49  145          -   15.08873      -  66.9 2155s
 7911137 3050030   16.52381   36  160          -   15.09201      -  66.9 2160s
 7928903 3055512   17.26000   48  140          -   15.09591      -  67.0 2165s
 7948645 3061002   16.25000   36   66          -   15.10000      -  67.0 2170s
 7966442 3066361   15.83459   38  207          -   15.10269      -  67.0 2175s
 7983302 3071282   15.65293   62  147          -   15.10619      -  67.0 2180s
 8000985 3076278   19.00000   45    1          -   15.11021      -  67.0 2185s
 8018611 3080885   15.92845   35  185          -   15.11278      -  67.0 2190s
 8035983 3086156   15.61628   35  136          -   15.11628      -  67.0 2195s
 8053286 3091106     cutoff   56               -   15.11993      -  67.1 2200s
 8070760 3096316   17.06810   37  184          -   15.12360      -  67.1 2205s
 8085910 3100159   17.59329   29  206          -   15.12500      -  67.1 2210s
 8103777 3105204     cutoff   44               -   15.12863      -  67.1 2215s
 8123226 3111175   16.27453   40  231          -   15.13235      -  67.1 2220s
 8141515 3116746   17.13460   42  150          -   15.13568      -  67.1 2225s
 8158446 3121542   17.47907   55  181          -   15.13889      -  67.1 2230s
 8175711 3126301   15.73935   46  202          -   15.14269      -  67.1 2235s
 8193553 3130956   15.93009   43  158          -   15.14388      -  67.1 2240s
 8213199 3136806   16.16217   45  178          -   15.14798      -  67.2 2245s
 8229946 3141667   15.37459   38  208          -   15.15094      -  67.2 2250s
 8247722 3146594   15.65263   56  214          -   15.15442      -  67.2 2255s
 8264525 3151381   16.50993   54  143          -   15.15789      -  67.2 2260s
 8280984 3156131   17.55516   34  186          -   15.16096      -  67.2 2265s
 8299614 3161005   15.82112   37  210          -   15.16456      -  67.2 2270s
 8316529 3164434   16.27723   46  198          -   15.16667      -  67.2 2275s
 8332687 3168330   17.00468   65  191          -   15.16667      -  67.3 2280s
 8350365 3173619   15.48062   58  122          -   15.17000      -  67.3 2285s
 8367859 3178493   17.24897   39  241          -   15.17352      -  67.3 2290s
 8382610 3182465 infeasible   51               -   15.17647      -  67.3 2295s
 8402464 3187959   15.67095   50  188          -   15.18049      -  67.3 2300s
 8419652 3192364   18.68326   56  187          -   15.18333      -  67.3 2305s
 8439458 3197706   15.35346   54  216          -   15.18723      -  67.3 2310s
 8453971 3201947   16.99854   54  206          -   15.18954      -  67.4 2315s
 8473665 3207347   16.43435   45  186          -   15.19355      -  67.4 2320s
 8488707 3211550   16.78695   53  182          -   15.19643      -  67.4 2325s
 8505618 3215563     cutoff   44               -   15.20000      -  67.4 2330s
 8523203 3219124   18.35011   36  192          -   15.20000      -  67.4 2335s
 8537354 3222753   16.90704   38  186          -   15.20161      -  67.4 2340s
 8554402 3227380   16.37984   35  238          -   15.20532      -  67.4 2345s
 8571666 3232228     cutoff   40               -   15.20855      -  67.5 2350s
 8588851 3236737   17.14050   45  211          -   15.21190      -  67.5 2355s
 8602708 3240505   15.83251   33  191          -   15.21429      -  67.5 2360s
 8619605 3245055   18.13615   58  166          -   15.21720      -  67.5 2365s
 8636747 3249717   16.85174   51  189          -   15.22071      -  67.5 2370s
 8650955 3252907   15.47435   45  155          -   15.22222      -  67.5 2375s
 8667934 3257749   17.49503   38  211          -   15.22559      -  67.6 2380s
 8687211 3263088   18.06780   45   89          -   15.22925      -  67.6 2385s
 8702974 3266957   17.93619   38  221          -   15.23164      -  67.6 2390s
 8719745 3271387   16.33984   39  206          -   15.23474      -  67.6 2395s
 8734389 3275247   15.84211   36  188          -   15.23729      -  67.6 2400s
 8749104 3279053   16.97361   54  172          -   15.24000      -  67.6 2405s
 8766551 3283610   15.50000   48   26          -   15.24310      -  67.6 2410s
 8782330 3287500   15.59630   38  163          -   15.24602      -  67.6 2415s
 8798989 3291379   16.43558   28  235          -   15.25000      -  67.7 2420s
 8815037 3293956   17.63112   42  175          -   15.25000      -  67.7 2425s
 8830449 3297006   16.24470   26  176          -   15.25000      -  67.7 2430s
 8848408 3301043 infeasible   49               -   15.25000      -  67.7 2435s
 8864866 3305286   18.03397   54  176          -   15.25234      -  67.8 2440s
 8880271 3309374     cutoff   37               -   15.25555      -  67.8 2445s
 8895279 3313438   15.75125   57  183          -   15.25827      -  67.8 2450s
 8912891 3318126   15.63968   40  155          -   15.26122      -  67.8 2455s
 8929672 3322713   17.08607   30  153          -   15.26410      -  67.8 2460s
 8946259 3326946   18.10078   34  200          -   15.26684      -  67.8 2465s
 8963126 3331291   16.78582   34  167          -   15.26996      -  67.8 2470s
 8977661 3334829   16.86518   43  188          -   15.27273      -  67.8 2475s
 8995454 3339498   16.56907   49  209          -   15.27536      -  67.9 2480s
 9012605 3343956   18.24068   44  181          -   15.27820      -  67.9 2485s
 9027692 3347979   16.46151   39  233          -   15.28102      -  67.9 2490s
 9042961 3351624   17.06162   38  187          -   15.28392      -  67.9 2495s
 9059855 3354940   16.75183   31  210          -   15.28571      -  67.9 2500s
 9077321 3359365     cutoff   62               -   15.28788      -  67.9 2505s
 9092263 3363431     cutoff   56               -   15.29065      -  67.9 2510s
 9109721 3367823   15.93109   38  228          -   15.29369      -  68.0 2515s
 9127615 3372299   15.75900   53  217          -   15.29654      -  68.0 2520s
 9144029 3376087   17.90704   56  149          -   15.30000      -  68.0 2525s
 9158619 3379620     cutoff   45               -   15.30080      -  68.0 2530s
 9173645 3383652   16.25352   41  109          -   15.30357      -  68.0 2535s
 9188753 3387484   17.61225   53  191          -   15.30612      -  68.0 2540s
 9206126 3391807   15.54664   32  155          -   15.30860      -  68.1 2545s
 9220663 3395452   16.63460   42  219          -   15.31111      -  68.1 2550s
 9237608 3399774   17.77304   38  183          -   15.31373      -  68.1 2555s
 9252706 3403562   17.19405   48  189          -   15.31614      -  68.1 2560s
 9269968 3407988 infeasible   63               -   15.31915      -  68.1 2565s
 9287020 3412356   17.32203   48  203          -   15.32215      -  68.1 2570s
 9301068 3415777   19.03017   40  159          -   15.32468      -  68.1 2575s
 9317839 3419838   16.93269   35  191          -   15.32780      -  68.2 2580s
 9335327 3424350   16.85298   45  175          -   15.33091      -  68.2 2585s
 9349089 3426238   18.72374   34  136          -   15.33333      -  68.2 2590s
 9359879 3427238   18.36324   54  171          -   15.33333      -  68.2 2595s
 9373059 3428808     cutoff   63               -   15.33333      -  68.2 2600s
 9388394 3431241   18.20238   66  155          -   15.33333      -  68.3 2605s
 9405464 3434719     cutoff   49               -   15.33333      -  68.3 2610s
 9420388 3438260   18.42559   59  178          -   15.33333      -  68.3 2615s
 9436981 3442264   16.13164   33  177          -   15.33543      -  68.3 2620s
 9454006 3446585   16.14644   38  195          -   15.33884      -  68.3 2625s
 9471883 3451309   17.32127   42  192          -   15.34211      -  68.3 2630s
 9486817 3455158   16.54438   37  180          -   15.34483      -  68.4 2635s
 9504277 3459359   16.50000   45   25          -   15.34770      -  68.4 2640s
 9519272 3462957   16.28835   48  213          -   15.35000      -  68.4 2645s
 9536416 3466918   15.53947   41  180          -   15.35275      -  68.4 2650s
 9550900 3470630   18.50000   47   19          -   15.35487      -  68.4 2655s
 9568657 3474726   19.00000   44    8          -   15.35736      -  68.4 2660s
 9583942 3478390   17.49254   38  200          -   15.36000      -  68.4 2665s
 9598532 3482168   15.96575   45  178          -   15.36271      -  68.5 2670s
 9614969 3485883   18.50000   59   18          -   15.36461      -  68.5 2675s
 9630102 3489666   17.22565   47  200          -   15.36735      -  68.5 2680s
 9646937 3493578   17.22083   50  120          -   15.37035      -  68.5 2685s
 9663884 3497566 infeasible   63               -   15.37333      -  68.5 2690s
 9678663 3500474   17.30233   50   91          -   15.37500      -  68.5 2695s
 9696344 3504430   16.58944   47  160          -   15.37607      -  68.6 2700s
 9710163 3508029   18.84352   45  190          -   15.37877      -  68.6 2705s
 9726824 3512059   16.49411   41  231          -   15.38136      -  68.6 2710s
 9732246 3512803   17.74655   43  183          -   15.38265      -  68.6 2715s
 9737502 3514428   16.22955   32  179          -   15.38333      -  68.6 2720s
 9747012 3516968   17.92193   50  145          -   15.38462      -  68.6 2725s
 9754718 3518843     cutoff   47               -   15.38545      -  68.6 2730s
 9767055 3521858   16.20406   59  187          -   15.38776      -  68.6 2735s
 9777445 3524258   16.40758   34  211          -   15.38914      -  68.6 2740s
 9792933 3527846 infeasible   62               -   15.39200      -  68.6 2745s
 9809022 3531679   17.21471   57  180          -   15.39508      -  68.7 2750s
 9823811 3535351   15.90311   42  200          -   15.39773      -  68.7 2755s
 9837278 3537682 infeasible   33               -   15.40000      -  68.7 2760s
 9854322 3540516   17.10680   39  121          -   15.40000      -  68.7 2765s
 9871995 3544257   18.79432   42  212          -   15.40023      -  68.7 2770s
 9886083 3547750   16.34232   43  240          -   15.40310      -  68.7 2775s
 9902908 3551434   19.00000   50    1          -   15.40585      -  68.8 2780s
 9919242 3555758   18.83214   40  149          -   15.40860      -  68.8 2785s
 9934081 3559414     cutoff   65               -   15.41096      -  68.8 2790s
 9951011 3563529   16.75420   25  146          -   15.41345      -  68.8 2795s
 9968101 3567340   16.37974   54  204          -   15.41667      -  68.8 2800s
 9982878 3570729   16.51672   62  167          -   15.41791      -  68.8 2805s
 9999781 3574971   16.64286   54   77          -   15.42105      -  68.8 2810s
 10017818 3579212   17.19974   56  208          -   15.42353      -  68.9 2815s
 10031907 3582843   18.68459   44  180          -   15.42593      -  68.9 2820s
 10048929 3586405   19.00000   57    1          -   15.42857      -  68.9 2825s
 10063924 3589485   17.75196   47  197          -   15.42857      -  68.9 2830s
 10079968 3593409 infeasible   77               -   15.43167      -  68.9 2835s
 10097832 3597826   15.98863   47  194          -   15.43434      -  68.9 2840s
 10112157 3601277   16.13015   46  233          -   15.43681      -  68.9 2845s
 10129433 3605278   17.60619   54  131          -   15.43916      -  69.0 2850s
 10145741 3609267   17.46216   44  118          -   15.44186      -  69.0 2855s
 10159763 3612286 infeasible   63               -   15.44444      -  69.0 2860s
 10176228 3616077     cutoff   60               -   15.44545      -  69.0 2865s
 10190344 3619305   16.24067   39  213          -   15.44785      -  69.0 2870s
 10205954 3622885   17.36044   53  225          -   15.45000      -  69.0 2875s
 10222832 3626966   17.38432   42  169          -   15.45306      -  69.0 2880s
 10238102 3630017 infeasible   42               -   15.45455      -  69.1 2885s
 10252834 3633699   15.92163   56  166          -   15.45714      -  69.1 2890s
 10267497 3636976   15.85585   41  203          -   15.45935      -  69.1 2895s
 10270632 3637116     cutoff   49               -   15.46012      -  69.1 2900s
 10271342 3637337   19.00000   48    1          -   15.46045      -  69.1 2905s
 10273569 3637958   16.88455   42  170          -   15.46079      -  69.1 2911s
 10276492 3638657   16.52685   59  198          -   15.46119      -  69.1 2916s
 10280673 3640084     cutoff   62               -   15.46154      -  69.1 2921s
 10292802 3642345     cutoff   68               -   15.46272      -  69.1 2925s
 10308819 3645825   15.94706   39  170          -   15.46642      -  69.1 2930s
 10326323 3649838   18.35416   49  201          -   15.46870      -  69.1 2935s
 10341022 3653047   15.79185   36  163          -   15.47061      -  69.1 2940s
 10355147 3656336   15.85277   39  200          -   15.47315      -  69.2 2945s
 10370555 3659764   16.19026   42  152          -   15.47550      -  69.2 2950s
 10384832 3663009   15.68060   42  158          -   15.47785      -  69.2 2955s
 10402474 3667239   18.57617   51  212          -   15.48065      -  69.2 2960s
 10417336 3670709   16.99713   47  190          -   15.48286      -  69.2 2965s
 10432450 3674308   15.84257   51  202          -   15.48521      -  69.2 2970s
 10450249 3678736   16.86366   61  175          -   15.48807      -  69.2 2975s
 10464860 3682274   16.13273   38  195          -   15.49057      -  69.3 2980s
 10479894 3685535   16.33113   42  218          -   15.49328      -  69.3 2985s
 10495174 3689305   16.25095   52  173          -   15.49602      -  69.3 2990s
 10509679 3692712 infeasible   43               -   15.49919      -  69.3 2995s
 10525046 3693149 infeasible   54               -   15.50000      -  69.3 3000s
 10536521 3693711 infeasible   49               -   15.50000      -  69.4 3005s
 10548976 3694195   16.18182   35   91          -   15.50000      -  69.4 3010s
 10563411 3695150 infeasible   47               -   15.50000      -  69.4 3015s
 10576131 3696091   17.79855   46  176          -   15.50000      -  69.4 3020s
 10590472 3697573   18.00000   52   14          -   15.50000      -  69.5 3025s
 10605943 3699503   16.44887   47  227          -   15.50000      -  69.5 3030s
 10617956 3700996   18.16248   37  207          -   15.50000      -  69.5 3035s
 10633130 3703016     cutoff   50               -   15.50000      -  69.5 3040s
 10647506 3705184   18.00000   61   79          -   15.50000      -  69.5 3045s
 10662703 3707720   15.79907   42  123          -   15.50000      -  69.6 3050s
 10679947 3710957   16.50000   40  160          -   15.50000      -  69.6 3055s
 10697054 3714103   17.17069   64  172          -   15.50000      -  69.6 3060s
 10711399 3716920   16.36925   69  170          -   15.50000      -  69.6 3065s
 10730390 3721073   15.90898   34  215          -   15.50080      -  69.6 3070s
 10746771 3724811   17.39464   67  166          -   15.50384      -  69.6 3075s
 10761440 3728211   16.41050   35  182          -   15.50651      -  69.6 3080s
 10775840 3731366   17.94419   37  183          -   15.50926      -  69.7 3085s
 10791006 3734855   15.69309   44  210          -   15.51212      -  69.7 3090s
 10806199 3738057     cutoff   45               -   15.51476      -  69.7 3095s
 10823892 3741656   16.22692   46  190          -   15.51754      -  69.7 3100s
 10838822 3745049   16.07875   48  199          -   15.52000      -  69.7 3105s
 10853975 3748378   16.51430   42  194          -   15.52252      -  69.7 3110s
 10870770 3752088   16.14533   38  177          -   15.52513      -  69.7 3115s
 10885833 3755303   19.50000   60   29          -   15.52752      -  69.7 3120s
 10902978 3759058     cutoff   55               -   15.53019      -  69.7 3125s
 10919455 3762411   16.30160   38  199          -   15.53292      -  69.8 3130s
 10935232 3766132   15.78428   40  162          -   15.53521      -  69.8 3135s
 10952080 3769982     cutoff   51               -   15.53796      -  69.8 3140s
 10966231 3773096   17.27903   42  206          -   15.53973      -  69.8 3145s
 10983894 3776629   17.32585   41  168          -   15.54237      -  69.8 3150s
 10999116 3780227   15.85930   40  184          -   15.54506      -  69.8 3155s
 11013951 3783447   15.98562   35  196          -   15.54637      -  69.8 3160s
 11031166 3787615   15.68274   44  226          -   15.54936      -  69.8 3165s
 11046040 3790908 infeasible   47               -   15.55164      -  69.8 3170s
 11063256 3795018   16.29633   41  188          -   15.55449      -  69.9 3175s
 11080909 3798290   16.20341   35  197          -   15.55556      -  69.9 3180s
 11095457 3801341   16.78810   51  219          -   15.55795      -  69.9 3185s
 11110579 3804761   16.13730   41  214          -   15.56024      -  69.9 3190s
 11127545 3808323 infeasible   58               -   15.56250      -  69.9 3195s
 11142240 3811600     cutoff   64               -   15.56519      -  69.9 3200s
 11159251 3815584   17.39984   48  203          -   15.56790      -  69.9 3205s
 11173978 3818760   16.26643   47  207          -   15.57030      -  69.9 3210s
 11188991 3821130   18.78847   40  216          -   15.57143      -  70.0 3215s
 11206183 3824872 infeasible   48               -   15.57276      -  70.0 3220s
 11220396 3828160   16.60628   38  137          -   15.57522      -  70.0 3225s
 11236448 3831852   18.34392   52  176          -   15.57778      -  70.0 3230s
 11251134 3834862 infeasible   61               -   15.57991      -  70.0 3235s
 11266173 3838479   18.23149   37  163          -   15.58234      -  70.0 3240s
 11282882 3841679   18.43369   47  189          -   15.58362      -  70.0 3245s
 11297312 3845056   16.00000   48   46          -   15.58621      -  70.0 3250s
 11310139 3847746   18.06216   36  211          -   15.58818      -  70.0 3255s
 11327294 3851581   17.51685   61  128          -   15.59061      -  70.1 3260s
 11342218 3854898   17.01099   33  136          -   15.59265      -  70.1 3265s
 11356485 3857996     cutoff   49               -   15.59494      -  70.1 3270s
 11371543 3861365   16.86418   35  168          -   15.59750      -  70.1 3275s
 11387737 3863666     cutoff   62               -   15.60000      -  70.1 3280s
 11401110 3865333 infeasible   39               -   15.60000      -  70.1 3285s
 11418527 3868517 infeasible   57               -   15.60000      -  70.1 3290s
 11433102 3871736   16.83273   41  180          -   15.60185      -  70.1 3295s
 11447861 3875129   16.10200   46  206          -   15.60423      -  70.1 3300s
 11465254 3879195   16.43882   41  205          -   15.60714      -  70.2 3305s
 11480743 3882409   18.38431   56  204          -   15.60927      -  70.2 3310s
 11498126 3886229 infeasible   59               -   15.61152      -  70.2 3315s
 11512626 3889604   16.44853   44  164          -   15.61387      -  70.2 3320s
 11527170 3892686   18.99767   56  220          -   15.61541      -  70.2 3325s
 11543455 3896391   16.44842   32  196          -   15.61818      -  70.2 3330s
 11558558 3899538   16.80274   33  194          -   15.62042      -  70.2 3335s
 11573606 3902673     cutoff   35               -   15.62268      -  70.2 3340s
 11590119 3905335   17.23529   35  126          -   15.62500      -  70.2 3345s
 11604405 3908005 infeasible   42               -   15.62500      -  70.3 3350s
 11618726 3911041   16.43370   39  197          -   15.62713      -  70.3 3355s
 11635816 3914693 infeasible   52               -   15.62963      -  70.3 3360s
 11650491 3917741     cutoff   55               -   15.63183      -  70.3 3365s
 11665555 3920889   18.28073   37  169          -   15.63415      -  70.3 3370s
 11680469 3923598 infeasible   51               -   15.63636      -  70.3 3375s
 11696091 3926769   16.82607   35  180          -   15.63770      -  70.3 3380s
 11712978 3930378   16.54558   45  212          -   15.64035      -  70.3 3385s
 11728241 3933317   18.50000   43  109          -   15.64286      -  70.3 3390s
 11743343 3936458     cutoff   54               -   15.64439      -  70.4 3395s
 11757668 3939473     cutoff   63               -   15.64662      -  70.4 3400s
 11772407 3942789 infeasible   44               -   15.64865      -  70.4 3405s
 11787137 3945887   17.95923   51  204          -   15.65070      -  70.4 3410s
 11804795 3949649   18.33401   58  194          -   15.65347      -  70.4 3415s
 11819451 3952744   17.34615   46  129          -   15.65538      -  70.4 3420s
 11833718 3956075 infeasible   59               -   15.65779      -  70.4 3425s
 11851626 3959966 infeasible   59               -   15.66071      -  70.4 3430s
 11866699 3963277   17.39111   48  159          -   15.66316      -  70.4 3435s
 11881393 3966466   16.77165   43  196          -   15.66603      -  70.4 3440s
 11892075 3966418     cutoff   65               -   15.66667      -  70.5 3445s
 11907789 3967143   17.64865   67   96          -   15.66667      -  70.5 3450s
 11919510 3968059   18.27778   37   84          -   15.66667      -  70.5 3455s
 11935306 3969792   16.33333   50   86          -   15.66667      -  70.5 3460s
 11952278 3972135     cutoff   46               -   15.66667      -  70.6 3465s
 11965748 3974407   16.75549   46  163          -   15.66667      -  70.6 3470s
 11982642 3977288   16.74242   41  104          -   15.66667      -  70.6 3475s
 11997296 3980183   15.89789   40  208          -   15.66673      -  70.6 3480s
 12011622 3983601   17.42476   30  168          -   15.66964      -  70.6 3485s
 12028177 3987313   17.05932   38  171          -   15.67235      -  70.6 3490s
 12045965 3990858   16.00000   51   12          -   15.67500      -  70.6 3495s
 12058563 3993462   16.88050   34  114          -   15.67692      -  70.6 3500s
 12076127 3997083   16.37732   42  167          -   15.67937      -  70.6 3505s
 12090668 3999972     cutoff   58               -   15.68149      -  70.6 3510s
 12107273 4003374   17.28261   61   97          -   15.68399      -  70.7 3515s
 12122042 4006683   16.92856   34  210          -   15.68599      -  70.7 3520s
 12137672 4009914   16.08896   43  177          -   15.68760      -  70.7 3525s
 12154912 4013463   18.60602   41  228          -   15.69036      -  70.7 3530s
 12167291 4015609   16.53520   45  212          -   15.69231      -  70.7 3535s
 12182315 4018799 infeasible   55               -   15.69392      -  70.7 3540s
 12199264 4022397   16.73360   31  254          -   15.69650      -  70.7 3545s
 12212819 4025249     cutoff   47               -   15.69857      -  70.7 3550s
 12226791 4027532   16.03153   38  153          -   15.70000      -  70.7 3555s
 12244040 4031131   16.37138   39  205          -   15.70157      -  70.7 3560s
 12260704 4034485   16.35473   37  236          -   15.70403      -  70.8 3565s
 12275311 4037249   16.67416   41  173          -   15.70588      -  70.8 3570s
 12292247 4040659     cutoff   51               -   15.70833      -  70.8 3575s
 12307568 4043871 infeasible   44               -   15.71053      -  70.8 3580s
 12322767 4047117     cutoff   45               -   15.71283      -  70.8 3585s
 12338782 4049470   17.36038   44  207          -   15.71429      -  70.8 3590s
 12354161 4052386   17.88708   43  222          -   15.71429      -  70.8 3595s
 12370991 4056167   16.36299   41  147          -   15.71732      -  70.8 3600s
 12388451 4059624     cutoff   54               -   15.72000      -  70.8 3605s
 12402805 4062791     cutoff   63               -   15.72200      -  70.8 3610s
 12419918 4066550   16.55714   40  195          -   15.72414      -  70.9 3615s
 12435085 4069458   16.03490   62  203          -   15.72619      -  70.9 3620s
 12449570 4072065   16.75604   60  181          -   15.72727      -  70.9 3625s
 12463645 4075171   16.55105   41  184          -   15.72954      -  70.9 3630s
 12480342 4078633   17.44992   36  213          -   15.73203      -  70.9 3635s
 12495575 4081438   17.31284   40  180          -   15.73357      -  70.9 3640s
 12510326 4084453   18.62317   45  208          -   15.73585      -  70.9 3645s
 12527500 4087917   18.15808   46  208          -   15.73810      -  70.9 3650s
 12542985 4090841   18.73664   64  155          -   15.74030      -  70.9 3655s
 12557603 4093771 infeasible   48               -   15.74242      -  70.9 3660s
 12574413 4097111   16.09706   40  216          -   15.74493      -  71.0 3665s
 12589059 4100057   18.50000   49   18          -   15.74749      -  71.0 3670s
 12603364 4102198 infeasible   65               -   15.75000      -  71.0 3675s
 12616841 4102846 infeasible   50               -   15.75000      -  71.0 3680s
 12629903 4104108   18.38065   40  176          -   15.75000      -  71.0 3685s
 12644945 4105949   18.46725   72  196          -   15.75000      -  71.0 3690s
 12660897 4108148   16.13351   48  172          -   15.75000      -  71.0 3695s
 12675889 4110795   16.39786   57  142          -   15.75000      -  71.1 3700s
 12691177 4113779     cutoff   68               -   15.75023      -  71.1 3705s
 12707309 4117314   17.86312   32  164          -   15.75321      -  71.1 3710s
 12721527 4120343   16.82093   38  200          -   15.75543      -  71.1 3715s
 12736710 4123486   17.21220   43  170          -   15.75758      -  71.1 3720s
 12751173 4126328   17.02493   41  200          -   15.75962      -  71.1 3725s
 12768195 4129555     cutoff   41               -   15.76190      -  71.1 3730s
 12783054 4132404 infeasible   54               -   15.76389      -  71.1 3735s
 12797582 4135305   16.85935   52  178          -   15.76571      -  71.1 3740s
 12812100 4138269   16.54893   49  181          -   15.76786      -  71.1 3745s
 12829352 4141521   16.21293   44  197          -   15.76980      -  71.2 3750s
 12844574 4144521   16.49725   39  201          -   15.77182      -  71.2 3755s
 12859074 4147289   17.97317   53  188          -   15.77371      -  71.2 3760s
 12873723 4150288     cutoff   61               -   15.77586      -  71.2 3765s
 12890769 4153107   18.50000   55   24          -   15.77778      -  71.2 3770s
 12905512 4156002     cutoff   40               -   15.77859      -  71.2 3775s
 12920931 4159061   16.94133   39  218          -   15.78089      -  71.2 3780s
 12935333 4161728 infeasible   63               -   15.78281      -  71.2 3785s
 12952571 4165232   17.28536   40  231          -   15.78543      -  71.2 3790s
 12967073 4167968   17.75646   47  153          -   15.78635      -  71.2 3795s
 12981261 4170940     cutoff   59               -   15.78857      -  71.2 3800s
 12996766 4173990   16.87438   40  211          -   15.79053      -  71.3 3805s
 13013574 4177476   16.20066   53  193          -   15.79294      -  71.3 3810s
 13028068 4180468   17.31989   36  171          -   15.79487      -  71.3 3815s
 13042637 4183464   18.20947   53  211          -   15.79693      -  71.3 3820s
 13060046 4186607   18.58221   68  193          -   15.79993      -  71.3 3825s
 13072193 4187449     cutoff   36               -   15.80000      -  71.3 3830s
 13087674 4189275 infeasible   42               -   15.80000      -  71.3 3835s
 13102720 4191901   18.75000   63   35          -   15.80000      -  71.3 3840s
 13119910 4195467   16.48357   48  202          -   15.80218      -  71.3 3845s
 13134746 4198444   17.37365   41  152          -   15.80442      -  71.4 3850s
 13149569 4201207   18.23132   65  170          -   15.80645      -  71.4 3855s
 13167114 4204706 infeasible   51               -   15.80894      -  71.4 3860s
 13181912 4207433   17.68371   37  199          -   15.81081      -  71.4 3865s
 13195966 4210070     cutoff   59               -   15.81250      -  71.4 3870s
 13213297 4213383   17.82773   49  214          -   15.81481      -  71.4 3875s
 13227637 4216307   16.76437   37  194          -   15.81694      -  71.4 3880s
 13242052 4218522     cutoff   46               -   15.81818      -  71.4 3885s
 13259343 4221787 infeasible   53               -   15.82049      -  71.4 3890s
 13274683 4224568     cutoff   57               -   15.82245      -  71.4 3895s
 13289754 4227317     cutoff   53               -   15.82418      -  71.4 3900s
 13306901 4230745   16.04786   64  197          -   15.82645      -  71.5 3905s
 13321741 4233715 infeasible   53               -   15.82857      -  71.5 3910s
 13336119 4236561   16.68030   47  169          -   15.83072      -  71.5 3915s
 13351017 4239349   17.57007   60  179          -   15.83322      -  71.5 3920s
 13364908 4240559   17.77028   44  165          -   15.83333      -  71.5 3925s
 13380604 4242550     cutoff   53               -   15.83333      -  71.5 3930s
 13394850 4245160 infeasible   69               -   15.83333      -  71.5 3935s
 13409434 4248203   17.69531   39  137          -   15.83505      -  71.5 3940s
 13426875 4251485   17.99295   35  188          -   15.83766      -  71.5 3945s
 13441353 4254275   17.25306   45  161          -   15.83955      -  71.5 3950s
 13456155 4257086   16.10498   42  199          -   15.84171      -  71.5 3955s
 13470958 4259678   16.51034   34  151          -   15.84348      -  71.6 3960s
 13488186 4263211 infeasible   62               -   15.84591      -  71.6 3965s
 13502777 4265931 infeasible   61               -   15.84722      -  71.6 3970s
 13517430 4268838   18.52868   45  148          -   15.84928      -  71.6 3975s
 13535161 4272093   17.44311   58  133          -   15.85152      -  71.6 3980s
 13549518 4275155   16.88820   39  191          -   15.85336      -  71.6 3985s
 13564076 4278000 infeasible   48               -   15.85552      -  71.6 3990s
 13578325 4279551   16.37266   71  224          -   15.85714      -  71.6 3995s
 13594273 4281876   16.95533   38  204          -   15.85714      -  71.6 4000s
 13608375 4284741   18.30790   61  209          -   15.85879      -  71.6 4005s
 13625005 4287966   16.67554   58  167          -   15.86111      -  71.7 4010s
 13640701 4290876 infeasible   61               -   15.86319      -  71.7 4015s
 13655014 4293597   17.63782   48  196          -   15.86486      -  71.7 4020s
 13670069 4296086     cutoff   41               -   15.86667      -  71.7 4025s
 13687314 4299343   16.76459   42  217          -   15.86885      -  71.7 4030s
 13703736 4302587   18.63584   61  135          -   15.87105      -  71.7 4035s
 13718951 4305628   18.11720   42  176          -   15.87324      -  71.7 4040s
 13733273 4307480   18.33333   51   55          -   15.87500      -  71.7 4045s
 13749439 4309628   16.31391   54  139          -   15.87500      -  71.7 4050s
 13764073 4312643   17.18464   44  199          -   15.87658      -  71.7 4055s
 13781159 4315929 infeasible   60               -   15.87903      -  71.8 4060s
 13795938 4318825     cutoff   42               -   15.88095      -  71.8 4065s
 13813268 4321986     cutoff   60               -   15.88312      -  71.8 4070s
 13830046 4325042 infeasible   44               -   15.88521      -  71.8 4075s
 13844603 4327997     cutoff   46               -   15.88717      -  71.8 4080s
 13863994 4330897   17.00000   73   10          -   15.88889      -  71.8 4085s
 13881439 4334174 infeasible   56               -   15.89000      -  71.8 4090s
 13898616 4337573 infeasible   56               -   15.89247      -  71.8 4095s
 13915782 4340643     cutoff   47               -   15.89474      -  71.8 4100s
 13932850 4344001     cutoff   46               -   15.89661      -  71.8 4105s
 13949575 4347276   18.08504   44  158          -   15.89916      -  71.8 4110s
 13969159 4349905   16.63132   44  158          -   15.90000      -  71.9 4115s
 13988424 4353932   18.03226   37  136          -   15.90244      -  71.9 4120s
 14007446 4357571   17.02487   45  147          -   15.90476      -  71.9 4125s
 14024186 4360823   18.47009   46  206          -   15.90686      -  71.9 4130s
 14038903 4363150   17.33417   51  185          -   15.90902      -  71.9 4135s
 14052897 4365605   17.08935   45  208          -   15.90963      -  71.9 4140s
 14067935 4368464     cutoff   72               -   15.91176      -  71.9 4145s
 14082763 4371118   16.41534   34  218          -   15.91361      -  71.9 4150s
 14095200 4373463   17.56605   32  187          -   15.91538      -  71.9 4155s
 14109800 4375434   17.91651   34  225          -   15.91667      -  71.9 4160s
 14127749 4378774   17.63462   36   91          -   15.91837      -  72.0 4165s
 14142310 4381416     cutoff   55               -   15.92012      -  72.0 4170s
 14156881 4384222     cutoff   61               -   15.92221      -  72.0 4175s
 14171670 4386747 infeasible   57               -   15.92334      -  72.0 4180s
 14186457 4389627 infeasible   45               -   15.92552      -  72.0 4185s
 14200915 4392372   17.62014   37  178          -   15.92741      -  72.0 4190s
 14218529 4395103   16.73348   41  224          -   15.92880      -  72.0 4195s
 14233674 4398034   17.22631   32  169          -   15.93098      -  72.0 4200s
 14245347 4400245   17.03052   42  194          -   15.93243      -  72.0 4205s
 14260423 4402597   18.53940   39  228          -   15.93387      -  72.0 4210s
 14275160 4405112   16.50000   45   25          -   15.93592      -  72.0 4215s
 14288942 4407408 infeasible   62               -   15.93750      -  72.0 4220s
 14306732 4410812   16.28020   33  233          -   15.93960      -  72.1 4225s
 14321273 4413301   17.34750   44  204          -   15.94118      -  72.1 4230s
 14338986 4416619     cutoff   60               -   15.94357      -  72.1 4235s
 14353490 4419250   17.69841   58  142          -   15.94500      -  72.1 4240s
 14368492 4421972   18.09083   54  194          -   15.94690      -  72.1 4245s
 14383651 4424568   16.77787   32  195          -   15.94872      -  72.1 4250s
 14398289 4427195   16.09677   38  120          -   15.95000      -  72.1 4255s
 14414762 4429928 infeasible   67               -   15.95238      -  72.1 4260s
 14429454 4432433   17.04351   36  225          -   15.95408      -  72.1 4265s
 14444108 4435014   17.29142   51  196          -   15.95588      -  72.1 4270s
 14460497 4437934   16.26948   40  138          -   15.95789      -  72.1 4275s
 14475486 4440436     cutoff   65               -   15.95964      -  72.2 4280s
 14490508 4443116     cutoff   52               -   15.96154      -  72.2 4285s
 14504937 4445734   16.52919   32  224          -   15.96319      -  72.2 4290s
 14519982 4448409   18.24607   35  189          -   15.96512      -  72.2 4295s
 14536927 4451534   18.63418   45  163          -   15.96720      -  72.2 4300s
 14551600 4454367   17.86349   38  211          -   15.96914      -  72.2 4305s
 14568149 4457327   16.24982   54  163          -   15.97116      -  72.2 4310s
 14585053 4460446   17.22194   50  198          -   15.97337      -  72.2 4315s
 14597823 4462696   18.87500   68   86          -   15.97500      -  72.2 4320s
 14611917 4465407   18.11742   61  141          -   15.97694      -  72.2 4325s
 14630151 4468786   17.54015   42  180          -   15.97917      -  72.2 4330s
 14644512 4471397   16.50000   52   24          -   15.98085      -  72.2 4335s
 14661602 4474490   17.25106   41  208          -   15.98324      -  72.3 4340s
 14676415 4477372   18.15292   40  201          -   15.98522      -  72.3 4345s
 14691135 4480017   18.69423   59  193          -   15.98717      -  72.3 4350s
 14705496 4482801   18.27906   38  152          -   15.98938      -  72.3 4355s
 14722752 4485970   17.39891   46  174          -   15.99178      -  72.3 4360s
 14735050 4488182     cutoff   45               -   15.99355      -  72.3 4365s
 14753516 4491457     cutoff   62               -   15.99638      -  72.3 4370s
 14769339 4494755   16.19868   41  169          -   15.99972      -  72.3 4375s
 14779704 4493292     cutoff   60               -   16.00000      -  72.3 4380s
 14788940 4491545   18.51446   45  224          -   16.00000      -  72.4 4385s
 14798534 4489375   18.14706   43  146          -   16.00000      -  72.4 4390s
 14808494 4487375     cutoff   45               -   16.00000      -  72.4 4395s
 14820983 4484844     cutoff   57               -   16.00000      -  72.5 4400s
 14830851 4483154     cutoff   45               -   16.00000      -  72.5 4405s
 14842940 4480814   18.50000   41   20          -   16.00000      -  72.5 4411s
 14852525 4478771     cutoff   76               -   16.00000      -  72.5 4416s
 14862435 4476692     cutoff   58               -   16.00000      -  72.6 4421s
 14872383 4474847     cutoff   53               -   16.00000      -  72.6 4425s
 14883089 4473668   18.15282   39  193          -   16.00000      -  72.6 4430s
 14895782 4472745     cutoff   48               -   16.00000      -  72.6 4435s
 14907313 4471878     cutoff   41               -   16.00000      -  72.7 4440s
 14919748 4471054     cutoff   38               -   16.00000      -  72.7 4445s
 14930030 4470854   16.77778   48   67          -   16.00000      -  72.7 4450s
 14943851 4470820     cutoff   49               -   16.00000      -  72.7 4455s
 14955938 4470805     cutoff   61               -   16.00000      -  72.7 4460s
 14969812 4470896   18.59131   52  209          -   16.00000      -  72.8 4465s
 14981699 4470835     cutoff   52               -   16.00000      -  72.8 4470s
 14993449 4471007   16.50000   39   36          -   16.00000      -  72.8 4475s
 15008704 4471699   18.77620   39  165          -   16.00000      -  72.8 4480s
 15023108 4472382 infeasible   82               -   16.00000      -  72.8 4485s
 15037716 4473091   16.03458   60  218          -   16.00000      -  72.9 4490s
 15049684 4473731   17.22004   46  164          -   16.00000      -  72.9 4495s
 15064475 4474791   17.53317   46  202          -   16.00000      -  72.9 4500s
 15078890 4475867   17.09375   53   75          -   16.00000      -  72.9 4505s
 15093603 4476947   18.17537   54  208          -   16.00000      -  72.9 4510s
 15107853 4477967   17.10431   50  197          -   16.00000      -  72.9 4515s
 15122778 4479431     cutoff   51               -   16.00000      -  72.9 4520s
 15139392 4481246   17.55340   44  129          -   16.00000      -  72.9 4525s
 15151349 4482445   17.57919   49  183          -   16.00000      -  73.0 4530s
 15166146 4484249   17.15103   39  180          -   16.00000      -  73.0 4535s
 15183399 4486314 infeasible   62               -   16.00000      -  73.0 4540s
 15198075 4488244   17.99013   29  163          -   16.00000      -  73.0 4545s
 15212819 4490301     cutoff   62               -   16.00000      -  73.0 4550s
 15225213 4491680     cutoff   66               -   16.00000      -  73.0 4555s
 15225417 4491757 infeasible   68               -   16.00000      -  73.0 4560s
 15225577 4491836   16.30622   36  180          -   16.00000      -  73.0 4565s
 15227094 4492236     cutoff   46               -   16.00000      -  73.0 4570s
 15233364 4493478   17.12226   50  179          -   16.00000      -  73.0 4576s
 15245983 4495177   16.48668   40  196          -   16.00000      -  73.0 4580s
 15260900 4497204   17.97536   54  152          -   16.00000      -  73.0 4585s
 15275989 4499873 infeasible   76               -   16.00337      -  73.0 4590s
 15292741 4503321   17.16979   50  196          -   16.00639      -  73.0 4595s
 15307607 4505921   17.11317   33  192          -   16.00889      -  73.1 4600s
 15324220 4509023     cutoff   58               -   16.01174      -  73.1 4605s
 15338691 4511880   16.85816   35  184          -   16.01417      -  73.1 4610s
 15353608 4514501     cutoff   61               -   16.01670      -  73.1 4615s
 15370997 4517679   18.61242   40  211          -   16.01955      -  73.1 4620s
 15385961 4520321   17.15912   40  215          -   16.02180      -  73.1 4625s
 15400499 4523052   16.18367   39  179          -   16.02397      -  73.1 4630s
 15417204 4526150     cutoff   62               -   16.02651      -  73.1 4635s
 15432004 4529084   17.48007   36  148          -   16.02857      -  73.1 4640s
 15448660 4532247 infeasible   77               -   16.03125      -  73.1 4645s
 15464005 4534992   17.31930   42  144          -   16.03333      -  73.1 4650s
 15481518 4538370   16.56647   36  219          -   16.03582      -  73.1 4655s
 15496203 4540979   17.08333   44  165          -   16.03810      -  73.1 4660s
 15510889 4543602   17.75798   40  231          -   16.04000      -  73.1 4665s
 15527491 4546112   16.73351   50  221          -   16.04236      -  73.1 4670s
 15527634 4546212   18.48395   26  196          -   16.04261      -  73.1 4675s
 15527884 4546335   17.87191   45  157          -   16.04286      -  73.1 4680s
 15528387 4546459     cutoff   51               -   16.04298      -  73.1 4687s
 15529358 4546744   17.73512   45  159          -   16.04310      -  73.1 4694s
 15530606 4547062     cutoff   62               -   16.04317      -  73.2 4699s
 15532556 4547682   18.27441   60  200          -   16.04325      -  73.2 4703s
 15535775 4548234   17.72089   40  178          -   16.04335      -  73.2 4709s
 15538995 4549010   18.00000   56   11          -   16.04348      -  73.2 4716s
 15543814 4550063     cutoff   41               -   16.04348      -  73.2 4720s
 15556720 4551736   16.47456   51  195          -   16.04545      -  73.2 4725s
 15568079 4553375   17.33965   36  172          -   16.04802      -  73.2 4730s
 15581801 4555811   17.38299   50  188          -   16.05000      -  73.2 4735s
 15598716 4559064   17.20795   47  202          -   16.05235      -  73.2 4740s
 15613726 4561792   17.10169   34  113          -   16.05441      -  73.2 4745s
 15630544 4564634   16.55221   41  183          -   16.05634      -  73.2 4750s
 15645173 4567347   17.32211   39  197          -   16.05830      -  73.2 4755s
 15661348 4570378   17.47407   41  182          -   16.06055      -  73.2 4760s
 15675337 4572756   18.51852   31  140          -   16.06250      -  73.2 4765s
 15690194 4575521   17.60986   37  203          -   16.06396      -  73.2 4770s
 15707292 4578249   18.47925   59  210          -   16.06641      -  73.2 4775s
 15722186 4580880   17.50534   53  191          -   16.06794      -  73.2 4780s
 15736914 4583483     cutoff   64               -   16.06980      -  73.2 4785s
 15753732 4586136   19.03333   45  128          -   16.07143      -  73.2 4790s
 15768244 4588806     cutoff   64               -   16.07353      -  73.2 4795s
 15784996 4591731   16.68516   35  212          -   16.07574      -  73.3 4800s
 15799439 4593956   18.05551   65  169          -   16.07730      -  73.3 4805s
 15814186 4596942   18.42796   33  179          -   16.07937      -  73.3 4810s
 15831611 4600042 infeasible   62               -   16.08161      -  73.3 4815s
 15845712 4602184   16.66667   41   56          -   16.08333      -  73.3 4820s
 15859719 4604663     cutoff   63               -   16.08421      -  73.3 4825s
 15876777 4607624     cutoff   69               -   16.08661      -  73.3 4830s
 15891396 4610183   16.44718   64  180          -   16.08849      -  73.3 4835s
 15905871 4612665   16.87570   39  187          -   16.09064      -  73.3 4840s
 15922520 4615399   16.94828   44  106          -   16.09211      -  73.3 4845s
 15937277 4618150   16.86170   41  172          -   16.09400      -  73.3 4850s
 15952252 4620643   16.47500   43  170          -   16.09583      -  73.3 4855s
 15969038 4623533   17.43593   39  227          -   16.09811      -  73.3 4860s
 15983046 4625429   17.71673   60  178          -   16.10000      -  73.3 4865s
 15998694 4627863   16.95537   39  165          -   16.10077      -  73.3 4870s
 16013350 4630342   16.73686   37  190          -   16.10267      -  73.3 4875s
 16030657 4633152 infeasible   60               -   16.10511      -  73.4 4880s
 16047715 4636008   16.97881   44  115          -   16.10714      -  73.4 4885s
 16062496 4638515 infeasible   42               -   16.10893      -  73.4 4890s
 16077233 4640569     cutoff   55               -   16.11111      -  73.4 4895s
 16091998 4642810 infeasible   71               -   16.11111      -  73.4 4900s
 16108716 4645536   16.60059   45  175          -   16.11364      -  73.4 4905s
 16125437 4648511   18.33842   40  215          -   16.11575      -  73.4 4910s
 16140011 4650939   17.39154   38  196          -   16.11765      -  73.4 4915s
 16154690 4653698   16.76704   51  223          -   16.11946      -  73.4 4920s
 16171967 4656530     cutoff   62               -   16.12160      -  73.4 4925s
 16185960 4659072   18.14978   30  223          -   16.12350      -  73.4 4930s
 16200063 4660633   17.06984   44  193          -   16.12500      -  73.4 4935s
 16216230 4662959     cutoff   57               -   16.12500      -  73.4 4940s
 16230797 4665609   16.55863   52  176          -   16.12663      -  73.4 4945s
 16247600 4668415   18.24166   58  189          -   16.12903      -  73.4 4950s
 16262866 4670907   16.55811   36  200          -   16.13082      -  73.5 4955s
 16277185 4673130 infeasible   65               -   16.13282      -  73.5 4960s
 16294718 4675988     cutoff   59               -   16.13469      -  73.5 4965s
 16309670 4678120   16.78140   75  160          -   16.13636      -  73.5 4970s
 16324654 4680856   17.65172   33  167          -   16.13836      -  73.5 4975s
 16339021 4683262   18.28323   60  196          -   16.14024      -  73.5 4980s
 16354059 4685550   17.01420   37  250          -   16.14252      -  73.5 4985s
 16369233 4686868 infeasible   39               -   16.14286      -  73.5 4990s
 16384461 4689578   16.73744   48  183          -   16.14407      -  73.5 4995s
 16401491 4692335   16.65411   46  175          -   16.14634      -  73.5 5000s
 16416070 4694769   16.75484   47  187          -   16.14815      -  73.5 5005s
 16430922 4697062   16.52453   64  197          -   16.15000      -  73.5 5010s
 16448303 4699991   17.53480   42  202          -   16.15200      -  73.5 5015s
 16462450 4702071   17.46421   43  227          -   16.15385      -  73.5 5020s
 16477551 4704680   17.51944   43  210          -   16.15523      -  73.5 5025s
 16494628 4707552   16.62924   40  191          -   16.15741      -  73.6 5030s
 16509601 4709877     cutoff   32               -   16.15903      -  73.6 5035s
 16526159 4712558   17.34483   34  182          -   16.16111      -  73.6 5040s
 16541185 4714949   16.50053   36  204          -   16.16292      -  73.6 5045s
 16556188 4717835   16.69455   43  194          -   16.16498      -  73.6 5050s
 16571024 4719082     cutoff   42               -   16.16667      -  73.6 5055s
 16584459 4720008     cutoff   32               -   16.16667      -  73.6 5060s
 16599999 4721529   18.55381   53  207          -   16.16667      -  73.6 5065s
 16615295 4723988   17.50444   40  184          -   16.16716      -  73.6 5070s
 16629956 4726660   17.20271   40  171          -   16.16927      -  73.6 5075s
 16647431 4729615 infeasible   38               -   16.17143      -  73.6 5080s
 16661947 4731760   16.99479   54  185          -   16.17333      -  73.6 5085s
 16676249 4733969   17.30776   42  168          -   16.17500      -  73.6 5090s
 16694200 4736761   17.88776   40  197          -   16.17698      -  73.6 5095s
 16708730 4739034     cutoff   61               -   16.17867      -  73.7 5100s
 16723625 4741344   17.94725   49  214          -   16.18070      -  73.7 5105s
 16738456 4743442   17.79902   62  164          -   16.18182      -  73.7 5110s
 16753269 4746000 infeasible   62               -   16.18367      -  73.7 5115s
 16770705 4748678   17.96459   40  183          -   16.18580      -  73.7 5120s
 16785044 4750738 infeasible   51               -   16.18750      -  73.7 5125s
 16800556 4753331     cutoff   65               -   16.18907      -  73.7 5130s
 16815183 4755674   16.71442   46  178          -   16.19070      -  73.7 5135s
 16832202 4758225   16.81565   36  157          -   16.19288      -  73.7 5140s
 16846411 4760504   16.53407   66  175          -   16.19444      -  73.7 5145s
 16860744 4762964   16.79048   43  183          -   16.19641      -  73.7 5150s
 16877787 4765802     cutoff   72               -   16.19884      -  73.7 5155s
 16889576 4766368     cutoff   47               -   16.20000      -  73.7 5160s
 16902639 4767097     cutoff   74               -   16.20000      -  73.8 5165s
 16920618 4768987   18.50791   51  180          -   16.20000      -  73.8 5170s
 16934996 4771153 infeasible   63               -   16.20115      -  73.8 5175s
 16952901 4774261   16.50000   68   22          -   16.20332      -  73.8 5180s
 16967302 4776610 infeasible   81               -   16.20513      -  73.8 5185s
 16982264 4779075   18.41355   67  197          -   16.20690      -  73.8 5190s
 16996639 4781292   18.37118   44  185          -   16.20836      -  73.8 5195s
 17011535 4783527     cutoff   53               -   16.21053      -  73.8 5200s
 17028603 4786521   17.00000   38   12          -   16.21233      -  73.8 5205s
 17042619 4788584   17.98032   42  154          -   16.21429      -  73.8 5210s
 17058525 4790929   17.48505   36  168          -   16.21539      -  73.8 5215s
 17073341 4793305   17.69238   45  184          -   16.21725      -  73.8 5220s
 17090479 4796318     cutoff   61               -   16.21905      -  73.8 5225s
 17104848 4798590     cutoff   35               -   16.22079      -  73.8 5230s
 17118791 4800042   17.55499   47  203          -   16.22222      -  73.9 5235s
 17133435 4802104     cutoff   53               -   16.22258      -  73.9 5240s
 17150166 4804545   18.25734   56  163          -   16.22472      -  73.9 5245s
 17165422 4807270   16.79888   28  149          -   16.22642      -  73.9 5250s
 17179724 4809257   18.37013   32  186          -   16.22791      -  73.9 5255s
 17194729 4811597   16.97568   46  166          -   16.22981      -  73.9 5260s
 17209785 4813799   16.72347   52  175          -   16.23077      -  73.9 5265s
 17222231 4815835   17.40560   33  195          -   16.23246      -  73.9 5270s
 17239508 4818477     cutoff   68               -   16.23443      -  73.9 5275s
 17254291 4820552   16.92131   48  171          -   16.23606      -  73.9 5280s
 17271162 4823089   17.21107   41  184          -   16.23810      -  73.9 5285s
 17286169 4825246   17.82481   41  194          -   16.23977      -  73.9 5290s
 17301046 4827575     cutoff   48               -   16.24150      -  73.9 5295s
 17315756 4829884   17.20585   41  193          -   16.24324      -  73.9 5300s
 17330639 4832088     cutoff   72               -   16.24516      -  74.0 5305s
 17344753 4834545   16.83333   38  107          -   16.24706      -  74.0 5310s
 17360108 4836997   16.89594   42  207          -   16.24932      -  74.0 5315s
 17373465 4836417     cutoff   70               -   16.25000      -  74.0 5320s
 17386057 4836526     cutoff   42               -   16.25000      -  74.0 5325s
 17400698 4837256   17.00000   35    1          -   16.25000      -  74.0 5330s
 17413594 4838087     cutoff   39               -   16.25000      -  74.0 5335s
 17425491 4839200   17.97256   45  150          -   16.25000      -  74.0 5340s
 17440862 4840976   17.61224   56  114          -   16.25000      -  74.0 5345s
 17457905 4843423     cutoff   64               -   16.25099      -  74.0 5350s
 17474410 4845955   17.05532   57  194          -   16.25333      -  74.1 5355s
 17489904 4848349   16.64286   43  221          -   16.25529      -  74.1 5360s
 17504853 4850633 infeasible   64               -   16.25711      -  74.1 5365s
 17519435 4852966     cutoff   61               -   16.25876      -  74.1 5370s
 17533828 4855030   17.70476   39  184          -   16.26054      -  74.1 5375s
 17548627 4857177     cutoff   45               -   16.26230      -  74.1 5380s
 17565984 4859607 infeasible   68               -   16.26407      -  74.1 5385s
 17580330 4861891     cutoff   55               -   16.26582      -  74.1 5390s
 17594936 4863671 infeasible   44               -   16.26705      -  74.1 5395s
 17606886 4865647   17.81254   44  200          -   16.26852      -  74.1 5400s
 17625222 4868293   17.75763   35  211          -   16.27059      -  74.1 5405s
 17640010 4870064 infeasible   56               -   16.27257      -  74.1 5410s
 17655237 4872100     cutoff   71               -   16.27307      -  74.1 5415s
 17670161 4874407   17.52657   34  162          -   16.27500      -  74.1 5420s
 17684381 4876571   17.42857   43  122          -   16.27680      -  74.1 5425s
 17699288 4878390   17.44089   43  199          -   16.27819      -  74.2 5430s
 17714108 4880706   17.86611   38  197          -   16.28000      -  74.2 5435s
 17729312 4883044   18.53908   63  176          -   16.28159      -  74.2 5440s
 17743850 4885321   17.14753   46  189          -   16.28333      -  74.2 5445s
 17758940 4887491   16.92967   47  220          -   16.28532      -  74.2 5450s
 17775437 4888271     cutoff   53               -   16.28571      -  74.2 5455s
 17788789 4890083   18.36892   47  199          -   16.28576      -  74.2 5460s
 17803342 4892319   18.33299   39  180          -   16.28787      -  74.2 5465s
 17818289 4894568   17.93796   54  190          -   16.28957      -  74.2 5470s
 17833663 4896811   17.28030   41  183          -   16.29140      -  74.2 5475s
 17847787 4899090   17.91003   37  173          -   16.29285      -  74.2 5480s
 17863163 4901228   18.09613   32  155          -   16.29420      -  74.2 5485s
 17877996 4903701   18.57938   33  225          -   16.29612      -  74.2 5490s
 17893085 4906074   17.19360   35  156          -   16.29773      -  74.2 5495s
 17909739 4908140   16.61145   38  210          -   16.29989      -  74.2 5500s
 17921033 4908990   16.85835   68  185          -   16.30000      -  74.3 5505s
 17938108 4911589     cutoff   42               -   16.30143      -  74.3 5510s
 17952049 4913636   17.70238   60  112          -   16.30319      -  74.3 5515s
 17967282 4915774     cutoff   48               -   16.30488      -  74.3 5520s
 17982370 4917873   17.94444   48  122          -   16.30664      -  74.3 5525s
 17996586 4919611   16.65053   51  154          -   16.30769      -  74.3 5530s
 18011497 4921849 infeasible   68               -   16.30946      -  74.3 5535s
 18026355 4923835   17.74014   37  167          -   16.31091      -  74.3 5540s
 18040497 4925656     cutoff   58               -   16.31250      -  74.3 5545s
 18055459 4927751     cutoff   47               -   16.31373      -  74.3 5550s
 18070678 4929866   16.58141   43  197          -   16.31555      -  74.3 5555s
 18084596 4931926   17.82547   40  222          -   16.31694      -  74.3 5560s
 18099784 4933852   17.45036   58  185          -   16.31823      -  74.3 5565s
 18114412 4935921     cutoff   45               -   16.32000      -  74.3 5570s
 18129481 4937872   17.87860   38  144          -   16.32143      -  74.4 5575s
 18144385 4940017   17.33333   48   85          -   16.32305      -  74.4 5580s
 18159195 4942125   18.66467   44  129          -   16.32454      -  74.4 5585s
 18173505 4944176   17.38144   69  169          -   16.32617      -  74.4 5590s
 18186129 4946005   17.06197   52  174          -   16.32762      -  74.4 5595s
 18200645 4948217   17.09537   43  225          -   16.32941      -  74.4 5600s
 18216986 4950751   16.88457   43  119          -   16.33161      -  74.4 5605s
 18229142 4951093   18.59261   58  185          -   16.33333      -  74.4 5610s
 18240110 4950021 infeasible   61               -   16.33333      -  74.4 5615s
 18252614 4949543     cutoff   37               -   16.33333      -  74.4 5620s
 18264709 4949226   17.99514   36  168          -   16.33333      -  74.4 5625s
 18277579 4949231 infeasible   71               -   16.33333      -  74.5 5630s
 18292240 4949585   16.80470   49  215          -   16.33333      -  74.5 5635s
 18307147 4950295   16.40290   62  160          -   16.33333      -  74.5 5640s
 18321869 4951425   18.47459   53  227          -   16.33333      -  74.5 5645s
 18333915 4952489   17.25147   45  146          -   16.33333      -  74.5 5650s
 18348674 4954178   17.96809   41   77          -   16.33333      -  74.5 5655s
 18365685 4956869   16.95439   41  208          -   16.33494      -  74.5 5660s
 18381005 4959125 infeasible   35               -   16.33714      -  74.5 5665s
 18395924 4961298   17.08425   44  131          -   16.33890      -  74.5 5670s
 18410686 4963378   18.11765   79  107          -   16.34058      -  74.5 5675s
 18425101 4965525 infeasible   71               -   16.34230      -  74.5 5680s
 18439852 4967547   16.68691   40  225          -   16.34384      -  74.5 5685s
 18454298 4969728   17.46766   41  163          -   16.34564      -  74.6 5690s
 18469338 4971699   17.49990   48  196          -   16.34737      -  74.6 5695s
 18483740 4973832   17.26316   37  133          -   16.34884      -  74.6 5700s
 18498390 4975628   17.46347   50  189          -   16.35020      -  74.6 5705s
 18512750 4977648   17.66099   43  154          -   16.35192      -  74.6 5710s
 18527206 4979634   18.08820   43  228          -   16.35323      -  74.6 5715s
 18541942 4981855   17.81949   36  199          -   16.35488      -  74.6 5720s
 18558599 4983736     cutoff   38               -   16.35714      -  74.6 5725s
 18573489 4985647   16.86923   46  208          -   16.35784      -  74.6 5730s
 18587829 4987636   17.23828   40  186          -   16.35955      -  74.6 5735s
 18599841 4989181   17.06915   36  194          -   16.36104      -  74.6 5740s
 18614604 4991258   17.37064   33  159          -   16.36265      -  74.6 5745s
 18629145 4992544   16.78344   59  193          -   16.36364      -  74.6 5750s
 18643853 4994527   18.08906   33  159          -   16.36507      -  74.7 5755s
 18658534 4996439     cutoff   41               -   16.36678      -  74.7 5760s
 18672777 4998269 infeasible   52               -   16.36842      -  74.7 5765s
 18687352 5000485   16.84034   54  165          -   16.36992      -  74.7 5770s
 18701886 5002359   17.18202   48  175          -   16.37143      -  74.7 5775s
 18716475 5004385     cutoff   67               -   16.37308      -  74.7 5780s
 18731048 5005667     cutoff   35               -   16.37500      -  74.7 5785s
 18744760 5006334   18.61471   41  174          -   16.37500      -  74.7 5791s
 18757957 5007909   17.30633   36  156          -   16.37500      -  74.7 5795s
 18772682 5010194     cutoff   39               -   16.37677      -  74.7 5800s
 18787854 5012216   18.12133   57  214          -   16.37846      -  74.7 5805s
 18802387 5014132   17.98937   29  163          -   16.38010      -  74.7 5810s
 18814705 5015744   17.99186   46  195          -   16.38125      -  74.7 5815s
 18829252 5017627   17.06295   53  219          -   16.38298      -  74.7 5820s
 18841620 5019014     cutoff   52               -   16.38460      -  74.7 5825s
 18858376 5021197   18.67647   57  183          -   16.38564      -  74.8 5830s
 18872404 5023217   18.50000   63   19          -   16.38723      -  74.8 5835s
 18884697 5024498   17.43002   29  154          -   16.38887      -  74.8 5840s
 18899366 5026220 infeasible   42               -   16.38978      -  74.8 5845s
 18914256 5028176 infeasible   39               -   16.39130      -  74.8 5850s
 18925891 5029634   17.26879   40  186          -   16.39269      -  74.8 5855s
 18941653 5031713   17.85709   35  191          -   16.39437      -  74.8 5860s
 18953744 5033517     cutoff   69               -   16.39583      -  74.8 5865s
 18970988 5035851     cutoff   37               -   16.39773      -  74.8 5870s
 18985153 5037470   16.92144   38  189          -   16.39964      -  74.8 5875s
 18996350 5036949     cutoff   35               -   16.40000      -  74.8 5880s
 19010428 5037122   17.61972   33  136          -   16.40000      -  74.8 5885s
 19023481 5038006 infeasible   38               -   16.40000      -  74.9 5890s
 19038659 5039581   16.95231   45  161          -   16.40000      -  74.9 5895s
 19053027 5041588   18.50119   46  159          -   16.40172      -  74.9 5900s
 19067832 5043780   17.91273   58  170          -   16.40351      -  74.9 5905s
 19082702 5045681 infeasible   31               -   16.40512      -  74.9 5910s
 19097055 5047624     cutoff   72               -   16.40663      -  74.9 5915s
 19111793 5049548   17.51103   37  188          -   16.40816      -  74.9 5920s
 19126110 5051376   18.16580   35  171          -   16.40947      -  74.9 5925s
 19138220 5053026   18.84265   36  170          -   16.41096      -  74.9 5930s
 19152671 5054822     cutoff   36               -   16.41220      -  74.9 5935s
 19167271 5056690   17.94940   45  200          -   16.41379      -  74.9 5940s
 19181908 5058595   17.72687   41  212          -   16.41558      -  74.9 5945s
 19193342 5059553     cutoff   40               -   16.41667      -  74.9 5950s
 19209263 5061228   17.00000   38   44          -   16.41709      -  74.9 5955s
 19223486 5063058   17.39172   41  215          -   16.41864      -  75.0 5960s
 19235833 5064863     cutoff   78               -   16.42011      -  75.0 5965s
 19250217 5066693   18.65248   44  179          -   16.42149      -  75.0 5970s
 19262638 5068200   16.97230   43  162          -   16.42296      -  75.0 5975s
 19276956 5070126   18.35758   34  182          -   16.42436      -  75.0 5980s
 19289330 5071726   18.01409   57  166          -   16.42579      -  75.0 5985s
 19303864 5073659   18.11339   53  229          -   16.42737      -  75.0 5990s
 19315127 5073861   17.31444   68  185          -   16.42857      -  75.0 5995s
 19322190 5074031   18.87671   31  155          -   16.42857      -  75.0 6000s
 19323089 5074168   18.71352   41  188          -   16.42857      -  75.0 6005s
 19332220 5075200   16.90361   38  121          -   16.42857      -  75.0 6010s
 19343308 5076705   17.67855   41  210          -   16.42901      -  75.0 6015s
 19359500 5078924   17.83333   57   30          -   16.43103      -  75.0 6020s
 19372183 5080564     cutoff   45               -   16.43253      -  75.0 6025s
 19389466 5082789   18.04727   42  185          -   16.43443      -  75.0 6030s
 19401885 5084415   18.18634   34  233          -   16.43565      -  75.0 6035s
 19416410 5086191   18.04301   30  162          -   16.43734      -  75.1 6040s
 19428950 5087612   17.12759   47  226          -   16.43786      -  75.1 6045s
 19443222 5089275   18.63752   38  159          -   16.43947      -  75.1 6050s
 19455667 5090843   17.49555   56  132          -   16.44082      -  75.1 6055s
 19472379 5092926   16.66906   46  179          -   16.44267      -  75.1 6060s
 19484540 5094424     cutoff   61               -   16.44416      -  75.1 6065s
 19496414 5095035     cutoff   33               -   16.44444      -  75.1 6070s
 19512165 5096984   16.73091   40  147          -   16.44538      -  75.1 6075s
 19526146 5098805   17.50000   39   25          -   16.44706      -  75.1 6080s
 19538747 5100371   17.67538   32  193          -   16.44828      -  75.1 6085s
 19553026 5101979 infeasible   45               -   16.45000      -  75.1 6090s
 19567667 5104090   16.99676   41  203          -   16.45113      -  75.1 6095s
 19582905 5105971     cutoff   46               -   16.45264      -  75.1 6100s
 19597333 5107625   18.44088   32  193          -   16.45432      -  75.1 6105s
 19611798 5108696   17.02677   37  128          -   16.45467      -  75.2 6110s
 19626070 5110645     cutoff   49               -   16.45643      -  75.2 6115s
 19641348 5112369     cutoff   48               -   16.45820      -  75.2 6120s
 19653036 5113851     cutoff   55               -   16.45918      -  75.2 6125s
 19668258 5115748   17.56368   41  212          -   16.46091      -  75.2 6130s
 19680091 5116669     cutoff   67               -   16.46154      -  75.2 6135s
 19692967 5118163   17.10572   74  190          -   16.46296      -  75.2 6140s
 19707652 5119824     cutoff   65               -   16.46429      -  75.2 6145s
 19722394 5121484   17.44578   40  190          -   16.46600      -  75.2 6150s
 19736781 5122943     cutoff   66               -   16.46699      -  75.2 6155s
 19751827 5124971 infeasible   65               -   16.46875      -  75.2 6160s
 19766223 5126628   17.33357   47  204          -   16.47032      -  75.2 6165s
 19778534 5128120   18.60608   55  187          -   16.47125      -  75.2 6170s
 19793039 5129817   18.50000   39   67          -   16.47283      -  75.2 6175s
 19807410 5131445   18.59394   50  161          -   16.47420      -  75.3 6180s
 19822177 5133044   17.80275   51  166          -   16.47590      -  75.3 6185s
 19834182 5134582     cutoff   57               -   16.47696      -  75.3 6190s
 19849138 5136243   18.60139   52  159          -   16.47826      -  75.3 6195s
 19863372 5137763   17.20062   59  163          -   16.47990      -  75.3 6200s
 19875600 5139366   16.75729   29  218          -   16.48113      -  75.3 6205s
 19889850 5140974   17.81696   44  227          -   16.48258      -  75.3 6210s
 19904673 5142596   17.09161   46  117          -   16.48408      -  75.3 6215s
 19918855 5144228   18.23007   36  208          -   16.48567      -  75.3 6220s
 19931108 5145865   17.46531   51  132          -   16.48691      -  75.3 6225s
 19945242 5147601   17.33333   49  109          -   16.48838      -  75.3 6230s
 19960135 5149469 infeasible   59               -   16.48988      -  75.3 6235s
 19974101 5151208   17.85187   42  204          -   16.49145      -  75.3 6240s
 19988947 5153089   18.27709   35  218          -   16.49318      -  75.3 6245s
 20002900 5155079   17.52525   38  129          -   16.49480      -  75.4 6250s
 20015183 5156518   17.12805   32  177          -   16.49624      -  75.4 6255s
 20029703 5158524     cutoff   60               -   16.49822      -  75.4 6260s
 20042990 5158682     cutoff   41               -   16.50000      -  75.4 6265s
 20052577 5155761 infeasible   58               -   16.50000      -  75.4 6270s
 20065011 5153694     cutoff   58               -   16.50000      -  75.4 6275s
 20074895 5152007     cutoff   42               -   16.50000      -  75.4 6280s
 20086917 5149831   18.93182   46   78          -   16.50000      -  75.4 6285s
 20096905 5148624   17.82534   42  188          -   16.50000      -  75.5 6290s
 20109297 5147223   18.69513   46  220          -   16.50000      -  75.5 6296s
 20119403 5146305   17.00000   37   10          -   16.50000      -  75.5 6300s
 20131390 5144853     cutoff   51               -   16.50000      -  75.5 6305s
 20143938 5143782   16.73589   38  215          -   16.50000      -  75.5 6311s
 20154205 5143244     cutoff   40               -   16.50000      -  75.5 6315s
 20166678 5142551     cutoff   35               -   16.50000      -  75.6 6320s
 20180715 5141933   19.04786   46  210          -   16.50000      -  75.6 6325s
 20190549 5141597   18.88509   45  182          -   16.50000      -  75.6 6330s
 20203546 5141375 infeasible   34               -   16.50000      -  75.6 6335s
 20215613 5141299 infeasible   60               -   16.50000      -  75.6 6340s
 20228299 5141293   18.03723   46  177          -   16.50000      -  75.6 6345s
 20243134 5141352     cutoff   40               -   16.50000      -  75.6 6350s
 20254848 5141457   17.00000   51   89          -   16.50000      -  75.6 6355s
 20267287 5141697   17.15616   40  131          -   16.50000      -  75.6 6360s
 20281692 5142282 infeasible   68               -   16.50000      -  75.7 6365s
 20294359 5142922     cutoff   52               -   16.50000      -  75.7 6370s
 20308997 5143811     cutoff   53               -   16.50000      -  75.7 6375s
 20323990 5144973 infeasible   73               -   16.50000      -  75.7 6380s
 20336431 5146082   17.17226   45  146          -   16.50000      -  75.7 6385s
 20351062 5147756 infeasible   45               -   16.50000      -  75.7 6390s
 20362820 5149131   17.12238   36  203          -   16.50143      -  75.7 6395s
 20377323 5151018     cutoff   69               -   16.50336      -  75.7 6400s
 20392341 5152784   17.83356   35  206          -   16.50523      -  75.7 6405s
 20405201 5154166   17.59402   44  219          -   16.50673      -  75.7 6410s
 20418625 5155898   17.67105   47  145          -   16.50833      -  75.7 6415s
 20435346 5157934   16.71223   50  146          -   16.51031      -  75.7 6420s
 20447236 5159355     cutoff   60               -   16.51163      -  75.7 6425s
 20464148 5161312   18.69744   62  135          -   16.51351      -  75.7 6430s
 20479104 5163128 infeasible   50               -   16.51515      -  75.8 6435s
 20493276 5164892     cutoff   72               -   16.51675      -  75.8 6440s
 20507728 5166439     cutoff   53               -   16.51841      -  75.8 6445s
 20522275 5168257   18.16364   32  182          -   16.51982      -  75.8 6450s
 20536623 5169876   17.01072   36  228          -   16.52146      -  75.8 6455s
 20551791 5171671   18.39058   34  161          -   16.52293      -  75.8 6460s
 20566338 5173057   17.20886   42  118          -   16.52439      -  75.8 6465s
 20580863 5174537 infeasible   40               -   16.52610      -  75.8 6470s
 20595206 5176254   18.81000   43  224          -   16.52737      -  75.8 6475s
 20609818 5178038 infeasible   68               -   16.52905      -  75.8 6480s
 20624373 5179517   19.00000   50    1          -   16.53043      -  75.8 6485s
 20639408 5181410   16.90821   47  191          -   16.53197      -  75.8 6490s
 20653516 5182559 infeasible   76               -   16.53333      -  75.8 6495s
 20668194 5184401   17.88410   43  183          -   16.53468      -  75.8 6500s
 20682816 5186087   17.31181   44  185          -   16.53612      -  75.8 6505s
 20697485 5187823     cutoff   78               -   16.53788      -  75.9 6510s
 20712435 5189191     cutoff   43               -   16.53872      -  75.9 6515s
 20724105 5190529     cutoff   43               -   16.54015      -  75.9 6520s
 20739147 5191972   17.02360   38  208          -   16.54167      -  75.9 6525s
 20750907 5193246   16.95391   37  164          -   16.54305      -  75.9 6530s
 20765768 5195034   17.65002   39  139          -   16.54485      -  75.9 6535s
 20779733 5195787     cutoff   54               -   16.54545      -  75.9 6540s
 20794155 5197423   18.55313   54  206          -   16.54688      -  75.9 6545s
 20808770 5199363   17.42614   52  161          -   16.54851      -  75.9 6550s
 20821225 5200547 infeasible   61               -   16.55000      -  75.9 6555s
 20836014 5202366   16.91814   35  165          -   16.55120      -  75.9 6560s
 20851109 5204070   18.17940   50  243          -   16.55263      -  75.9 6565s
 20865133 5205698   17.00951   58  179          -   16.55433      -  75.9 6570s
 20877037 5206080   17.92062   56  144          -   16.55556      -  75.9 6575s
 20891398 5206763   17.82037   41  198          -   16.55556      -  75.9 6580s
 20906435 5208686   17.13586   39  223          -   16.55705      -  76.0 6585s
 20920222 5210231 infeasible   40               -   16.55862      -  76.0 6590s
 20935474 5212097   18.13004   37  132          -   16.56007      -  76.0 6595s
 20950298 5213865   16.87238   49  217          -   16.56180      -  76.0 6600s
 20967266 5215528   18.84546   40  204          -   16.56302      -  76.0 6605s
 20979498 5217022 infeasible   48               -   16.56440      -  76.0 6610s
 20993980 5218634   16.81644   40  226          -   16.56589      -  76.0 6615s
 21008937 5220385   17.54162   38  188          -   16.56735      -  76.0 6620s
 21023746 5222063   17.41401   38  205          -   16.56897      -  76.0 6625s
 21040769 5223723   17.29526   34  190          -   16.57116      -  76.0 6630s
 21051313 5223342 infeasible   42               -   16.57143      -  76.0 6635s
 21066728 5224213   18.37540   63  197          -   16.57143      -  76.0 6640s
 21081763 5226085   18.74369   38  218          -   16.57254      -  76.0 6645s
 21096323 5227685   17.05631   50  192          -   16.57420      -  76.0 6650s
 21111230 5229235   18.15251   42  169          -   16.57576      -  76.1 6655s
 21126103 5230896   18.09032   37  222          -   16.57724      -  76.1 6660s
 21140800 5232318   17.72339   38  184          -   16.57895      -  76.1 6665s
 21152876 5233669     cutoff   43               -   16.57997      -  76.1 6670s
 21167454 5235263     cutoff   51               -   16.58149      -  76.1 6675s
 21182210 5236504 infeasible   63               -   16.58333      -  76.1 6680s
 21194726 5237130   17.21875   44   86          -   16.58333      -  76.1 6685s
 21209809 5238855   17.67824   44  153          -   16.58491      -  76.1 6690s
 21225065 5240413   16.88748   47  169          -   16.58660      -  76.1 6695s
 21239613 5241946   17.51827   51  187          -   16.58824      -  76.1 6700s
 21254436 5243559     cutoff   43               -   16.58947      -  76.1 6705s
 21268747 5244954   17.32923   46  160          -   16.59091      -  76.1 6710s
 21283267 5246509   17.62288   48  151          -   16.59249      -  76.1 6715s
 21286363 5246655   18.57666   56  187          -   16.59276      -  76.1 6720s
 21292128 5247519   17.81481   37  195          -   16.59300      -  76.1 6725s
 21304556 5248755     cutoff   51               -   16.59447      -  76.1 6730s
 21320705 5250535   16.97161   44  148          -   16.59643      -  76.2 6735s
 21335706 5252269   16.75578   41   88          -   16.59817      -  76.2 6740s
 21349754 5253070 infeasible   69               -   16.60000      -  76.2 6745s
 21363026 5252110   17.10671   72  216          -   16.60000      -  76.2 6750s
 21375030 5252027     cutoff   44               -   16.60000      -  76.2 6755s
 21390647 5252618   17.31250   74  128          -   16.60000      -  76.2 6760s
 21405546 5253723   18.03750   35  156          -   16.60000      -  76.2 6765s
 21419736 5255451   17.00000   35   36          -   16.60150      -  76.2 6770s
 21434038 5257116   17.06706   50  192          -   16.60326      -  76.2 6775s
 21448721 5258792     cutoff   49               -   16.60478      -  76.2 6780s
 21463314 5260267   16.84157   37  240          -   16.60631      -  76.2 6785s
 21477494 5261825     cutoff   38               -   16.60776      -  76.2 6790s
 21495242 5263662 infeasible   61               -   16.60946      -  76.3 6795s
 21509923 5265084 infeasible   33               -   16.61105      -  76.3 6800s
 21524374 5266427     cutoff   55               -   16.61194      -  76.3 6805s
 21538799 5267930   18.70140   33  224          -   16.61350      -  76.3 6810s
 21553801 5269336     cutoff   43               -   16.61516      -  76.3 6815s
 21568155 5270385   16.92946   56  233          -   16.61576      -  76.3 6820s
 21580998 5271859 infeasible   48               -   16.61729      -  76.3 6825s
 21596452 5273415   17.50341   41  201          -   16.61884      -  76.3 6830s
 21610776 5275064   18.64211   48  179          -   16.62019      -  76.3 6835s
 21625479 5276575   17.59049   43  164          -   16.62162      -  76.3 6840s
 21640209 5278105   17.14260   42  196          -   16.62323      -  76.3 6845s
 21652642 5279377   18.01237   46  188          -   16.62470      -  76.3 6850s
 21666381 5278928 infeasible   42               -   16.62500      -  76.3 6855s
 21680723 5279654     cutoff   54               -   16.62500      -  76.3 6860s
 21693491 5281126     cutoff   44               -   16.62581      -  76.4 6865s
 21708030 5282855     cutoff   37               -   16.62755      -  76.4 6870s
 21722999 5284151   18.65431   34  218          -   16.62907      -  76.4 6875s
 21737633 5285600   17.35011   41  181          -   16.63047      -  76.4 6880s
 21749865 5286740   18.10341   48  221          -   16.63158      -  76.4 6885s
 21764256 5288461     cutoff   66               -   16.63303      -  76.4 6890s
 21778884 5289963   16.92394   44  183          -   16.63456      -  76.4 6895s
 21794164 5291242 infeasible   83               -   16.63636      -  76.4 6900s
 21805402 5291848     cutoff   58               -   16.63636      -  76.4 6905s
 21820432 5293364 infeasible   58               -   16.63793      -  76.4 6910s
 21834883 5294676   16.91269   36  205          -   16.63946      -  76.4 6915s
 21850090 5295989   18.08133   39  198          -   16.64093      -  76.4 6920s
 21864194 5297477   17.32184   40  147          -   16.64237      -  76.4 6925s
 21878799 5298182     cutoff   74               -   16.64286      -  76.4 6930s
 21893568 5299674 infeasible   37               -   16.64453      -  76.5 6935s
 21908135 5300897   18.25611   43  192          -   16.64592      -  76.5 6940s
 21922289 5302192   17.44274   76  196          -   16.64706      -  76.5 6945s
 21936694 5303595   17.62340   42  187          -   16.64865      -  76.5 6950s
 21951138 5304773   17.83553   35  126          -   16.65000      -  76.5 6955s
 21965271 5306317   17.59303   53  195          -   16.65125      -  76.5 6960s
 21979981 5307633   18.05405   62  114          -   16.65270      -  76.5 6965s
 21994501 5308977     cutoff   61               -   16.65403      -  76.5 6970s
 22007047 5310111     cutoff   36               -   16.65528      -  76.5 6975s
 22024110 5311769   18.12820   33  153          -   16.65693      -  76.5 6980s
 22038734 5313205     cutoff   51               -   16.65839      -  76.5 6985s
 22053233 5314567   18.76596   39  160          -   16.65990      -  76.5 6990s
 22068147 5316175   17.41568   37  194          -   16.66154      -  76.5 6995s
 22082626 5317767   17.91525   43  150          -   16.66309      -  76.6 7000s
 22095285 5319136 infeasible   41               -   16.66460      -  76.6 7005s
 22109481 5320046 infeasible   79               -   16.66667      -  76.6 7010s
 22121541 5316871     cutoff   42               -   16.66667      -  76.6 7015s
 22130956 5315271   18.04856   49  109          -   16.66667      -  76.6 7020s
 22143207 5313323     cutoff   51               -   16.66667      -  76.6 7025s
 22155912 5312004     cutoff   58               -   16.66667      -  76.6 7030s
 22168263 5310858 infeasible   53               -   16.66667      -  76.6 7035s
 22180360 5310451   18.35769   52  116          -   16.66667      -  76.6 7040s
 22192559 5309847     cutoff   40               -   16.66667      -  76.7 7045s
 22205329 5309527 infeasible   55               -   16.66667      -  76.7 7050s
 22219711 5309519   18.04688   49  174          -   16.66667      -  76.7 7055s
 22232683 5309734 infeasible   55               -   16.66667      -  76.7 7060s
 22244766 5310340   18.50000   44   67          -   16.66667      -  76.7 7065s
 22259963 5311069   17.13666   49  169          -   16.66667      -  76.7 7070s
 22279237 5312941   19.00000   69    6          -   16.66772      -  76.7 7075s
 22293105 5314396   17.48485   46  143          -   16.66947      -  76.7 7080s
 22308258 5315897   17.22812   39  215          -   16.67120      -  76.7 7085s
 22322878 5317297   17.10971   43  193          -   16.67273      -  76.7 7090s
 22339892 5318935   18.35737   48  196          -   16.67442      -  76.7 7095s
 22354475 5320247   17.57630   32  190          -   16.67589      -  76.7 7100s
 22372041 5321993   17.71453   39  207          -   16.67762      -  76.8 7105s
 22386740 5323361   18.46191   41  179          -   16.67901      -  76.8 7110s
 22401299 5324596   17.29508   43  199          -   16.68053      -  76.8 7115s
 22418920 5325888   17.98565   37  206          -   16.68206      -  76.8 7120s
 22433431 5327237   17.44325   39  208          -   16.68362      -  76.8 7125s
 22450570 5328770   18.31044   57  207          -   16.68503      -  76.8 7130s
 22469966 5330826   18.83684   44  203          -   16.68702      -  76.8 7135s
 22484338 5331691   18.58723   44  163          -   16.68770      -  76.8 7140s
 22498859 5333124   18.45750   33  215          -   16.68930      -  76.8 7145s
 22512868 5334475   17.81566   50  201          -   16.69078      -  76.8 7150s
 22527156 5335377 infeasible   42               -   16.69231      -  76.8 7155s
 22541671 5336634   18.68911   43  184          -   16.69311      -  76.8 7160s
 22556596 5338019   17.60233   39  176          -   16.69458      -  76.8 7165s
 22570936 5339201   18.34675   39  161          -   16.69595      -  76.9 7170s
 22585868 5340516   17.00000   39   12          -   16.69727      -  76.9 7175s
 22598300 5341876   17.95191   41  182          -   16.69883      -  76.9 7180s
 22605575 5342281 infeasible   84               -   16.70000      -  76.9 7185s
 22605959 5342170   17.65960   46  152          -   16.70000      -  76.9 7190s
 22606510 5342113     cutoff   52               -   16.70000      -  76.9 7195s
 22607638 5342083   18.46700   38  184          -   16.70000      -  76.9 7200s
 22613251 5342176   17.10274   45  179          -   16.70000      -  76.9 7205s
 22622700 5342952   18.31746   36  104          -   16.70000      -  76.9 7210s
 22639287 5344388     cutoff   51               -   16.70161      -  76.9 7215s
 22653647 5345749   18.38663   52  205          -   16.70312      -  76.9 7220s
 22668205 5347090   17.68007   47  199          -   16.70455      -  76.9 7225s
 22680346 5347848   17.51178   34  199          -   16.70588      -  76.9 7230s
 22694821 5349136   17.72603   48   89          -   16.70707      -  76.9 7235s
 22709888 5350306   17.19649   34  186          -   16.70833      -  76.9 7240s
 22724437 5351558   17.48010   40  184          -   16.70979      -  76.9 7245s
 22738971 5352948     cutoff   44               -   16.71143      -  76.9 7250s
 22753689 5354436   17.48113   51  151          -   16.71298      -  76.9 7255s
 22767477 5354319 infeasible   52               -   16.71429      -  77.0 7260s
 22778881 5354182     cutoff   49               -   16.71429      -  77.0 7265s
 22794109 5354910   17.23596   49  235          -   16.71429      -  77.0 7270s
 22808899 5356281   17.22544   45  176          -   16.71567      -  77.0 7275s
 22824247 5357527     cutoff   55               -   16.71721      -  77.0 7280s
 22838324 5358824     cutoff   55               -   16.71875      -  77.0 7285s
 22851350 5360008   17.34921   49  120          -   16.71995      -  77.0 7290s
 22865531 5361202   17.85830   34  195          -   16.72124      -  77.0 7295s
 22880500 5362322   17.87913   59  205          -   16.72222      -  77.0 7300s
 22897398 5363757   18.30133   46  160          -   16.72399      -  77.0 7305s
 22909782 5364932   17.64314   44  200          -   16.72500      -  77.0 7310s
 22926973 5366467 infeasible   37               -   16.72678      -  77.0 7315s
 22938397 5366282     cutoff   77               -   16.72727      -  77.0 7320s
 22954809 5367814   17.62159   47  186          -   16.72857      -  77.1 7325s
 22969640 5369146   17.93677   41  242          -   16.73007      -  77.1 7330s
 22982149 5370016   18.69993   40  206          -   16.73115      -  77.1 7335s
 22996576 5371280 infeasible   45               -   16.73267      -  77.1 7340s
 23011256 5372142   16.92847   58  202          -   16.73340      -  77.1 7345s
 23025695 5373287 infeasible   59               -   16.73504      -  77.1 7350s
 23041067 5374743   18.35817   38  193          -   16.73657      -  77.1 7355s
 23053019 5375485 infeasible   62               -   16.73750      -  77.1 7360s
 23067542 5376545   18.04474   33  200          -   16.73895      -  77.1 7365s
 23081760 5377769 infeasible   40               -   16.74026      -  77.1 7370s
 23093702 5378623   18.50506   45  177          -   16.74140      -  77.1 7375s
 23108618 5379747 infeasible   44               -   16.74286      -  77.1 7380s
 23123332 5380892   17.50000   41   23          -   16.74427      -  77.1 7385s
 23137855 5382247   17.00893   36  129          -   16.74576      -  77.1 7390s
 23150436 5383104   17.31605   44  169          -   16.74713      -  77.1 7395s
 23164563 5384357   18.11735   37  160          -   16.74881      -  77.2 7400s
 23175962 5383708     cutoff   68               -   16.75000      -  77.2 7405s
 23189194 5381302 infeasible   36               -   16.75000      -  77.2 7411s
 23198737 5379983 infeasible   51               -   16.75000      -  77.2 7415s
 23211422 5378735     cutoff   82               -   16.75000      -  77.2 7420s
 23224204 5378029     cutoff   61               -   16.75000      -  77.2 7425s
 23236888 5377495   17.82161   40  195          -   16.75000      -  77.2 7430s
 23249574 5377132   17.81250   39   95          -   16.75000      -  77.2 7435s
 23264150 5377215   18.12873   40  178          -   16.75000      -  77.2 7440s
 23276311 5377508     cutoff   41               -   16.75000      -  77.3 7445s
 23291008 5378405   17.21660   38  154          -   16.75000      -  77.3 7450s
 23305153 5379894     cutoff   50               -   16.75141      -  77.3 7455s
 23319435 5381014     cutoff   49               -   16.75305      -  77.3 7460s
 23333941 5382100   18.14347   38  225          -   16.75463      -  77.3 7465s
 23346266 5382983 infeasible   39               -   16.75582      -  77.3 7470s
 23361196 5384254   16.85714   44  150          -   16.75735      -  77.3 7475s
 23375270 5385385   17.54570   37  193          -   16.75862      -  77.3 7480s
 23387366 5386277     cutoff   47               -   16.76000      -  77.3 7485s
 23401550 5387453   17.09119   61  194          -   16.76126      -  77.3 7490s
 23415887 5388135   17.85417   67  189          -   16.76254      -  77.3 7495s
 23430274 5389423   17.77451   46  186          -   16.76403      -  77.3 7500s
 23445099 5390087 infeasible   80               -   16.76506      -  77.3 7505s
 23457323 5391038   17.46741   40  191          -   16.76632      -  77.4 7510s
 23471723 5392098   17.43582   50  190          -   16.76765      -  77.4 7515s
 23485868 5392919   18.00000   61   10          -   16.76923      -  77.4 7520s
 23500245 5393754     cutoff   45               -   16.76984      -  77.4 7525s
 23515504 5394787   17.41521   59  173          -   16.77148      -  77.4 7530s
 23527724 5395759   18.27653   51  170          -   16.77273      -  77.4 7535s
 23542524 5396842   17.82685   39  203          -   16.77392      -  77.4 7540s
 23556583 5398019     cutoff   59               -   16.77527      -  77.4 7545s
 23571320 5399234   17.46368   44  137          -   16.77688      -  77.4 7550s
 23582532 5398969 infeasible   46               -   16.77778      -  77.4 7555s
 23597275 5399135   17.85928   42  203          -   16.77778      -  77.4 7560s
 23611974 5400428   17.45631   37  232          -   16.77902      -  77.4 7565s
 23626254 5401577   18.02326   61   92          -   16.78049      -  77.4 7570s
 23641147 5402813   18.99579   44  185          -   16.78182      -  77.4 7575s
 23652714 5403530   17.48453   58  182          -   16.78287      -  77.5 7580s
 23667881 5404624     cutoff   58               -   16.78443      -  77.5 7585s
 23682046 5404907   18.25812   44  178          -   16.78571      -  77.5 7590s
 23695632 5405942   17.68959   50  172          -   16.78621      -  77.5 7595s
 23707454 5406882   17.91154   45  230          -   16.78741      -  77.5 7600s
 23722355 5407940     cutoff   55               -   16.78893      -  77.5 7605s
 23736573 5408775     cutoff   38               -   16.79011      -  77.5 7610s
 23749119 5409649   18.47119   39  206          -   16.79137      -  77.5 7615s
 23762978 5410411   17.55208   38  113          -   16.79245      -  77.5 7620s
 23777772 5411277   18.25241   54  198          -   16.79386      -  77.5 7625s
 23792069 5412375   18.03564   35  194          -   16.79524      -  77.5 7630s
 23804267 5413314   17.98962   49  225          -   16.79656      -  77.5 7635s
 23818857 5414473   18.00000   45   95          -   16.79814      -  77.5 7640s
 23834144 5415085   17.18381   43  216          -   16.79993      -  77.5 7645s
 23844716 5413509     cutoff   36               -   16.80000      -  77.6 7650s
 23856584 5412431     cutoff   55               -   16.80000      -  77.6 7655s
 23869188 5411737     cutoff   61               -   16.80000      -  77.6 7660s
 23881456 5411560   17.45195   32  200          -   16.80000      -  77.6 7665s
 23896819 5411899   17.92060   67  145          -   16.80000      -  77.6 7670s
 23911471 5412910   18.51333   40  214          -   16.80105      -  77.6 7675s
 23924150 5413937   17.55190   46  144          -   16.80257      -  77.6 7680s
 23938612 5414810   17.02134   40  200          -   16.80402      -  77.6 7685s
 23953705 5415771   17.00000   44    1          -   16.80556      -  77.6 7690s
 23968195 5416757     cutoff   50               -   16.80700      -  77.6 7695s
 23983271 5417723   16.87696   49  228          -   16.80833      -  77.6 7700s
 23994915 5418365   17.33333   34   57          -   16.80952      -  77.6 7705s
 24009721 5419586   17.78000   45  198          -   16.81079      -  77.7 7710s
 24023948 5420321   17.77733   40  156          -   16.81230      -  77.7 7715s
 24036181 5420860   18.19979   40  194          -   16.81273      -  77.7 7720s
 24050652 5421690   18.36883   45  197          -   16.81434      -  77.7 7725s
 24065650 5422612   17.95134   34  173          -   16.81579      -  77.7 7730s
 24079725 5423659   17.68879   46  188          -   16.81714      -  77.7 7735s
 24093556 5423558   18.40665   46  210          -   16.81818      -  77.7 7740s
 24106034 5424363   17.43737   37  196          -   16.81859      -  77.7 7745s
 24120443 5425539   17.21326   42  207          -   16.82013      -  77.7 7750s
 24134829 5426374   17.37910   42  219          -   16.82143      -  77.7 7755s
 24147541 5427345   17.95602   60  149          -   16.82276      -  77.7 7760s
 24162326 5428011     cutoff   36               -   16.82389      -  77.7 7765s
 24174965 5428826   17.64405   62  179          -   16.82511      -  77.7 7770s
 24189389 5429847   17.87793   58  129          -   16.82639      -  77.8 7775s
 24204316 5430785   17.30090   41  184          -   16.82784      -  77.8 7780s
 24218251 5431721   17.49064   42  162          -   16.82927      -  77.8 7785s
 24230491 5432548   17.67331   39  195          -   16.83049      -  77.8 7790s
 24244958 5433636 infeasible   32               -   16.83203      -  77.8 7795s
 24256496 5433071 infeasible   69               -   16.83333      -  77.8 7800s
 24267556 5431400   19.00000   53    1          -   16.83333      -  77.8 7805s
 24279941 5430558   17.53415   51  131          -   16.83333      -  77.8 7810s
 24292761 5430191 infeasible   42               -   16.83333      -  77.8 7815s
 24307871 5430296   17.85752   37  201          -   16.83333      -  77.8 7820s
 24322995 5431055   17.45508   39  161          -   16.83333      -  77.8 7825s
 24335612 5432111   17.28759   44  189          -   16.83467      -  77.8 7830s
 24350470 5433020     cutoff   37               -   16.83628      -  77.9 7835s
 24364962 5434086   17.61578   42  189          -   16.83778      -  77.9 7840s
 24377580 5434981     cutoff   69               -   16.83881      -  77.9 7845s
 24391715 5435851   17.66228   43  202          -   16.84023      -  77.9 7850s
 24406473 5436888   17.00000   39   16          -   16.84173      -  77.9 7855s
 24418537 5437315   17.83013   49  184          -   16.84267      -  77.9 7860s
 24433574 5438247   17.29188   39  204          -   16.84408      -  77.9 7865s
 24445131 5439099     cutoff   38               -   16.84518      -  77.9 7870s
 24459619 5439175     cutoff   38               -   16.84615      -  77.9 7875s
 24471596 5440056 infeasible   54               -   16.84694      -  77.9 7880s
 24486279 5441202     cutoff   70               -   16.84848      -  77.9 7885s
 24498515 5442004   17.20018   50  132          -   16.84967      -  77.9 7890s
 24513518 5442514   17.72354   39  122          -   16.85065      -  77.9 7895s
 24527881 5443379   17.56195   44  150          -   16.85204      -  77.9 7900s
 24542104 5444147   18.45000   38  123          -   16.85343      -  78.0 7905s
 24554878 5445019   18.50000   63   30          -   16.85465      -  78.0 7910s
 24569328 5446013   17.95836   44  163          -   16.85612      -  78.0 7915s
 24582793 5445048   17.49580   48  107          -   16.85714      -  78.0 7920s
 24594788 5444403   18.78571   36  108          -   16.85714      -  78.0 7925s
 24607621 5444356   18.47462   49  169          -   16.85714      -  78.0 7930s
 24621794 5445434     cutoff   43               -   16.85802      -  78.0 7935s
 24635338 5446378 infeasible   55               -   16.85960      -  78.0 7940s
 24648060 5447448   17.04443   37  187          -   16.86076      -  78.0 7945s
 24662289 5448248 infeasible   41               -   16.86207      -  78.0 7950s
 24674791 5449069     cutoff   52               -   16.86317      -  78.0 7955s
 24688750 5449574   17.73238   39  165          -   16.86433      -  78.0 7960s
 24701406 5450349   18.02576   35  146          -   16.86548      -  78.0 7965s
 24715922 5450638 infeasible   48               -   16.86667      -  78.0 7970s
 24727733 5451384   18.05446   31  214          -   16.86746      -  78.1 7975s
 24742339 5452242   17.76151   44  168          -   16.86890      -  78.1 7980s
 24754902 5452900 infeasible   51               -   16.86998      -  78.1 7985s
 24769770 5453883   17.12936   39  220          -   16.87139      -  78.1 7990s
 24781789 5454668   17.69935   43  199          -   16.87252      -  78.1 7995s
 24796704 5455721   18.55405   42  105          -   16.87415      -  78.1 8000s
 24807311 5454866     cutoff   39               -   16.87500      -  78.1 8005s
 24819617 5454153     cutoff   45               -   16.87500      -  78.1 8010s
 24832018 5454102   17.50000   44   23          -   16.87500      -  78.1 8015s
 24847651 5454980   17.54212   42  141          -   16.87567      -  78.1 8020s
 24861715 5455767   18.60517   50  187          -   16.87722      -  78.1 8025s
 24873969 5456414   17.26226   62  192          -   16.87838      -  78.1 8030s
 24888531 5457245   18.29884   49  160          -   16.87975      -  78.1 8035s
 24903044 5458201 infeasible   60               -   16.88095      -  78.2 8040s
 24914681 5458778   17.35721   57  194          -   16.88219      -  78.2 8045s
 24929642 5459494   17.40460   36  193          -   16.88316      -  78.2 8050s
 24941567 5460130   17.30034   53  149          -   16.88442      -  78.2 8055s
 24953912 5460734   17.06931   39  169          -   16.88542      -  78.2 8060s
 24968187 5461572   17.35617   42  217          -   16.88676      -  78.2 8065s
 24980243 5462381   18.76266   40  163          -   16.88804      -  78.2 8070s
 24993753 5461532 infeasible   38               -   16.88889      -  78.2 8075s
 25006440 5461340   17.59073   61  155          -   16.88889      -  78.2 8080s
 25018548 5462146     cutoff   36               -   16.88962      -  78.2 8085s
 25033440 5462936 infeasible   42               -   16.89121      -  78.2 8090s
 25047621 5463666   17.31603   44  187          -   16.89261      -  78.2 8095s
 25059819 5464323   18.85893   48  189          -   16.89370      -  78.2 8100s
 25073975 5464896   18.17214   47  227          -   16.89474      -  78.2 8105s
 25086375 5465483   18.36378   43  199          -   16.89595      -  78.3 8110s
 25100541 5466207   17.29551   41  191          -   16.89732      -  78.3 8115s
 25112867 5467051   17.75360   67  227          -   16.89847      -  78.3 8120s
 25126986 5467098 infeasible   37               -   16.90000      -  78.3 8125s
 25138762 5466421   18.63764   49  184          -   16.90000      -  78.3 8130s
 25153545 5466884     cutoff   51               -   16.90005      -  78.3 8135s
 25165519 5467598 infeasible   43               -   16.90142      -  78.3 8140s
 25180066 5468370 infeasible   58               -   16.90278      -  78.3 8145s
 25192502 5469157   18.12500   52  152          -   16.90394      -  78.3 8150s
 25204430 5469529   17.26726   57  182          -   16.90482      -  78.3 8155s
 25219306 5470417   18.10000   38  146          -   16.90625      -  78.3 8160s
 25231144 5471085   17.49123   48  181          -   16.90747      -  78.3 8165s
 25245447 5471096   17.82546   37  215          -   16.90909      -  78.3 8170s
 25257176 5470886   17.91538   54  156          -   16.90909      -  78.4 8175s
 25269191 5471515   18.20833   46  201          -   16.91017      -  78.4 8180s
 25283336 5472108   17.84876   63  147          -   16.91168      -  78.4 8185s
 25295708 5472692     cutoff   48               -   16.91278      -  78.4 8190s
 25310100 5473594   18.16667   67   71          -   16.91398      -  78.4 8195s
 25322171 5474249   18.86298   36  238          -   16.91512      -  78.4 8200s
 25336251 5474484 infeasible   65               -   16.91667      -  78.4 8205s
 25346103 5473936     cutoff   76               -   16.91667      -  78.4 8210s
 25361535 5474687   18.65723   50  219          -   16.91736      -  78.4 8215s
 25375912 5475541   18.00335   48  184          -   16.91892      -  78.4 8220s
 25387344 5475917     cutoff   44               -   16.92000      -  78.4 8225s
 25402470 5476642   17.15631   42  186          -   16.92119      -  78.4 8230s
 25414375 5477256 infeasible   55               -   16.92237      -  78.4 8235s
 25428899 5477038     cutoff   83               -   16.92308      -  78.4 8240s
 25443438 5477712   17.30492   43  203          -   16.92428      -  78.5 8245s
 25455667 5478426   18.61502   50  184          -   16.92549      -  78.5 8250s
 25469983 5479052   18.00000   42   32          -   16.92683      -  78.5 8255s
 25482722 5479777     cutoff   54               -   16.92814      -  78.5 8260s
 25497118 5479361   18.79698   43  163          -   16.92857      -  78.5 8265s
 25508598 5480020     cutoff   57               -   16.92958      -  78.5 8270s
 25520600 5480486   17.85954   47  164          -   16.93078      -  78.5 8275s
 25534962 5481199   18.21121   39  206          -   16.93202      -  78.5 8280s
 25547262 5481433 infeasible   77               -   16.93333      -  78.5 8285s
 25561157 5481806   17.34564   44  206          -   16.93378      -  78.5 8290s
 25573425 5482569   17.03991   38  149          -   16.93500      -  78.5 8295s
 25587890 5483253   18.33333   58   64          -   16.93642      -  78.5 8300s
 25599513 5483181   17.75000   49  129          -   16.93750      -  78.5 8305s
 25613929 5483718     cutoff   41               -   16.93827      -  78.6 8310s
 25626196 5484322   17.90785   40  156          -   16.93939      -  78.6 8315s
 25639947 5484939     cutoff   37               -   16.94059      -  78.6 8320s
 25653687 5485234   17.38203   41  215          -   16.94156      -  78.6 8325s
 25665402 5485768   17.91520   51  181          -   16.94281      -  78.6 8330s
 25680520 5486233   17.25317   34  186          -   16.94424      -  78.6 8335s
 25692053 5486333   17.28064   44  205          -   16.94459      -  78.6 8340s
 25706393 5486985   18.16751   46  156          -   16.94602      -  78.6 8345s
 25720879 5487386   18.23747   38  216          -   16.94737      -  78.6 8350s
 25733309 5488023   17.87681   55  208          -   16.94830      -  78.6 8355s
 25747708 5488564     cutoff   55               -   16.94974      -  78.6 8360s
 25759417 5488639   18.18443   36  176          -   16.95040      -  78.6 8365s
 25773625 5489388     cutoff   47               -   16.95184      -  78.6 8370s
 25785726 5489726   18.79132   49  233          -   16.95268      -  78.6 8375s
 25800599 5490504   17.24859   35  145          -   16.95402      -  78.7 8380s
 25812716 5490852     cutoff   56               -   16.95484      -  78.7 8385s
 25827145 5491411   18.61894   38  172          -   16.95631      -  78.7 8390s
 25839094 5491810     cutoff   35               -   16.95726      -  78.7 8395s
 25853697 5492173   17.24876   51  160          -   16.95833      -  78.7 8400s
 25865472 5492708   17.90000   37  121          -   16.95947      -  78.7 8405s
 25880059 5493104   18.20721   40  130          -   16.96069      -  78.7 8410s
 25892025 5493440   17.56034   36  230          -   16.96154      -  78.7 8415s
 25904253 5493926 infeasible   45               -   16.96284      -  78.7 8420s
 25918382 5494265     cutoff   33               -   16.96414      -  78.7 8425s
 25930569 5494827   18.21630   44  173          -   16.96512      -  78.7 8430s
 25945046 5495472   18.13350   45  179          -   16.96649      -  78.7 8435s
 25957511 5495950   18.32516   39  191          -   16.96753      -  78.7 8440s
 25971550 5496462     cutoff   47               -   16.96875      -  78.7 8445s
 25983995 5497008   17.47039   39  150          -   16.96971      -  78.8 8450s
 25996152 5497626   17.04677   38  159          -   16.97085      -  78.8 8455s
 26010738 5497884     cutoff   66               -   16.97222      -  78.8 8460s
 26022293 5498391     cutoff   46               -   16.97330      -  78.8 8465s
 26034854 5498765     cutoff   62               -   16.97438      -  78.8 8470s
 26049348 5499315     cutoff   62               -   16.97572      -  78.8 8475s
 26061611 5499816 infeasible   34               -   16.97685      -  78.8 8480s
 26073447 5500067 infeasible   41               -   16.97803      -  78.8 8485s
 26088294 5500817   17.80689   56  175          -   16.97931      -  78.8 8490s
 26099543 5501238   17.60282   42  166          -   16.98039      -  78.8 8495s
 26112284 5501725   18.41892   63  168          -   16.98156      -  78.8 8500s
 26127287 5502322     cutoff   44               -   16.98297      -  78.8 8505s
 26138769 5502723   18.22082   38  160          -   16.98413      -  78.8 8510s
 26153702 5503299   17.97906   32  156          -   16.98558      -  78.9 8515s
 26165575 5503727   17.74224   43  203          -   16.98668      -  78.9 8520s
 26177704 5504092   17.86942   39  158          -   16.98795      -  78.9 8525s
 26192057 5504728 infeasible   46               -   16.98938      -  78.9 8530s
 26204419 5505365   18.00000   42   31          -   16.99065      -  78.9 8535s
 26218818 5505936   18.11095   38  190          -   16.99220      -  78.9 8540s
 26232984 5506531 infeasible   43               -   16.99383      -  78.9 8545s
 26247128 5507194   17.12500   57   60          -   16.99544      -  78.9 8550s
 26259593 5507887   17.02231   39  145          -   16.99691      -  78.9 8555s
 26271158 5508571     cutoff   49               -   16.99855      -  78.9 8560s
 26284671 5506417     cutoff   57               -   17.00000      -  78.9 8565s
 26293051 5502949 infeasible   71               -   17.00000      -  78.9 8570s
 26304584 5496412 infeasible   68               -   17.00000      -  79.0 8576s
 26311739 5491959   18.74662   37  160          -   17.00000      -  79.0 8580s
 26321228 5486332     cutoff   58               -   17.00000      -  79.0 8585s
 26330987 5480371     cutoff   72               -   17.00000      -  79.0 8590s
 26341174 5474041     cutoff   44               -   17.00000      -  79.0 8595s
 26351176 5467618 infeasible   58               -   17.00000      -  79.0 8600s
 26361664 5461270     cutoff   41               -   17.00000      -  79.0 8605s
 26372000 5455207     cutoff   38               -   17.00000      -  79.0 8610s
 26382103 5449191     cutoff   65               -   17.00000      -  79.0 8616s
 26391999 5443278 infeasible   58               -   17.00000      -  79.1 8621s
 26402031 5438584 infeasible   47               -   17.00000      -  79.1 8626s
 26409515 5435036     cutoff   52               -   17.00000      -  79.1 8630s
 26419280 5430350     cutoff   36               -   17.00000      -  79.1 8635s
 26429236 5425715     cutoff   49               -   17.00000      -  79.1 8640s
 26439340 5421365     cutoff   42               -   17.00000      -  79.1 8645s
 26446933 5418276 infeasible   47               -   17.00000      -  79.1 8650s
 26456877 5415407     cutoff   42               -   17.00000      -  79.1 8656s
 26457539 5414953   18.44444   48  119          -   17.00000      -  79.1 8660s
 26463057 5412713   18.69631   62  184          -   17.00000      -  79.2 8665s
 26474386 5409179   18.00000   45    9          -   17.00000      -  79.2 8671s
 26482868 5406669 infeasible   56               -   17.00000      -  79.2 8675s
 26493694 5403624     cutoff   48               -   17.00000      -  79.2 8680s
 26504125 5400883     cutoff   58               -   17.00000      -  79.2 8685s
 26516426 5397557     cutoff   44               -   17.00000      -  79.2 8690s
 26526260 5395419   18.14815   33   87          -   17.00000      -  79.2 8695s
 26538732 5392753     cutoff   40               -   17.00000      -  79.2 8700s
 26548476 5390705 infeasible   46               -   17.00000      -  79.3 8705s
 26560365 5388003   17.36951   59  197          -   17.00000      -  79.3 8710s
 26570292 5385982   17.00000   40   55          -   17.00000      -  79.3 8715s
 26580079 5384002     cutoff   60               -   17.00000      -  79.3 8720s
 26592409 5381661     cutoff   45               -   17.00000      -  79.3 8726s
 26602352 5380021 infeasible   62               -   17.00000      -  79.3 8730s
 26612399 5378349   17.75817   40  203          -   17.00000      -  79.3 8735s
 26624888 5376367   18.26531   47  144          -   17.00000      -  79.3 8740s
 26634795 5374968   18.61743   36  199          -   17.00000      -  79.3 8745s
 26647226 5373149     cutoff   37               -   17.00000      -  79.4 8750s
 26659691 5371564   17.57971   42  144          -   17.00000      -  79.4 8755s
 26669414 5370367   18.42900   39  151          -   17.00000      -  79.4 8760s
 26681930 5368897 infeasible   62               -   17.00000      -  79.4 8765s
 26693930 5367373   18.53901   43  148          -   17.00000      -  79.4 8770s
 26704190 5366402 infeasible   43               -   17.00000      -  79.4 8775s
 26716417 5365143   18.47654   40  152          -   17.00000      -  79.4 8780s
 26728827 5364077   18.57001   37  199          -   17.00000      -  79.4 8785s
 26738908 5363237 infeasible   69               -   17.00000      -  79.4 8790s
 26751307 5362358 infeasible   63               -   17.00000      -  79.4 8795s
 26763843 5361620 infeasible   54               -   17.00000      -  79.4 8800s
 26776356 5360973     cutoff   38               -   17.00000      -  79.5 8805s
 26788756 5360367   17.99818   40  186          -   17.00000      -  79.5 8810s
 26803535 5359764   17.69491   50  181          -   17.00000      -  79.5 8815s
 26816109 5359245   18.40171   37  175          -   17.00000      -  79.5 8820s
 26828364 5358904     cutoff   61               -   17.00000      -  79.5 8825s
 26840306 5358728   17.14899   47  154          -   17.00000      -  79.5 8830s
 26853182 5358597     cutoff   43               -   17.00000      -  79.5 8835s
 26867257 5358620   17.67137   46  180          -   17.00000      -  79.5 8840s
 26879578 5358879   18.32287   49  214          -   17.00000      -  79.5 8845s
 26891629 5359082   17.84048   59  179          -   17.00000      -  79.5 8850s
 26904213 5359563   18.15730   44  202          -   17.00019      -  79.5 8855s
 26915866 5360182 infeasible   57               -   17.00212      -  79.5 8860s
 26931028 5360829   18.59404   37  167          -   17.00429      -  79.5 8865s
 26942756 5361307   18.35034   55  228          -   17.00595      -  79.5 8870s
 26957411 5362007 infeasible   45               -   17.00769      -  79.5 8875s
 26969176 5362485   18.01878   55  172          -   17.00909      -  79.5 8880s
 26981073 5362875   17.74004   40  189          -   17.01065      -  79.6 8885s
 26995321 5363421   18.26937   39  231          -   17.01240      -  79.6 8890s
 27007817 5363926 infeasible   68               -   17.01382      -  79.6 8895s
 27021933 5364502   17.41929   47  190          -   17.01550      -  79.6 8900s
 27034629 5364854     cutoff   60               -   17.01700      -  79.6 8905s
 27046088 5365322 infeasible   52               -   17.01826      -  79.6 8910s
 27058699 5365842   17.85234   46  210          -   17.01968      -  79.6 8915s
 27073248 5366404   17.32993   39  131          -   17.02130      -  79.6 8920s
 27085808 5366883   17.33344   36  126          -   17.02273      -  79.6 8925s
 27098061 5367447   18.44810   37  227          -   17.02408      -  79.6 8930s
 27109916 5367847     cutoff   40               -   17.02538      -  79.6 8935s
 27122156 5368254   17.44444   52   98          -   17.02678      -  79.6 8940s
 27136068 5368621   18.86862   43  169          -   17.02827      -  79.6 8945s
 27148571 5368970     cutoff   75               -   17.02950      -  79.6 8950s
 27160307 5369336 infeasible   33               -   17.03090      -  79.6 8955s
 27172941 5369885     cutoff   57               -   17.03226      -  79.6 8960s
 27187052 5370295   18.29422   58  184          -   17.03366      -  79.7 8965s
 27201554 5370781   17.13942   35  188          -   17.03529      -  79.7 8970s
 27213661 5371184   17.91579   43  119          -   17.03646      -  79.7 8975s
 27228731 5371682     cutoff   65               -   17.03804      -  79.7 8980s
 27240615 5372051   18.60000   49   58          -   17.03922      -  79.7 8985s
 27253094 5372425 infeasible   48               -   17.04047      -  79.7 8990s
 27267098 5372540   18.45234   36  190          -   17.04171      -  79.7 8995s
 27279639 5373055   18.27747   51  195          -   17.04324      -  79.7 9000s
 27294302 5373639   17.78930   42  202          -   17.04462      -  79.7 9005s
 27306598 5373898     cutoff   44               -   17.04573      -  79.7 9010s
 27318526 5374320   18.34267   56  183          -   17.04709      -  79.7 9015s
 27333667 5374770   18.26205   39  195          -   17.04851      -  79.7 9020s
 27347655 5374947   18.26071   46  180          -   17.05000      -  79.7 9025s
 27359846 5375265   18.56050   39  194          -   17.05094      -  79.7 9030s
 27371262 5375475   17.68421   51  137          -   17.05228      -  79.7 9035s
 27384060 5375893   18.31835   70  153          -   17.05341      -  79.8 9040s
 27398113 5376317   18.04922   39  237          -   17.05497      -  79.8 9045s
 27407760 5376207   18.47006   45  134          -   17.05556      -  79.8 9050s
 27419959 5376568   18.24274   36  195          -   17.05684      -  79.8 9055s
 27434941 5376946     cutoff   49               -   17.05833      -  79.8 9060s
 27446752 5376880   17.73297   45  146          -   17.05932      -  79.8 9065s
 27458872 5377177     cutoff   63               -   17.06061      -  79.8 9070s
 27471220 5377756   17.46781   50  196          -   17.06202      -  79.8 9075s
 27485351 5377630 infeasible   39               -   17.06302      -  79.8 9080s
 27499908 5378219 infeasible   51               -   17.06452      -  79.8 9085s
 27512164 5378516     cutoff   40               -   17.06579      -  79.8 9090s
 27524178 5378378     cutoff   40               -   17.06667      -  79.8 9095s
 27536681 5378744   18.35643   53  211          -   17.06802      -  79.8 9100s
 27550915 5379185   17.76283   35  136          -   17.06949      -  79.8 9105s
 27563382 5379577   17.86288   55  207          -   17.07088      -  79.8 9110s
 27575953 5379250 infeasible   57               -   17.07143      -  79.8 9115s
 27587936 5379631     cutoff   46               -   17.07273      -  79.9 9120s
 27602874 5379970 infeasible   58               -   17.07407      -  79.9 9125s
 27614756 5380195   18.13004   41  240          -   17.07543      -  79.9 9130s
 27627264 5380320   17.64745   69  123          -   17.07688      -  79.9 9135s
 27641688 5380417 infeasible   43               -   17.07765      -  79.9 9140s
 27653905 5380864 infeasible   48               -   17.07895      -  79.9 9145s
 27665116 5380912     cutoff   40               -   17.08000      -  79.9 9150s
 27678106 5381149   17.70281   46  179          -   17.08132      -  79.9 9155s
 27678302 5381179   18.36464   49  203          -   17.08151      -  79.9 9160s
 27678463 5381201     cutoff   49               -   17.08163      -  79.9 9165s
 27678648 5381234 infeasible   68               -   17.08178      -  79.9 9170s
 27679526 5381310     cutoff   58               -   17.08190      -  79.9 9175s
 27683472 5381448   18.14695   38  184          -   17.08215      -  79.9 9181s
 27694316 5380448     cutoff   66               -   17.08333      -  79.9 9185s
 27708861 5380446   18.30182   58  154          -   17.08400      -  79.9 9191s
 27720928 5380574   17.97952   50  208          -   17.08537      -  79.9 9195s
 27730699 5380635   18.20065   43  172          -   17.08643      -  79.9 9200s
 27744872 5380815   18.79138   52  137          -   17.08780      -  79.9 9205s
 27757241 5381038   17.55921   36  198          -   17.08902      -  79.9 9210s
 27769575 5381397   17.62393   43  234          -   17.09037      -  79.9 9215s
 27781817 5380849   18.25402   46  166          -   17.09091      -  80.0 9220s
 27796530 5381306 infeasible   43               -   17.09231      -  80.0 9225s
 27808604 5381521   18.01911   33  231          -   17.09358      -  80.0 9230s
 27820442 5381682     cutoff   59               -   17.09467      -  80.0 9235s
 27833158 5381931 infeasible   42               -   17.09577      -  80.0 9240s
 27847058 5382132   18.42169   38  122          -   17.09722      -  80.0 9245s
 27859575 5382401 infeasible   44               -   17.09848      -  80.0 9250s
 27871997 5382358     cutoff   35               -   17.09996      -  80.0 9255s
 27884714 5381614 infeasible   46               -   17.10000      -  80.0 9260s
 27897353 5381978   17.24481   43  185          -   17.10086      -  80.0 9265s
 27909034 5382228     cutoff   40               -   17.10204      -  80.0 9270s
 27920868 5382329   18.06400   53  130          -   17.10334      -  80.0 9275s
 27932803 5382514   18.00000   73   22          -   17.10451      -  80.0 9280s
 27945196 5382442   17.41168   42  126          -   17.10560      -  80.0 9285s
 27959480 5382702   18.62987   52   96          -   17.10714      -  80.0 9290s
 27971905 5382864   18.17745   37  206          -   17.10811      -  80.1 9295s
 27986304 5383166   18.13681   41  201          -   17.10955      -  80.1 9300s
 27997827 5383361     cutoff   52               -   17.11083      -  80.1 9305s
 28009113 5382154     cutoff   39               -   17.11111      -  80.1 9310s
 28024456 5382337   17.80898   34  183          -   17.11176      -  80.1 9315s
 28036639 5382539 infeasible   55               -   17.11304      -  80.1 9320s
 28047975 5382664   17.90316   52  199          -   17.11424      -  80.1 9325s
 28060620 5382695   18.10343   38  138          -   17.11538      -  80.1 9330s
 28073166 5382827     cutoff   61               -   17.11667      -  80.1 9335s
 28085103 5382754     cutoff   68               -   17.11765      -  80.1 9340s
 28097648 5382814     cutoff   42               -   17.11900      -  80.1 9345s
 28109509 5382964     cutoff   49               -   17.12000      -  80.1 9350s
 28121462 5382992     cutoff   46               -   17.12121      -  80.1 9355s
 28135854 5383057   18.84580   48  219          -   17.12278      -  80.1 9360s
 28148056 5383313 infeasible   54               -   17.12412      -  80.1 9365s
 28161881 5381533   18.34466   55  140          -   17.12500      -  80.2 9370s
 28171867 5380721     cutoff   69               -   17.12500      -  80.2 9375s
 28185346 5380649   18.00000   39   12          -   17.12515      -  80.2 9380s
 28197348 5380934   18.32817   44  241          -   17.12658      -  80.2 9385s
 28209551 5380933   18.34352   61  216          -   17.12791      -  80.2 9390s
 28221543 5381130 infeasible   87               -   17.12903      -  80.2 9395s
 28233386 5381145   18.66165   39  183          -   17.13033      -  80.2 9401s
 28245049 5381255   18.20122   42  164          -   17.13143      -  80.2 9405s
 28257251 5381552     cutoff   43               -   17.13265      -  80.2 9410s
 28266997 5381094     cutoff   51               -   17.13333      -  80.2 9415s
 28278649 5381236   18.60699   39  183          -   17.13431      -  80.2 9420s
 28291083 5381460 infeasible   44               -   17.13551      -  80.2 9425s
 28303083 5381185     cutoff   64               -   17.13649      -  80.2 9430s
 28315937 5381298 infeasible   48               -   17.13793      -  80.2 9435s
 28327665 5381323 infeasible   53               -   17.13889      -  80.2 9440s
 28340053 5381321   17.67432   39  193          -   17.14019      -  80.2 9445s
 28351857 5381505   18.30037   35  142          -   17.14141      -  80.3 9450s
 28363573 5380777 infeasible   33               -   17.14286      -  80.3 9455s
 28375315 5379228   17.86311   42  181          -   17.14286      -  80.3 9460s
 28387973 5378903 infeasible   47               -   17.14286      -  80.3 9465s
 28400142 5379083   18.08859   43  194          -   17.14417      -  80.3 9470s
 28412084 5379254   18.23684   38  170          -   17.14545      -  80.3 9475s
 28423796 5379372   17.66077   36  173          -   17.14658      -  80.3 9480s
 28436133 5379366     cutoff   39               -   17.14781      -  80.3 9485s
 28450419 5379279   18.03372   40  270          -   17.14914      -  80.3 9490s
 28462749 5378957     cutoff   37               -   17.15000      -  80.3 9495s
 28475018 5378959 infeasible   37               -   17.15141      -  80.3 9500s
 28487024 5379015   17.33372   43  192          -   17.15260      -  80.3 9505s
 28498943 5378528   17.25926   58  137          -   17.15385      -  80.3 9510s
 28510930 5378496   18.19190   45  163          -   17.15441      -  80.3 9515s
 28523712 5378625     cutoff   54               -   17.15577      -  80.4 9520s
 28537912 5378720     cutoff   43               -   17.15714      -  80.4 9525s
 28549733 5378553   18.75597   39  181          -   17.15799      -  80.4 9530s
 28561806 5378605     cutoff   61               -   17.15936      -  80.4 9535s
 28573571 5378482     cutoff   54               -   17.16045      -  80.4 9540s
 28588282 5378449   18.56911   42  152          -   17.16191      -  80.4 9545s
 28600048 5378569 infeasible   43               -   17.16306      -  80.4 9550s
 28614271 5378644     cutoff   42               -   17.16463      -  80.4 9555s
 28626475 5378937   18.49910   53  187          -   17.16603      -  80.4 9560s
 28637176 5376291     cutoff   38               -   17.16667      -  80.4 9565s
 28646526 5374595   18.75179   45  164          -   17.16667      -  80.4 9570s
 28659293 5372973     cutoff   58               -   17.16667      -  80.4 9576s
 28669509 5372216 infeasible   44               -   17.16667      -  80.4 9580s
 28682621 5371788   18.58824   44  124          -   17.16667      -  80.4 9585s
 28696576 5371965   18.15243   46  148          -   17.16802      -  80.5 9590s
 28708537 5371988     cutoff   70               -   17.16935      -  80.5 9595s
 28720355 5371972   18.04769   37  187          -   17.17049      -  80.5 9600s
 28732366 5372024     cutoff   38               -   17.17166      -  80.5 9605s
 28743800 5371815   17.48541   41  166          -   17.17277      -  80.5 9610s
 28756427 5371757     cutoff   46               -   17.17391      -  80.5 9615s
 28770490 5371841 infeasible   44               -   17.17526      -  80.5 9620s
 28782431 5371713     cutoff   60               -   17.17647      -  80.5 9625s
 28794345 5371676   17.46916   41  173          -   17.17735      -  80.5 9630s
 28806339 5371494   19.08396   40  151          -   17.17857      -  80.5 9635s
 28816067 5371491   18.57870   50  122          -   17.17949      -  80.5 9640s
 28830216 5371621     cutoff   60               -   17.18098      -  80.5 9645s
 28842073 5370611 infeasible   61               -   17.18182      -  80.5 9650s
 28853957 5370540   17.87727   72  137          -   17.18246      -  80.5 9655s
 28866333 5370586   17.65684   50  181          -   17.18367      -  80.5 9660s
 28878017 5370466   18.54099   38  170          -   17.18485      -  80.6 9665s
 28890849 5370402     cutoff   47               -   17.18605      -  80.6 9670s
 28903382 5370164     cutoff   41               -   17.18740      -  80.6 9675s
 28915345 5369733     cutoff   45               -   17.18776      -  80.6 9680s
 28926996 5369807   18.66390   37  210          -   17.18902      -  80.6 9685s
 28939088 5369589   18.29426   53  143          -   17.19024      -  80.6 9690s
 28952762 5369471   17.51706   30  220          -   17.19149      -  80.6 9695s
 28964914 5369190   17.60766   54  209          -   17.19245      -  80.6 9700s
 28977074 5369136     cutoff   54               -   17.19364      -  80.6 9705s
 28989410 5368939   18.65124   36  192          -   17.19486      -  80.6 9710s
 29001506 5368934   17.25304   48  159          -   17.19608      -  80.6 9715s
 29012964 5368890   18.33597   45  186          -   17.19727      -  80.6 9720s
 29025407 5368922   17.79424   46  200          -   17.19868      -  80.6 9725s
 29037472 5367355   17.62903   73  172          -   17.20000      -  80.6 9730s
 29046625 5365413     cutoff   61               -   17.20000      -  80.6 9735s
 29058775 5363573 infeasible   36               -   17.20000      -  80.7 9740s
 29068893 5362548 infeasible   51               -   17.20000      -  80.7 9745s
 29081957 5361996   18.15002   40  190          -   17.20000      -  80.7 9750s
 29094050 5362158     cutoff   60               -   17.20096      -  80.7 9755s
 29106806 5362151 infeasible   45               -   17.20237      -  80.7 9760s
 29118758 5361897     cutoff   37               -   17.20360      -  80.7 9765s
 29131206 5361623   18.23549   46  150          -   17.20482      -  80.7 9770s
 29143204 5361254   17.58841   39  180          -   17.20597      -  80.7 9775s
 29155038 5361067   18.46782   45  209          -   17.20712      -  80.7 9780s
 29167175 5360578     cutoff   40               -   17.20833      -  80.7 9785s
 29179205 5360347   18.63254   44  206          -   17.20948      -  80.7 9790s
 29190920 5360048   18.31752   47  149          -   17.21053      -  80.7 9795s
 29203749 5359822   17.66210   48  116          -   17.21162      -  80.7 9800s
 29215511 5359779   18.41406   35  100          -   17.21277      -  80.7 9805s
 29228021 5359572   17.95376   43  195          -   17.21407      -  80.8 9810s
 29239895 5358698   17.41546   48  178          -   17.21429      -  80.8 9815s
 29251573 5358601   18.20393   41  164          -   17.21560      -  80.8 9820s
 29264066 5358537   17.75661   38  195          -   17.21678      -  80.8 9825s
 29273705 5358241 infeasible   39               -   17.21765      -  80.8 9830s
 29286177 5358135   18.26531   65  148          -   17.21875      -  80.8 9835s
 29298133 5358030   17.29184   46  152          -   17.22000      -  80.8 9840s
 29310290 5357723 infeasible   44               -   17.22133      -  80.8 9845s
 29319884 5356185 infeasible   66               -   17.22222      -  80.8 9850s
 29332584 5355113   18.44952   60  146          -   17.22222      -  80.8 9855s
 29344835 5355092   18.48433   42  231          -   17.22330      -  80.8 9860s
 29352198 5354964   17.74536   41  195          -   17.22417      -  80.8 9865s
 29352401 5354996   17.82059   48  173          -   17.22436      -  80.8 9870s
 29352554 5355008   17.51068   58  167          -   17.22449      -  80.8 9876s
 29352689 5355017   17.61196   46  227          -   17.22449      -  80.8 9880s
 29352757 5355033   17.50000   50   21          -   17.22456      -  80.8 9885s
 29352830 5355046   17.55434   49  174          -   17.22460      -  80.8 9890s
 29352906 5355059   17.50000   43   89          -   17.22465      -  80.8 9896s
 29352986 5355071     cutoff   56               -   17.22472      -  80.8 9903s
 29353023 5355068     cutoff   50               -   17.22472      -  80.8 9906s
 29353105 5355078   17.41189   33  222          -   17.22479      -  80.8 9915s
 29353192 5355088 infeasible   40               -   17.22485      -  80.8 9922s
 29353229 5355087   18.46641   53  176          -   17.22489      -  80.8 9927s
 29353275 5355081     cutoff   42               -   17.22492      -  80.8 9937s
 29353323 5355068   19.00000   46   50          -   17.22497      -  80.8 9941s
 29353429 5355052     cutoff   42               -   17.22500      -  80.8 9946s
 29353688 5355032   18.16170   42  124          -   17.22500      -  80.8 9961s
 29353837 5355056     cutoff   43               -   17.22500      -  80.8 9973s
 29354108 5355070   18.51691   48  198          -   17.22500      -  80.8 9977s
 29354722 5355073   18.78561   49  175          -   17.22500      -  80.8 9982s
 29356316 5354951   18.25424   39  181          -   17.22502      -  80.8 9991s
 29362423 5354765   17.40816   38  144          -   17.22524      -  80.8 9998s
 29366317 5354694   17.74358   44  191          -   17.22547      -  80.8 10001s
 29378613 5354199   17.90543   42  214          -   17.22724      -  80.8 10005s
 29391031 5353921   17.40425   50  162          -   17.22839      -  80.8 10010s
 29402863 5353513   17.78368   42  144          -   17.22951      -  80.9 10015s
 29415025 5352520 infeasible   47               -   17.23077      -  80.9 10020s
 29424122 5352231   17.75358   47  207          -   17.23104      -  80.9 10025s
 29436531 5351863     cutoff   61               -   17.23239      -  80.9 10030s
 29446195 5351443   18.17309   42  161          -   17.23333      -  80.9 10035s
 29458611 5351113 infeasible   40               -   17.23458      -  80.9 10040s
 29468249 5350394   17.56570   46  186          -   17.23529      -  80.9 10045s
 29481839 5349907     cutoff   45               -   17.23684      -  80.9 10050s
 29494665 5349342     cutoff   45               -   17.23810      -  80.9 10055s
 29504448 5349194     cutoff   42               -   17.23881      -  80.9 10060s
 29518723 5348693   18.24212   45  209          -   17.24004      -  80.9 10066s
 29528850 5348433     cutoff   46               -   17.24119      -  80.9 10070s
 29541256 5348289   17.69749   55  197          -   17.24235      -  80.9 10075s
 29552991 5348129 infeasible   39               -   17.24340      -  80.9 10080s
 29565361 5347754   17.54192   58  118          -   17.24460      -  80.9 10085s
 29577849 5347509   18.51536   40  149          -   17.24590      -  81.0 10090s
 29589837 5347274   18.71201   37  207          -   17.24719      -  81.0 10095s
 29602030 5347154   17.87864   37  191          -   17.24869      -  81.0 10100s
 29613988 5344130     cutoff   61               -   17.25000      -  81.0 10105s
 29622669 5340888     cutoff   69               -   17.25000      -  81.0 10110s
 29632155 5337992   18.50153   42  194          -   17.25000      -  81.0 10115s
 29644274 5334888     cutoff   48               -   17.25000      -  81.0 10120s
 29654548 5332811 infeasible   60               -   17.25000      -  81.0 10125s
 29664434 5331050     cutoff   43               -   17.25000      -  81.0 10130s
 29677391 5329241 infeasible   42               -   17.25000      -  81.0 10135s
 29689882 5327817   18.65436   47  198          -   17.25000      -  81.0 10140s
 29700060 5327180 infeasible   43               -   17.25000      -  81.0 10145s
 29712449 5326862   18.34307   41  188          -   17.25007      -  81.1 10150s
 29724336 5326779   17.74015   45  199          -   17.25162      -  81.1 10155s
 29736439 5326605 infeasible   41               -   17.25301      -  81.1 10160s
 29748317 5326274     cutoff   48               -   17.25432      -  81.1 10166s
 29757590 5326108   17.99126   42  162          -   17.25532      -  81.1 10170s
 29769836 5325842     cutoff   60               -   17.25652      -  81.1 10175s
 29782221 5325382   18.08759   37  233          -   17.25780      -  81.1 10181s
 29792213 5325272   18.34028   38  203          -   17.25872      -  81.1 10185s
 29804694 5324978   18.66667   60   47          -   17.25990      -  81.1 10190s
 29816301 5324610 infeasible   69               -   17.26087      -  81.1 10195s
 29828618 5324229     cutoff   41               -   17.26210      -  81.1 10200s
 29840788 5323646     cutoff   31               -   17.26316      -  81.1 10205s
 29853076 5323118     cutoff   85               -   17.26439      -  81.1 10211s
 29862686 5322752   17.46818   42  172          -   17.26531      -  81.1 10215s
 29874870 5322203     cutoff   52               -   17.26667      -  81.1 10220s
 29884503 5321595   17.71070   36  193          -   17.26684      -  81.1 10225s
 29897137 5321313   17.82258   49  167          -   17.26817      -  81.2 10230s
 29908951 5320991   18.81914   41  162          -   17.26923      -  81.2 10235s
 29921174 5320633   18.83220   32  236          -   17.27038      -  81.2 10240s
 29933294 5320208   17.80886   48  160          -   17.27160      -  81.2 10245s
 29945277 5319095   18.46423   47  145          -   17.27273      -  81.2 10250s
 29955482 5318335   18.32558   42  147          -   17.27273      -  81.2 10255s
 29967623 5317931   18.20687   56  168          -   17.27415      -  81.2 10260s
 29979651 5317364   18.30566   53  175          -   17.27536      -  81.2 10265s
 29991941 5316901     cutoff   40               -   17.27660      -  81.2 10270s
 30004330 5316170     cutoff   56               -   17.27778      -  81.2 10275s
 30016645 5315593   18.34759   54  195          -   17.27848      -  81.2 10280s
 30028801 5314990     cutoff   42               -   17.27981      -  81.2 10286s
 30038640 5314762   17.56490   43  191          -   17.28070      -  81.2 10290s
 30050866 5314162   17.48174   37  125          -   17.28187      -  81.2 10295s
 30062969 5313949   17.53055   42  156          -   17.28302      -  81.3 10300s
 30075150 5313709   17.98545   41  186          -   17.28422      -  81.3 10305s
 30087107 5312424 infeasible   80               -   17.28571      -  81.3 10310s
 30095800 5310398 infeasible   46               -   17.28571      -  81.3 10315s
 30105936 5309117   18.82464   37  204          -   17.28571      -  81.3 10320s
 30118891 5308466     cutoff   46               -   17.28611      -  81.3 10325s
 30131415 5308240   17.46732   44  198          -   17.28750      -  81.3 10330s
 30143616 5307866     cutoff   34               -   17.28866      -  81.3 10335s
 30155640 5307426   18.21988   45  161          -   17.28987      -  81.3 10340s
 30167703 5307119     cutoff   46               -   17.29113      -  81.3 10345s
 30179767 5306199 infeasible   45               -   17.29213      -  81.3 10350s
 30189611 5305852     cutoff   55               -   17.29310      -  81.3 10355s
 30201652 5305100     cutoff   47               -   17.29412      -  81.3 10360s
 30214408 5304667     cutoff   52               -   17.29529      -  81.3 10365s
 30226319 5304345   18.62855   37  214          -   17.29630      -  81.4 10370s
 30238729 5304032   18.02930   42  213          -   17.29744      -  81.4 10375s
 30250215 5303684     cutoff   57               -   17.29861      -  81.4 10380s
 30260245 5303208   17.58296   43  206          -   17.29978      -  81.4 10385s
 30271407 5301151     cutoff   42               -   17.30000      -  81.4 10390s
 30284171 5300205   17.67034   41  184          -   17.30019      -  81.4 10395s
 30296346 5299611     cutoff   43               -   17.30165      -  81.4 10400s
 30307935 5299164     cutoff   64               -   17.30288      -  81.4 10405s
 30320142 5298791   17.81910   46  189          -   17.30403      -  81.4 10410s
 30332318 5298266     cutoff   61               -   17.30508      -  81.4 10415s
 30343839 5297701 infeasible   55               -   17.30620      -  81.4 10420s
 30353456 5297425   18.51864   44  204          -   17.30729      -  81.4 10425s
 30363286 5296179     cutoff   37               -   17.30769      -  81.4 10430s
 30375861 5295849   17.73469   40  148          -   17.30882      -  81.4 10435s
 30388035 5295463     cutoff   58               -   17.31002      -  81.4 10440s
 30400272 5294957 infeasible   40               -   17.31115      -  81.5 10445s
 30412275 5293926     cutoff   60               -   17.31250      -  81.5 10451s
 30422320 5293369   17.82055   39  212          -   17.31271      -  81.5 10455s
 30434599 5292806     cutoff   44               -   17.31410      -  81.5 10460s
 30445777 5292308     cutoff   41               -   17.31527      -  81.5 10465s
 30456061 5291704   17.97449   59  135          -   17.31596      -  81.5 10470s
 30468373 5291151   17.73600   54  137          -   17.31731      -  81.5 10475s
 30480341 5290207   17.50000   40   19          -   17.31818      -  81.5 10480s
 30490360 5289880     cutoff   65               -   17.31929      -  81.5 10485s
 30502411 5289388   18.77532   42  235          -   17.32034      -  81.5 10490s
 30513920 5288702   17.80358   50  218          -   17.32143      -  81.5 10495s
 30525789 5287976     cutoff   54               -   17.32258      -  81.5 10500s
 30538323 5287536   18.18067   42  160          -   17.32373      -  81.5 10505s
 30549768 5286939   17.90084   39  163          -   17.32500      -  81.5 10510s
 30562435 5286365     cutoff   43               -   17.32609      -  81.6 10515s
 30572368 5285952     cutoff   33               -   17.32708      -  81.6 10520s
 30584422 5285545   18.84648   34  194          -   17.32833      -  81.6 10525s
 30596580 5285081   18.66315   47  181          -   17.32962      -  81.6 10530s
 30608755 5284677   18.63591   37  208          -   17.33103      -  81.6 10535s
 30621054 5284260   18.40659   35  124          -   17.33256      -  81.6 10540s
 30629817 5280579     cutoff   55               -   17.33333      -  81.6 10545s
 30638659 5275820   18.28652   55  217          -   17.33333      -  81.6 10550s
 30647577 5271650     cutoff   40               -   17.33333      -  81.6 10555s
 30659787 5266938     cutoff   43               -   17.33333      -  81.6 10561s
 30669716 5263673 infeasible   41               -   17.33333      -  81.6 10565s
 30679530 5260608   18.78617   39  218          -   17.33333      -  81.6 10571s
 30689850 5258115     cutoff   47               -   17.33333      -  81.6 10575s
 30699424 5255630     cutoff   52               -   17.33333      -  81.7 10580s
 30709627 5253545   17.93165   35  215          -   17.33333      -  81.7 10585s
 30722071 5251324     cutoff   47               -   17.33333      -  81.7 10590s
 30732364 5249929   18.48381   54  160          -   17.33333      -  81.7 10595s
 30744841 5248399   18.67920   45  172          -   17.33333      -  81.7 10600s
 30757545 5247316     cutoff   42               -   17.33333      -  81.7 10605s
 30768916 5246837   18.17019   43  165          -   17.33412      -  81.7 10610s
 30778865 5246576     cutoff   42               -   17.33538      -  81.7 10615s
 30791454 5245941     cutoff   40               -   17.33692      -  81.7 10620s
 30803135 5245268   17.73242   55  146          -   17.33821      -  81.7 10625s
 30815510 5244652     cutoff   56               -   17.33945      -  81.7 10630s
 30825673 5244163   18.63962   37  204          -   17.34043      -  81.7 10635s
 30838018 5243736     cutoff   48               -   17.34161      -  81.7 10640s
 30850033 5242956 infeasible   55               -   17.34286      -  81.7 10645s
 30862216 5242272     cutoff   51               -   17.34394      -  81.8 10650s
 30871973 5241831     cutoff   52               -   17.34483      -  81.8 10655s
 30884021 5241022     cutoff   48               -   17.34615      -  81.8 10660s
 30896410 5240420   18.50000   41   24          -   17.34716      -  81.8 10665s
 30908591 5239410 infeasible   40               -   17.34831      -  81.8 10670s
 30921077 5238962 infeasible   34               -   17.34956      -  81.8 10675s
 30930721 5238026   17.79636   42  157          -   17.35007      -  81.8 10680s
 30943134 5237443   17.54098   54  188          -   17.35137      -  81.8 10685s
 30952770 5237120   18.25159   41  183          -   17.35238      -  81.8 10690s
 30964844 5235940   17.89740   35  204          -   17.35327      -  81.8 10695s
 30974756 5235513   17.83726   55  184          -   17.35433      -  81.8 10700s
 30986958 5234871     cutoff   63               -   17.35556      -  81.8 10705s
 30999337 5233879     cutoff   39               -   17.35693      -  81.8 10711s
 31008784 5232561   18.00631   45  146          -   17.35714      -  81.8 10715s
 31021620 5232068   18.63046   43  191          -   17.35820      -  81.9 10720s
 31033488 5231367   18.20743   63  193          -   17.35938      -  81.9 10725s
 31043508 5230617 infeasible   34               -   17.36029      -  81.9 10730s
 31055692 5229896     cutoff   55               -   17.36146      -  81.9 10735s
 31067406 5229278   18.42348   43  218          -   17.36272      -  81.9 10740s
 31079243 5227445     cutoff   44               -   17.36364      -  81.9 10746s
 31089191 5226728 infeasible   61               -   17.36389      -  81.9 10750s
 31089373 5226730     cutoff   39               -   17.36404      -  81.9 10755s
 31089570 5226688   18.17641   43  165          -   17.36415      -  81.9 10760s
 31090594 5226618   18.03873   40  179          -   17.36429      -  81.9 10765s
 31092604 5226458 infeasible   66               -   17.36441      -  81.9 10770s
 31099534 5225801   18.68608   46  160          -   17.36474      -  81.9 10775s
 31110485 5224882   18.37500   57  102          -   17.36617      -  81.9 10780s
 31122557 5224195     cutoff   53               -   17.36765      -  81.9 10785s
 31133161 5223096     cutoff   64               -   17.36842      -  81.9 10790s
 31145802 5222402   17.95096   47  186          -   17.36975      -  81.9 10795s
 31156093 5221715   17.88095   41  166          -   17.37076      -  81.9 10800s
 31168291 5220919   18.28353   46  159          -   17.37209      -  81.9 10805s
 31178650 5220481     cutoff   44               -   17.37304      -  81.9 10810s
 31190328 5219746   18.35009   46  182          -   17.37445      -  82.0 10815s
 31199487 5216980     cutoff   55               -   17.37500      -  82.0 10820s
 31211532 5214364   17.90062   50  206          -   17.37500      -  82.0 10825s
 31221882 5213003 infeasible   46               -   17.37500      -  82.0 10830s
 31234348 5212295 infeasible   49               -   17.37590      -  82.0 10835s
 31243477 5211743     cutoff   58               -   17.37695      -  82.0 10840s
 31256387 5210952 infeasible   37               -   17.37821      -  82.0 10845s
 31268670 5210210     cutoff   52               -   17.37931      -  82.0 10850s
 31278681 5209684   19.00279   38  161          -   17.38034      -  82.0 10855s
 31287885 5208595   18.76703   41  174          -   17.38096      -  82.0 10860s
 31300130 5207725 infeasible   43               -   17.38235      -  82.0 10865s
 31312368 5206901   18.05477   63  179          -   17.38356      -  82.0 10871s
 31321899 5205583   18.33333   45   41          -   17.38462      -  82.0 10875s
 31332232 5204675     cutoff   61               -   17.38489      -  82.0 10880s
 31344368 5203883   18.20224   36  205          -   17.38626      -  82.1 10885s
 31354093 5203248 infeasible   53               -   17.38710      -  82.1 10890s
 31364019 5202632   18.67917   47  177          -   17.38823      -  82.1 10895s
 31373747 5201251   17.88867   47  184          -   17.38889      -  82.1 10900s
 31386449 5200503   18.62811   41  211          -   17.38997      -  82.1 10905s
 31398716 5199641   18.14029   51  189          -   17.39125      -  82.1 10910s
 31410875 5198990   17.95060   47  180          -   17.39222      -  82.1 10916s
 31420704 5198234 infeasible   62               -   17.39306      -  82.1 10920s
 31432778 5197378     cutoff   43               -   17.39437      -  82.1 10925s
 31442606 5196589     cutoff   44               -   17.39535      -  82.1 10930s
 31454749 5195694     cutoff   44               -   17.39655      -  82.1 10935s
 31464529 5194904     cutoff   53               -   17.39766      -  82.1 10940s
 31476943 5194057   17.93965   39  171          -   17.39912      -  82.1 10945s
 31486226 5190987     cutoff   48               -   17.40000      -  82.1 10950s
 31494995 5187817 infeasible   34               -   17.40000      -  82.2 10955s
 31507447 5184596     cutoff   45               -   17.40000      -  82.2 10960s
 31517515 5182393     cutoff   61               -   17.40000      -  82.2 10965s
 31527676 5180794 infeasible   41               -   17.40000      -  82.2 10970s
 31538345 5179742 infeasible   38               -   17.40000      -  82.2 10975s
 31549606 5179160   18.11050   40  168          -   17.40132      -  82.2 10980s
 31562088 5178240   18.22929   42  185          -   17.40268      -  82.2 10985s
 31574306 5177293   18.26412   39  226          -   17.40394      -  82.2 10991s
 31584131 5176420 infeasible   36               -   17.40488      -  82.2 10995s
 31596719 5175432   18.25000   40   55          -   17.40621      -  82.2 11001s
 31606487 5174662   18.66722   42  134          -   17.40704      -  82.2 11005s
 31618952 5173774 infeasible   56               -   17.40816      -  82.2 11010s
 31628622 5172783     cutoff   38               -   17.40909      -  82.2 11015s
 31640932 5172040     cutoff   43               -   17.41012      -  82.2 11020s
 31650693 5171437     cutoff   37               -   17.41106      -  82.3 11025s
 31662662 5170090 infeasible   48               -   17.41193      -  82.3 11030s
 31675046 5169228     cutoff   42               -   17.41322      -  82.3 11036s
 31684815 5168400     cutoff   50               -   17.41414      -  82.3 11040s
 31697216 5167604     cutoff   38               -   17.41543      -  82.3 11045s
 31706867 5166371   17.78012   39  186          -   17.41663      -  82.3 11050s
 31716169 5164403     cutoff   38               -   17.41667      -  82.3 11055s
 31728911 5163439     cutoff   42               -   17.41715      -  82.3 11060s
 31738709 5162685   17.80645   41  165          -   17.41827      -  82.3 11065s
 31751146 5161643 infeasible   40               -   17.41939      -  82.3 11070s
 31760835 5160774   18.32131   43  187          -   17.42051      -  82.3 11075s
 31773274 5159541 infeasible   53               -   17.42146      -  82.3 11080s
 31782864 5158843   18.14189   40  189          -   17.42253      -  82.3 11085s
 31794903 5157666   18.51367   47  199          -   17.42363      -  82.3 11090s
 31805049 5156760 infeasible   51               -   17.42466      -  82.3 11095s
 31817160 5155866 infeasible   51               -   17.42593      -  82.4 11100s
 31829317 5154712   17.76422   36  194          -   17.42724      -  82.4 11105s
 31841327 5152423   18.37485   39  184          -   17.42857      -  82.4 11111s
 31850308 5149683     cutoff   50               -   17.42857      -  82.4 11115s
 31860729 5147831     cutoff   43               -   17.42857      -  82.4 11120s
 31871181 5146859 infeasible   51               -   17.42857      -  82.4 11125s
 31883482 5146063 infeasible   52               -   17.43007      -  82.4 11130s
 31895452 5144975   18.45556   57  121          -   17.43137      -  82.4 11135s
 31905325 5144096 infeasible   34               -   17.43233      -  82.4 11140s
 31917429 5142906 infeasible   59               -   17.43333      -  82.4 11146s
 31927177 5142123   18.70752   36  190          -   17.43439      -  82.4 11150s
 31939778 5141007 infeasible   58               -   17.43548      -  82.4 11155s
 31949513 5140101   17.62946   44  227          -   17.43651      -  82.4 11160s
 31961232 5138270     cutoff   37               -   17.43750      -  82.5 11165s
 31973727 5137281   18.68868   39  137          -   17.43836      -  82.5 11170s
 31983689 5136581     cutoff   41               -   17.43939      -  82.5 11175s
 31996047 5135423     cutoff   39               -   17.44052      -  82.5 11181s
 32005781 5134466     cutoff   47               -   17.44150      -  82.5 11185s
 32017869 5133419   17.90131   45  162          -   17.44279      -  82.5 11191s
 32027903 5132722   17.98458   54  177          -   17.44393      -  82.5 11195s
 32039490 5129388     cutoff   46               -   17.44444      -  82.5 11201s
 32049836 5127912   18.30062   49  206          -   17.44444      -  82.5 11205s
 32060159 5127192     cutoff   67               -   17.44530      -  82.5 11210s
 32072032 5126175   17.78749   41  187          -   17.44666      -  82.5 11215s
 32081693 5125398   18.70778   42  208          -   17.44762      -  82.5 11220s
 32094181 5124305 infeasible   37               -   17.44888      -  82.5 11225s
 32103668 5123022 infeasible   38               -   17.45000      -  82.5 11230s
 32116290 5121967   18.40000   53  161          -   17.45072      -  82.5 11235s
 32125958 5121177   18.70891   59  149          -   17.45165      -  82.6 11240s
 32138212 5120139     cutoff   38               -   17.45292      -  82.6 11245s
 32150716 5119085     cutoff   49               -   17.45429      -  82.6 11250s
 32160093 5117137 infeasible   49               -   17.45455      -  82.6 11255s
 32172650 5116267   17.67004   40  155          -   17.45536      -  82.6 11260s
 32185179 5115266 infeasible   47               -   17.45655      -  82.6 11266s
 32194453 5114240 infeasible   44               -   17.45759      -  82.6 11271s
 32204237 5112988   17.70192   42  149          -   17.45833      -  82.6 11275s
 32216426 5111917   18.03934   30  186          -   17.45955      -  82.6 11281s
 32225877 5110756     cutoff   43               -   17.46061      -  82.6 11285s
 32235652 5108926 infeasible   48               -   17.46154      -  82.6 11290s
 32248385 5107638   18.35371   48  178          -   17.46219      -  82.6 11295s
 32258049 5106679   18.16346   47  188          -   17.46328      -  82.6 11300s
 32267898 5105528   18.36675   47  137          -   17.46429      -  82.6 11305s
 32280227 5104412     cutoff   39               -   17.46548      -  82.7 11310s
 32292190 5102462   18.40454   40  200          -   17.46667      -  82.7 11316s
 32302126 5101426   18.58511   36  135          -   17.46715      -  82.7 11320s
 32312155 5100576   18.50744   49  192          -   17.46821      -  82.7 11325s
 32324483 5099268   18.64673   39  197          -   17.46942      -  82.7 11330s
 32334103 5098083   17.94638   36  213          -   17.47052      -  82.7 11335s
 32344081 5097005     cutoff   37               -   17.47102      -  82.7 11340s
 32356179 5095666     cutoff   47               -   17.47222      -  82.7 11345s
 32365896 5094559   18.20000   71   47          -   17.47340      -  82.7 11350s
 32375652 5093355     cutoff   40               -   17.47409      -  82.7 11355s
 32388309 5092201   17.98453   46  167          -   17.47541      -  82.7 11360s
 32397970 5091101 infeasible   54               -   17.47619      -  82.7 11365s
 32410078 5089820   18.50690   49  173          -   17.47739      -  82.7 11370s
 32419861 5088609   18.74884   45  189          -   17.47826      -  82.7 11375s
 32429890 5087658   18.10000   55   90          -   17.47922      -  82.8 11380s
 32441815 5086234     cutoff   40               -   17.48037      -  82.8 11386s
 32451832 5085122 infeasible   48               -   17.48137      -  82.8 11390s
 32464051 5083727     cutoff   62               -   17.48250      -  82.8 11396s
 32473660 5082792   18.30769   43  113          -   17.48345      -  82.8 11400s
 32486319 5081419   17.95992   51  192          -   17.48469      -  82.8 11405s
 32495846 5080320   17.90710   56  139          -   17.48554      -  82.8 11410s
 32505827 5079435   19.07500   47  133          -   17.48649      -  82.8 11415s
 32515792 5078380   17.93346   41  169          -   17.48750      -  82.8 11420s
 32527654 5077152 infeasible   42               -   17.48868      -  82.8 11425s
 32537473 5076225     cutoff   37               -   17.48971      -  82.8 11430s
 32549798 5074945     cutoff   39               -   17.49091      -  82.8 11435s
 32559295 5073874   17.68241   45  225          -   17.49201      -  82.8 11440s
 32571921 5072778     cutoff   45               -   17.49330      -  82.8 11445s
 32581331 5071781   18.68446   56  196          -   17.49438      -  82.9 11450s
 32593680 5070635     cutoff   45               -   17.49585      -  82.9 11455s
 32603594 5069651   18.26667   50  135          -   17.49700      -  82.9 11460s
 32615673 5068668   18.37307   34  214          -   17.49860      -  82.9 11466s
 32625424 5066190 infeasible   43               -   17.50000      -  82.9 11470s
 32636516 5058666 infeasible   47               -   17.50000      -  82.9 11476s
 32646096 5052233     cutoff   44               -   17.50000      -  82.9 11480s
 32655728 5046210 infeasible   46               -   17.50000      -  82.9 11485s
 32665270 5040519 infeasible   36               -   17.50000      -  82.9 11490s
 32674061 5035113     cutoff   59               -   17.50000      -  82.9 11495s
 32683750 5029357   18.53880   53  180          -   17.50000      -  82.9 11501s
 32690786 5024911     cutoff   45               -   17.50000      -  82.9 11505s
 32700641 5019511 infeasible   43               -   17.50000      -  82.9 11510s
 32710365 5014554 infeasible   34               -   17.50000      -  82.9 11515s
 32719842 5009520     cutoff   50               -   17.50000      -  83.0 11521s
 32729898 5004833     cutoff   54               -   17.50000      -  83.0 11526s
 32737017 5001473     cutoff   44               -   17.50000      -  83.0 11530s
 32746703 4996837 infeasible   36               -   17.50000      -  83.0 11535s
 32756657 4992657   18.13889   66   77          -   17.50000      -  83.0 11540s
 32766396 4988807     cutoff   43               -   17.50000      -  83.0 11545s
 32776055 4984880     cutoff   61               -   17.50000      -  83.0 11550s
 32783352 4981955     cutoff   48               -   17.50000      -  83.0 11555s
 32792987 4978422     cutoff   57               -   17.50000      -  83.0 11560s
 32803182 4975027     cutoff   46               -   17.50000      -  83.0 11565s
 32813184 4971711   18.50000   62   72          -   17.50000      -  83.0 11570s
 32822794 4968560   18.88542   41  126          -   17.50000      -  83.0 11575s
 32832935 4965655     cutoff   58               -   17.50000      -  83.1 11580s
 32842739 4962717   17.90361   44  125          -   17.50000      -  83.1 11585s
 32855495 4959822     cutoff   36               -   17.50000      -  83.1 11590s
 32865627 4957727   19.03947   50  103          -   17.50000      -  83.1 11595s
 32875606 4955685   18.96625   45  191          -   17.50000      -  83.1 11600s
 32887824 4953235 infeasible   37               -   17.50000      -  83.1 11605s
 32897733 4951609     cutoff   43               -   17.50000      -  83.1 11610s
 32910113 4949614     cutoff   44               -   17.50000      -  83.1 11615s
 32920058 4948237 infeasible   43               -   17.50000      -  83.1 11620s
 32932614 4946909     cutoff   75               -   17.50000      -  83.1 11625s
 32944342 4945875 infeasible   36               -   17.50170      -  83.1 11630s
 32954190 4944906   17.80058   38  155          -   17.50294      -  83.1 11635s
 32966161 4943524   17.98913   35  191          -   17.50439      -  83.1 11640s
 32975740 4942423 infeasible   53               -   17.50552      -  83.1 11645s
 32988141 4941005     cutoff   52               -   17.50693      -  83.2 11650s
 32997954 4939803     cutoff   39               -   17.50806      -  83.2 11655s
 33007705 4938723 infeasible   51               -   17.50915      -  83.2 11660s
 33019509 4937213     cutoff   55               -   17.51064      -  83.2 11666s
 33029667 4936105     cutoff   45               -   17.51163      -  83.2 11670s
 33039640 4934920     cutoff   43               -   17.51282      -  83.2 11675s
 33049389 4933587   17.93333   47   94          -   17.51397      -  83.2 11680s
 33059070 4932526   18.54229   46  162          -   17.51511      -  83.2 11685s
 33071184 4930955     cutoff   47               -   17.51641      -  83.2 11690s
 33081160 4929833   18.49629   49  185          -   17.51748      -  83.2 11695s
 33093556 4928095     cutoff   36               -   17.51874      -  83.2 11701s
 33103466 4926874   18.78059   44  200          -   17.52000      -  83.2 11705s
 33113232 4925802     cutoff   43               -   17.52092      -  83.2 11710s
 33125249 4924327     cutoff   59               -   17.52214      -  83.2 11716s
 33135106 4923259     cutoff   38               -   17.52326      -  83.3 11720s
 33144697 4921705     cutoff   46               -   17.52408      -  83.3 11725s
 33157090 4920296   18.55108   46  179          -   17.52549      -  83.3 11731s
 33167009 4918973   18.02234   51  117          -   17.52632      -  83.3 11735s
 33176678 4917986   18.74245   39  131          -   17.52745      -  83.3 11740s
 33188833 4916541     cutoff   59               -   17.52880      -  83.3 11745s
 33198831 4914938 infeasible   37               -   17.52946      -  83.3 11750s
 33211088 4913373     cutoff   49               -   17.53097      -  83.3 11755s
 33221057 4912333   18.50879   56  155          -   17.53191      -  83.3 11760s
 33230531 4910890   18.44399   47  151          -   17.53311      -  83.3 11765s
 33242921 4909034     cutoff   87               -   17.53390      -  83.3 11770s
 33252250 4907932     cutoff   45               -   17.53490      -  83.3 11775s
 33262145 4906481     cutoff   58               -   17.53590      -  83.3 11780s
 33272085 4905226 infeasible   48               -   17.53704      -  83.3 11785s
 33284569 4903244     cutoff   60               -   17.53846      -  83.4 11790s
 33294338 4901799     cutoff   52               -   17.53876      -  83.4 11795s
 33303649 4900535   17.95195   43  130          -   17.54000      -  83.4 11800s
 33316053 4899046     cutoff   41               -   17.54144      -  83.4 11806s
 33325644 4897575     cutoff   40               -   17.54231      -  83.4 11810s
 33335280 4896258     cutoff   40               -   17.54348      -  83.4 11815s
 33347637 4894747 infeasible   63               -   17.54493      -  83.4 11821s
 33357327 4892033     cutoff   40               -   17.54545      -  83.4 11825s
 33367499 4890774     cutoff   35               -   17.54613      -  83.4 11830s
 33377311 4889614   18.68031   40  228          -   17.54730      -  83.4 11835s
 33386887 4888304   18.50397   51  212          -   17.54839      -  83.4 11840s
 33396714 4887220     cutoff   40               -   17.54950      -  83.4 11845s
 33409111 4885213     cutoff   38               -   17.55048      -  83.4 11851s
 33419048 4883913 infeasible   62               -   17.55172      -  83.4 11856s
 33428717 4882603     cutoff   39               -   17.55263      -  83.5 11861s
 33438654 4881421 infeasible   49               -   17.55372      -  83.5 11865s
 33448084 4880371   18.32489   44  166          -   17.55486      -  83.5 11870s
 33457613 4877116     cutoff   56               -   17.55556      -  83.5 11875s
 33470219 4874534   19.13443   49  169          -   17.55556      -  83.5 11880s
 33480116 4873604   17.82372   41  190          -   17.55652      -  83.5 11885s
 33489911 4872427     cutoff   34               -   17.55764      -  83.5 11890s
 33499798 4871120     cutoff   43               -   17.55873      -  83.5 11895s
 33511682 4869404 infeasible   48               -   17.56000      -  83.5 11900s
 33521592 4868172   19.24793   39  166          -   17.56098      -  83.5 11905s
 33531472 4867044   17.81724   39  151          -   17.56210      -  83.5 11910s
 33540912 4864972     cutoff   44               -   17.56250      -  83.5 11915s
 33553229 4863377     cutoff   48               -   17.56391      -  83.5 11921s
 33563301 4862042     cutoff   49               -   17.56503      -  83.5 11925s
 33573177 4860888     cutoff   53               -   17.56589      -  83.5 11930s
 33582812 4859646   18.19001   45  200          -   17.56673      -  83.6 11935s
 33595122 4858063   18.25000   35   29          -   17.56818      -  83.6 11940s
 33604860 4856771     cutoff   48               -   17.56932      -  83.6 11945s
 33617070 4855327   18.20360   54  182          -   17.57087      -  83.6 11951s
 33626393 4851485     cutoff   70               -   17.57143      -  83.6 11955s
 33636000 4848685   18.77487   42  177          -   17.57143      -  83.6 11960s
 33646230 4846653     cutoff   49               -   17.57143      -  83.6 11965s
 33656226 4845462     cutoff   49               -   17.57237      -  83.6 11970s
 33668314 4843876     cutoff   40               -   17.57377      -  83.6 11975s
 33677999 4842527     cutoff   44               -   17.57491      -  83.6 11980s
 33687901 4841163     cutoff   66               -   17.57589      -  83.6 11985s
 33697599 4839679     cutoff   57               -   17.57692      -  83.6 11990s
 33707319 4838367   18.24234   52  210          -   17.57793      -  83.6 11995s
 33716986 4836626     cutoff   56               -   17.57895      -  83.6 12000s
 33726917 4835332   18.14452   44  202          -   17.57993      -  83.6 12005s
 33737857 4833985   18.00619   51  151          -   17.58101      -  83.7 12010s
 33748879 4832299   17.91239   45  168          -   17.58238      -  83.7 12015s
 33758446 4829673     cutoff   50               -   17.58333      -  83.7 12020s
 33768189 4827384   18.47949   45  198          -   17.58333      -  83.7 12025s
 33778192 4826155 infeasible   61               -   17.58425      -  83.7 12030s
 33787991 4824987     cutoff   73               -   17.58537      -  83.7 12035s
 33800314 4823346     cutoff   37               -   17.58667      -  83.7 12040s
 33811526 4822066 infeasible   39               -   17.58776      -  83.7 12045s
 33822205 4819756     cutoff   35               -   17.58868      -  83.7 12050s
 33831959 4818289   18.32816   46  193          -   17.58975      -  83.7 12055s
 33841850 4816685     cutoff   51               -   17.59091      -  83.7 12060s
 33854140 4815054   18.57595   64  145          -   17.59201      -  83.7 12065s
 33863903 4813712     cutoff   36               -   17.59302      -  83.7 12070s
 33873539 4812229 infeasible   48               -   17.59396      -  83.7 12075s
 33885902 4810526   18.42667   45  203          -   17.59531      -  83.8 12081s
 33895494 4808981 infeasible   43               -   17.59649      -  83.8 12085s
 33905018 4807579   18.79658   53  204          -   17.59758      -  83.8 12090s
 33915245 4806286   18.65757   55  175          -   17.59883      -  83.8 12095s
 33924387 4803088 infeasible   57               -   17.60000      -  83.8 12100s
 33935819 4797877   17.98625   37  169          -   17.60000      -  83.8 12105s
 33945429 4794100 infeasible   60               -   17.60000      -  83.8 12110s
 33955304 4791201 infeasible   50               -   17.60000      -  83.8 12115s
 33958048 4790944     cutoff   54               -   17.60000      -  83.8 12121s
 33958752 4790618     cutoff   50               -   17.60000      -  83.8 12125s
 33960812 4789938   18.28223   50  167          -   17.60000      -  83.8 12130s
 33965312 4788309   17.97354   49  180          -   17.60000      -  83.8 12136s
 33972561 4786877     cutoff   46               -   17.60000      -  83.8 12141s
 33983331 4785573     cutoff   42               -   17.60104      -  83.8 12146s
 33992010 4784236     cutoff   48               -   17.60216      -  83.8 12150s
 33999828 4782906   19.47376   46  178          -   17.60317      -  83.8 12155s
 34009965 4781180   17.82126   47  143          -   17.60432      -  83.8 12160s
 34019775 4779732     cutoff   40               -   17.60545      -  83.8 12165s
 34029964 4778266   18.73604   46  151          -   17.60654      -  83.9 12170s
 34042550 4776256     cutoff   65               -   17.60784      -  83.9 12176s
 34052607 4774714     cutoff   38               -   17.60876      -  83.9 12180s
 34062332 4773265 infeasible   43               -   17.60991      -  83.9 12185s
 34071683 4771306     cutoff   46               -   17.61111      -  83.9 12190s
 34081558 4769541   18.08974   59   82          -   17.61165      -  83.9 12195s
 34091247 4768032     cutoff   50               -   17.61290      -  83.9 12200s
 34101047 4766460   18.48761   52  204          -   17.61390      -  83.9 12205s
 34111034 4764713   17.90632   42  166          -   17.61513      -  83.9 12210s
 34120801 4762421   17.93421   46  138          -   17.61538      -  83.9 12215s
 34130640 4760967     cutoff   40               -   17.61661      -  83.9 12220s
 34140330 4759561     cutoff   46               -   17.61765      -  83.9 12225s
 34152639 4757265     cutoff   55               -   17.61905      -  83.9 12231s
 34159979 4756257     cutoff   45               -   17.61959      -  83.9 12235s
 34172154 4754223     cutoff   57               -   17.62093      -  84.0 12241s
 34181571 4752515     cutoff   57               -   17.62205      -  84.0 12245s
 34191725 4751090     cutoff   40               -   17.62319      -  84.0 12250s
 34201204 4749865 infeasible   47               -   17.62438      -  84.0 12255s
 34210558 4745613   18.21429   47  125          -   17.62500      -  84.0 12260s
 34220243 4742281   17.90076   40  173          -   17.62500      -  84.0 12265s
 34230611 4739891   18.25000   71   82          -   17.62500      -  84.0 12270s
 34240548 4738505   17.79592   47  115          -   17.62583      -  84.0 12275s
 34250042 4737061   17.82292   43  103          -   17.62698      -  84.0 12280s
 34262385 4735116   18.20631   44  214          -   17.62842      -  84.0 12286s
 34272271 4733332 infeasible   44               -   17.62946      -  84.0 12290s
 34282066 4731759   19.03288   37  201          -   17.63043      -  84.0 12295s
 34291622 4729722     cutoff   36               -   17.63158      -  84.0 12300s
 34302446 4728194     cutoff   51               -   17.63249      -  84.0 12305s
 34313880 4726137 infeasible   40               -   17.63370      -  84.1 12311s
 34323380 4724430 infeasible   61               -   17.63485      -  84.1 12316s
 34333470 4722411   18.70757   46  208          -   17.63611      -  84.1 12320s
 34342850 4719555     cutoff   52               -   17.63636      -  84.1 12325s
 34353037 4718056     cutoff   41               -   17.63714      -  84.1 12330s
 34362896 4716492   18.35554   41  191          -   17.63830      -  84.1 12335s
 34372768 4714886     cutoff   39               -   17.63934      -  84.1 12340s
 34382243 4713180     cutoff   34               -   17.64035      -  84.1 12345s
 34394844 4711326     cutoff   43               -   17.64178      -  84.1 12350s
 34404067 4708713 infeasible   45               -   17.64286      -  84.1 12355s
 34413905 4706557     cutoff   45               -   17.64303      -  84.1 12360s
 34424156 4705086   18.54164   49  179          -   17.64435      -  84.1 12365s
 34433713 4703427   18.77723   40  173          -   17.64531      -  84.1 12370s
 34445590 4701105   18.11906   38  159          -   17.64680      -  84.1 12375s
 34455618 4699432     cutoff   55               -   17.64757      -  84.1 12380s
 34465069 4697812 infeasible   44               -   17.64865      -  84.2 12385s
 34475138 4695790     cutoff   61               -   17.64986      -  84.2 12390s
 34487236 4693496 infeasible   54               -   17.65079      -  84.2 12395s
 34497112 4691518     cutoff   57               -   17.65202      -  84.2 12400s
 34509555 4689570   18.30952   41  170          -   17.65326      -  84.2 12406s
 34519169 4687805 infeasible   57               -   17.65410      -  84.2 12411s
 34526382 4686358 infeasible   42               -   17.65504      -  84.2 12415s
 34538480 4684067   18.25016   51  147          -   17.65625      -  84.2 12421s
 34548344 4682323     cutoff   36               -   17.65741      -  84.2 12425s
 34558139 4680551 infeasible   69               -   17.65854      -  84.2 12430s
 34567834 4678736     cutoff   52               -   17.65957      -  84.2 12435s
 34577708 4676947 infeasible   60               -   17.66074      -  84.2 12440s
 34587260 4675421 infeasible   67               -   17.66197      -  84.2 12445s
 34597135 4673706   18.38687   39  209          -   17.66318      -  84.3 12451s
 34607033 4672106     cutoff   40               -   17.66454      -  84.3 12456s
 34616805 4670542 infeasible   48               -   17.66603      -  84.3 12461s
 34624989 4664935     cutoff   42               -   17.66667      -  84.3 12465s
 34634248 4658505 infeasible   47               -   17.66667      -  84.3 12470s
 34644023 4652271     cutoff   45               -   17.66667      -  84.3 12475s
 34653276 4646752     cutoff   42               -   17.66667      -  84.3 12480s
 34662755 4641239   18.17016   59  197          -   17.66667      -  84.3 12485s
 34672138 4635905 infeasible   73               -   17.66667      -  84.3 12491s
 34679346 4632107     cutoff   51               -   17.66667      -  84.3 12495s
 34688996 4627490   18.18161   41  202          -   17.66667      -  84.3 12500s
 34698746 4623078     cutoff   53               -   17.66667      -  84.3 12505s
 34706143 4619935   18.01465   52  136          -   17.66667      -  84.3 12510s
 34715971 4616022     cutoff   40               -   17.66667      -  84.3 12515s
 34725909 4612586   18.13514   35  123          -   17.66667      -  84.3 12520s
 34735662 4609461 infeasible   44               -   17.66667      -  84.3 12525s
 34745517 4606555     cutoff   44               -   17.66667      -  84.4 12530s
 34755557 4604256   18.32215   48  183          -   17.66667      -  84.4 12535s
 34765499 4602536     cutoff   53               -   17.66690      -  84.4 12540s
 34775047 4600965     cutoff   73               -   17.66846      -  84.4 12545s
 34784679 4599358   18.12136   58  178          -   17.66979      -  84.4 12550s
 34794412 4597584   18.86607   50  168          -   17.67102      -  84.4 12555s
 34806677 4595337   18.63112   42  137          -   17.67243      -  84.4 12561s
 34816727 4593621     cutoff   56               -   17.67361      -  84.4 12566s
 34826520 4591855   18.27466   44  250          -   17.67473      -  84.4 12571s
 34836464 4590144   18.55156   62  135          -   17.67576      -  84.4 12575s
 34846015 4588303     cutoff   41               -   17.67691      -  84.4 12580s
 34855669 4586388   18.02385   38  187          -   17.67797      -  84.4 12585s
 34865313 4584463     cutoff   42               -   17.67901      -  84.4 12590s
 34877657 4582053   18.24281   48  158          -   17.68033      -  84.4 12596s
 34885006 4580730 infeasible   46               -   17.68126      -  84.4 12600s
 34895085 4578645     cutoff   53               -   17.68208      -  84.5 12605s
 34904450 4576807 infeasible   42               -   17.68333      -  84.5 12610s
 34914286 4574552   18.70494   66  128          -   17.68421      -  84.5 12615s
 34924230 4572771 infeasible   38               -   17.68535      -  84.5 12620s
 34936520 4570552     cutoff   44               -   17.68687      -  84.5 12626s
 34943773 4568313     cutoff   46               -   17.68750      -  84.5 12630s
 34953416 4566490   18.87331   39  170          -   17.68815      -  84.5 12635s
 34962953 4564430     cutoff   39               -   17.68934      -  84.5 12640s
 34973291 4562658 infeasible   40               -   17.69048      -  84.5 12645s
 34982730 4560773   17.92892   54  148          -   17.69163      -  84.5 12650s
 34992215 4557614     cutoff   66               -   17.69231      -  84.5 12655s
 35002093 4555916 infeasible   44               -   17.69318      -  84.5 12660s
 35011596 4553846 infeasible   40               -   17.69444      -  84.5 12665s
 35021785 4551595     cutoff   40               -   17.69557      -  84.5 12670s
 35031939 4549892   18.48594   62  175          -   17.69651      -  84.6 12675s
 35041160 4547964   18.17557   35  204          -   17.69767      -  84.6 12680s
 35051117 4546143   17.87262   38  184          -   17.69888      -  84.6 12685s
 35060823 4542825     cutoff   50               -   17.70000      -  84.6 12690s
 35070392 4539236   18.04255   38  177          -   17.70000      -  84.6 12695s
 35080496 4537325 infeasible   40               -   17.70041      -  84.6 12700s
 35090190 4535664   18.74938   40  192          -   17.70170      -  84.6 12705s
 35100063 4533726   18.34953   41  183          -   17.70284      -  84.6 12710s
 35112267 4531299     cutoff   39               -   17.70421      -  84.6 12716s
 35122152 4529510   18.78602   42  174          -   17.70539      -  84.6 12721s
 35132178 4527051     cutoff   39               -   17.70607      -  84.6 12725s
 35141434 4525343   18.36667   43  219          -   17.70732      -  84.6 12730s
 35148630 4523474   18.00000   46   22          -   17.70828      -  84.6 12735s
 35160854 4521112 infeasible   40               -   17.70939      -  84.6 12741s
 35170956 4519242     cutoff   34               -   17.71053      -  84.6 12746s
 35180728 4517275   18.41326   40  203          -   17.71163      -  84.7 12750s
 35190214 4515413   18.85918   46  199          -   17.71292      -  84.7 12755s
 35199970 4512034 infeasible   38               -   17.71429      -  84.7 12760s
 35209588 4507675     cutoff   50               -   17.71429      -  84.7 12765s
 35219188 4504312     cutoff   39               -   17.71429      -  84.7 12770s
 35227004 4502630     cutoff   40               -   17.71429      -  84.7 12775s
 35239282 4500479 infeasible   48               -   17.71569      -  84.7 12781s
 35248856 4498497   18.40209   37  185          -   17.71694      -  84.7 12785s
 35258181 4496517   18.63484   45  159          -   17.71808      -  84.7 12790s
 35265680 4494813     cutoff   62               -   17.71884      -  84.7 12795s
 35277906 4492017   18.30678   45  142          -   17.72028      -  84.7 12801s
 35285172 4490479   18.55013   36  164          -   17.72122      -  84.7 12805s
 35295060 4487650   18.36998   53  162          -   17.72222      -  84.7 12810s
 35305039 4485915   18.33317   36  174          -   17.72297      -  84.7 12815s
 35314613 4483861   18.06452   40  140          -   17.72414      -  84.8 12820s
 35324360 4481753   18.76856   37  189          -   17.72517      -  84.8 12825s
 35334361 4479708     cutoff   40               -   17.72649      -  84.8 12830s
 35343744 4475760 infeasible   40               -   17.72727      -  84.8 12835s
 35353768 4473523     cutoff   41               -   17.72775      -  84.8 12840s
 35363216 4471444     cutoff   44               -   17.72897      -  84.8 12845s
 35373014 4469155 infeasible   64               -   17.73023      -  84.8 12850s
 35382887 4466735     cutoff   44               -   17.73134      -  84.8 12855s
 35392663 4464768 infeasible   67               -   17.73256      -  84.8 12860s
 35402370 4461593     cutoff   51               -   17.73333      -  84.8 12865s
 35412241 4459457   18.87886   41  182          -   17.73437      -  84.8 12870s
 35421776 4457173   17.92846   40  166          -   17.73554      -  84.8 12875s
 35431428 4454374   18.64815   58  162          -   17.73684      -  84.8 12880s
 35441415 4452201     cutoff   57               -   17.73784      -  84.8 12886s
 35451092 4449810     cutoff   53               -   17.73911      -  84.9 12891s
 35458266 4448092   17.94650   46  161          -   17.73982      -  84.9 12895s
 35468205 4445547   18.49977   44  184          -   17.74096      -  84.9 12900s
 35477858 4443324 infeasible   50               -   17.74213      -  84.9 12905s
 35487507 4440856     cutoff   38               -   17.74342      -  84.9 12910s
 35497254 4438515 infeasible   53               -   17.74467      -  84.9 12915s
 35507032 4436123     cutoff   41               -   17.74595      -  84.9 12920s
 35517274 4434007 infeasible   49               -   17.74730      -  84.9 12925s
 35526721 4431939     cutoff   57               -   17.74874      -  84.9 12930s
 35538760 4425087 infeasible   49               -   17.75000      -  84.9 12935s
 35545901 4420513 infeasible   41               -   17.75000      -  84.9 12940s
 35555818 4414573     cutoff   48               -   17.75000      -  84.9 12945s
 35567478 4407593   18.75862   40  124          -   17.75000      -  84.9 12951s
 35574503 4403848 infeasible   42               -   17.75000      -  84.9 12955s
 35584259 4399059     cutoff   43               -   17.75000      -  84.9 12960s
 35593821 4394751     cutoff   59               -   17.75000      -  85.0 12965s
 35603685 4390475     cutoff   40               -   17.75000      -  85.0 12970s
 35613449 4386710   18.42547   39  189          -   17.75000      -  85.0 12976s
 35623275 4383570 infeasible   44               -   17.75000      -  85.0 12981s
 35630909 4381392     cutoff   57               -   17.75000      -  85.0 12985s
 35643298 4378804 infeasible   51               -   17.75112      -  85.0 12991s
 35650282 4377168     cutoff   56               -   17.75223      -  85.0 12995s
 35659973 4374989   18.53587   43  179          -   17.75355      -  85.0 13000s
 35669667 4372703     cutoff   47               -   17.75487      -  85.0 13005s
 35679213 4370421   18.57403   28  183          -   17.75610      -  85.0 13010s
 35688854 4367882     cutoff   46               -   17.75735      -  85.0 13015s
 35698771 4365361   18.52892   38  194          -   17.75862      -  85.0 13020s
 35708537 4362793 infeasible   50               -   17.75989      -  85.0 13025s
 35718479 4360530     cutoff   39               -   17.76092      -  85.0 13030s
 35728222 4357895 infeasible   62               -   17.76190      -  85.1 13035s
 35737916 4355630     cutoff   37               -   17.76316      -  85.1 13040s
 35747652 4352960   18.29646   48  198          -   17.76461      -  85.1 13045s
 35757351 4350477     cutoff   41               -   17.76538      -  85.1 13050s
 35767038 4347870 infeasible   41               -   17.76667      -  85.1 13055s
 35776898 4345642   18.44118   42   84          -   17.76773      -  85.1 13060s
 35786666 4342714   18.68126   48  243          -   17.76908      -  85.1 13065s
 35796517 4339733   18.15936   45  214          -   17.76934      -  85.1 13070s
 35806117 4337297   18.61429   40  175          -   17.77081      -  85.1 13075s
 35815986 4334853 infeasible   40               -   17.77195      -  85.1 13081s
 35823098 4332659     cutoff   36               -   17.77273      -  85.1 13085s
 35832978 4330211   18.28962   51  177          -   17.77395      -  85.1 13090s
 35842952 4327810   18.35525   48  157          -   17.77506      -  85.1 13095s
 35852573 4325395 infeasible   48               -   17.77637      -  85.1 13100s
 35862523 4321657 infeasible   37               -   17.77778      -  85.2 13105s
 35872350 4317295     cutoff   52               -   17.77778      -  85.2 13111s
 35881948 4314723   18.22728   42  209          -   17.77797      -  85.2 13116s
 35892007 4312466     cutoff   53               -   17.77941      -  85.2 13121s
 35901787 4310088   18.43118   41  211          -   17.78056      -  85.2 13126s
 35911360 4307502     cutoff   52               -   17.78182      -  85.2 13131s
 35920843 4304709   18.62991   43  190          -   17.78293      -  85.2 13136s
 35930405 4302344     cutoff   40               -   17.78412      -  85.2 13141s
 35940309 4299316   18.43312   49  164          -   17.78552      -  85.2 13146s
 35947777 4296440 infeasible   52               -   17.78571      -  85.2 13150s
 35957556 4294189     cutoff   44               -   17.78673      -  85.2 13155s
 35967362 4291591 infeasible   40               -   17.78799      -  85.2 13160s
 35977077 4288631     cutoff   48               -   17.78944      -  85.2 13165s
 35986585 4286266 infeasible   49               -   17.79032      -  85.2 13170s
 35996486 4283306     cutoff   55               -   17.79167      -  85.2 13175s
 36006314 4280896   18.71421   43  201          -   17.79259      -  85.3 13180s
 36016115 4278151   18.79119   52  189          -   17.79381      -  85.3 13186s
 36024178 4276163 infeasible   54               -   17.79474      -  85.3 13190s
 36033026 4273722     cutoff   42               -   17.79592      -  85.3 13195s
 36042848 4271196   18.28124   64  195          -   17.79727      -  85.3 13200s
 36052706 4268799     cutoff   65               -   17.79869      -  85.3 13205s
 36062295 4264081     cutoff   56               -   17.80000      -  85.3 13210s
 36072113 4258250     cutoff   46               -   17.80000      -  85.3 13215s
 36081362 4252947     cutoff   38               -   17.80000      -  85.3 13220s
 36090895 4248058     cutoff   55               -   17.80000      -  85.3 13225s
 36100590 4243968     cutoff   42               -   17.80000      -  85.3 13230s
 36110512 4240713     cutoff   38               -   17.80000      -  85.3 13235s
 36120330 4238534   18.28330   49  147          -   17.80081      -  85.3 13240s
 36127266 4237299     cutoff   47               -   17.80189      -  85.3 13245s
 36127716 4237098   18.15576   52  201          -   17.80207      -  85.3 13250s
 36131221 4235996   18.22992   48  184          -   17.80220      -  85.3 13255s
 36138700 4233746   18.24659   64  151          -   17.80297      -  85.4 13260s
 36147473 4231380     cutoff   50               -   17.80436      -  85.4 13265s
 36158517 4228315 infeasible   44               -   17.80606      -  85.4 13270s
 36168591 4225399     cutoff   45               -   17.80735      -  85.4 13275s
 36175998 4223402 infeasible   39               -   17.80816      -  85.4 13280s
 36185911 4220287 infeasible   43               -   17.80952      -  85.4 13285s
 36195686 4217543   18.42650   37  155          -   17.81061      -  85.4 13290s
 36205367 4215197     cutoff   43               -   17.81188      -  85.4 13295s
 36215673 4211564   19.00000   51    9          -   17.81250      -  85.4 13300s
 36225310 4209017     cutoff   36               -   17.81379      -  85.4 13305s
 36235125 4206413 infeasible   47               -   17.81486      -  85.4 13310s
 36244643 4203638   18.20806   42  181          -   17.81624      -  85.4 13316s
 36254285 4201135   18.68331   36  200          -   17.81757      -  85.4 13321s
 36261702 4197397     cutoff   44               -   17.81818      -  85.4 13325s
 36271702 4194616     cutoff   45               -   17.81853      -  85.5 13330s
 36281319 4191922   18.49994   53  197          -   17.81997      -  85.5 13335s
 36288423 4189943     cutoff   34               -   17.82090      -  85.5 13340s
 36298088 4187066   18.23525   54  199          -   17.82210      -  85.5 13345s
 36307919 4183884     cutoff   40               -   17.82353      -  85.5 13351s
 36315381 4181728 infeasible   35               -   17.82397      -  85.5 13355s
 36327591 4178341     cutoff   41               -   17.82560      -  85.5 13361s
 36334841 4176046   18.00000   35    9          -   17.82644      -  85.5 13365s
 36344536 4173403   18.14523   40  205          -   17.82764      -  85.5 13370s
 36354415 4170561 infeasible   46               -   17.82903      -  85.5 13376s
 36361772 4168571     cutoff   60               -   17.83007      -  85.5 13380s
 36371394 4165915     cutoff   49               -   17.83140      -  85.5 13385s
 36381105 4162199     cutoff   56               -   17.83310      -  85.5 13390s
 36391473 4155230     cutoff   50               -   17.83333      -  85.5 13395s
 36400901 4149587     cutoff   51               -   17.83333      -  85.5 13401s
 36408289 4145700     cutoff   37               -   17.83333      -  85.6 13405s
 36418033 4141210 infeasible   47               -   17.83333      -  85.6 13410s
 36428141 4137289 infeasible   38               -   17.83333      -  85.6 13416s
 36437872 4134789     cutoff   60               -   17.83373      -  85.6 13420s
 36447192 4132258   18.76254   58  189          -   17.83529      -  85.6 13425s
 36456731 4129575     cutoff   38               -   17.83672      -  85.6 13431s
 36466554 4126698     cutoff   39               -   17.83802      -  85.6 13436s
 36473814 4124511     cutoff   52               -   17.83893      -  85.6 13440s
 36483726 4121684   18.51739   55  177          -   17.84010      -  85.6 13445s
 36493497 4118984 infeasible   42               -   17.84141      -  85.6 13451s
 36500770 4116481     cutoff   42               -   17.84211      -  85.6 13455s
 36510470 4113509     cutoff   41               -   17.84348      -  85.6 13460s
 36520542 4110781 infeasible   47               -   17.84468      -  85.6 13465s
 36527555 4108597     cutoff   64               -   17.84574      -  85.6 13470s
 36537535 4104751     cutoff   48               -   17.84615      -  85.7 13475s
 36546887 4101854 infeasible   63               -   17.84746      -  85.7 13481s
 36554352 4099663 infeasible   49               -   17.84848      -  85.7 13485s
 36564047 4096190 infeasible   51               -   17.85000      -  85.7 13490s
 36574119 4093382   17.96878   38  194          -   17.85081      -  85.7 13496s
 36581249 4091101     cutoff   48               -   17.85185      -  85.7 13500s
 36591077 4088136     cutoff   38               -   17.85295      -  85.7 13505s
 36601239 4085289   18.68889   45  131          -   17.85433      -  85.7 13510s
 36608423 4083336     cutoff   33               -   17.85536      -  85.7 13515s
 36617938 4079304     cutoff   39               -   17.85697      -  85.7 13520s
 36628203 4073207 infeasible   59               -   17.85714      -  85.7 13526s
 36637648 4068825     cutoff   44               -   17.85714      -  85.7 13531s
 36645426 4066343   18.00000   50   28          -   17.85714      -  85.7 13535s
 36654951 4063729     cutoff   34               -   17.85842      -  85.7 13540s
 36664332 4060883   18.60468   48  184          -   17.85979      -  85.7 13545s
 36674218 4057768     cutoff   62               -   17.86111      -  85.8 13550s
 36681306 4055569     cutoff   45               -   17.86207      -  85.8 13555s
 36691133 4052214     cutoff   43               -   17.86347      -  85.8 13560s
 36701191 4049419     cutoff   35               -   17.86443      -  85.8 13566s
 36708614 4047270     cutoff   66               -   17.86538      -  85.8 13570s
 36718110 4043499 infeasible   57               -   17.86667      -  85.8 13575s
 36728166 4040643   18.53766   39  137          -   17.86736      -  85.8 13580s
 36737795 4037651 infeasible   55               -   17.86864      -  85.8 13586s
 36747444 4034382   18.81093   48  205          -   17.86979      -  85.8 13591s
 36754714 4031984   18.89031   34  188          -   17.87079      -  85.8 13595s
 36764384 4029082   18.72878   49  164          -   17.87199      -  85.8 13600s
 36774150 4026138   18.44937   42  161          -   17.87344      -  85.8 13606s
 36781632 4022920   18.65007   39  184          -   17.87475      -  85.8 13610s
 36791849 4016763 infeasible   43               -   17.87500      -  85.8 13615s
 36801760 4011978 infeasible   69               -   17.87500      -  85.8 13621s
 36808860 4009231   18.65828   47  186          -   17.87500      -  85.9 13625s
 36818320 4006457     cutoff   43               -   17.87611      -  85.9 13630s
 36828025 4003684   18.56968   44  153          -   17.87755      -  85.9 13635s
 36837774 4000539     cutoff   40               -   17.87879      -  85.9 13641s
 36845170 3997967 infeasible   48               -   17.87996      -  85.9 13645s
 36855132 3994969     cutoff   48               -   17.88109      -  85.9 13650s
 36865023 3991446 infeasible   48               -   17.88235      -  85.9 13656s
 36872112 3989234   19.00000   37    1          -   17.88302      -  85.9 13660s
 36881762 3985902   18.49638   39  179          -   17.88447      -  85.9 13665s
 36891297 3982946 infeasible   57               -   17.88571      -  85.9 13670s
 36898850 3980674     cutoff   42               -   17.88660      -  85.9 13675s
 36908707 3977771   18.50948   42  190          -   17.88810      -  85.9 13680s
 36918716 3971497   18.93253   40  218          -   17.88889      -  85.9 13686s
 36928601 3967224     cutoff   54               -   17.88889      -  85.9 13691s
 36935768 3965228 infeasible   52               -   17.88971      -  85.9 13695s
 36945353 3962146     cutoff   38               -   17.89121      -  86.0 13700s
 36954858 3958846 infeasible   47               -   17.89253      -  86.0 13705s
 36964589 3955611     cutoff   40               -   17.89376      -  86.0 13710s
 36972015 3952948     cutoff   39               -   17.89474      -  86.0 13715s
 36981676 3949803     cutoff   36               -   17.89589      -  86.0 13721s
 36988870 3947175   18.26603   41  186          -   17.89687      -  86.0 13725s
 36998612 3943885     cutoff   47               -   17.89831      -  86.0 13731s
 37005993 3941452     cutoff   53               -   17.89946      -  86.0 13735s
 37016481 3935230     cutoff   48               -   17.90000      -  86.0 13740s
 37024246 3932185   18.78765   44  200          -   17.90000      -  86.0 13745s
 37034045 3929443     cutoff   44               -   17.90099      -  86.0 13750s
 37043769 3926347     cutoff   41               -   17.90244      -  86.0 13755s
 37053441 3923223 infeasible   40               -   17.90377      -  86.0 13760s
 37063199 3919529     cutoff   53               -   17.90476      -  86.0 13766s
 37070277 3916915     cutoff   44               -   17.90596      -  86.1 13770s
 37080165 3913574     cutoff   48               -   17.90732      -  86.1 13775s
 37090031 3909706     cutoff   40               -   17.90882      -  86.1 13780s
 37099750 3904957 infeasible   40               -   17.90909      -  86.1 13786s
 37107137 3902657   18.67822   36  216          -   17.90984      -  86.1 13790s
 37116733 3899286     cutoff   45               -   17.91138      -  86.1 13796s
 37124222 3896824     cutoff   56               -   17.91232      -  86.1 13800s
 37133935 3893272 infeasible   44               -   17.91358      -  86.1 13805s
 37141291 3890898   18.40598   55  182          -   17.91460      -  86.1 13810s
 37150885 3887727   18.00000   43   11          -   17.91608      -  86.1 13815s
 37161021 3881696     cutoff   41               -   17.91667      -  86.1 13821s
 37168371 3879240 infeasible   86               -   17.91667      -  86.1 13825s
 37177996 3876895     cutoff   40               -   17.91822      -  86.1 13830s
 37178789 3876296     cutoff   40               -   17.91837      -  86.1 13835s
 37184714 3873705     cutoff   48               -   17.91892      -  86.1 13840s
 37193324 3870767   18.74654   40  209          -   17.92034      -  86.1 13845s
 37203819 3867367     cutoff   35               -   17.92185      -  86.2 13851s
 37211554 3863892     cutoff   42               -   17.92308      -  86.2 13855s
 37221763 3860027     cutoff   38               -   17.92340      -  86.2 13861s
 37228973 3857589 infeasible   53               -   17.92453      -  86.2 13865s
 37238754 3854061   18.41960   44  154          -   17.92593      -  86.2 13870s
 37245905 3851690     cutoff   50               -   17.92683      -  86.2 13875s
 37255642 3847757   18.47996   40  169          -   17.92831      -  86.2 13880s
 37265891 3843392   18.74641   59  197          -   17.92857      -  86.2 13886s
 37272905 3840910   18.05461   36  133          -   17.92979      -  86.2 13890s
 37282659 3837388 infeasible   57               -   17.93103      -  86.2 13895s
 37289652 3834948   18.45218   46  174          -   17.93212      -  86.2 13900s
 37299725 3830345     cutoff   51               -   17.93333      -  86.2 13905s
 37309542 3826902     cutoff   45               -   17.93443      -  86.2 13910s
 37316945 3824299     cutoff   54               -   17.93548      -  86.2 13915s
 37326581 3821023     cutoff   49               -   17.93696      -  86.3 13920s
 37333917 3817101     cutoff   65               -   17.93750      -  86.3 13925s
 37343199 3813706 infeasible   49               -   17.93865      -  86.3 13930s
 37350858 3811058   18.25595   35  117          -   17.93969      -  86.3 13935s
 37360707 3807044     cutoff   40               -   17.94118      -  86.3 13940s
 37370318 3803648     cutoff   58               -   17.94222      -  86.3 13946s
 37377649 3801020   18.73428   47  155          -   17.94323      -  86.3 13950s
 37387558 3796458     cutoff   42               -   17.94444      -  86.3 13955s
 37397370 3793013   18.48128   43  216          -   17.94554      -  86.3 13961s
 37404542 3790430     cutoff   46               -   17.94667      -  86.3 13965s
 37414426 3786646 infeasible   44               -   17.94768      -  86.3 13970s
 37421601 3783865 infeasible   42               -   17.94874      -  86.3 13975s
 37428991 3780736     cutoff   41               -   17.95000      -  86.3 13980s
 37438730 3777173     cutoff   51               -   17.95088      -  86.3 13986s
 37445962 3774356   18.22614   37  180          -   17.95205      -  86.3 13990s
 37455779 3770514 infeasible   34               -   17.95320      -  86.4 13996s
 37463040 3767573 infeasible   56               -   17.95431      -  86.4 14000s
 37470320 3765117   18.11073   40  225          -   17.95495      -  86.4 14005s
 37480084 3761176     cutoff   46               -   17.95649      -  86.4 14010s
 37489990 3757772     cutoff   65               -   17.95771      -  86.4 14015s
 37497448 3754612   18.84993   40  171          -   17.95841      -  86.4 14020s
 37507094 3750883     cutoff   37               -   17.96000      -  86.4 14025s
 37516711 3746992     cutoff   41               -   17.96131      -  86.4 14031s
 37524234 3744426     cutoff   47               -   17.96218      -  86.4 14035s
 37533724 3740844     cutoff   46               -   17.96350      -  86.4 14041s
 37541072 3737743   18.44439   32  197          -   17.96446      -  86.4 14045s
 37550971 3734048     cutoff   43               -   17.96591      -  86.4 14050s
 37561046 3730377   18.42581   48  168          -   17.96721      -  86.4 14055s
 37570561 3726480     cutoff   42               -   17.96865      -  86.4 14061s
 37577700 3723678 infeasible   51               -   17.96969      -  86.5 14065s
 37587475 3719956   18.84664   32  228          -   17.97098      -  86.5 14071s
 37594891 3716935 infeasible   48               -   17.97206      -  86.5 14075s
 37604608 3713203 infeasible   35               -   17.97346      -  86.5 14081s
 37611816 3710575   18.61363   37  167          -   17.97443      -  86.5 14085s
 37621274 3706395 infeasible   42               -   17.97598      -  86.5 14090s
 37628778 3703447     cutoff   59               -   17.97710      -  86.5 14095s
 37638605 3699697 infeasible   51               -   17.97853      -  86.5 14100s
 37646090 3697103 infeasible   55               -   17.97960      -  86.5 14105s
 37655789 3693150     cutoff   58               -   17.98113      -  86.5 14110s
 37663126 3690367   18.79593   36  217          -   17.98223      -  86.5 14115s
 37672905 3686558   18.14123   47  174          -   17.98375      -  86.5 14120s
 37680252 3683680     cutoff   38               -   17.98485      -  86.5 14125s
 37689893 3680018     cutoff   49               -   17.98649      -  86.5 14130s
 37699721 3676357   18.55432   35  199          -   17.98806      -  86.6 14136s
 37706982 3673525   18.60345   52   91          -   17.98925      -  86.6 14140s
 37716690 3669817 infeasible   47               -   17.99090      -  86.6 14146s
 37724128 3667241     cutoff   42               -   17.99220      -  86.6 14150s
 37733741 3663557     cutoff   37               -   17.99390      -  86.6 14156s
 37741066 3660793 infeasible   40               -   17.99534      -  86.6 14160s
 37748400 3658143     cutoff   43               -   17.99684      -  86.6 14165s
 37757601 3654746     cutoff   53               -   17.99904      -  86.6 14171s
 37767798 3646846     cutoff   42               -   18.00000      -  86.6 14175s
 37774440 3643265     cutoff   34               -   18.00000      -  86.6 14180s
 37776337 3640595     cutoff   51               -   18.00000      -  86.6 14185s
 37780168 3637062     cutoff   50               -   18.00000      -  86.6 14196s
 37781472 3635644     cutoff   75               -   18.00000      -  86.6 14200s
 37784814 3631981     cutoff   70               -   18.00000      -  86.6 14210s
 37786727 3627979     cutoff   63               -   18.00000      -  86.6 14215s
 37791127 3622098     cutoff   51               -   18.00000      -  86.6 14220s
 37804279 3608522     cutoff   43               -   18.00000      -  86.6 14225s
 37820078 3592104     cutoff   41               -   18.00000      -  86.6 14230s
 37838831 3572764     cutoff   64               -   18.00000      -  86.6 14237s
 37849770 3562709 infeasible   68               -   18.00000      -  86.6 14240s
 37872729 3540717     cutoff   53               -   18.00000      -  86.6 14248s
 37884503 3530902 infeasible   58               -   18.00000      -  86.6 14252s
 37895247 3521083     cutoff   47               -   18.00000      -  86.6 14256s
 37906300 3510013   18.50000   63   25          -   18.00000      -  86.6 14261s
 37918227 3498824 infeasible   43               -   18.00000      -  86.6 14265s
 37941494 3478393 infeasible   39               -   18.00000      -  86.6 14274s
 37953403 3468922 infeasible   55               -   18.00000      -  86.5 14278s
 37964517 3459739     cutoff   48               -   18.00000      -  86.6 14283s
 37975541 3449696     cutoff   48               -   18.00000      -  86.6 14288s
 37987360 3441938     cutoff   41               -   18.00000      -  86.6 14293s
 37997370 3431595     cutoff   50               -   18.00000      -  86.6 14298s
 38010053 3422403     cutoff   63               -   18.00000      -  86.6 14303s
 38021754 3413286   18.34846   39  158          -   18.00000      -  86.6 14308s
 38033584 3403720     cutoff   49               -   18.00000      -  86.6 14313s
 38045569 3394957     cutoff   47               -   18.00000      -  86.6 14319s
 38057127 3386171   18.81243   52  206          -   18.00000      -  86.6 14324s
 38068706 3377432     cutoff   40               -   18.00000      -  86.6 14329s
 38080685 3368990     cutoff   36               -   18.00000      -  86.6 14335s
 38092249 3360345     cutoff   54               -   18.00000      -  86.6 14340s
 38104135 3352565   18.00000   43   28          -   18.00000      -  86.6 14346s
 38115939 3344049 infeasible   66               -   18.00000      -  86.6 14352s
 38127990 3336255 infeasible   65               -   18.00000      -  86.6 14357s
 38139714 3328083     cutoff   55               -   18.00000      -  86.6 14364s
 38151527 3320696     cutoff   46               -   18.00000      -  86.6 14369s
 38163444 3313170 infeasible   41               -   18.00000      -  86.6 14375s
 38175032 3306293     cutoff   57               -   18.00000      -  86.7 14381s
 38186087 3299000   18.10638   47   97          -   18.00000      -  86.7 14387s
 38198998 3291792     cutoff   48               -   18.00000      -  86.7 14393s
 38210414 3284917 infeasible   50               -   18.00000      -  86.7 14398s
 38222686 3278185   18.31176   43  189          -   18.00000      -  86.7 14405s
 38234786 3271692 infeasible   58               -   18.00000      -  86.7 14410s
 38246037 3265249     cutoff   42               -   18.00000      -  86.7 14416s
 38258551 3259201     cutoff   61               -   18.00000      -  86.7 14423s
 38270320 3253445     cutoff   46               -   18.00000      -  86.7 14429s
 38281964 3247807     cutoff   41               -   18.00000      -  86.7 14434s
 38293973 3242949     cutoff   46               -   18.00000      -  86.7 14440s
 38305377 3239493 infeasible   43               -   18.00000      -  86.8 14445s
 38321025 3235721     cutoff   42               -   18.00072      -  86.8 14450s
 38329025 3232645     cutoff   44               -   18.00275      -  86.8 14455s
 38338327 3228825     cutoff   41               -   18.00499      -  86.8 14461s
 38344867 3226220   18.09259   40  174          -   18.00651      -  86.8 14465s
 38355500 3222102 infeasible   42               -   18.00880      -  86.8 14471s
 38362700 3219290     cutoff   44               -   18.01030      -  86.8 14476s
 38370344 3216342     cutoff   41               -   18.01190      -  86.8 14480s
 38382197 3211712     cutoff   43               -   18.01412      -  86.8 14486s
 38389566 3208582     cutoff   39               -   18.01561      -  86.8 14490s
 38397278 3205471 infeasible   43               -   18.01709      -  86.8 14495s
 38409533 3200377     cutoff   45               -   18.01947      -  86.8 14502s
 38417892 3196800     cutoff   39               -   18.02105      -  86.8 14507s
 38426321 3193383   18.62088   54  211          -   18.02261      -  86.9 14511s
 38435372 3189816   18.69228   32  234          -   18.02417      -  86.9 14516s
 38443925 3186514     cutoff   40               -   18.02571      -  86.9 14520s
 38452419 3183309     cutoff   47               -   18.02727      -  86.9 14525s
 38460652 3179715   18.37216   42  174          -   18.02866      -  86.9 14530s
 38468901 3176327     cutoff   47               -   18.03027      -  86.9 14535s
 38478110 3172391   18.57915   35  171          -   18.03180      -  86.9 14540s
 38487529 3168736   18.57609   41  184          -   18.03336      -  86.9 14545s
 38496102 3164744     cutoff   43               -   18.03509      -  86.9 14550s
 38504869 3161194     cutoff   52               -   18.03659      -  86.9 14555s
 38513547 3157294     cutoff   39               -   18.03821      -  86.9 14560s
 38522219 3153646   18.19767   39  122          -   18.03969      -  86.9 14565s
 38531670 3149247 infeasible   42               -   18.04143      -  86.9 14570s
 38541197 3145854     cutoff   49               -   18.04288      -  86.9 14576s
 38549189 3142043     cutoff   38               -   18.04428      -  86.9 14581s
 38559403 3137505 infeasible   59               -   18.04598      -  87.0 14586s
 38569379 3133601 infeasible   60               -   18.04762      -  87.0 14591s
 38578858 3128539 infeasible   58               -   18.04941      -  87.0 14597s
 38584222 3126961   18.59616   48  204          -   18.05002      -  87.0 14600s
 38592218 3123211 infeasible   40               -   18.05155      -  87.0 14605s
 38602064 3119020     cutoff   44               -   18.05325      -  87.0 14610s
 38611989 3113280     cutoff   34               -   18.05519      -  87.0 14617s
 38621546 3110198 infeasible   44               -   18.05648      -  87.0 14622s
 38626083 3107814 infeasible   42               -   18.05730      -  87.0 14625s
 38637284 3103553 infeasible   51               -   18.05895      -  87.0 14630s
 38645933 3099857     cutoff   49               -   18.06061      -  87.0 14635s
 38656574 3094117     cutoff   38               -   18.06250      -  87.0 14642s
 38666488 3090360   18.32940   51  169          -   18.06383      -  87.0 14647s
 38674810 3085997     cutoff   36               -   18.06536      -  87.0 14652s
 38680896 3082609     cutoff   49               -   18.06662      -  87.1 14655s
 38692143 3078610   18.54856   40  200          -   18.06810      -  87.1 14661s
 38700927 3073559     cutoff   40               -   18.06972      -  87.1 14667s
 38708405 3069129     cutoff   43               -   18.07118      -  87.1 14671s
 38720148 3065523     cutoff   38               -   18.07251      -  87.1 14676s
 38729526 3061334   18.23938   39  201          -   18.07414      -  87.1 14681s
 38737633 3056519   18.33864   42  176          -   18.07576      -  87.1 14687s
 38744103 3053377     cutoff   67               -   18.07692      -  87.1 14691s
 38754612 3049172     cutoff   44               -   18.07843      -  87.1 14696s
 38764715 3044965     cutoff   49               -   18.08009      -  87.1 14701s
 38773098 3037253     cutoff   60               -   18.08173      -  87.1 14709s
 38783333 3033122   18.52500   52   97          -   18.08333      -  87.1 14713s
 38791034 3031995     cutoff   42               -   18.08370      -  87.1 14715s
 38798655 3027518     cutoff   41               -   18.08523      -  87.1 14721s
 38808567 3023093     cutoff   43               -   18.08701      -  87.2 14727s
 38816302 3020871     cutoff   49               -   18.08799      -  87.2 14730s
 38822213 3014615   18.57469   51  216          -   18.08954      -  87.2 14736s
 38830594 3011204     cutoff   46               -   18.09091      -  87.2 14740s
 38841466 3007020 infeasible   50               -   18.09231      -  87.2 14745s
 38851112 3002455 infeasible   50               -   18.09395      -  87.2 14750s
 38861278 2997783     cutoff   48               -   18.09573      -  87.2 14756s
 38870022 2993770 infeasible   39               -   18.09737      -  87.2 14760s
 38874175 2986788     cutoff   44               -   18.09821      -  87.2 14767s
 38886474 2982008     cutoff   53               -   18.10000      -  87.2 14771s
 38898533 2978135     cutoff   46               -   18.10119      -  87.2 14776s
 38907638 2973617   18.64903   43  177          -   18.10294      -  87.2 14781s
 38917695 2968351     cutoff   46               -   18.10484      -  87.2 14787s
 38923072 2966038 infeasible   44               -   18.10562      -  87.2 14790s
 38932699 2961763     cutoff   39               -   18.10729      -  87.3 14795s
 38941507 2957839     cutoff   50               -   18.10903      -  87.3 14800s
 38945453 2950147     cutoff   44               -   18.10976      -  87.3 14806s
 38963799 2945093     cutoff   38               -   18.11160      -  87.3 14812s
 38972114 2940569     cutoff   45               -   18.11343      -  87.3 14817s
 38981654 2935567     cutoff   39               -   18.11523      -  87.3 14822s
 38986589 2932559 infeasible   39               -   18.11613      -  87.3 14825s
 38997978 2927208     cutoff   42               -   18.11802      -  87.3 14830s
 39007824 2922108     cutoff   47               -   18.12000      -  87.3 14836s
 39017527 2917960   18.59899   39  188          -   18.12156      -  87.3 14841s
 39026244 2907514     cutoff   40               -   18.12326      -  87.3 14849s
 39039028 2900024   18.74832   50  201          -   18.12500      -  87.3 14855s
 39054550 2896586 infeasible   50               -   18.12580      -  87.3 14860s
 39067840 2889702 infeasible   56               -   18.12853      -  87.4 14867s
 39072208 2887030     cutoff   38               -   18.12931      -  87.4 14870s
 39082476 2882781     cutoff   42               -   18.13123      -  87.4 14875s
 39093997 2875268 infeasible   54               -   18.13333      -  87.4 14882s
 39100137 2873024 infeasible   49               -   18.13408      -  87.4 14885s
 39110493 2866839     cutoff   40               -   18.13621      -  87.4 14891s
 39122211 2861316 infeasible   51               -   18.13814      -  87.4 14897s
 39127035 2859045     cutoff   38               -   18.13899      -  87.4 14900s
 39139995 2845910     cutoff   55               -   18.14167      -  87.4 14911s
 39153217 2840513     cutoff   42               -   18.14286      -  87.4 14916s
 39165110 2836855     cutoff   49               -   18.14380      -  87.4 14921s
 39173733 2831942     cutoff   41               -   18.14569      -  87.4 14926s
 39183747 2826334     cutoff   39               -   18.14765      -  87.4 14932s
 39188937 2823368     cutoff   47               -   18.14858      -  87.4 14935s
 39201483 2816856     cutoff   40               -   18.15075      -  87.5 14942s
 39210616 2810035 infeasible   36               -   18.15254      -  87.5 14948s
 39218182 2807020   19.03592   53  156          -   18.15385      -  87.5 14952s
 39223819 2804286     cutoff   36               -   18.15454      -  87.5 14955s
 39233892 2798797   18.37480   46  190          -   18.15648      -  87.5 14961s
 39244995 2792652     cutoff   40               -   18.15856      -  87.5 14967s
 39250029 2789642     cutoff   54               -   18.15964      -  87.5 14970s
 39260434 2784497   18.49249   51  178          -   18.16159      -  87.5 14976s
 39268971 2780381 infeasible   42               -   18.16327      -  87.5 14981s
 39277283 2767313   18.58120   64  208          -   18.16515      -  87.5 14989s
 39291920 2757090 infeasible   41               -   18.16667      -  87.5 14996s
 39305069 2750028 infeasible   43               -   18.16667      -  87.5 15001s
 39319637 2746244     cutoff   49               -   18.16734      -  87.5 15006s
 39327264 2741763   18.39813   39  197          -   18.16914      -  87.5 15011s
 39336070 2736420 infeasible   55               -   18.17105      -  87.5 15016s
 39345785 2730873 infeasible   48               -   18.17293      -  87.6 15022s
 39351058 2728296 infeasible   37               -   18.17391      -  87.6 15025s
 39361918 2721074 infeasible   36               -   18.17615      -  87.6 15032s
 39368281 2718174     cutoff   41               -   18.17707      -  87.6 15035s
 39378601 2712785     cutoff   56               -   18.17910      -  87.6 15042s
 39383481 2706607     cutoff   40               -   18.18009      -  87.6 15047s
 39393401 2702519     cutoff   52               -   18.18182      -  87.6 15051s
 39404579 2697082 infeasible   81               -   18.18350      -  87.6 15057s
 39409904 2694090 infeasible   47               -   18.18459      -  87.6 15060s
 39419026 2686692     cutoff   64               -   18.18644      -  87.6 15067s
 39426793 2683915     cutoff   51               -   18.18750      -  87.6 15070s
 39436522 2678084   18.72222   58  156          -   18.18938      -  87.6 15076s
 39446708 2672268     cutoff   44               -   18.19129      -  87.6 15082s
 39452078 2669595     cutoff   50               -   18.19231      -  87.6 15085s
 39461738 2664426     cutoff   42               -   18.19436      -  87.6 15092s
 39466578 2661673 infeasible   66               -   18.19512      -  87.6 15095s
 39475967 2656760     cutoff   49               -   18.19712      -  87.7 15100s
 39483623 2642909     cutoff   38               -   18.19899      -  87.7 15109s
 39498475 2633451     cutoff   64               -   18.20000      -  87.7 15116s
 39510572 2627568     cutoff   50               -   18.20000      -  87.7 15120s
 39526378 2621848     cutoff   42               -   18.20168      -  87.7 15126s
 39534623 2616511 infeasible   36               -   18.20369      -  87.7 15131s
 39544735 2610440   18.55235   44  179          -   18.20577      -  87.7 15137s
 39550252 2606839 infeasible   41               -   18.20684      -  87.7 15141s
 39562541 2599774     cutoff   49               -   18.20901      -  87.7 15147s
 39568172 2595856     cutoff   55               -   18.21032      -  87.7 15151s
 39579339 2590920     cutoff   48               -   18.21240      -  87.7 15156s
 39583111 2584432 infeasible   35               -   18.21327      -  87.7 15161s
 39596778 2579320     cutoff   60               -   18.21523      -  87.7 15166s
 39606719 2573042     cutoff   45               -   18.21739      -  87.7 15173s
 39612103 2569917     cutoff   35               -   18.21837      -  87.7 15176s
 39621700 2557604     cutoff   68               -   18.22045      -  87.8 15185s
 39634940 2553658 infeasible   41               -   18.22222      -  87.8 15190s
 39645528 2548497   18.88619   46  184          -   18.22360      -  87.8 15195s
 39655399 2541540 infeasible   38               -   18.22581      -  87.8 15202s
 39661691 2537609   18.39343   45  201          -   18.22718      -  87.8 15205s
 39672814 2529511 infeasible   42               -   18.22917      -  87.8 15213s
 39680735 2525177     cutoff   67               -   18.23077      -  87.8 15216s
 39692805 2518686   18.63742   34  233          -   18.23295      -  87.8 15222s
 39698000 2514560     cutoff   39               -   18.23396      -  87.8 15226s
 39704487 2511109     cutoff   42               -   18.23529      -  87.8 15230s
 39716512 2503421 infeasible   38               -   18.23757      -  87.8 15236s
 39727277 2496784     cutoff   43               -   18.23984      -  87.8 15242s
 39732918 2493717     cutoff   42               -   18.24096      -  87.8 15245s
 39742693 2487799     cutoff   46               -   18.24310      -  87.8 15251s
 39752360 2482100 infeasible   45               -   18.24528      -  87.8 15257s
 39756649 2479671   18.44803   72  153          -   18.24632      -  87.8 15260s
 39764195 2465759 infeasible   47               -   18.24825      -  87.9 15268s
 39778960 2453735 infeasible   51               -   18.25000      -  87.9 15274s
 39792297 2443299     cutoff   47               -   18.25000      -  87.9 15279s
 39804135 2434192 infeasible   48               -   18.25000      -  87.9 15284s
 39815120 2425864     cutoff   48               -   18.25000      -  87.9 15290s
 39825666 2419519 infeasible   65               -   18.25000      -  87.9 15296s
 39840131 2414533 infeasible   43               -   18.25066      -  87.9 15301s
 39847384 2409612   18.46796   39  189          -   18.25260      -  87.9 15306s
 39855924 2403836     cutoff   59               -   18.25483      -  87.9 15312s
 39860732 2400640     cutoff   47               -   18.25585      -  87.9 15315s
 39871146 2393668     cutoff   42               -   18.25821      -  87.9 15321s
 39881878 2386708     cutoff   41               -   18.26051      -  87.9 15327s
 39887409 2382597     cutoff   54               -   18.26170      -  87.9 15331s
 39899888 2375616     cutoff   59               -   18.26415      -  87.9 15337s
 39904575 2370437   18.49249   48  159          -   18.26528      -  87.9 15342s
 39912139 2366910 infeasible   48               -   18.26667      -  87.9 15345s
 39922760 2359785 infeasible   44               -   18.26902      -  87.9 15351s
 39933134 2348926     cutoff   54               -   18.27116      -  87.9 15359s
 39943441 2345417 infeasible   52               -   18.27273      -  87.9 15363s
 39949140 2342572     cutoff   37               -   18.27368      -  87.9 15366s
 39958821 2336773 infeasible   35               -   18.27586      -  88.0 15371s
 39962656 2331176   18.83670   36  173          -   18.27690      -  88.0 15375s
 39974386 2325032     cutoff   35               -   18.27907      -  88.0 15381s
 39984248 2318839     cutoff   37               -   18.28125      -  88.0 15387s
 39993765 2313172     cutoff   39               -   18.28352      -  88.0 15391s
 39997658 2301282     cutoff   39               -   18.28461      -  88.0 15398s
 40012276 2296378 infeasible   51               -   18.28571      -  88.0 15403s
 40019463 2294284     cutoff   45               -   18.28571      -  88.0 15405s
 40027260 2288363 infeasible   49               -   18.28795      -  88.0 15410s
 40036691 2280538     cutoff   47               -   18.29032      -  88.0 15417s
 40043149 2277296     cutoff   47               -   18.29167      -  88.0 15420s
 40054532 2269235     cutoff   44               -   18.29412      -  88.0 15427s
 40059741 2265840     cutoff   39               -   18.29509      -  88.0 15430s
 40069286 2259905     cutoff   45               -   18.29741      -  88.0 15435s
 40073550 2248784     cutoff   42               -   18.29851      -  88.0 15442s
 40087670 2245112     cutoff   57               -   18.30000      -  88.0 15446s
 40097541 2238951   18.97660   37  172          -   18.30208      -  88.0 15451s
 40107484 2232027     cutoff   46               -   18.30435      -  88.0 15457s
 40112458 2228941     cutoff   39               -   18.30556      -  88.0 15460s
 40117191 2222330     cutoff   42               -   18.30664      -  88.1 15465s
 40129467 2216574 infeasible   38               -   18.30876      -  88.1 15470s
 40139380 2206926     cutoff   44               -   18.31111      -  88.1 15478s
 40147501 2203354     cutoff   58               -   18.31250      -  88.1 15480s
 40157342 2195885     cutoff   43               -   18.31481      -  88.1 15486s
 40167384 2188574 infeasible   43               -   18.31704      -  88.1 15492s
 40174000 2185115     cutoff   42               -   18.31818      -  88.1 15496s
 40183708 2177941     cutoff   47               -   18.32068      -  88.1 15502s
 40193913 2170907     cutoff   40               -   18.32313      -  88.1 15508s
 40198843 2167918     cutoff   48               -   18.32432      -  88.1 15511s
 40208591 2161202   18.51737   41  189          -   18.32667      -  88.1 15517s
 40217599 2155476     cutoff   46               -   18.32902      -  88.1 15522s
 40225026 2151048     cutoff   49               -   18.33129      -  88.1 15525s
 40228003 2139123 infeasible   35               -   18.33244      -  88.1 15530s
 40253507 2115557     cutoff   43               -   18.33333      -  88.1 15538s
 40265871 2105188     cutoff   67               -   18.33333      -  88.1 15543s
 40277017 2095320     cutoff   52               -   18.33333      -  88.1 15547s
 40287899 2085989     cutoff   50               -   18.33333      -  88.1 15552s
 40298574 2078165     cutoff   48               -   18.33333      -  88.1 15557s
 40307955 2069083 infeasible   48               -   18.33333      -  88.1 15563s
 40318804 2063540 infeasible   33               -   18.33333      -  88.1 15567s
 40328772 2059757     cutoff   46               -   18.33442      -  88.1 15570s
 40335715 2054563     cutoff   40               -   18.33656      -  88.1 15575s
 40343927 2048299     cutoff   40               -   18.33896      -  88.1 15580s
 40353053 2041406     cutoff   42               -   18.34143      -  88.1 15585s
 40363273 2034388 infeasible   50               -   18.34375      -  88.1 15591s
 40373193 2027073 infeasible   53               -   18.34615      -  88.1 15596s
 40383392 2018281 infeasible   47               -   18.34884      -  88.2 15603s
 40389862 2015574     cutoff   48               -   18.35000      -  88.2 15605s
 40400637 2006573     cutoff   43               -   18.35294      -  88.2 15612s
 40405929 2003762 infeasible   45               -   18.35404      -  88.2 15615s
 40414208 1993516     cutoff   47               -   18.35617      -  88.2 15622s
 40427242 1986675     cutoff   38               -   18.35870      -  88.2 15627s
 40432522 1983170   18.92854   60  203          -   18.36000      -  88.2 15630s
 40441258 1971659     cutoff   43               -   18.36232      -  88.2 15638s
 40451607 1969152     cutoff   47               -   18.36364      -  88.2 15640s
 40460125 1961704     cutoff   41               -   18.36637      -  88.2 15646s
 40470877 1953761 infeasible   45               -   18.36890      -  88.2 15652s
 40475644 1949939     cutoff   52               -   18.37026      -  88.2 15655s
 40484898 1943983 infeasible   40               -   18.37268      -  88.2 15660s
 40488660 1932053     cutoff   39               -   18.37389      -  88.2 15666s
 40502055 1925095     cutoff   61               -   18.37500      -  88.2 15671s
 40513679 1920115     cutoff   48               -   18.37629      -  88.2 15675s
 40521996 1913561     cutoff   58               -   18.37864      -  88.2 15681s
 40532434 1905885     cutoff   58               -   18.38108      -  88.2 15686s
 40541251 1895700     cutoff   48               -   18.38356      -  88.2 15693s
 40549898 1892763     cutoff   50               -   18.38487      -  88.2 15695s
 40558366 1883086     cutoff   53               -   18.38741      -  88.2 15701s
 40570437 1875846 infeasible   42               -   18.39010      -  88.2 15707s
 40575686 1872285 infeasible   45               -   18.39130      -  88.3 15710s
 40585718 1864614     cutoff   56               -   18.39402      -  88.3 15716s
 40595273 1858275     cutoff   52               -   18.39655      -  88.3 15721s
 40602386 1843922     cutoff   57               -   18.39900      -  88.3 15728s
 40615465 1831912 infeasible   38               -   18.40000      -  88.3 15734s
 40627724 1831912 infeasible   50               -   18.40000      -  88.3 15735s
 40628287 1823084     cutoff   65               -   18.40000      -  88.3 15740s
 40644443 1815757     cutoff   48               -   18.40204      -  88.3 15746s
 40652542 1808453     cutoff   35               -   18.40453      -  88.3 15751s
 40663235 1799327 infeasible   40               -   18.40739      -  88.3 15758s
 40669150 1795257     cutoff   44               -   18.40909      -  88.3 15761s
 40681113 1786755 infeasible   34               -   18.41176      -  88.3 15767s
 40689975 1779892     cutoff   42               -   18.41436      -  88.3 15772s
 40694032 1768450 infeasible   43               -   18.41564      -  88.3 15779s
 40707266 1766287     cutoff   38               -   18.41726      -  88.3 15781s
 40714749 1758116     cutoff   39               -   18.41953      -  88.3 15787s
 40724727 1750902   18.86866   53  206          -   18.42222      -  88.3 15792s
 40734141 1743714     cutoff   57               -   18.42500      -  88.3 15797s
 40742222 1728965     cutoff   55               -   18.42754      -  88.3 15804s
 40755259 1721823     cutoff   51               -   18.42857      -  88.3 15809s
 40763628 1719326 infeasible   54               -   18.42923      -  88.3 15811s
 40770674 1712455     cutoff   46               -   18.43170      -  88.3 15816s
 40781648 1703678 infeasible   49               -   18.43478      -  88.3 15822s
 40786431 1696615     cutoff   57               -   18.43600      -  88.3 15826s
 40798170 1690191     cutoff   52               -   18.43876      -  88.3 15830s
 40806421 1683893     cutoff   38               -   18.44118      -  88.3 15835s
 40813822 1669342 infeasible   59               -   18.44374      -  88.3 15843s
 40827041 1667101 infeasible   40               -   18.44444      -  88.3 15845s
 40833903 1660066     cutoff   47               -   18.44697      -  88.3 15850s
 40844752 1651052     cutoff   60               -   18.45000      -  88.3 15856s
 40854026 1637402     cutoff   49               -   18.45274      -  88.4 15864s
 40865461 1635188     cutoff   52               -   18.45455      -  88.4 15865s
 40872623 1627117     cutoff   50               -   18.45695      -  88.4 15871s
 40882082 1621157     cutoff   50               -   18.45963      -  88.4 15875s
 40894177 1610937     cutoff   44               -   18.46237      -  88.4 15882s
 40902388 1600159     cutoff   74               -   18.46498      -  88.4 15888s
 40910106 1597636     cutoff   46               -   18.46667      -  88.4 15890s
 40918172 1588314     cutoff   42               -   18.46914      -  88.4 15896s
 40928490 1579635 infeasible   40               -   18.47216      -  88.4 15901s
 40938919 1571577 infeasible   50               -   18.47500      -  88.4 15906s
 40947860 1564218 infeasible   43               -   18.47761      -  88.4 15911s
 40958259 1556004     cutoff   47               -   18.48060      -  88.4 15917s
 40967065 1548691     cutoff   41               -   18.48333      -  88.4 15922s
 40976057 1541215 infeasible   51               -   18.48624      -  88.4 15926s
 40984571 1534163     cutoff   55               -   18.48913      -  88.4 15931s
 40992317 1528026 infeasible   71               -   18.49194      -  88.4 15935s
 40999625 1522728     cutoff   53               -   18.49479      -  88.4 15940s
 41007626 1506617 infeasible   61               -   18.49850      -  88.4 15947s
 41020182 1494593 infeasible   43               -   18.50000      -  88.4 15950s
 41044914 1470550     cutoff   46               -   18.50000      -  88.4 15957s
 41057197 1458932     cutoff   72               -   18.50000      -  88.4 15961s
 41080712 1436571     cutoff   41               -   18.50000      -  88.4 15968s
 41091925 1425853     cutoff   56               -   18.50000      -  88.3 15971s
 41102914 1414490 infeasible   52               -   18.50000      -  88.3 15975s
 41125636 1393157     cutoff   52               -   18.50000      -  88.3 15983s
 41136568 1381908     cutoff   43               -   18.50000      -  88.3 15987s
 41148242 1371533     cutoff   62               -   18.50000      -  88.3 15991s
 41159084 1360553     cutoff   52               -   18.50000      -  88.3 15996s
 41170533 1349879 infeasible   42               -   18.50000      -  88.3 16000s
 41181747 1339376     cutoff   46               -   18.50000      -  88.3 16005s
 41192880 1329767 infeasible   53               -   18.50000      -  88.3 16010s
 41203137 1319532     cutoff   46               -   18.50000      -  88.3 16015s
 41214205 1310070     cutoff   50               -   18.50000      -  88.3 16020s
 41224672 1302730     cutoff   63               -   18.50000      -  88.3 16025s
 41237692 1296584 infeasible   50               -   18.50241      -  88.3 16030s
 41246859 1288703     cutoff   44               -   18.50633      -  88.3 16035s
 41257442 1279396     cutoff   45               -   18.51064      -  88.3 16041s
 41265226 1272608     cutoff   39               -   18.51351      -  88.3 16046s
 41272496 1266623     cutoff   39               -   18.51628      -  88.3 16050s
 41284265 1255948     cutoff   50               -   18.52083      -  88.3 16057s
 41293085 1249057 infeasible   46               -   18.52381      -  88.3 16061s
 41300860 1242136   18.82165   49  169          -   18.52671      -  88.4 16065s
 41309043 1234830     cutoff   49               -   18.52954      -  88.4 16070s
 41315681 1231810     cutoff   47               -   18.53211      -  88.4 16075s
 41317126 1229572 infeasible   50               -   18.53260      -  88.4 16081s
 41320589 1225512     cutoff   51               -   18.53319      -  88.4 16087s
 41325012 1221330     cutoff   54               -   18.53370      -  88.4 16091s
 41331120 1214513     cutoff   53               -   18.53549      -  88.4 16096s
 41338595 1207048     cutoff   66               -   18.54000      -  88.4 16101s
 41350474 1192326     cutoff   53               -   18.54500      -  88.4 16109s
 41360403 1189317     cutoff   68               -   18.54729      -  88.4 16111s
 41368538 1181926     cutoff   68               -   18.55041      -  88.4 16115s
 41377944 1164983     cutoff   55               -   18.55463      -  88.4 16124s
 41390598 1162507 infeasible   45               -   18.55685      -  88.4 16126s
 41399932 1151322   18.63941   50  189          -   18.56069      -  88.4 16132s
 41408786 1145397 infeasible   38               -   18.56391      -  88.4 16136s
 41418686 1137414     cutoff   57               -   18.56800      -  88.4 16141s
 41423898 1123480     cutoff   50               -   18.57069      -  88.4 16146s
 41439723 1118368     cutoff   39               -   18.57224      -  88.4 16150s
 41447757 1109961     cutoff   36               -   18.57621      -  88.4 16155s
 41458040 1101397     cutoff   45               -   18.58049      -  88.4 16160s
 41471144 1089958     cutoff   47               -   18.58385      -  88.4 16166s
 41481371 1080142     cutoff   67               -   18.58824      -  88.4 16171s
 41491317 1070748     cutoff   59               -   18.59259      -  88.4 16176s
 41497331 1065704 infeasible   40               -   18.59538      -  88.4 16180s
 41504778 1049451     cutoff   38               -   18.59969      -  88.4 16186s
 41516873 1037604 infeasible   50               -   18.60000      -  88.4 16190s
 41534524 1030861     cutoff   47               -   18.60129      -  88.4 16195s
 41544285 1020783     cutoff   55               -   18.60648      -  88.4 16200s
 41552972 1010708     cutoff   56               -   18.61053      -  88.4 16206s
 41561297 1001861     cutoff   47               -   18.61364      -  88.4 16210s
 41572940 993436     cutoff   39               -   18.61836      -  88.4 16215s
 41582756 986291     cutoff   52               -   18.62281      -  88.4 16220s
 41597072 971485 infeasible   44               -   18.62500      -  88.4 16226s
 41604565 964742     cutoff   49               -   18.62844      -  88.4 16230s
 41613311 956475 infeasible   52               -   18.63243      -  88.4 16235s
 41618879 946664     cutoff   43               -   18.63551      -  88.4 16240s
 41634401 933503     cutoff   46               -   18.64183      -  88.4 16246s
 41645180 925483     cutoff   46               -   18.64645      -  88.3 16250s
 41656111 916349     cutoff   46               -   18.65130      -  88.3 16255s
 41667437 906193 infeasible   56               -   18.65714      -  88.3 16260s
 41674796 899478     cutoff   40               -   18.66176      -  88.3 16265s
 41691458 873496     cutoff   55               -   18.66667      -  88.3 16271s
 41709586 861472 infeasible   38               -   18.66667      -  88.3 16275s
 41727034 839885     cutoff   47               -   18.66667      -  88.3 16281s
 41741896 830121     cutoff   47               -   18.66667      -  88.3 16285s
 41756261 817967     cutoff   44               -   18.66667      -  88.3 16290s
 41766795 809512 infeasible   44               -   18.67222      -  88.3 16296s
 41776035 800393     cutoff   50               -   18.67780      -  88.3 16301s
 41784349 792868 infeasible   56               -   18.68224      -  88.3 16305s
 41795393 782416     cutoff   43               -   18.68765      -  88.3 16310s
 41807403 770565     cutoff   42               -   18.69444      -  88.3 16315s
 41814435 755634     cutoff   37               -   18.69904      -  88.3 16321s
 41829675 748459     cutoff   48               -   18.70506      -  88.3 16325s
 41840347 739314     cutoff   59               -   18.71145      -  88.3 16330s
 41856328 723960     cutoff   47               -   18.71577      -  88.3 16335s
 41864664 714059     cutoff   57               -   18.72188      -  88.3 16341s
 41872974 703623 infeasible   48               -   18.72714      -  88.3 16345s
 41887570 693564     cutoff   47               -   18.73397      -  88.3 16350s
 41897288 684160 infeasible   41               -   18.74074      -  88.2 16355s
 41906207 665833     cutoff   49               -   18.74868      -  88.2 16361s
 41930400 642003 infeasible   60               -   18.75000      -  88.2 16367s
 41942259 632290 infeasible   61               -   18.75000      -  88.2 16370s
 41959429 623423 infeasible   40               -   18.75229      -  88.2 16376s
 41969407 613188     cutoff   45               -   18.76087      -  88.2 16380s
 41979049 602136     cutoff   38               -   18.76797      -  88.2 16385s
 41990074 586191 infeasible   42               -   18.77596      -  88.2 16391s
 42006269 575811 infeasible   51               -   18.78571      -  88.2 16395s
 42019395 564734     cutoff   43               -   18.79515      -  88.2 16400s
 42036803 543583 infeasible   50               -   18.80000      -  88.2 16406s
 42049846 534653 infeasible   43               -   18.80769      -  88.1 16410s
 42061146 520853 infeasible   51               -   18.81771      -  88.1 16415s
 42075195 509913   19.01179   42  201          -   18.82915      -  88.1 16420s
 42089351 490243     cutoff   46               -   18.83333      -  88.1 16425s
 42106260 478307     cutoff   48               -   18.84470      -  88.1 16430s
 42118769 459570     cutoff   47               -   18.85682      -  88.1 16436s
 42137078 448903 infeasible   53               -   18.87037      -  88.1 16440s
 42154510 431692     cutoff   49               -   18.88459      -  88.1 16445s
 42170185 414838     cutoff   53               -   18.90000      -  88.0 16450s
 42186125 400183 infeasible   42               -   18.91667      -  88.0 16455s
 42203110 383430     cutoff   44               -   18.93805      -  88.0 16460s
 42220361 366198     cutoff   41               -   18.96875      -  88.0 16465s
 42241840 335224 infeasible   47               -   19.00000      -  88.0 16470s
 42290036 287732 infeasible   62               -   19.00000      -  87.9 16475s
 42335372 242364 infeasible   54               -   19.00000      -  87.8 16481s
 42368983 209345 infeasible   55               -   19.00000      -  87.7 16485s
 42401412 177526 infeasible   45               -   19.00000      -  87.7 16490s
 42433312 145964 infeasible   36               -   19.00000      -  87.7 16495s
 42453942 126124     cutoff   48               -   19.00000      -  87.6 16500s

Cutting planes:
  Gomory: 32
  Implied bound: 678
  MIR: 486
  Inf proof: 43
  Zero half: 546
  Relax-and-lift: 32

Explored 42474326 nodes (3721050412 simplex iterations) in 16503.63 seconds (28536.62 work units)
Thread count was 24 (of 64 available processors)

Solution count 0

Model objective exceeds cutoff
Best objective -, best bound 1.950000000205e+01, gap -
