
Gurobi 13.0.3 (linux64) logging started Thu Oct  1 16:19:09 2026

Set parameter LogFile to value "W7_m56-100_38_n360k24d20w7_dX_18-19_gurobi.log"
Set parameter Threads to value 16
Set parameter NodefileStart to value 40
Set parameter NodefileDir to value "."
Set parameter SoftMemLimit to value 60
Set parameter Cutoff to value 19.5
Set parameter MIPFocus to value 3
Set parameter Symmetry to value 2
Gurobi Optimizer version 13.0.3 build v13.0.3rc0 (linux64 - "Ubuntu 24.04.4 LTS")

CPU model: AMD Ryzen Threadripper PRO 9975WX 32-Cores, instruction set [SSE2|AVX|AVX2|AVX512]
Thread count: 32 physical cores, 64 logical processors, using up to 16 threads

Non-default parameters:
Cutoff  19.5
SoftMemLimit  60
MIPFocus  3
NodefileStart  40
Symmetry  2
Threads  16

Optimize a model with 181 rows, 541 columns and 1501 nonzeros (Min)
Model fingerprint: 0x5131af9d
Model has 360 linear objective coefficients
Variable types: 0 continuous, 541 integer (360 binary)
Coefficient statistics:
  Matrix range     [1e+00, 2e+00]
  Objective range  [1e+00, 1e+00]
  Bounds range     [1e+00, 3e+01]
  RHS range        [1e+00, 1e+00]

Presolve time: 0.00s
Presolved: 181 rows, 541 columns, 1501 nonzeros
Variable types: 0 continuous, 541 integer (360 binary)
Root relaxation presolve removed 181 rows and 541 columns
Root relaxation presolve: All rows and columns removed

Root relaxation: objective 1.000000e+00, 0 iterations, 0.00 seconds (0.00 work units)

    Nodes    |    Current Node    |     Objective Bounds      |     Work
 Expl Unexpl |  Obj  Depth IntInf | Incumbent    BestBd   Gap | It/Node Time

     0     0    1.00000    0    4          -    1.00000      -     -    0s
     0     0    1.00000    0    3          -    1.00000      -     -    0s
     0     0    1.00000    0    3          -    1.00000      -     -    0s
     0     0    2.00000    0    4          -    2.00000      -     -    0s
     0     0    2.00000    0    4          -    2.00000      -     -    0s
     0     2    2.00000    0    4          -    2.00000      -     -    0s
  8586  6508   13.13806   29  150          -    8.00000      -  67.5    5s
 24464 18794    9.68168   23  260          -    8.51724      -  63.9   10s
 36262 28276   11.75926   40   93          -    8.68421      -  64.3   15s
 56287 41677   12.50000   33   21          -    8.85581      -  64.5   20s
 78461 56275   13.03534   33  199          -    9.00000      -  64.4   25s
 99637 69907   12.18750   44   78          -    9.18846      -  64.4   30s
 121509 83216   12.92593   21   99          -    9.34105      -  64.1   35s
 143174 96319   11.33741   26  156          -    9.50000      -  63.9   40s
 167058 110163   11.14119   24  192          -    9.68647      -  63.4   45s
 191289 124437   15.06667   52  134          -    9.91457      -  62.6   50s
 218652 140195   10.85764   31  155          -   10.09375      -  61.8   55s
 244353 155705   11.85088   24  152          -   10.30556      -  61.3   60s
 269676 170542   11.47647   36  231          -   10.50000      -  60.9   65s
 295912 185971   12.81915   22  188          -   10.65909      -  60.6   70s
 323292 201973   12.44444   28   82          -   10.80000      -  60.4   75s
 347727 216275   12.00000   26   10          -   10.94102      -  60.1   80s
 372544 230029   11.25000   33   43          -   11.00000      -  60.3   85s
 397847 244597   12.29826   28  155          -   11.11812      -  60.3   90s
 424019 260189   13.94737   34   72          -   11.24074      -  60.2   95s
 448216 273064   11.97122   34  156          -   11.33264      -  60.1  100s
 448555 273395   14.70000   71   89          -   11.33333      -  60.1  105s
 455313 278137   11.89286   35   94          -   11.35965      -  60.2  110s
 471612 287091   11.81930   35  220          -   11.42681      -  60.2  115s
 495973 300747   16.06000   40  138          -   11.50000      -  60.2  120s
 520522 314542   12.75000   32  101          -   11.53846      -  60.3  125s
 543511 327534   13.26496   25  135          -   11.61862      -  60.2  130s
 569905 341983   13.62310   25  188          -   11.67568      -  60.2  135s
 584759 349593   12.00000   40   65          -   11.73684      -  60.2  140s
 594485 355751   12.26316   41   90          -   11.75000      -  60.3  145s
 616370 367382   12.00000   29   11          -   11.81818      -  60.2  150s
 639556 380254   13.38824   40  208          -   11.87379      -  60.3  155s
 663403 393670   14.17439   33  151          -   11.92444      -  60.3  160s
 688206 407232   13.02222   45  103          -   11.99497      -  60.3  165s
 712053 418551   15.00000   30    7          -   12.00000      -  60.3  170s
 736211 430136   12.00000   34   11          -   12.00000      -  60.5  175s
 758305 441389   13.42365   43  126          -   12.01616      -  60.6  180s
 781769 453777   12.58876   40  235          -   12.08750      -  60.6  185s
 806445 467205   13.52174   52  102          -   12.14234      -  60.5  190s
 832758 481133   13.09821   40  133          -   12.18421      -  60.4  195s
 856973 494034   14.75862   30   93          -   12.22526      -  60.4  200s
 880657 506317   12.76650   27  130          -   12.25215      -  60.4  205s
 904757 518661   16.90000   29   72          -   12.30000      -  60.4  210s
 928898 531441   14.26280   28  166          -   12.33333      -  60.5  215s
 953234 544140   13.33333   54   47          -   12.37091      -  60.5  220s
 977177 556062     cutoff   60               -   12.40032      -  60.5  225s
 1002242 569297   13.42976   29  148          -   12.44318      -  60.4  230s
 1027041 582140   14.43537   28  134          -   12.48444      -  60.5  235s
 1050494 594051   14.50000   43   46          -   12.50000      -  60.5  240s
 1074023 605116   13.48000   33   95          -   12.50000      -  60.6  245s
 1098052 617294   17.13218   40  101          -   12.52644      -  60.7  250s
 1124139 630761   13.66260   33  136          -   12.56818      -  60.7  255s
 1148652 643297   13.25000   30   39          -   12.60000      -  60.7  260s
 1173510 655674   13.74504   30  213          -   12.62857      -  60.7  265s
 1198041 668306   13.26939   36  142          -   12.66351      -  60.6  270s
 1220408 678688   15.00000   24   13          -   12.66667      -  60.7  275s
 1243020 690348   12.95319   34  212          -   12.70000      -  60.8  280s
 1267799 702851   13.15929   39  110          -   12.73026      -  60.8  285s
 1294632 715628   17.92523   34  172          -   12.75000      -  60.8  290s
 1316202 726399   14.00736   43  217          -   12.77623      -  60.8  295s
 1340281 738205   13.39905   31  224          -   12.80000      -  60.8  300s
 1365229 750332   13.75000   34   60          -   12.82716      -  60.8  305s
 1388631 761928   14.07828   31  166          -   12.84851      -  60.9  310s
 1411874 773427   16.00000   47   12          -   12.87266      -  60.9  315s
 1436521 785251   15.42424   44   95          -   12.89189      -  60.9  320s
 1460747 797086   14.69231   28  135          -   12.91667      -  60.9  325s
 1486539 809716   13.81551   22  137          -   12.94167      -  60.9  330s
 1509875 821326   13.86430   28  208          -   12.96752      -  60.9  335s
 1531023 831895   13.72336   36  150          -   13.00000      -  60.9  340s
 1553427 841301     cutoff   73               -   13.00000      -  61.0  345s
 1576118 850582   17.60000   71   72          -   13.00000      -  61.0  350s
 1598564 859498   15.10714   32   75          -   13.00000      -  61.1  355s
 1619944 868247   14.31268   29  244          -   13.00000      -  61.1  360s
 1640280 876289   13.58055   28  138          -   13.00000      -  61.2  365s
 1662182 885676   13.00000   36   14          -   13.00000      -  61.2  370s
 1683146 894571   14.38403   33  157          -   13.00000      -  61.3  375s
 1704523 904470   14.63744   35  136          -   13.02857      -  61.3  380s
 1726272 914885   15.44105   31  181          -   13.05882      -  61.3  385s
 1750948 926499   13.82353   52   94          -   13.08369      -  61.3  390s
 1772445 936691   15.13946   31  156          -   13.10714      -  61.3  395s
 1794183 947015   16.54492   28  144          -   13.12500      -  61.3  400s
 1818756 958739   15.79730   41  101          -   13.14565      -  61.3  405s
 1840974 969095   15.13333   48   72          -   13.16667      -  61.3  410s
 1864507 980087   13.97086   41  206          -   13.18283      -  61.4  415s
 1889654 991508   16.70000   40  108          -   13.20000      -  61.4  420s
 1911832 1001698   15.00000   44   24          -   13.21538      -  61.4  425s
 1934568 1011666   16.00000   41   61          -   13.23331      -  61.4  430s
 1957468 1022387   14.10106   27  115          -   13.25000      -  61.4  435s
 1981252 1032197   14.15625   31   95          -   13.25029      -  61.5  440s
 2002728 1041575   15.00000   35   13          -   13.26941      -  61.5  445s
 2023523 1051028   13.50000   43   79          -   13.28571      -  61.5  450s
 2045500 1060785   15.06250   31  134          -   13.30000      -  61.5  455s
 2066140 1070089   14.33333   30  136          -   13.31582      -  61.6  460s
 2090279 1081177   13.50000   28   22          -   13.33333      -  61.6  465s
 2115444 1091298   17.37500   56   75          -   13.33333      -  61.6  470s
 2137493 1100852   14.80556   26  107          -   13.34783      -  61.7  475s
 2159009 1110819   14.94540   33  193          -   13.36364      -  61.7  480s
 2183107 1121039   14.31250   39   85          -   13.37569      -  61.7  485s
 2205035 1130457   13.87030   30  190          -   13.39189      -  61.7  490s
 2229260 1140501   16.19048   37   95          -   13.40000      -  61.7  495s
 2251795 1150692   13.71915   29  185          -   13.41667      -  61.8  500s
 2273576 1160292   15.41299   28   97          -   13.42857      -  61.8  505s
 2295939 1169839   18.06202   38  175          -   13.44286      -  61.8  510s
 2319087 1179733   13.64289   30  151          -   13.45552      -  61.9  515s
 2341740 1189421   15.00000   26    6          -   13.47059      -  61.9  520s
 2364251 1199177   16.72549   30  110          -   13.48769      -  61.9  525s
 2384184 1207369   15.97160   46  188          -   13.50000      -  61.9  530s
 2408001 1216689   16.06428   41  177          -   13.50000      -  62.0  535s
 2432135 1226131   14.77778   30  100          -   13.50000      -  62.0  540s
 2455205 1234868   18.47024   37  173          -   13.50000      -  62.0  545s
 2478252 1244020   14.16667   45   69          -   13.50000      -  62.1  550s
 2502383 1253893   14.50000   37   28          -   13.50000      -  62.1  555s
 2522877 1262640   14.00000   31   34          -   13.51515      -  62.2  560s
 2545930 1272468   14.11111   32   66          -   13.53285      -  62.2  565s
 2569251 1282081   15.00000   34   58          -   13.54673      -  62.2  570s
 2590916 1291178   13.95336   30  133          -   13.56012      -  62.2  575s
 2612934 1300177   14.00000   36   46          -   13.57143      -  62.2  580s
 2636345 1309913   15.83333   59   64          -   13.58621      -  62.3  585s
 2660705 1320067   15.00000   24   11          -   13.60000      -  62.3  590s
 2684671 1329308   14.52931   31  159          -   13.60862      -  62.3  595s
 2706110 1338184   16.00000   42   19          -   13.62069      -  62.3  600s
 2727904 1347117   16.93750   45  115          -   13.63133      -  62.3  605s
 2750475 1356602   15.19626   31  118          -   13.64297      -  62.3  610s
 2773173 1366144   17.20000   41   35          -   13.65812      -  62.3  615s
 2795786 1375266     cutoff   34               -   13.66667      -  62.4  620s
 2819226 1384150   17.81875   57  154          -   13.66667      -  62.4  625s
 2843675 1393879   14.15789   31  128          -   13.67257      -  62.4  630s
 2865388 1402974   16.00000   36    7          -   13.68637      -  62.4  635s
 2886444 1411495   14.86207   33  122          -   13.69835      -  62.4  640s
 2909572 1420991   14.71163   46  171          -   13.70963      -  62.4  645s
 2930764 1429708   17.23593   34  161          -   13.71824      -  62.4  650s
 2954500 1439181     cutoff   30               -   13.73131      -  62.4  655s
 2974222 1447116   15.72222   49   66          -   13.74242      -  62.4  660s
 2997886 1455921   15.00000   28   59          -   13.75000      -  62.5  665s
 3021132 1464758   18.00000   43   29          -   13.75000      -  62.5  670s
 3043603 1473800   14.95943   29  138          -   13.75969      -  62.5  675s
 3067397 1483309   15.34924   38  183          -   13.77188      -  62.5  680s
 3089629 1492018   16.66933   44  147          -   13.78220      -  62.5  685s
 3111828 1500999   14.08278   30  152          -   13.79417      -  62.5  690s
 3135514 1510085   17.00000   40   13          -   13.80000      -  62.5  695s
 3158027 1519072   15.77452   33  178          -   13.81034      -  62.6  700s
 3180430 1527894   15.15778   28  169          -   13.82143      -  62.6  705s
 3202242 1536825   15.50000   31   88          -   13.83333      -  62.6  710s
 3225173 1545687   15.55839   24  112          -   13.83333      -  62.6  715s
 3246726 1554053   16.21983   32  144          -   13.84615      -  62.6  720s
 3268757 1562707   14.00000   46   18          -   13.85714      -  62.6  725s
 3289412 1570996   14.32444   37  219          -   13.86364      -  62.6  730s
 3312428 1579919   14.50000   29   47          -   13.87500      -  62.7  735s
 3334981 1588593   14.98351   38  165          -   13.88194      -  62.7  740s
 3357837 1597319     cutoff   43               -   13.89063      -  62.7  745s
 3381150 1606222   14.80000   33   65          -   13.90000      -  62.7  750s
 3401861 1614552   16.23423   39  154          -   13.90909      -  62.7  755s
 3424313 1623105   14.75053   27  159          -   13.91892      -  62.7  760s
 3446336 1631316   15.59459   28  132          -   13.92857      -  62.7  765s
 3468750 1639795   14.22431   29  152          -   13.93750      -  62.7  770s
 3489801 1647804   14.75000   29   36          -   13.94737      -  62.8  775s
 3514133 1657042   14.26966   35  125          -   13.95876      -  62.8  780s
 3537069 1665848   15.25208   32  164          -   13.96953      -  62.8  785s
 3553990 1672277   15.39025   36  178          -   13.97872      -  62.8  790s
 3567391 1678159   15.20227   38  163          -   13.98649      -  62.8  795s
 3583683 1684378   14.50000   39   40          -   14.00000      -  62.8  800s
 3604289 1691830   15.86027   32  228          -   14.00000      -  62.8  805s
 3627455 1699500   14.25000   42   55          -   14.00000      -  62.8  810s
 3649679 1707421   15.16667   44   40          -   14.00000      -  62.9  815s
 3673944 1714635   15.68966   40  139          -   14.00000      -  62.9  820s
 3688493 1723170   16.30556   44   94          -   14.00000      -  62.9  831s
 3718655 1728061   15.70229   29   93          -   14.00000      -  62.9  835s
 3741465 1735088 infeasible   33               -   14.00000      -  63.0  840s
 3764828 1742520 infeasible   66               -   14.00000      -  63.0  845s
 3787573 1749534   18.68333   61  125          -   14.00000      -  63.0  850s
 3808872 1756331   17.29487   38  116          -   14.00000      -  63.1  855s
 3830489 1763110   17.63830   30  144          -   14.00000      -  63.1  860s
 3853457 1770244   16.15217   41  125          -   14.00000      -  63.1  865s
 3876665 1777670   17.90000   40  107          -   14.00000      -  63.2  870s
 3900808 1785819 infeasible   41               -   14.00000      -  63.2  875s
 3922138 1792915   15.00000   42   11          -   14.00000      -  63.2  880s
 3944647 1800288   14.05000   35   66          -   14.00000      -  63.2  885s
 3966861 1808845   17.20000   36  120          -   14.01442      -  63.2  890s
 3989663 1817356   18.51893   45  184          -   14.03134      -  63.2  895s
 4012089 1825878   16.70436   39  168          -   14.04567      -  63.2  900s
 4036446 1835068   16.84235   40  152          -   14.05882      -  63.2  905s
 4059202 1843494   16.00000   41    6          -   14.07025      -  63.2  910s
 4082035 1851974   16.25743   45  177          -   14.08095      -  63.2  915s
 4105183 1860794   15.39785   30   92          -   14.09091      -  63.2  920s
 4126972 1868845   14.85087   37  169          -   14.10000      -  63.2  925s
 4149445 1877195   16.03690   27  139          -   14.11031      -  63.2  930s
 4174168 1886128   15.96418   30  167          -   14.11957      -  63.2  935s
 4196518 1894506   14.50000   39   23          -   14.12500      -  63.2  940s
 4220895 1903453   15.50000   34   34          -   14.13725      -  63.2  945s
 4244044 1912029   14.86364   22  103          -   14.14431      -  63.2  950s
 4266618 1920357   14.69231   26   82          -   14.15385      -  63.2  955s
 4288687 1928568   16.84692   27  164          -   14.16520      -  63.2  960s
 4312674 1937181   15.24733   34  165          -   14.16667      -  63.2  965s
 4335648 1945535   15.12037   41  208          -   14.17544      -  63.2  970s
 4356839 1953495   15.54636   41  199          -   14.18405      -  63.2  975s
 4380833 1962501   15.41561   35  178          -   14.19397      -  63.2  980s
 4402833 1970566   15.35814   42  147          -   14.20000      -  63.2  985s
 4427127 1979294   16.54808   46  140          -   14.20522      -  63.2  990s
 4451471 1988401   16.17430   49  156          -   14.21591      -  63.2  995s
 4474933 1996756   16.23457   32  171          -   14.22277      -  63.2 1000s
 4496826 2004673   15.97266   33  124          -   14.23217      -  63.2 1005s
 4519899 2013358   14.50000   37   26          -   14.24242      -  63.2 1010s
 4543576 2021816   17.22778   34  125          -   14.25000      -  63.2 1015s
 4568631 2030116   15.33333   34   90          -   14.25000      -  63.2 1020s
 4592424 2037803   16.23585   34   93          -   14.25000      -  63.2 1025s
 4614594 2045998   15.20414   28  129          -   14.26042      -  63.2 1030s
 4637169 2054196   15.00000   28   51          -   14.26887      -  63.2 1035s
 4659048 2061985   15.67568   35  131          -   14.27660      -  63.2 1040s
 4682082 2070578   18.50000   51   20          -   14.28571      -  63.2 1045s
 4701417 2076817   14.74330   24  181          -   14.28996      -  63.2 1050s
 4701615 2077004   15.00000   29   68          -   14.29167      -  63.2 1055s
 4701781 2077157   15.87913   41  199          -   14.29329      -  63.2 1060s
 4701896 2077267   15.75000   45  105          -   14.29412      -  63.2 1065s
 4702009 2077378   15.00461   33  139          -   14.29504      -  63.2 1070s
 4702853 2077821   15.07589   34  147          -   14.29630      -  63.2 1075s
 4704691 2078799   15.43846   46  153          -   14.29730      -  63.2 1080s
 4710323 2081296   15.23724   51  151          -   14.30000      -  63.2 1086s
 4718046 2084007   16.65921   35  161          -   14.30000      -  63.2 1090s
 4724599 2086343   14.50000   43   31          -   14.30159      -  63.2 1095s
 4732072 2089082   14.83333   36   65          -   14.30556      -  63.2 1100s
 4748087 2094374   16.90839   53  156          -   14.31205      -  63.2 1105s
 4771959 2102935   16.22504   36  198          -   14.32065      -  63.2 1110s
 4795169 2111034   16.25862   63   84          -   14.33052      -  63.2 1115s
 4820329 2119612   15.35653   42  218          -   14.33333      -  63.2 1120s
 4843280 2126817   17.20000   52  100          -   14.33333      -  63.2 1125s
 4868531 2134574   15.10778   37  165          -   14.33333      -  63.2 1130s
 4891838 2142391   14.94167   38  134          -   14.33567      -  63.2 1135s
 4912814 2149906   16.01476   33  115          -   14.34615      -  63.2 1140s
 4934102 2157564   15.83623   39  138          -   14.35498      -  63.3 1145s
 4957497 2165968   15.08983   35  156          -   14.36364      -  63.2 1150s
 4981109 2174316   15.00000   33   16          -   14.37143      -  63.3 1155s
 5006207 2183089   14.45545   34  154          -   14.37513      -  63.3 1160s
 5028668 2191060   17.10740   34  202          -   14.38462      -  63.3 1165s
 5051941 2199352   15.08228   47  113          -   14.39394      -  63.3 1170s
 5075839 2207605 infeasible   59               -   14.40000      -  63.3 1175s
 5098562 2214704   14.50000   33   18          -   14.40000      -  63.3 1180s
 5119655 2222272   15.23445   34  154          -   14.40914      -  63.3 1185s
 5142686 2230522   14.86765   40  121          -   14.41667      -  63.3 1190s
 5164747 2238167   15.84724   37  199          -   14.42539      -  63.3 1195s
 5188979 2246208   15.72805   39  174          -   14.42953      -  63.3 1200s
 5211698 2254173   16.25000   44   50          -   14.43750      -  63.3 1205s
 5234748 2261781   15.00000   33   33          -   14.44444      -  63.3 1210s
 5257469 2269823   15.51219   40  226          -   14.45283      -  63.3 1215s
 5279467 2277653   16.04326   34  179          -   14.45902      -  63.3 1220s
 5303144 2286040 infeasible   26               -   14.46667      -  63.3 1225s
 5327482 2294372   17.01515   34   98          -   14.47390      -  63.3 1230s
 5348290 2301791   19.00000   51    5          -   14.48200      -  63.3 1235s
 5370703 2309645   17.33333   32   32          -   14.49157      -  63.3 1240s
 5392013 2316867   16.00000   36   30          -   14.50000      -  63.3 1245s
 5417364 2324646   15.27603   36  152          -   14.50000      -  63.3 1250s
 5438300 2331273   15.50000   42   46          -   14.50000      -  63.3 1255s
 5461587 2338075   17.64776   45  190          -   14.50000      -  63.4 1260s
 5484839 2344726   15.60000   33   94          -   14.50000      -  63.4 1265s
 5508104 2351966   15.00000   38   64          -   14.50000      -  63.4 1270s
 5530162 2358308   18.78913   39  162          -   14.50000      -  63.4 1275s
 5553596 2364913   17.33333   40   62          -   14.50000      -  63.4 1280s
 5574661 2370773   14.83333   71   74          -   14.50000      -  63.4 1285s
 5596336 2377014 infeasible   55               -   14.50000      -  63.4 1290s
 5621018 2384538   15.00000   29   15          -   14.50000      -  63.4 1295s
 5644868 2391454   16.00000   42   48          -   14.50000      -  63.4 1300s
 5667486 2398723   15.43572   40  179          -   14.50820      -  63.5 1305s
 5689374 2406087   14.84286   39  132          -   14.51786      -  63.5 1310s
 5711431 2413714   16.16322   33  154          -   14.52632      -  63.5 1315s
 5735642 2422323   15.79223   37  176          -   14.53527      -  63.5 1320s
 5759949 2430564 infeasible   52               -   14.54402      -  63.5 1325s
 5781594 2437663   15.72642   32  128          -   14.55085      -  63.5 1330s
 5805690 2445716   14.97297   32  217          -   14.55752      -  63.5 1335s
 5827681 2453143   17.10345   49  101          -   14.56522      -  63.5 1340s
 5852684 2461383   14.94118   34   90          -   14.57143      -  63.5 1345s
 5875081 2468816   15.00000   34   14          -   14.57895      -  63.5 1350s
 5901406 2477573   16.12800   33  150          -   14.58565      -  63.5 1355s
 5925141 2485767   15.98728   35  197          -   14.59375      -  63.5 1360s
 5945688 2492630     cutoff   37               -   14.60000      -  63.5 1365s
 5970882 2500343   15.20049   37  138          -   14.60000      -  63.5 1370s
 5985888 2504985   14.94590   31  188          -   14.60438      -  63.5 1375s
 5994827 2508362   15.44596   33  193          -   14.60790      -  63.5 1380s
 6005334 2511762   15.09375   44  113          -   14.61111      -  63.5 1385s
 6020800 2516636   15.32505   33  172          -   14.61538      -  63.5 1390s
 6041284 2523452   18.50000   57   31          -   14.62413      -  63.5 1395s
 6064389 2530374   15.25000   38   93          -   14.62500      -  63.5 1400s
 6083912 2536931   17.45082   32  105          -   14.63251      -  63.5 1405s
 6106773 2544441   16.69579   47  159          -   14.63889      -  63.5 1410s
 6127859 2551507   15.65690   35  125          -   14.64516      -  63.5 1415s
 6149647 2558568   15.52146   32  174          -   14.65217      -  63.5 1420s
 6171868 2566241   16.93182   49   99          -   14.66000      -  63.5 1425s
 6195377 2573542   16.66456   41  132          -   14.66667      -  63.5 1430s
 6218483 2580902   14.87500   32   73          -   14.66667      -  63.5 1435s
 6241683 2587296   16.62500   36  103          -   14.66667      -  63.5 1440s
 6265021 2593849   16.50000   33   53          -   14.66667      -  63.5 1445s
 6286184 2599767   16.35294   42   80          -   14.66667      -  63.5 1450s
 6309385 2606292   15.38853   48  160          -   14.66667      -  63.5 1455s
 6332082 2614034   15.40786   39  207          -   14.67647      -  63.5 1460s
 6352748 2620847   15.66667   37  104          -   14.68344      -  63.5 1465s
 6375679 2628226   17.10000   51   82          -   14.68992      -  63.5 1470s
 6395093 2634834   18.04167   41  150          -   14.69565      -  63.5 1475s
 6418116 2642022   16.44271   38  123          -   14.70000      -  63.5 1480s
 6439252 2648869   15.16667   40  139          -   14.70652      -  63.5 1485s
 6460315 2655983   18.66819   57  122          -   14.71429      -  63.5 1490s
 6483560 2663029   17.50580   28  122          -   14.71429      -  63.5 1495s
 6502525 2669364   16.00000   40   13          -   14.72131      -  63.5 1500s
 6524787 2676556   16.40909   34   77          -   14.72727      -  63.5 1505s
 6545942 2683363   16.73333   38  104          -   14.73333      -  63.5 1510s
 6566726 2689779   16.75385   32  155          -   14.73913      -  63.5 1515s
 6588351 2696926   15.27273   43  151          -   14.74667      -  63.5 1520s
 6612460 2704159   18.01445   38  176          -   14.75000      -  63.5 1525s
 6633576 2710065   15.00000   41   92          -   14.75000      -  63.5 1530s
 6653741 2715604   15.66660   42  195          -   14.75000      -  63.5 1535s
 6675366 2721571   16.50000   34   50          -   14.75000      -  63.5 1540s
 6697965 2727684   14.84906   31   99          -   14.75000      -  63.5 1545s
 6718875 2735011   15.69840   59  150          -   14.75758      -  63.5 1550s
 6738732 2741500   16.73567   31  167          -   14.76396      -  63.5 1555s
 6759185 2748061   15.94320   31  149          -   14.76923      -  63.5 1560s
 6781688 2755366   15.73258   34  154          -   14.77560      -  63.5 1565s
 6804879 2762493   15.00000   42   15          -   14.77992      -  63.5 1570s
 6826999 2769637   15.02632   31  121          -   14.78571      -  63.5 1575s
 6848236 2776707   15.00000   32  123          -   14.79167      -  63.5 1580s
 6868833 2783106   17.29684   29  201          -   14.79883      -  63.5 1585s
 6889600 2789251   16.38235   37  146          -   14.80000      -  63.5 1590s
 6910953 2795275   17.18596   45  219          -   14.80000      -  63.6 1595s
 6929999 2801319   15.33839   43  172          -   14.80282      -  63.6 1600s
 6950109 2807889   16.40909   34  189          -   14.80952      -  63.6 1605s
 6972070 2814795   17.36218   32  135          -   14.81435      -  63.6 1610s
 6992469 2821165   15.67353   44  193          -   14.81818      -  63.6 1615s
 7012272 2827364   15.61739   40  148          -   14.82353      -  63.6 1620s
 7031850 2833593   15.00000   41    7          -   14.82935      -  63.6 1625s
 7051934 2839587   16.09231   36  146          -   14.83333      -  63.6 1630s
 7072738 2845507   15.68333   56   79          -   14.83333      -  63.6 1635s
 7094116 2851398   15.85714   27  106          -   14.83333      -  63.6 1640s
 7113662 2857759   15.16667   33   84          -   14.84000      -  63.6 1645s
 7133303 2863690   16.45000   41   79          -   14.84615      -  63.6 1650s
 7156757 2870900   16.58096   30  189          -   14.85024      -  63.6 1655s
 7175692 2877230   17.76615   32  170          -   14.85691      -  63.6 1660s
 7196013 2882854   16.66667   38   47          -   14.85714      -  63.6 1665s
 7218167 2889808   17.44705   44  166          -   14.86207      -  63.6 1670s
 7239938 2896790   15.33615   29  261          -   14.86723      -  63.6 1675s
 7261216 2903620   17.17105   37  140          -   14.87363      -  63.6 1680s
 7283097 2909537   16.54364   36  149          -   14.87500      -  63.6 1685s
 7305936 2916227   16.19156   39  151          -   14.87863      -  63.6 1690s
 7326981 2922703   17.65273   37  155          -   14.88462      -  63.6 1695s
 7349338 2929273   15.12459   26  156          -   14.88889      -  63.6 1700s
 7370861 2935731   15.66667   24   71          -   14.89286      -  63.6 1705s
 7390659 2941929   15.86842   35  130          -   14.89855      -  63.6 1710s
 7413611 2948765 infeasible   65               -   14.90000      -  63.7 1715s
 7434023 2954986   16.17455   49  202          -   14.90566      -  63.7 1720s
 7457723 2962169     cutoff   60               -   14.90948      -  63.7 1725s
 7478972 2968738   15.69827   29  242          -   14.91566      -  63.7 1730s
 7500619 2975178   15.81738   38  211          -   14.91818      -  63.7 1735s
 7522469 2981672   15.30103   37  242          -   14.92308      -  63.7 1740s
 7544042 2988214   16.42222   36   95          -   14.92857      -  63.7 1745s
 7565533 2994802   16.37500   47   95          -   14.93333      -  63.7 1750s
 7588619 3001525   15.91026   39  102          -   14.93750      -  63.7 1755s
 7609954 3008032   16.83750   45  124          -   14.94231      -  63.7 1760s
 7631076 3014085   17.50000   43   26          -   14.94702      -  63.7 1765s
 7652561 3020707   16.98618   33  212          -   14.95164      -  63.7 1770s
 7674296 3027056   15.39863   40  166          -   14.95652      -  63.7 1775s
 7695300 3033240   17.20270   38  131          -   14.96154      -  63.7 1780s
 7716554 3039827   16.36074   47  152          -   14.96667      -  63.7 1785s
 7739660 3046579   16.25000   44   59          -   14.97222      -  63.7 1790s
 7758981 3052551   17.38462   27  123          -   14.97727      -  63.7 1795s
 7778720 3058751   15.54107   43  193          -   14.98276      -  63.7 1800s
 7799734 3065243   17.36735   30  109          -   14.98955      -  63.8 1805s
 7821158 3072147   15.31028   32  207          -   14.99790      -  63.8 1810s
 7840960 3076924   15.00000   34   15          -   15.00000      -  63.8 1815s
 7862236 3082054   17.00000   49   46          -   15.00000      -  63.8 1820s
 7883375 3086960     cutoff   34               -   15.00000      -  63.8 1825s
 7904236 3092022   16.00000   44   16          -   15.00000      -  63.8 1830s
 7925616 3097003   18.86316   37  141          -   15.00000      -  63.8 1835s
 7947112 3102036   15.90323   40  130          -   15.00000      -  63.8 1840s
 7970280 3107652   15.71196   34  125          -   15.00000      -  63.8 1845s
 7991226 3111918   16.00000   42    4          -   15.00000      -  63.9 1850s
 8011998 3115780   18.48991   46  206          -   15.00000      -  63.9 1855s
 8033684 3119825   17.38889   36  156          -   15.00000      -  63.9 1860s
 8053661 3123876   18.00000   54   36          -   15.00000      -  63.9 1865s
 8074718 3127996   15.00000   58    6          -   15.00000      -  63.9 1870s
 8094548 3131970     cutoff   67               -   15.00000      -  63.9 1875s
 8117351 3136652   15.00000   33   32          -   15.00000      -  63.9 1880s
 8138662 3140935   18.37500   30  101          -   15.00000      -  64.0 1885s
 8158578 3144915   15.40282   39  200          -   15.00000      -  64.0 1890s
 8178399 3148960   15.50248   37  125          -   15.00000      -  64.0 1895s
 8199627 3153104   16.33333   32   65          -   15.00000      -  64.0 1900s
 8219768 3157119   16.67766   35  173          -   15.00000      -  64.0 1905s
 8240561 3161275   17.50000   55   30          -   15.00000      -  64.0 1910s
 8260870 3165345   16.00000   41   26          -   15.00000      -  64.0 1915s
 8282183 3169564   16.83333   37   87          -   15.00000      -  64.0 1920s
 8303891 3174130   16.84524   41  123          -   15.00000      -  64.1 1925s
 8325154 3178334   18.10000   40   89          -   15.00000      -  64.1 1930s
 8345928 3182623   17.85047   37  152          -   15.00000      -  64.1 1935s
 8366953 3186627   18.51020   40  116          -   15.00000      -  64.1 1940s
 8390093 3191531   16.85484   30  118          -   15.00000      -  64.1 1945s
 8411286 3196399   17.00000   33   12          -   15.00000      -  64.1 1950s
 8434095 3201609   18.33333   57   41          -   15.00000      -  64.1 1955s
 8455651 3206255   15.83099   33  149          -   15.00000      -  64.1 1960s
 8478358 3211422 infeasible   39               -   15.00000      -  64.1 1965s
 8499503 3216408   15.33333   32   57          -   15.00000      -  64.1 1970s
 8520879 3221478   17.92541   37  121          -   15.00000      -  64.2 1975s
 8543446 3226921   15.50000   30  105          -   15.00000      -  64.2 1980s
 8563849 3231561   16.42466   32  129          -   15.00000      -  64.2 1985s
 8582713 3236957   16.44346   42  173          -   15.00856      -  64.2 1990s
 8604201 3243321   16.97650   33  191          -   15.01723      -  64.2 1995s
 8624065 3249256   15.14927   42  220          -   15.02328      -  64.2 2000s
 8645489 3255592   16.65500   26  114          -   15.03042      -  64.2 2005s
 8667080 3262121   15.67606   27  133          -   15.03677      -  64.2 2010s
 8688360 3268334   16.87500   44   64          -   15.04255      -  64.2 2015s
 8709195 3274775   16.03704   41  144          -   15.04779      -  64.2 2020s
 8731712 3281220   15.77524   38  159          -   15.05376      -  64.2 2025s
 8751238 3287154   15.50000   31   26          -   15.05882      -  64.2 2030s
 8773572 3293561   17.91667   51   94          -   15.06316      -  64.2 2035s
 8794229 3299524   18.20732   45  172          -   15.06818      -  64.2 2040s
 8816680 3306314   15.39565   34  150          -   15.07299      -  64.2 2045s
 8837760 3312510   15.60000   32   66          -   15.07735      -  64.2 2050s
 8857016 3318377   15.55427   39  207          -   15.08281      -  64.2 2055s
 8878680 3324451   17.67672   38  194          -   15.08571      -  64.2 2060s
 8897889 3330159 infeasible   32               -   15.09091      -  64.2 2065s
 8920178 3336471   15.38731   38  202          -   15.09420      -  64.2 2070s
 8942136 3342680   16.94505   42   89          -   15.10000      -  64.2 2075s
 8963892 3348516   15.60810   40  201          -   15.10185      -  64.2 2080s
 8985023 3354787     cutoff   39               -   15.10714      -  64.2 2085s
 9006891 3361139   15.50000   30   54          -   15.11111      -  64.2 2090s
 9028300 3367162   17.27083   33  168          -   15.11429      -  64.2 2095s
 9050212 3373439   17.02604   32  184          -   15.11915      -  64.2 2100s
 9071421 3379789   16.00000   36   10          -   15.12500      -  64.2 2105s
 9093824 3385575   17.13910   44  146          -   15.12500      -  64.2 2110s
 9116166 3391773   17.50000   61   25          -   15.12978      -  64.2 2115s
 9136027 3397566   15.61310   27  146          -   15.13333      -  64.2 2120s
 9157181 3403621   15.87762   32  144          -   15.13816      -  64.2 2125s
 9176708 3409240   16.23864   38  131          -   15.14286      -  64.2 2130s
 9201826 3415810   16.34495   37  210          -   15.14364      -  64.2 2135s
 9222537 3421875   15.75664   32  142          -   15.14888      -  64.2 2140s
 9243165 3427513   15.96644   43  161          -   15.15301      -  64.2 2145s
 9265162 3433805   18.62963   37  103          -   15.15686      -  64.3 2150s
 9285978 3439538   18.65842   41  199          -   15.16149      -  64.3 2155s
 9305357 3445158   15.65227   32  187          -   15.16667      -  64.3 2160s
 9329387 3451181     cutoff   47               -   15.16667      -  64.3 2165s
 9350599 3456418   17.00000   30   13          -   15.16667      -  64.3 2170s
 9371461 3461959   18.00000   31    7          -   15.16972      -  64.3 2175s
 9392734 3467656   16.33333   60   38          -   15.17460      -  64.3 2180s
 9413188 3473387   16.30000   46  142          -   15.17880      -  64.3 2185s
 9433413 3478672   15.50000   39   39          -   15.18182      -  64.3 2190s
 9454762 3484704   15.74000   26  124          -   15.18707      -  64.3 2195s
 9474821 3490047   17.04000   35  135          -   15.19048      -  64.3 2200s
 9495568 3495702   18.03290   43  187          -   15.19444      -  64.3 2205s
 9514643 3500975   16.43836   38  130          -   15.20000      -  64.3 2210s
 9538697 3506629   16.29091   38  140          -   15.20000      -  64.3 2215s
 9561432 3512153   16.79167   56   69          -   15.20000      -  64.3 2220s
 9583543 3518096   15.47970   30  157          -   15.20313      -  64.3 2225s
 9602699 3523383   16.26667   32  186          -   15.20755      -  64.3 2230s
 9622374 3528682   17.01587   41  105          -   15.21121      -  64.3 2235s
 9644564 3534515   16.27007   41  133          -   15.21432      -  64.3 2240s
 9665357 3539932   18.68142   36  110          -   15.21918      -  64.3 2245s
 9685778 3545273   15.47253   31  173          -   15.22222      -  64.3 2250s
 9707830 3550911   15.38760   31  142          -   15.22546      -  64.3 2255s
 9728492 3556463   15.30769   34  113          -   15.22951      -  64.3 2260s
 9748911 3562026   16.02642   33  162          -   15.23314      -  64.4 2265s
 9769311 3567210   16.14286   41   93          -   15.23684      -  64.4 2270s
 9791148 3572947   16.82248   38  168          -   15.24092      -  64.4 2275s
 9810842 3578162   15.96913   36  173          -   15.24554      -  64.4 2280s
 9832926 3583678   15.77297   31  132          -   15.25000      -  64.4 2285s
 9856152 3589152     cutoff   52               -   15.25000      -  64.4 2290s
 9878360 3594001   16.00000   36   13          -   15.25000      -  64.4 2295s
 9901715 3599099   17.08000   45   96          -   15.25000      -  64.4 2300s
 9923407 3603891   15.80000   36   45          -   15.25000      -  64.4 2305s
 9946256 3609351   17.22034   33  132          -   15.25000      -  64.4 2310s
 9965270 3613996   16.64130   31  143          -   15.25111      -  64.4 2315s
 9986034 3619225     cutoff   44               -   15.25641      -  64.4 2320s
 10003815 3623966   17.00000   35   64          -   15.26023      -  64.4 2325s
 10024961 3629580   18.35294   43  114          -   15.26415      -  64.4 2330s
 10044983 3634304   18.00000   31   27          -   15.26772      -  64.4 2335s
 10065474 3639719   17.70909   36   99          -   15.27247      -  64.5 2340s
 10087273 3644921   15.50000   48   26          -   15.27470      -  64.5 2345s
 10108155 3650289 infeasible   37               -   15.27814      -  64.5 2350s
 10128666 3655879   15.86194   42  156          -   15.28261      -  64.5 2355s
 10150716 3661261   15.76190   32   83          -   15.28571      -  64.5 2360s
 10173687 3666835   17.51841   41  250          -   15.28578      -  64.5 2365s
 10193682 3672231   16.80000   38   55          -   15.29064      -  64.5 2370s
 10213976 3677045 infeasible   45               -   15.29412      -  64.5 2375s
 10235120 3682350   16.55396   32  141          -   15.29851      -  64.5 2380s
 10257277 3687503   15.81058   34  177          -   15.30000      -  64.5 2385s
 10278229 3692869   15.45631   39  176          -   15.30378      -  64.5 2390s
 10298049 3697826   17.75000   39   98          -   15.30769      -  64.5 2395s
 10318994 3702888   16.92133   39  212          -   15.31111      -  64.5 2400s
 10340249 3708095   16.00461   44  153          -   15.31429      -  64.5 2405s
 10359980 3713409   15.33028   40  210          -   15.31802      -  64.5 2410s
 10379312 3718293   15.50000   29   67          -   15.32143      -  64.6 2415s
 10399059 3723050   15.53920   32  191          -   15.32507      -  64.6 2420s
 10418012 3728033   15.79347   49  199          -   15.32927      -  64.6 2425s
 10438232 3733222   15.78462   40   99          -   15.33333      -  64.6 2430s
 10459035 3737995   15.68805   42  166          -   15.33333      -  64.6 2435s
 10480628 3742396   17.58333   35  125          -   15.33333      -  64.6 2440s
 10502781 3746946     cutoff   45               -   15.33333      -  64.6 2445s
 10522775 3750778   19.00000   41   81          -   15.33333      -  64.6 2450s
 10542161 3754395 infeasible   47               -   15.33333      -  64.6 2455s
 10563180 3758705   16.09206   53  178          -   15.33333      -  64.6 2460s
 10582645 3762573   16.50000   48   29          -   15.33333      -  64.6 2465s
 10604272 3767202   17.45946   38  116          -   15.33333      -  64.6 2470s
 10622858 3771560   18.50000   39  145          -   15.33636      -  64.6 2475s
 10638987 3775397   17.87516   30  209          -   15.34000      -  64.6 2480s
 10657118 3779912   17.52364   34  168          -   15.34375      -  64.6 2485s
 10676030 3784518   15.76923   30   88          -   15.34742      -  64.6 2490s
 10692843 3788321   19.00000   44    1          -   15.35000      -  64.6 2495s
 10711724 3792782   18.16775   48  148          -   15.35298      -  64.6 2500s
 10727933 3797034   15.42929   36  140          -   15.35714      -  64.7 2505s
 10745709 3801261   16.08221   32  148          -   15.35849      -  64.7 2510s
 10764988 3806147   15.82857   39  121          -   15.36239      -  64.7 2515s
 10778984 3809092   15.83654   30  160          -   15.36364      -  64.7 2520s
 10779157 3809238   17.50000   31   45          -   15.36364      -  64.7 2525s
 10779297 3809354   19.00000   50    1          -   15.36390      -  64.7 2530s
 10779384 3809424   16.33333   39   44          -   15.36429      -  64.7 2535s
 10779514 3809521   16.50000   32   30          -   15.36479      -  64.7 2540s
 10779590 3809574   17.64286   34  104          -   15.36503      -  64.7 2547s
 10779644 3809615   16.27624   26  169          -   15.36524      -  64.7 2551s
 10779713 3809675   17.00000   48   41          -   15.36538      -  64.7 2556s
 10779765 3809717   15.67143   34  166          -   15.36559      -  64.7 2560s
 10780500 3810010   16.74359   37  144          -   15.36585      -  64.7 2565s
 10781832 3810474 infeasible   34               -   15.36602      -  64.7 2571s
 10782774 3810780   15.75000   35   49          -   15.36620      -  64.7 2576s
 10785528 3811551   16.76732   36  156          -   15.36654      -  64.7 2581s
 10789805 3812730   17.80000   33   81          -   15.36667      -  64.7 2586s
 10799642 3814869     cutoff   45               -   15.36893      -  64.7 2590s
 10816000 3819033   16.36412   38  162          -   15.37226      -  64.7 2595s
 10835442 3823596   18.32258   29   86          -   15.37500      -  64.7 2600s
 10860693 3829474   16.85279   41  181          -   15.37500      -  64.7 2605s
 10882014 3834442   17.11576   42  146          -   15.37866      -  64.7 2610s
 10901471 3839076   16.00000   33   12          -   15.38235      -  64.7 2615s
 10922242 3843822   16.55424   39  150          -   15.38462      -  64.7 2620s
 10939920 3848071   17.66667   36   69          -   15.38852      -  64.7 2625s
 10958570 3852495   16.50000   36   83          -   15.39130      -  64.8 2630s
 10978334 3857238   16.94314   32  164          -   15.39488      -  64.8 2635s
 10998870 3862122   15.80667   48  110          -   15.40000      -  64.8 2640s
 11021867 3867152   17.55444   57  172          -   15.40000      -  64.8 2645s
 11044857 3871822   15.78994   55  136          -   15.40000      -  64.8 2650s
 11069475 3877047   17.50000   33   40          -   15.40000      -  64.8 2655s
 11087615 3881091   17.54632   32  164          -   15.40306      -  64.8 2660s
 11107375 3885713   18.94652   34  175          -   15.40698      -  64.8 2665s
 11126970 3890531     cutoff   51               -   15.41031      -  64.8 2670s
 11147308 3895480   17.50620   37  177          -   15.41379      -  64.8 2675s
 11166765 3899931   15.50000   46   24          -   15.41667      -  64.8 2680s
 11187582 3904785 infeasible   45               -   15.41905      -  64.8 2685s
 11207573 3909574   16.62837   42  203          -   15.42230      -  64.8 2690s
 11226349 3914028   16.10311   43  158          -   15.42581      -  64.8 2695s
 11247085 3918665   15.50000   38   23          -   15.42857      -  64.8 2700s
 11268790 3923243   16.36652   37  118          -   15.42857      -  64.8 2705s
 11287734 3927766   15.81250   30  109          -   15.43164      -  64.8 2710s
 11307706 3932510   16.80789   34  139          -   15.43478      -  64.9 2715s
 11328264 3937065   16.00000   31    9          -   15.43750      -  64.9 2720s
 11347330 3941752   16.83940   32  157          -   15.44118      -  64.9 2725s
 11366406 3946167   15.86207   35  110          -   15.44444      -  64.9 2730s
 11388346 3950928   15.84722   37  165          -   15.44468      -  64.9 2735s
 11407511 3955559   18.50000   37   18          -   15.44844      -  64.9 2740s
 11426690 3959813   17.41727   42  126          -   15.45154      -  64.9 2745s
 11446492 3964288   15.81450   24  179          -   15.45455      -  64.9 2750s
 11466780 3969056   16.32733   37  207          -   15.45687      -  64.9 2755s
 11487080 3973436   18.44000   51   90          -   15.46000      -  64.9 2760s
 11506780 3978143     cutoff   40               -   15.46259      -  64.9 2765s
 11526040 3982668   18.22495   47  187          -   15.46636      -  64.9 2770s
 11546844 3986966   18.55535   42  134          -   15.46909      -  64.9 2775s
 11565552 3991375   15.97778   41  131          -   15.47222      -  65.0 2780s
 11585980 3995877   15.89184   28  188          -   15.47510      -  65.0 2785s
 11606379 4000506   16.00000   38   74          -   15.47834      -  65.0 2790s
 11625878 4005072   17.40959   40  198          -   15.48164      -  65.0 2795s
 11645880 4009483   15.77334   35  197          -   15.48511      -  65.0 2800s
 11664154 4013759   16.67635   48  137          -   15.48841      -  65.0 2805s
 11684598 4018193 infeasible   33               -   15.49254      -  65.0 2810s
 11702221 4022157   17.02547   48  154          -   15.49663      -  65.0 2815s
 11722737 4026415   16.00000   30    7          -   15.50000      -  65.0 2820s
 11745389 4030960   16.64000   32  121          -   15.50000      -  65.0 2825s
 11766330 4035020   18.94602   43  149          -   15.50000      -  65.0 2830s
 11787756 4038936   16.74359   43  119          -   15.50000      -  65.0 2835s
 11809484 4043006   17.00000   38   42          -   15.50000      -  65.0 2840s
 11830758 4046571     cutoff   50               -   15.50000      -  65.0 2845s
 11852214 4050130   16.04167   57  121          -   15.50000      -  65.1 2850s
 11873485 4053647   17.47368   29   95          -   15.50000      -  65.1 2855s
 11895289 4057181   17.48889   34  158          -   15.50000      -  65.1 2860s
 11917909 4060702   16.63158   42  103          -   15.50000      -  65.1 2865s
 11940921 4064576   15.76435   43  159          -   15.50000      -  65.1 2870s
 11961890 4068054   16.00000   33   14          -   15.50000      -  65.1 2875s
 11981823 4071322   17.00000   54   15          -   15.50000      -  65.1 2880s
 12004592 4075085   18.10560   31  148          -   15.50000      -  65.1 2885s
 12025745 4078684   17.00000   38   16          -   15.50000      -  65.1 2890s
 12048371 4082392     cutoff   36               -   15.50000      -  65.1 2895s
 12071492 4086427   16.00000   34   11          -   15.50000      -  65.1 2900s
 12092594 4089773   16.81690   46  137          -   15.50000      -  65.1 2905s
 12113772 4093340   17.51007   31  112          -   15.50000      -  65.1 2910s
 12135332 4096830   17.00000   34   48          -   15.50000      -  65.1 2915s
 12158498 4100920   17.10819   31  159          -   15.50000      -  65.1 2920s
 12179728 4104593   17.28571   34  102          -   15.50000      -  65.1 2925s
 12202082 4108577   16.00000   50   12          -   15.50000      -  65.1 2930s
 12222945 4112493   18.07158   29  138          -   15.50000      -  65.1 2935s
 12243667 4116476   18.34383   36  151          -   15.50110      -  65.1 2940s
 12260541 4119845   18.30556   39   85          -   15.50600      -  65.2 2945s
 12280583 4124017   16.96942   42  173          -   15.51037      -  65.2 2950s
 12300459 4128459   16.16667   37   82          -   15.51430      -  65.2 2955s
 12320100 4132640   18.43404   39  131          -   15.51852      -  65.2 2960s
 12340370 4137004   15.75000   30   72          -   15.52174      -  65.2 2965s
 12359258 4141189   16.45238   34   80          -   15.52558      -  65.2 2970s
 12379133 4145625   16.00155   39  198          -   15.52901      -  65.2 2975s
 12399995 4149878 infeasible   45               -   15.53256      -  65.2 2980s
 12419267 4154246     cutoff   48               -   15.53569      -  65.2 2985s
 12441187 4158801   16.61628   40  132          -   15.53846      -  65.2 2990s
 12461043 4163043   17.03920   39  191          -   15.54187      -  65.2 2995s
 12481576 4167807   17.46037   43  133          -   15.54545      -  65.2 3000s
 12501206 4171967   18.00000   43   88          -   15.54762      -  65.3 3005s
 12521289 4176406   17.00000   44    6          -   15.55072      -  65.3 3010s
 12540963 4180631   15.90000   27   90          -   15.55470      -  65.3 3015s
 12560477 4184552   16.00000   37   80          -   15.55556      -  65.3 3020s
 12580740 4188638   18.50000   45   18          -   15.55819      -  65.3 3025s
 12600585 4192917   16.82143   31  130          -   15.56209      -  65.3 3030s
 12621189 4197435   17.50000   39   17          -   15.56491      -  65.3 3035s
 12640922 4201592     cutoff   41               -   15.56836      -  65.3 3040s
 12659032 4205402   16.79909   43  158          -   15.57143      -  65.3 3045s
 12680946 4209694   16.82044   36  168          -   15.57143      -  65.3 3050s
 12701496 4213915     cutoff   43               -   15.57403      -  65.3 3055s
 12721547 4218385   15.77029   36  185          -   15.57764      -  65.3 3060s
 12740019 4222261   16.30000   41   89          -   15.58058      -  65.3 3065s
 12761683 4227107   16.50000   45   45          -   15.58333      -  65.3 3070s
 12782062 4231205   17.50000   40   22          -   15.58537      -  65.3 3075s
 12803207 4235613     cutoff   47               -   15.58865      -  65.4 3080s
 12822726 4239862   16.80990   45  194          -   15.59184      -  65.4 3085s
 12843225 4244376   17.76405   34  186          -   15.59524      -  65.4 3090s
 12860405 4247716 infeasible   39               -   15.59904      -  65.4 3095s
 12884180 4252221   16.32609   38   95          -   15.60000      -  65.4 3100s
 12907238 4256390     cutoff   37               -   15.60000      -  65.4 3105s
 12930214 4260734   17.82851   33  151          -   15.60000      -  65.4 3110s
 12951948 4265202   16.06709   44  198          -   15.60171      -  65.4 3115s
 12971631 4269356 infeasible   42               -   15.60537      -  65.4 3120s
 12991785 4273641   15.89583   27  120          -   15.60870      -  65.4 3125s
 13013008 4277856 infeasible   44               -   15.61145      -  65.4 3130s
 13031707 4281719   18.74713   29  201          -   15.61538      -  65.4 3135s
 13051919 4286133     cutoff   42               -   15.61758      -  65.4 3140s
 13071679 4290045   17.44030   33  103          -   15.62069      -  65.4 3145s
 13089467 4293589 infeasible   47               -   15.62398      -  65.4 3150s
 13111095 4297870   16.36364   35   71          -   15.62500      -  65.4 3155s
 13126173 4300696   17.00000   51   38          -   15.62500      -  65.4 3160s
 13147567 4305012   16.50000   28   36          -   15.62687      -  65.4 3165s
 13166977 4309318     cutoff   56               -   15.63030      -  65.4 3170s
 13186522 4313366   15.86657   33  217          -   15.63333      -  65.5 3175s
 13206453 4317340   19.00000   40    6          -   15.63636      -  65.5 3180s
 13226683 4321339   15.99623   33  208          -   15.63817      -  65.5 3185s
 13247336 4325343   17.82500   35  167          -   15.64134      -  65.5 3190s
 13267773 4329428   16.00000   38   10          -   15.64286      -  65.5 3195s
 13286778 4333475     cutoff   40               -   15.64659      -  65.5 3200s
 13306626 4337513   17.12500   35  115          -   15.64935      -  65.5 3205s
 13328047 4341815 infeasible   44               -   15.65225      -  65.5 3210s
 13347255 4346009   16.13793   34  135          -   15.65519      -  65.5 3215s
 13366492 4349982   17.72398   37  189          -   15.65875      -  65.5 3220s
 13386733 4354406 infeasible   45               -   15.66252      -  65.5 3225s
 13406732 4358334   15.82702   36  172          -   15.66667      -  65.5 3230s
 13428751 4362226   16.12500   41   82          -   15.66667      -  65.5 3235s
 13450186 4365961   17.36364   48  109          -   15.66667      -  65.5 3240s
 13469809 4369428   18.53569   34  161          -   15.66667      -  65.5 3245s
 13491084 4372589   18.62500   39   97          -   15.66667      -  65.5 3250s
 13513016 4376007   17.50000   44   20          -   15.66667      -  65.5 3255s
 13534106 4379364   17.00000   48   10          -   15.66667      -  65.5 3260s
 13538010 4379829   17.73636   38  142          -   15.66667      -  65.5 3265s
 13538219 4379971     cutoff   34               -   15.66667      -  65.5 3270s
 13538257 4381953 infeasible   36               -   15.66667      -  65.5 3287s
 13564078 4383720   17.94235   39  168          -   15.66667      -  65.5 3290s
 13585282 4387086   18.71429   42   97          -   15.66667      -  65.5 3295s
 13606839 4390619   17.09215   47  147          -   15.66667      -  65.5 3300s
 13629972 4394560   17.00000   32   44          -   15.66667      -  65.6 3305s
 13650259 4398124   15.89109   30  151          -   15.66822      -  65.6 3310s
 13668874 4401827   16.00851   35  234          -   15.67241      -  65.6 3315s
 13688836 4405901   18.11528   45  186          -   15.67571      -  65.6 3320s
 13708504 4409616   16.53125   47  152          -   15.67857      -  65.6 3325s
 13727830 4413831   15.83333   24   64          -   15.68182      -  65.6 3330s
 13748778 4417795     cutoff   37               -   15.68421      -  65.6 3335s
 13765891 4421371   18.28892   41  146          -   15.68750      -  65.6 3340s
 13786375 4425454   17.66697   39  257          -   15.68952      -  65.6 3345s
 13806856 4429533   17.00000   40   41          -   15.69231      -  65.6 3350s
 13826543 4433327   16.00000   28   11          -   15.69492      -  65.6 3355s
 13845653 4437088   18.74228   39  149          -   15.69792      -  65.6 3360s
 13868021 4441440   18.11580   43  162          -   15.70000      -  65.6 3365s
 13888611 4445218   16.11864   34  142          -   15.70110      -  65.6 3370s
 13906553 4448751     cutoff   37               -   15.70409      -  65.6 3375s
 13925846 4452636   16.15166   35  193          -   15.70687      -  65.6 3380s
 13945047 4456332   18.00000   46    7          -   15.70968      -  65.7 3385s
 13963330 4459998   18.50000   56   91          -   15.71282      -  65.7 3390s
 13982400 4463623   16.56840   34  160          -   15.71429      -  65.7 3395s
 14003581 4467327   16.59091   34   85          -   15.71429      -  65.7 3400s
 14023287 4470737     cutoff   48               -   15.71613      -  65.7 3405s
 14041997 4474594     cutoff   42               -   15.71930      -  65.7 3410s
 14060819 4478018   17.34632   29  157          -   15.72222      -  65.7 3415s
 14082230 4481958   18.51316   38  129          -   15.72500      -  65.7 3420s
 14101685 4485527   16.74074   44  148          -   15.72727      -  65.7 3425s
 14121901 4489462 infeasible   39               -   15.72945      -  65.7 3430s
 14140211 4492921     cutoff   40               -   15.73228      -  65.7 3435s
 14159308 4496481   19.00000   39    1          -   15.73418      -  65.7 3440s
 14179781 4500483   16.40000   35   67          -   15.73685      -  65.7 3445s
 14199053 4504425   18.31269   42  135          -   15.74026      -  65.7 3450s
 14218365 4508206   15.86477   36  166          -   15.74348      -  65.7 3455s
 14237614 4511843 infeasible   43               -   15.74710      -  65.7 3460s
 14257046 4515360   18.00000   56   11          -   15.75000      -  65.7 3465s
 14280353 4519473     cutoff   37               -   15.75000      -  65.7 3470s
 14301433 4522923     cutoff   50               -   15.75000      -  65.7 3475s
 14322996 4526214   16.70833   39   91          -   15.75000      -  65.8 3480s
 14342197 4529309   16.19154   39  152          -   15.75000      -  65.8 3485s
 14364180 4532829   16.57813   33  105          -   15.75000      -  65.8 3490s
 14385305 4536221   16.62500   32   96          -   15.75000      -  65.8 3495s
 14407206 4539715   16.25000   31   68          -   15.75000      -  65.8 3500s
 14428733 4543291   16.70301   40  122          -   15.75000      -  65.8 3505s
 14450800 4547058   17.17065   35  183          -   15.75121      -  65.8 3510s
 14469747 4550890   17.50000   33   49          -   15.75532      -  65.8 3515s
 14488220 4554486   16.74668   31  148          -   15.75838      -  65.8 3520s
 14506595 4557741     cutoff   42               -   15.76154      -  65.8 3525s
 14526765 4561640 infeasible   41               -   15.76469      -  65.8 3530s
 14546677 4565061     cutoff   44               -   15.76686      -  65.8 3535s
 14566587 4568668   18.00000   34   12          -   15.76923      -  65.8 3540s
 14585220 4572053   17.31081   31   99          -   15.77226      -  65.8 3545s
 14604113 4575682   16.12500   37  100          -   15.77491      -  65.8 3550s
 14623223 4579161   16.51011   39  162          -   15.77778      -  65.8 3555s
 14643141 4582504     cutoff   46               -   15.77778      -  65.8 3560s
 14662683 4586222 infeasible   70               -   15.78063      -  65.8 3565s
 14680882 4589478   17.14063   48   95          -   15.78333      -  65.8 3570s
 14701132 4593365   17.01567   37  129          -   15.78571      -  65.8 3575s
 14719692 4596862   17.05314   34  140          -   15.78765      -  65.8 3580s
 14739616 4600574   17.29273   36  202          -   15.79022      -  65.9 3585s
 14757336 4603933   18.48824   52  137          -   15.79293      -  65.9 3590s
 14777218 4607628 infeasible   50               -   15.79583      -  65.9 3595s
 14795404 4611045     cutoff   46               -   15.79988      -  65.9 3600s
 14816718 4614468   16.77431   44  180          -   15.80000      -  65.9 3605s
 14838017 4617855   17.77892   44  132          -   15.80000      -  65.9 3610s
 14857731 4620886   16.17576   49  156          -   15.80000      -  65.9 3615s
 14879749 4623971   16.58333   33   74          -   15.80000      -  65.9 3620s
 14900635 4627535   17.36176   34  183          -   15.80093      -  65.9 3625s
 14918132 4630832   16.00000   35   73          -   15.80435      -  65.9 3630s
 14937416 4634179   17.71292   30  131          -   15.80769      -  65.9 3635s
 14956770 4637569   15.96945   32  136          -   15.81034      -  65.9 3640s
 14976617 4641221 infeasible   56               -   15.81250      -  65.9 3645s
 14995294 4644689   16.16188   47  196          -   15.81495      -  65.9 3650s
 15015277 4648486   16.24528   31   78          -   15.81818      -  65.9 3655s
 15035082 4651979     cutoff   47               -   15.81913      -  65.9 3660s
 15054338 4655668   18.36647   51  150          -   15.82229      -  65.9 3665s
 15072374 4658736   17.09357   31  117          -   15.82456      -  66.0 3670s
 15091035 4662109   17.00825   36  192          -   15.82716      -  66.0 3675s
 15110274 4665630   16.35873   31  156          -   15.83012      -  66.0 3680s
 15128760 4668991     cutoff   44               -   15.83333      -  66.0 3685s
 15149685 4672406   16.28261   38  155          -   15.83333      -  66.0 3690s
 15170854 4675452   16.02273   36  106          -   15.83333      -  66.0 3695s
 15191848 4678584     cutoff   31               -   15.83333      -  66.0 3700s
 15213537 4681944   16.98710   33  116          -   15.83333      -  66.0 3705s
 15232365 4685045   15.96190   32  153          -   15.83458      -  66.0 3710s
 15249044 4688171   17.76923   33  124          -   15.83784      -  66.0 3715s
 15266571 4691303   16.65890   52  175          -   15.84043      -  66.0 3720s
 15286213 4694812   16.70000   37   95          -   15.84314      -  66.0 3725s
 15304362 4698286   17.46939   22  127          -   15.84615      -  66.0 3730s
 15324342 4702002   16.52210   37  156          -   15.84762      -  66.0 3735s
 15342911 4705317   18.00000   43   24          -   15.85000      -  66.0 3740s
 15363035 4708931   16.04848   43  210          -   15.85259      -  66.0 3745s
 15382513 4712441   17.50000   39   58          -   15.85577      -  66.0 3750s
 15403101 4716201   16.34091   44   92          -   15.85714      -  66.0 3755s
 15424323 4719276   18.50000   30   60          -   15.85714      -  66.0 3760s
 15445842 4722429   17.07143   34  117          -   15.85714      -  66.0 3765s
 15465556 4726159   18.07895   38  233          -   15.86111      -  66.0 3770s
 15484357 4729507   16.41095   42  222          -   15.86364      -  66.1 3775s
 15501632 4732528   17.12255   39  182          -   15.86622      -  66.1 3780s
 15521123 4735868   16.80926   32  196          -   15.86806      -  66.1 3785s
 15540919 4739445   17.50000   46   17          -   15.87097      -  66.1 3790s
 15560093 4742770   16.61222   35  205          -   15.87424      -  66.1 3795s
 15581525 4746339     cutoff   57               -   15.87500      -  66.1 3800s
 15602923 4749814   17.00000   38   14          -   15.87500      -  66.1 3805s
 15623166 4753140   16.31633   48  149          -   15.87569      -  66.1 3810s
 15642080 4756410     cutoff   44               -   15.87931      -  66.1 3815s
 15659839 4759665   17.31844   41  171          -   15.88184      -  66.1 3820s
 15680504 4763290   17.50000   33   23          -   15.88430      -  66.1 3825s
 15699773 4766622   17.39545   38  150          -   15.88679      -  66.1 3830s
 15719168 4769820   17.13333   47   97          -   15.88889      -  66.1 3835s
 15738754 4772874   17.75000   41   60          -   15.88889      -  66.1 3840s
 15758718 4776238   16.53719   37  162          -   15.89137      -  66.1 3845s
 15776812 4779415   18.00000   39   12          -   15.89396      -  66.1 3850s
 15796293 4782751 infeasible   54               -   15.89655      -  66.1 3855s
 15815768 4786347   16.44444   31  139          -   15.89991      -  66.2 3860s
 15835099 4789420   17.53125   32   74          -   15.90000      -  66.2 3865s
 15854792 4792350   17.28571   31   48          -   15.90000      -  66.2 3870s
 15872369 4795552   16.50000   41  123          -   15.90323      -  66.2 3875s
 15891647 4798870   16.75000   34   85          -   15.90593      -  66.2 3880s
 15910588 4802154   18.26146   43  149          -   15.90909      -  66.2 3885s
 15931391 4805409   16.66667   28   92          -   15.90909      -  66.2 3890s
 15949715 4808670     cutoff   50               -   15.91228      -  66.2 3895s
 15969143 4812100 infeasible   50               -   15.91504      -  66.2 3900s
 15990059 4815416   18.00000   46   51          -   15.91667      -  66.2 3905s
 16008831 4818436   17.21568   42  185          -   15.91791      -  66.2 3910s
 16027558 4821716     cutoff   45               -   15.92055      -  66.2 3915s
 16047478 4825127   16.95833   44   78          -   15.92308      -  66.2 3920s
 16066659 4828213     cutoff   58               -   15.92473      -  66.2 3925s
 16086314 4831545   18.40465   37  173          -   15.92764      -  66.2 3930s
 16107937 4835127   17.47321   38  124          -   15.92857      -  66.2 3935s
 16126196 4838287   17.00000   43   35          -   15.93107      -  66.2 3940s
 16146091 4841384   18.38889   35  112          -   15.93333      -  66.2 3945s
 16165807 4844585   17.50000   47   21          -   15.93563      -  66.3 3950s
 16187238 4848106   16.73344   39  195          -   15.93750      -  66.3 3955s
 16207228 4851565   17.20000   31   84          -   15.94060      -  66.3 3960s
 16224340 4854626   18.19700   36  136          -   15.94203      -  66.3 3965s
 16244603 4857877     cutoff   52               -   15.94444      -  66.3 3970s
 16264280 4861311   17.98077   32   82          -   15.94737      -  66.3 3975s
 16281902 4864157   16.46543   40  185          -   15.94937      -  66.3 3980s
 16302362 4867541   16.48684   38  152          -   15.95145      -  66.3 3985s
 16321925 4870625     cutoff   41               -   15.95409      -  66.3 3990s
 16340748 4873806   16.56776   57  190          -   15.95639      -  66.3 3995s
 16359412 4877095   16.00000   64    9          -   15.95833      -  66.3 4000s
 16377593 4879996 infeasible   45               -   15.96083      -  66.3 4005s
 16397975 4883439   17.80556   35  144          -   15.96332      -  66.3 4010s
 16418568 4886763     cutoff   47               -   15.96606      -  66.3 4015s
 16436630 4889630   18.33333   45   49          -   15.96875      -  66.3 4020s
 16456062 4892801     cutoff   45               -   15.97127      -  66.3 4025s
 16474556 4895609   17.00000   43   16          -   15.97368      -  66.3 4030s
 16493910 4898901   16.76841   34  137          -   15.97636      -  66.4 4035s
 16513294 4902125 infeasible   40               -   15.97917      -  66.4 4040s
 16532714 4905393   17.00000   40   32          -   15.98210      -  66.4 4045s
 16550319 4908414   16.24674   51  236          -   15.98507      -  66.4 4050s
 16569163 4911671   16.77778   46  103          -   15.98820      -  66.4 4055s
 16587262 4914650   16.72000   47  119          -   15.99156      -  66.4 4060s
 16606992 4918003   16.50858   29  126          -   15.99590      -  66.4 4065s
 16623226 4920164   17.00000   40   13          -   16.00000      -  66.4 4070s
 16643403 4922635 infeasible   43               -   16.00000      -  66.4 4075s
 16663304 4925155 infeasible   41               -   16.00000      -  66.4 4080s
 16684765 4927966   18.00000   38   24          -   16.00000      -  66.4 4085s
 16704678 4930188     cutoff   47               -   16.00000      -  66.4 4090s
 16725206 4932328   16.96591   35  129          -   16.00000      -  66.4 4095s
 16743274 4934304   16.44444   41  105          -   16.00000      -  66.4 4100s
 16763293 4936428   17.00000   27   61          -   16.00000      -  66.4 4105s
 16783231 4938562   16.60000   36  128          -   16.00000      -  66.4 4110s
 16801282 4940638   16.50000   32   24          -   16.00000      -  66.5 4115s
 16820983 4942734   17.42686   35  139          -   16.00000      -  66.5 4120s
 16840880 4944771   17.00000   30   33          -   16.00000      -  66.5 4125s
 16860359 4946918   16.18182   39  145          -   16.00000      -  66.5 4130s
 16878889 4948851   18.12818   39  144          -   16.00000      -  66.5 4135s
 16897428 4950303   17.00000   35   15          -   16.00000      -  66.5 4140s
 16917274 4951681   17.00000   36    7          -   16.00000      -  66.5 4145s
 16936482 4952816   16.60000   37   70          -   16.00000      -  66.5 4150s
 16954238 4954135 infeasible   59               -   16.00000      -  66.5 4155s
 16974375 4955689   17.73333   31   83          -   16.00000      -  66.5 4160s
 16995907 4957393   17.00000   36   67          -   16.00000      -  66.5 4165s
 17017302 4958999 infeasible   45               -   16.00000      -  66.5 4170s
 17035579 4960131   17.00000   36   14          -   16.00000      -  66.5 4175s
 17055583 4961533   16.00000   36   32          -   16.00000      -  66.5 4180s
 17075837 4962831   18.31592   36  121          -   16.00000      -  66.5 4185s
 17095487 4964385   19.00000   35   96          -   16.00000      -  66.5 4190s
 17113401 4965491   17.50000   46   27          -   16.00000      -  66.6 4195s
 17133411 4966890   17.00000   38    8          -   16.00000      -  66.6 4200s
 17151561 4968221   17.00000   43   77          -   16.00000      -  66.6 4205s
 17171220 4969338   16.94645   64  162          -   16.00000      -  66.6 4210s
 17192794 4970628   16.77778   35   76          -   16.00000      -  66.6 4215s
 17212503 4971855 infeasible   49               -   16.00000      -  66.6 4220s
 17231687 4973051   18.06681   51  140          -   16.00000      -  66.6 4225s
 17251789 4974522   17.66667   53   91          -   16.00000      -  66.6 4230s
 17272843 4976337   18.02000   32  127          -   16.00000      -  66.6 4235s
 17291174 4977440 infeasible   52               -   16.00000      -  66.6 4240s
 17312523 4979296   18.17132   45  168          -   16.00000      -  66.6 4245s
 17331789 4980542   17.24579   41  200          -   16.00000      -  66.6 4250s
 17350728 4981917     cutoff   35               -   16.00000      -  66.6 4255s
 17372350 4983552 infeasible   39               -   16.00000      -  66.6 4260s
 17391522 4984915     cutoff   31               -   16.00000      -  66.6 4265s
 17411516 4986366   16.83333   38   45          -   16.00000      -  66.6 4270s
 17431052 4987557 infeasible   54               -   16.00000      -  66.6 4275s
 17451219 4989078   18.66667   41   57          -   16.00000      -  66.7 4280s
 17469512 4990473   18.00000   44   11          -   16.00000      -  66.7 4285s
 17490535 4991815   17.00000   49   13          -   16.00000      -  66.7 4290s
 17510505 4993174     cutoff   57               -   16.00000      -  66.7 4295s
 17530330 4994572     cutoff   39               -   16.00000      -  66.7 4300s
 17551537 4996144   16.00000   42   25          -   16.00000      -  66.7 4305s
 17570531 4997434   16.14286   42  105          -   16.00000      -  66.7 4310s
 17588595 4998737   18.72000   44  116          -   16.00000      -  66.7 4315s
 17609799 4999972     cutoff   49               -   16.00000      -  66.7 4320s
 17629581 5001556   16.50000   41   23          -   16.00000      -  66.7 4325s
 17649499 5002729   17.16667   44   65          -   16.00000      -  66.7 4330s
 17669186 5004290   18.08333   48   82          -   16.00000      -  66.7 4335s
 17688553 5006668   18.06250   35  122          -   16.00000      -  66.7 4340s
 17709670 5008712   17.00000   38   11          -   16.00000      -  66.7 4345s
 17731151 5011169   16.80058   53  164          -   16.00000      -  66.7 4350s
 17750764 5013270 infeasible   31               -   16.00000      -  66.7 4355s
 17769032 5015293   18.00000   42   57          -   16.00000      -  66.7 4360s
 17788772 5017375   16.00000   35    9          -   16.00000      -  66.7 4365s
 17808676 5019570   16.31579   33   97          -   16.00000      -  66.7 4370s
 17828184 5021701   18.42857   31  119          -   16.00000      -  66.7 4375s
 17849514 5024051   16.60606   39   99          -   16.00000      -  66.8 4380s
 17867366 5025742   17.50000   38   26          -   16.00000      -  66.8 4385s
 17887069 5028048     cutoff   36               -   16.00161      -  66.8 4390s
 17904783 5030765   16.44014   38  165          -   16.00725      -  66.8 4395s
 17923116 5033822 infeasible   43               -   16.01172      -  66.8 4400s
 17941227 5036734   18.28571   31   97          -   16.01550      -  66.8 4405s
 17958854 5039228   16.50000   52   33          -   16.01927      -  66.8 4410s
 17977307 5042370     cutoff   46               -   16.02281      -  66.8 4415s
 17997004 5045691     cutoff   43               -   16.02629      -  66.8 4420s
 18014187 5048675   16.83333   48  131          -   16.02930      -  66.8 4425s
 18034326 5051935   19.05479   40  110          -   16.03261      -  66.8 4430s
 18052567 5054952 infeasible   35               -   16.03571      -  66.8 4435s
 18072329 5058200   16.63208   34  185          -   16.03846      -  66.8 4440s
 18090196 5061318   17.26667   36   63          -   16.04167      -  66.8 4445s
 18110104 5064581   16.75000   47   81          -   16.04444      -  66.8 4450s
 18129546 5068199   16.42101   30  160          -   16.04735      -  66.8 4455s
 18147588 5071269   18.00000   40   15          -   16.05000      -  66.8 4460s
 18167032 5074249 infeasible   36               -   16.05263      -  66.8 4465s
 18187066 5077772   16.34074   42  244          -   16.05556      -  66.8 4470s
 18208063 5081252   16.83333   36   53          -   16.05825      -  66.8 4475s
 18226332 5084186   17.00000   46   13          -   16.06061      -  66.8 4480s
 18246273 5087537 infeasible   31               -   16.06250      -  66.8 4485s
 18264087 5090385   17.72466   37  164          -   16.06542      -  66.8 4490s
 18285235 5093583   17.26596   34  140          -   16.06780      -  66.8 4495s
 18303208 5096591   17.56376   46  146          -   16.07056      -  66.8 4500s
 18323439 5099567   18.00000   36   12          -   16.07151      -  66.8 4505s
 18341808 5102449   16.60000   42   40          -   16.07471      -  66.8 4510s
 18361114 5105458     cutoff   45               -   16.07692      -  66.9 4515s
 18379818 5108527   17.20325   36  155          -   16.07990      -  66.9 4520s
 18397730 5111420   16.18750   33  131          -   16.08264      -  66.9 4525s
 18417580 5114384   18.50000   42   18          -   16.08333      -  66.9 4530s
 18437891 5117540   18.80000   35  158          -   16.08594      -  66.9 4535s
 18457396 5120727   16.76250   38  143          -   16.08876      -  66.9 4540s
 18476085 5123774   18.00000   39    9          -   16.09091      -  66.9 4545s
 18497156 5127079   17.84634   40  213          -   16.09266      -  66.9 4550s
 18516743 5130433   17.00000   40   49          -   16.09524      -  66.9 4555s
 18534486 5133257   17.65518   33  208          -   16.09787      -  66.9 4560s
 18552907 5135992   16.36364   45  102          -   16.10000      -  66.9 4565s
 18573819 5138934   17.54545   42  137          -   16.10000      -  66.9 4570s
 18592190 5141934   17.50000   44   20          -   16.10323      -  66.9 4575s
 18612087 5145115   16.75000   43   49          -   16.10545      -  66.9 4580s
 18631475 5148384   18.21875   39  142          -   16.10827      -  66.9 4585s
 18648217 5151467   16.50893   44  131          -   16.11111      -  66.9 4590s
 18669900 5154691     cutoff   38               -   16.11111      -  66.9 4595s
 18689157 5157640   17.03333   40  122          -   16.11321      -  66.9 4600s
 18710243 5160977     cutoff   50               -   16.11628      -  66.9 4605s
 18729783 5163871   17.99970   45  200          -   16.11846      -  66.9 4610s
 18748849 5166912     cutoff   51               -   16.12121      -  66.9 4615s
 18767918 5170056   18.00000   51    5          -   16.12442      -  66.9 4620s
 18788648 5172848   16.50000   27   31          -   16.12500      -  66.9 4625s
 18810319 5175728   17.58303   36  166          -   16.12500      -  66.9 4630s
 18829636 5178578   18.72619   40  177          -   16.12621      -  66.9 4635s
 18849181 5181721     cutoff   32               -   16.12941      -  66.9 4640s
 18867488 5184615   16.55764   47  210          -   16.13174      -  66.9 4645s
 18887564 5187700     cutoff   54               -   16.13343      -  66.9 4650s
 18905720 5190710   18.14702   36  192          -   16.13636      -  66.9 4655s
 18925073 5193808   16.63927   34  164          -   16.13889      -  66.9 4660s
 18944477 5196731   16.49848   32  192          -   16.14184      -  66.9 4665s
 18964366 5199515   17.22747   38  195          -   16.14286      -  66.9 4670s
 18985322 5202258     cutoff   43               -   16.14286      -  66.9 4675s
 19003901 5205091   17.08128   39  209          -   16.14430      -  66.9 4680s
 19021783 5208025   18.22675   39  162          -   16.14706      -  66.9 4685s
 19039669 5210722   16.74106   28  126          -   16.15000      -  66.9 4690s
 19059761 5213777   16.87500   32  116          -   16.15200      -  66.9 4695s
 19078544 5216387     cutoff   37               -   16.15385      -  66.9 4700s
 19097267 5219083   16.76500   47  193          -   16.15589      -  66.9 4705s
 19117523 5222173   17.50000   31   76          -   16.15789      -  66.9 4710s
 19136289 5224983   17.03889   34  157          -   16.16062      -  67.0 4715s
 19153982 5227738   17.12500   35   92          -   16.16327      -  67.0 4720s
 19173797 5230834   17.14903   37  181          -   16.16667      -  67.0 4725s
 19194472 5233413     cutoff   36               -   16.16667      -  67.0 4730s
 19214399 5235836   18.27108   33  173          -   16.16667      -  67.0 4735s
 19234612 5238468   18.31610   58  158          -   16.16667      -  67.0 4740s
 19257675 5241061     cutoff   32               -   16.16667      -  67.0 4745s
 19277604 5243598   17.87500   43   71          -   16.16667      -  67.0 4750s
 19291194 5245495   17.48718   29  138          -   16.16949      -  67.0 4755s
 19304321 5247556   17.00000   38    9          -   16.17152      -  67.0 4760s
 19322151 5249968 infeasible   40               -   16.17391      -  67.0 4765s
 19340433 5252710   17.29600   36  135          -   16.17647      -  67.0 4770s
 19360527 5255545   18.60192   47  240          -   16.17857      -  67.0 4775s
 19377908 5258211     cutoff   33               -   16.18117      -  67.0 4780s
 19397379 5260791   16.50000   57   16          -   16.18182      -  67.0 4785s
 19416463 5263552   16.98684   36  182          -   16.18438      -  67.0 4790s
 19434125 5266243     cutoff   51               -   16.18697      -  67.0 4795s
 19453837 5268927   16.48413   39  129          -   16.18801      -  67.0 4800s
 19471442 5271528   16.40000   38   37          -   16.19048      -  67.0 4805s
 19491149 5274401   16.60082   40  166          -   16.19259      -  67.0 4810s
 19508370 5277035   17.40000   37  114          -   16.19512      -  67.0 4815s
 19527369 5279804   17.28571   35  174          -   16.19792      -  67.0 4820s
 19546441 5282550   18.25000   34   70          -   16.20000      -  67.0 4825s
 19569659 5285495     cutoff   44               -   16.20000      -  67.0 4830s
 19589357 5287725   17.05691   39  173          -   16.20000      -  67.0 4835s
 19610467 5290091   16.50000   44  101          -   16.20000      -  67.0 4840s
 19631383 5292332   17.44326   36  136          -   16.20000      -  67.0 4845s
 19650489 5295035   18.50000   32  141          -   16.20272      -  67.0 4850s
 19668392 5297725     cutoff   38               -   16.20548      -  67.0 4855s
 19687066 5300560   17.50000   47   36          -   16.20807      -  67.0 4860s
 19706952 5303462   18.06406   51  190          -   16.21039      -  67.0 4865s
 19725919 5306252   18.62500   31  106          -   16.21212      -  67.0 4870s
 19745393 5308932   16.56218   36  149          -   16.21429      -  67.0 4875s
 19765087 5311649   18.10000   36  121          -   16.21548      -  67.0 4880s
 19783128 5314336     cutoff   49               -   16.21767      -  67.0 4885s
 19803086 5317150   17.40426   37  130          -   16.22034      -  67.0 4890s
 19820596 5319489   16.98250   30  211          -   16.22222      -  67.0 4895s
 19840626 5321746   17.00000   31   10          -   16.22222      -  67.0 4900s
 19859801 5324321   17.70833   43  108          -   16.22436      -  67.0 4905s
 19878988 5327130     cutoff   36               -   16.22700      -  67.0 4910s
 19897194 5329789   16.69018   41  175          -   16.22886      -  67.0 4915s
 19917042 5332333   16.86585   33  128          -   16.23077      -  67.1 4920s
 19936019 5334976   17.26744   34  112          -   16.23274      -  67.1 4925s
 19939566 5335297   18.39474   50  121          -   16.23333      -  67.1 4930s
 19939721 5335397   16.45651   37  157          -   16.23333      -  67.1 4935s
 19940495 5335579   16.47959   36   98          -   16.23377      -  67.1 4940s
 19941603 5335733     cutoff   43               -   16.23404      -  67.1 4945s
 19945042 5336441   16.35664   33  161          -   16.23454      -  67.1 4950s
 19956007 5337928     cutoff   39               -   16.23529      -  67.1 4955s
 19970782 5339853   16.44014   42  168          -   16.23750      -  67.1 4960s
 19988956 5342502   17.88889   32   89          -   16.23979      -  67.1 4965s
 20007023 5344992   16.58196   52  188          -   16.24196      -  67.1 4970s
 20026760 5347751   16.48522   36  173          -   16.24460      -  67.1 4975s
 20044382 5350370   18.21374   31  181          -   16.24749      -  67.1 4980s
 20063897 5352951   17.00000   40   12          -   16.25000      -  67.1 4985s
 20085357 5355607   17.87500   38   94          -   16.25000      -  67.1 4990s
 20106200 5357745   18.51257   34  180          -   16.25000      -  67.1 4995s
 20125729 5359746 infeasible   56               -   16.25000      -  67.1 5000s
 20145520 5361646   16.37500   34   79          -   16.25000      -  67.1 5005s
 20167478 5363886   16.60000   41   55          -   16.25000      -  67.1 5010s
 20188262 5365826 infeasible   41               -   16.25000      -  67.1 5015s
 20208039 5367737     cutoff   35               -   16.25000      -  67.1 5020s
 20229372 5369782   18.75326   40  137          -   16.25000      -  67.1 5025s
 20250402 5371788   16.66667   27   30          -   16.25000      -  67.1 5030s
 20270168 5373994   17.50000   41   28          -   16.25000      -  67.1 5035s
 20290391 5376315   18.00000   44   33          -   16.25000      -  67.1 5040s
 20309245 5378865   16.80000   39   89          -   16.25373      -  67.1 5045s
 20328769 5381535   16.81713   43  248          -   16.25662      -  67.1 5050s
 20346451 5383890   16.29838   39  175          -   16.25904      -  67.1 5055s
 20366204 5386550     cutoff   54               -   16.26115      -  67.1 5060s
 20384297 5389048   17.98446   36  112          -   16.26316      -  67.1 5065s
 20403652 5391615   17.21831   35  171          -   16.26563      -  67.1 5070s
 20422079 5394007   16.73090   36  206          -   16.26705      -  67.1 5075s
 20441359 5396487   18.20175   35  148          -   16.26951      -  67.1 5080s
 20460364 5399056   18.80154   33  167          -   16.27273      -  67.1 5085s
 20481820 5401616   16.50000   39   55          -   16.27273      -  67.1 5090s
 20499195 5404170   17.12650   42  174          -   16.27517      -  67.1 5095s
 20518043 5406692   16.94737   36  102          -   16.27778      -  67.1 5100s
 20537686 5409071   19.01087   41  205          -   16.27941      -  67.1 5105s
 20555867 5411425   17.58508   38  151          -   16.28144      -  67.1 5110s
 20575216 5414171   17.62500   45   78          -   16.28436      -  67.1 5115s
 20597376 5416709   18.38462   39  105          -   16.28571      -  67.1 5120s
 20616681 5418803   16.88247   42  140          -   16.28571      -  67.1 5125s
 20638299 5421083   16.88889   33   60          -   16.28571      -  67.1 5130s
 20656403 5423769   16.92488   39  111          -   16.28889      -  67.1 5135s
 20673946 5426221   17.79851   42  160          -   16.29119      -  67.2 5140s
 20693369 5428710     cutoff   46               -   16.29333      -  67.2 5145s
 20713065 5431166   16.64553   41  180          -   16.29521      -  67.2 5150s
 20730811 5433405   17.52274   45  185          -   16.29743      -  67.2 5155s
 20749777 5435687   16.50000   40   26          -   16.30000      -  67.2 5160s
 20770105 5437986   18.42788   44  147          -   16.30000      -  67.2 5165s
 20791004 5440306 infeasible   32               -   16.30093      -  67.2 5170s
 20808292 5442575   17.75000   34   62          -   16.30350      -  67.2 5175s
 20827736 5445097   16.77778   44   93          -   16.30579      -  67.2 5180s
 20848282 5447501   18.50000   34   27          -   16.30769      -  67.2 5185s
 20866742 5449895   17.40000   42  100          -   16.30952      -  67.2 5190s
 20886123 5452550   17.97316   31  184          -   16.31250      -  67.2 5195s
 20906746 5455099   16.54049   37  176          -   16.31356      -  67.2 5200s
 20924609 5457229   17.25000   46   76          -   16.31579      -  67.2 5205s
 20944874 5459780   18.44444   41   96          -   16.31818      -  67.2 5210s
 20965242 5462404   16.65193   33  131          -   16.32000      -  67.2 5215s
 20982782 5464587   16.46005   40  170          -   16.32231      -  67.2 5220s
 21003392 5467421     cutoff   51               -   16.32492      -  67.2 5225s
 21020978 5469716     cutoff   36               -   16.32710      -  67.2 5230s
 21040224 5472266     cutoff   46               -   16.33025      -  67.2 5235s
 21059659 5474384     cutoff   54               -   16.33333      -  67.2 5240s
 21080741 5476257   16.70000   35   67          -   16.33333      -  67.2 5245s
 21102072 5478507   16.54930   36  125          -   16.33333      -  67.2 5250s
 21123197 5479993   17.69401   36  176          -   16.33333      -  67.2 5255s
 21142838 5481213   18.41159   35  147          -   16.33333      -  67.2 5260s
 21164481 5482782   17.89574   33  196          -   16.33333      -  67.2 5265s
 21186043 5484313   18.40000   45   83          -   16.33333      -  67.2 5270s
 21205395 5485636   17.00000   37   40          -   16.33333      -  67.2 5275s
 21226544 5487255   17.93333   52  109          -   16.33333      -  67.2 5280s
 21247890 5488707   16.81250   34  143          -   16.33333      -  67.2 5285s
 21268980 5490214   18.50000   36   36          -   16.33333      -  67.2 5290s
 21288919 5491727   18.00000   34   12          -   16.33333      -  67.2 5295s
 21312288 5493557   17.00000   41   11          -   16.33333      -  67.2 5300s
 21333416 5494937   16.58454   38  115          -   16.33333      -  67.2 5305s
 21354746 5496755 infeasible   44               -   16.33333      -  67.2 5310s
 21374224 5498845     cutoff   48               -   16.33590      -  67.2 5315s
 21394424 5501502   18.50000   41   27          -   16.33903      -  67.2 5320s
 21413233 5504060   17.19231   37  132          -   16.34153      -  67.3 5325s
 21432718 5506665   18.09155   37  134          -   16.34375      -  67.3 5330s
 21453933 5509257   18.24982   37  174          -   16.34615      -  67.3 5335s
 21471977 5511656   17.75000   46  128          -   16.34832      -  67.3 5340s
 21493171 5514355   17.76964   43  201          -   16.35024      -  67.3 5345s
 21512647 5516921   17.01442   45  132          -   16.35294      -  67.3 5350s
 21532679 5519368   18.00000   51   39          -   16.35484      -  67.3 5355s
 21552243 5521613   17.08333   39  124          -   16.35714      -  67.3 5360s
 21571887 5523879   17.96725   35  138          -   16.35806      -  67.3 5365s
 21588935 5525931     cutoff   57               -   16.36000      -  67.3 5370s
 21608265 5528358     cutoff   35               -   16.36264      -  67.3 5375s
 21628475 5530422   16.81868   39  210          -   16.36364      -  67.3 5380s
 21646843 5532617   16.96792   36  200          -   16.36538      -  67.3 5385s
 21664813 5534863   17.60000   38   63          -   16.36765      -  67.3 5390s
 21683860 5537206   17.53930   42  131          -   16.36967      -  67.3 5395s
 21701607 5539298   17.85274   24  204          -   16.37190      -  67.3 5400s
 21719063 5541476   18.00000   62   17          -   16.37500      -  67.3 5405s
 21736708 5543009   17.51429   34  109          -   16.37500      -  67.3 5410s
 21754557 5544636   17.33333   38   90          -   16.37500      -  67.3 5415s
 21774352 5546548   16.40000   33   69          -   16.37500      -  67.3 5420s
 21792412 5548409   17.40118   36  220          -   16.37566      -  67.3 5425s
 21809775 5550488   17.50000   53   53          -   16.37838      -  67.3 5430s
 21828078 5552838   17.27009   31  106          -   16.38095      -  67.3 5435s
 21845514 5554922   18.00000   39   67          -   16.38272      -  67.3 5440s
 21863127 5557025   17.83333   37   52          -   16.38462      -  67.3 5445s
 21879975 5558721   18.93353   41  136          -   16.38559      -  67.3 5450s
 21898043 5560899   19.00000   33   11          -   16.38793      -  67.3 5455s
 21915757 5562943   17.91667   40   88          -   16.38889      -  67.3 5460s
 21932947 5564940   17.91293   42  187          -   16.39130      -  67.3 5465s
 21948737 5566839   18.16488   32  174          -   16.39286      -  67.3 5470s
 21966415 5568864   18.35032   35   99          -   16.39535      -  67.3 5475s
 21982483 5570767     cutoff   30               -   16.39744      -  67.4 5480s
 21999125 5572662   16.59711   29  152          -   16.40000      -  67.4 5485s
 22019570 5574497   16.70588   32   62          -   16.40000      -  67.4 5490s
 22037223 5575725     cutoff   38               -   16.40000      -  67.4 5495s
 22055629 5577102   17.50000   44   31          -   16.40000      -  67.4 5500s
 22073243 5578602   16.85574   33  174          -   16.40000      -  67.4 5505s
 22091293 5579965     cutoff   66               -   16.40000      -  67.4 5510s
 22107533 5581369   16.59259   44  103          -   16.40000      -  67.4 5515s
 22125017 5583399     cutoff   47               -   16.40154      -  67.4 5520s
 22142709 5585630   17.65272   43  137          -   16.40426      -  67.4 5525s
 22159249 5587635   16.66667   33   75          -   16.40625      -  67.4 5530s
 22175202 5589347   17.77598   34  154          -   16.40812      -  67.4 5535s
 22194126 5591410   17.43654   39  140          -   16.40980      -  67.4 5540s
 22212488 5593428   18.26147   36  178          -   16.41176      -  67.4 5545s
 22230540 5595708   16.52941   45  198          -   16.41379      -  67.4 5550s
 22247870 5597774   17.72017   47  166          -   16.41612      -  67.4 5555s
 22266827 5599527 infeasible   60               -   16.41667      -  67.4 5560s
 22284773 5601315   16.41667   59   73          -   16.41667      -  67.4 5565s
 22302936 5603324   17.84722   44  183          -   16.41935      -  67.4 5570s
 22322668 5605630   16.50000   30   28          -   16.42138      -  67.4 5575s
 22342012 5607761   17.95455   38   95          -   16.42373      -  67.4 5580s
 22360063 5609843     cutoff   41               -   16.42604      -  67.4 5585s
 22380236 5612031   17.00000   36    8          -   16.42857      -  67.4 5590s
 22400373 5613697   18.13492   36  107          -   16.42857      -  67.4 5595s
 22419945 5615202   18.56164   48  158          -   16.42857      -  67.4 5600s
 22438206 5616751   18.50000   34   28          -   16.42857      -  67.4 5605s
 22456329 5619065     cutoff   36               -   16.43158      -  67.4 5610s
 22475852 5621189   18.48837   55  132          -   16.43383      -  67.4 5615s
 22494177 5623352 infeasible   39               -   16.43601      -  67.4 5620s
 22512970 5625409   16.64498   36  198          -   16.43750      -  67.4 5625s
 22531983 5627388   17.11748   37  194          -   16.43919      -  67.4 5630s
 22552963 5629817   18.72414   45   88          -   16.44156      -  67.4 5635s
 22569994 5631915   16.50000   34   84          -   16.44444      -  67.5 5640s
 22590769 5633533   16.50000   28   32          -   16.44444      -  67.5 5645s
 22610144 5635037   17.70368   34  179          -   16.44444      -  67.5 5650s
 22628746 5637103   18.66265   40  190          -   16.44726      -  67.5 5655s
 22647046 5638931   17.24449   38  233          -   16.44945      -  67.5 5660s
 22665725 5640889   16.99514   26  182          -   16.45081      -  67.5 5665s
 22683777 5642908   17.47443   38  184          -   16.45312      -  67.5 5670s
 22702840 5644663   18.28256   40  163          -   16.45455      -  67.5 5675s
 22723697 5646705   17.61323   37  148          -   16.45529      -  67.5 5680s
 22742090 5648571   18.05882   41  116          -   16.45783      -  67.5 5685s
 22760943 5650723   16.61808   35  165          -   16.45950      -  67.5 5690s
 22780490 5652804 infeasible   51               -   16.46154      -  67.5 5695s
 22797443 5654219   17.18157   26  162          -   16.46255      -  67.5 5700s
 22816307 5656076   18.00000   56    6          -   16.46458      -  67.5 5705s
 22836136 5658139   18.35259   53  176          -   16.46667      -  67.5 5710s
 22855170 5660050   17.52083   50   97          -   16.46842      -  67.5 5715s
 22874659 5662029     cutoff   61               -   16.47059      -  67.5 5720s
 22894241 5664048     cutoff   37               -   16.47222      -  67.5 5725s
 22912825 5665882     cutoff   39               -   16.47368      -  67.5 5730s
 22930169 5667902   16.62500   31   56          -   16.47619      -  67.5 5735s
 22948093 5669916   17.75000   34   55          -   16.47801      -  67.5 5740s
 22968177 5671865   17.42105   45  100          -   16.48000      -  67.5 5745s
 22986302 5673989   16.89130   53  156          -   16.48194      -  67.5 5750s
 23004205 5675821   18.43713   42  162          -   16.48400      -  67.5 5755s
 23023335 5677897   17.57158   40  247          -   16.48638      -  67.5 5760s
 23043188 5679960   16.65823   33  167          -   16.48889      -  67.5 5765s
 23060976 5681791   18.16667   37  104          -   16.49123      -  67.6 5770s
 23080522 5683825   16.59716   33  158          -   16.49412      -  67.6 5775s
 23098104 5685811   17.97646   39  213          -   16.49738      -  67.6 5780s
 23114140 5686969   18.50000   36   71          -   16.50000      -  67.6 5785s
 23132231 5688353   18.00000   43   11          -   16.50000      -  67.6 5790s
 23151787 5689485 infeasible   32               -   16.50000      -  67.6 5795s
 23171650 5690439   17.80000   31   32          -   16.50000      -  67.6 5800s
 23191408 5691526     cutoff   41               -   16.50000      -  67.6 5805s
 23211495 5692976   17.39130   42  105          -   16.50000      -  67.6 5810s
 23231152 5694102 infeasible   53               -   16.50000      -  67.6 5815s
 23251037 5694779   17.66667   53   50          -   16.50000      -  67.6 5820s
 23270254 5695283     cutoff   36               -   16.50000      -  67.6 5825s
 23289457 5695666     cutoff   44               -   16.50000      -  67.6 5830s
 23307469 5695957   18.25838   48  143          -   16.50000      -  67.6 5835s
 23327644 5696315     cutoff   34               -   16.50000      -  67.6 5840s
 23347631 5696936   17.50000   39   23          -   16.50000      -  67.6 5845s
 23369006 5697555     cutoff   35               -   16.50000      -  67.6 5850s
 23386461 5697908     cutoff   54               -   16.50000      -  67.6 5855s
 23406630 5698153   17.87500   44   71          -   16.50000      -  67.6 5860s
 23427897 5698555   17.00000   46    5          -   16.50000      -  67.6 5865s
 23445172 5698836   17.46154   39  123          -   16.50000      -  67.6 5870s
 23464807 5699211   16.74857   52  227          -   16.50000      -  67.6 5875s
 23484142 5699536     cutoff   36               -   16.50000      -  67.6 5880s
 23503610 5699782     cutoff   52               -   16.50000      -  67.6 5885s
 23523593 5700283   16.88889   38   99          -   16.50000      -  67.6 5890s
 23541368 5700744   17.96645   37  141          -   16.50000      -  67.6 5895s
 23561228 5701193   18.50000   41   26          -   16.50000      -  67.6 5900s
 23580747 5701543   18.00000   45   13          -   16.50000      -  67.6 5905s
 23598681 5701915   18.13333   32  130          -   16.50000      -  67.6 5910s
 23616886 5702335 infeasible   43               -   16.50000      -  67.6 5915s
 23636319 5702830 infeasible   38               -   16.50000      -  67.6 5920s
 23656282 5703490     cutoff   51               -   16.50000      -  67.6 5925s
 23675427 5704083   17.00000   55   36          -   16.50000      -  67.6 5930s
 23692853 5704827   16.62338   44  145          -   16.50000      -  67.6 5935s
 23712412 5705435   17.00000   43   15          -   16.50000      -  67.6 5940s
 23732578 5706026   16.85714   40   62          -   16.50000      -  67.6 5945s
 23751864 5706586   17.83239   29  162          -   16.50000      -  67.7 5950s
 23771336 5707280   18.47368   47   73          -   16.50000      -  67.7 5955s
 23789293 5707824 infeasible   41               -   16.50000      -  67.7 5960s
 23807309 5708230   16.77228   35  131          -   16.50000      -  67.7 5965s
 23826958 5708996   16.64706   32  113          -   16.50000      -  67.7 5970s
 23846843 5709989   18.12963   28  107          -   16.50000      -  67.7 5975s
 23866619 5710957 infeasible   45               -   16.50000      -  67.7 5980s
 23886613 5711977   17.79464   35  133          -   16.50000      -  67.7 5985s
 23906389 5713090   18.73077   37   83          -   16.50000      -  67.7 5990s
 23924343 5713817     cutoff   39               -   16.50000      -  67.7 5995s
 23944033 5715028   17.06536   31  172          -   16.50132      -  67.7 6000s
 23961299 5716811   18.82372   45  168          -   16.50476      -  67.7 6005s
 23979724 5718581   18.45255   41  126          -   16.50783      -  67.7 6010s
 23997235 5720179   17.34133   44  187          -   16.51042      -  67.7 6015s
 24016635 5721882 infeasible   56               -   16.51325      -  67.7 6020s
 24034096 5723707   19.24074   40  171          -   16.51557      -  67.7 6025s
 24053579 5725698     cutoff   44               -   16.51807      -  67.7 6030s
 24071496 5727314   17.00000   47   11          -   16.52000      -  67.7 6035s
 24089262 5729114   18.10000   41   60          -   16.52239      -  67.7 6040s
 24107465 5730851   16.52446   52  181          -   16.52446      -  67.7 6045s
 24127182 5732721   18.76961   34  197          -   16.52640      -  67.7 6050s
 24145116 5734315   17.78571   39   53          -   16.52927      -  67.7 6055s
 24162859 5735886   17.16752   31  168          -   16.53070      -  67.7 6060s
 24182329 5737773 infeasible   38               -   16.53333      -  67.7 6065s
 24200548 5739543   17.26575   42  148          -   16.53463      -  67.7 6070s
 24218808 5741325   16.88203   47  231          -   16.53695      -  67.7 6075s
 24237726 5743203   18.72903   33  124          -   16.53846      -  67.7 6080s
 24256195 5744947   17.89987   48  211          -   16.54045      -  67.7 6085s
 24273960 5746723   18.64166   39  162          -   16.54217      -  67.7 6090s
 24293233 5748837   16.93381   33  184          -   16.54500      -  67.8 6095s
 24311284 5750097     cutoff   51               -   16.54545      -  67.8 6100s
 24330698 5751920     cutoff   58               -   16.54727      -  67.8 6105s
 24348802 5753884   17.17858   33  202          -   16.54955      -  67.8 6110s
 24367449 5755478     cutoff   50               -   16.55105      -  67.8 6115s
 24386838 5757347   17.89803   32  147          -   16.55365      -  67.8 6120s
 24405744 5759260   16.94236   38  211          -   16.55556      -  67.8 6125s
 24425035 5760492   17.30255   34  118          -   16.55556      -  67.8 6130s
 24443872 5762087   18.47619   32  116          -   16.55660      -  67.8 6135s
 24463394 5764097 infeasible   47               -   16.55932      -  67.8 6140s
 24480504 5765799   16.80000   32  106          -   16.56115      -  67.8 6145s
 24500313 5767615   17.52031   45  159          -   16.56250      -  67.8 6150s
 24517295 5769322   16.70751   53  200          -   16.56467      -  67.8 6155s
 24537105 5770901   16.85714   37  115          -   16.56667      -  67.8 6160s
 24554748 5772635   17.59327   48  190          -   16.56897      -  67.8 6165s
 24573316 5774337   18.25000   40   38          -   16.57143      -  67.8 6170s
 24591224 5775595     cutoff   39               -   16.57143      -  67.8 6175s
 24610356 5776776   18.34001   38  199          -   16.57143      -  67.8 6180s
 24629935 5778082   17.00000   37   77          -   16.57143      -  67.8 6185s
 24647242 5779724   16.97960   33  187          -   16.57405      -  67.8 6190s
 24665933 5781426 infeasible   44               -   16.57627      -  67.8 6195s
 24683583 5783116   17.00000   48   38          -   16.57821      -  67.8 6200s
 24701837 5784780   18.18095   37  141          -   16.58000      -  67.8 6205s
 24720017 5786519     cutoff   33               -   16.58234      -  67.8 6210s
 24738819 5788001     cutoff   44               -   16.58333      -  67.8 6215s
 24758206 5789298   18.25455   37  143          -   16.58333      -  67.8 6220s
 24775815 5790903   17.35714   34   93          -   16.58621      -  67.8 6225s
 24792365 5792345     cutoff   41               -   16.58824      -  67.8 6230s
 24812214 5794105   17.02357   38  184          -   16.59000      -  67.8 6235s
 24828408 5795572     cutoff   53               -   16.59139      -  67.8 6240s
 24846491 5797223   18.76316   29  159          -   16.59375      -  67.8 6245s
 24864338 5798818   17.33333   40   83          -   16.59564      -  67.8 6250s
 24882129 5800570     cutoff   38               -   16.59806      -  67.8 6255s
 24901456 5802115   16.75000   48   68          -   16.60000      -  67.8 6260s
 24921291 5803432   18.50000   37   34          -   16.60000      -  67.8 6265s
 24940970 5804424   17.00000   39   34          -   16.60000      -  67.8 6270s
 24960203 5805434     cutoff   38               -   16.60000      -  67.8 6275s
 24977824 5806058   17.00000   32   60          -   16.60000      -  67.9 6280s
 24998056 5806746     cutoff   52               -   16.60000      -  67.9 6285s
 25016163 5807555   17.16364   39  158          -   16.60000      -  67.9 6290s
 25034964 5809207   17.07123   49  214          -   16.60234      -  67.9 6295s
 25052825 5810798   18.45363   44  193          -   16.60484      -  67.9 6300s
 25070430 5812355   17.66667   45   82          -   16.60714      -  67.9 6305s
 25088333 5813841 infeasible   44               -   16.60870      -  67.9 6310s
 25107293 5815489   18.50000   48   26          -   16.61111      -  67.9 6315s
 25124485 5816867   18.00000   36   11          -   16.61224      -  67.9 6320s
 25142689 5818466   18.50000   32  112          -   16.61458      -  67.9 6325s
 25161428 5819705   17.45370   37  116          -   16.61538      -  67.9 6330s
 25177498 5821079   16.72316   37  139          -   16.61728      -  67.9 6335s
 25196548 5822810     cutoff   44               -   16.61905      -  67.9 6340s
 25215221 5824430   17.70000   33   60          -   16.62121      -  67.9 6345s
 25233044 5825966   17.04938   34  117          -   16.62353      -  67.9 6350s
 25251912 5827318 infeasible   38               -   16.62500      -  67.9 6355s
 25269830 5828345   17.83333   34   73          -   16.62500      -  67.9 6360s
 25289779 5829411   17.95652   37  136          -   16.62500      -  67.9 6365s
 25308942 5830760     cutoff   41               -   16.62500      -  67.9 6370s
 25326299 5832338 infeasible   38               -   16.62745      -  67.9 6375s
 25344786 5833904     cutoff   52               -   16.62963      -  67.9 6380s
 25362741 5835510   17.31858   41  145          -   16.63158      -  67.9 6385s
 25379986 5836702   18.21277   42  139          -   16.63333      -  67.9 6390s
 25397049 5838290   17.21277   33  120          -   16.63522      -  67.9 6395s
 25414408 5839360   18.00000   32   13          -   16.63636      -  67.9 6400s
 25432303 5840488   17.83333   32  158          -   16.63675      -  67.9 6405s
 25451608 5842248   16.75336   38  214          -   16.63918      -  67.9 6410s
 25469873 5843823   18.97435   35  204          -   16.64109      -  67.9 6415s
 25488084 5845266     cutoff   34               -   16.64286      -  67.9 6420s
 25507325 5846723   17.27824   48  163          -   16.64352      -  67.9 6425s
 25523609 5848190   17.61765   36  101          -   16.64548      -  67.9 6430s
 25542059 5849747   17.85000   42   91          -   16.64706      -  67.9 6435s
 25560031 5851331     cutoff   37               -   16.64912      -  68.0 6440s
 25578156 5852835   18.00000   53   26          -   16.65027      -  68.0 6445s
 25589113 5853812   16.94913   38  189          -   16.65179      -  68.0 6450s
 25606936 5855169 infeasible   40               -   16.65385      -  68.0 6455s
 25625631 5856713     cutoff   48               -   16.65560      -  68.0 6460s
 25642264 5858104     cutoff   41               -   16.65730      -  68.0 6465s
 25661506 5859703   17.31088   32  148          -   16.65957      -  68.0 6470s
 25679110 5861165   17.50000   33   68          -   16.66190      -  68.0 6475s
 25698634 5862732   17.68940   50  197          -   16.66494      -  68.0 6480s
 25716105 5863755   18.50000   61   84          -   16.66667      -  68.0 6485s
 25735793 5864776     cutoff   35               -   16.66667      -  68.0 6490s
 25753076 5865247   17.55556   42   46          -   16.66667      -  68.0 6495s
 25772650 5865613   18.63636   44  135          -   16.66667      -  68.0 6500s
 25792011 5865909   16.86408   36  128          -   16.66667      -  68.0 6505s
 25810415 5866222   17.53333   41   77          -   16.66667      -  68.0 6510s
 25828274 5866399   17.07143   39   82          -   16.66667      -  68.0 6515s
 25846756 5866965   17.40000   33  124          -   16.66667      -  68.0 6520s
 25865982 5867510   18.17174   41  160          -   16.66667      -  68.0 6525s
 25883788 5867625   16.75000   41   40          -   16.66667      -  68.0 6530s
 25903454 5867810 infeasible   42               -   16.66667      -  68.0 6535s
 25921425 5867818   16.80000   49   53          -   16.66667      -  68.0 6540s
 25940880 5868004   18.00000   39   12          -   16.66667      -  68.0 6545s
 25960360 5868186   17.87612   47  189          -   16.66667      -  68.0 6550s
 25963913 5868311     cutoff   54               -   16.66667      -  68.0 6555s
 25964058 5868355   17.66667   47   50          -   16.66667      -  68.0 6560s
 25964221 5868390   17.56250   31   77          -   16.66667      -  68.0 6565s
 25968836 5868473   18.15294   45  125          -   16.66667      -  68.0 6570s
 25987315 5868928   17.50000   41   23          -   16.66667      -  68.0 6575s
 26006560 5869358   18.00000   52   13          -   16.66667      -  68.0 6580s
 26024840 5869780   17.47826   35  102          -   16.66667      -  68.0 6585s
 26043488 5870090   18.33333   35   46          -   16.66667      -  68.0 6590s
 26063441 5870758   17.89046   39  196          -   16.66667      -  68.0 6595s
 26080805 5871555     cutoff   45               -   16.66796      -  68.0 6600s
 26097881 5872970   17.00072   34  156          -   16.67084      -  68.0 6605s
 26114019 5874349     cutoff   51               -   16.67308      -  68.0 6610s
 26130306 5875603   17.50000   43   30          -   16.67507      -  68.0 6615s
 26149145 5877142   17.07113   43  152          -   16.67742      -  68.0 6620s
 26167281 5878687   17.27834   27  148          -   16.67903      -  68.0 6625s
 26184363 5879964   18.66624   39  176          -   16.68106      -  68.1 6630s
 26202947 5881260   17.04545   36  101          -   16.68290      -  68.1 6635s
 26221475 5882617 infeasible   38               -   16.68425      -  68.1 6640s
 26240242 5884216   17.60000   39  119          -   16.68692      -  68.1 6645s
 26259148 5885370   17.77838   35  173          -   16.68750      -  68.1 6650s
 26276399 5886850   17.82143   32  239          -   16.68966      -  68.1 6655s
 26292708 5888158   18.18831   43  158          -   16.69149      -  68.1 6660s
 26310830 5889233   17.06641   32  121          -   16.69231      -  68.1 6665s
 26329076 5890597   17.33781   35  139          -   16.69444      -  68.1 6670s
 26347564 5891973   17.56653   36  159          -   16.69612      -  68.1 6675s
 26365708 5893323   17.00000   43   12          -   16.69841      -  68.1 6680s
 26384289 5894441   18.31873   36  151          -   16.70000      -  68.1 6685s
 26404193 5895342 infeasible   36               -   16.70000      -  68.1 6690s
 26423776 5896309   17.27027   38   97          -   16.70000      -  68.1 6695s
 26440973 5897577   17.92857   33  135          -   16.70270      -  68.1 6700s
 26459305 5898750 infeasible   37               -   16.70455      -  68.1 6705s
 26477903 5899901   16.87981   52  143          -   16.70588      -  68.1 6710s
 26497164 5901380   18.38074   33  149          -   16.70833      -  68.1 6715s
 26514827 5902562   18.81481   45  102          -   16.70995      -  68.1 6720s
 26531025 5903687     cutoff   44               -   16.71186      -  68.1 6725s
 26550911 5904871   17.72646   32  160          -   16.71429      -  68.1 6730s
 26569315 5905504   17.16667   44   83          -   16.71429      -  68.1 6735s
 26589141 5906154   17.28571   39  126          -   16.71429      -  68.1 6740s
 26607407 5906672   18.62543   40  192          -   16.71429      -  68.1 6745s
 26626500 5907726   17.56052   39  209          -   16.71535      -  68.1 6750s
 26646099 5909044   17.46319   38  137          -   16.71795      -  68.1 6755s
 26664372 5910353     cutoff   68               -   16.72000      -  68.1 6760s
 26683313 5911887 infeasible   49               -   16.72210      -  68.1 6765s
 26701223 5912752   17.05717   33  162          -   16.72260      -  68.1 6770s
 26720545 5914269   17.43313   44  133          -   16.72500      -  68.2 6775s
 26738264 5915520 infeasible   42               -   16.72727      -  68.2 6780s
 26756932 5916166   16.97549   56  127          -   16.72727      -  68.2 6785s
 26774367 5917322   18.48421   50  210          -   16.72857      -  68.2 6790s
 26792421 5918581   18.33333   40  115          -   16.73077      -  68.2 6795s
 26809817 5919700     cutoff   36               -   16.73247      -  68.2 6800s
 26827810 5920686   17.00000   58    9          -   16.73333      -  68.2 6805s
 26845460 5921689   16.97959   49  126          -   16.73529      -  68.2 6810s
 26863553 5923030   18.13111   37  171          -   16.73684      -  68.2 6815s
 26882457 5924336   17.75000   40   71          -   16.73913      -  68.2 6820s
 26900769 5925522   17.62340   32  157          -   16.74074      -  68.2 6825s
 26918418 5926783     cutoff   35               -   16.74257      -  68.2 6830s
 26936022 5927864   17.50000   36   50          -   16.74468      -  68.2 6835s
 26953740 5928978   18.79232   32  195          -   16.74719      -  68.2 6840s
 26971953 5929951   18.20588   36   92          -   16.75000      -  68.2 6845s
 26990791 5930436   17.11893   39  181          -   16.75000      -  68.2 6850s
 27008819 5930953 infeasible   62               -   16.75000      -  68.2 6855s
 27028624 5931217   18.11111   32   79          -   16.75000      -  68.2 6860s
 27047849 5931235     cutoff   70               -   16.75000      -  68.2 6865s
 27066067 5931357     cutoff   37               -   16.75000      -  68.2 6870s
 27085838 5931260   17.00000   49   48          -   16.75000      -  68.2 6875s
 27103847 5931167   18.11467   46  156          -   16.75000      -  68.2 6880s
 27122237 5931267   17.65172   34  183          -   16.75000      -  68.2 6885s
 27143702 5931390   17.78571   43  102          -   16.75000      -  68.2 6890s
 27163163 5931612     cutoff   49               -   16.75000      -  68.2 6895s
 27181532 5932006   17.33712   38  112          -   16.75000      -  68.2 6900s
 27202532 5932327     cutoff   41               -   16.75000      -  68.2 6905s
 27221685 5932621   18.16667   36   65          -   16.75000      -  68.2 6910s
 27241198 5933111     cutoff   32               -   16.75000      -  68.2 6915s
 27260705 5933721   18.00000   33   20          -   16.75000      -  68.2 6920s
 27279553 5934578 infeasible   56               -   16.75146      -  68.3 6925s
 27297061 5935765   17.00000   52   14          -   16.75410      -  68.3 6930s
 27314862 5936791   17.66667   47   61          -   16.75648      -  68.3 6935s
 27332160 5937828   17.00000   37   12          -   16.75862      -  68.3 6940s
 27350221 5938949     cutoff   38               -   16.76008      -  68.3 6945s
 27367718 5939908   17.16553   43  229          -   16.76190      -  68.3 6950s
 27385131 5940873 infeasible   49               -   16.76398      -  68.3 6955s
 27403167 5941984   18.08171   46  160          -   16.76509      -  68.3 6960s
 27421211 5943259     cutoff   42               -   16.76718      -  68.3 6965s
 27439146 5944301   18.50138   35  158          -   16.76923      -  68.3 6970s
 27457390 5945020 infeasible   41               -   16.76968      -  68.3 6975s
 27476128 5946165   17.12500   33   70          -   16.77215      -  68.3 6980s
 27495629 5947345   17.86060   42  167          -   16.77391      -  68.3 6985s
 27513081 5948320   18.50000   65   21          -   16.77586      -  68.3 6990s
 27529676 5949214   18.68182   44   77          -   16.77778      -  68.3 6995s
 27549340 5949735   17.33333   44   31          -   16.77778      -  68.3 7000s
 27569469 5950281 infeasible   56               -   16.77778      -  68.3 7005s
 27587239 5951514 infeasible   35               -   16.78000      -  68.3 7010s
 27606161 5952816   18.46939   42  139          -   16.78218      -  68.3 7015s
 27622299 5953948   17.00000   34   36          -   16.78378      -  68.3 7020s
 27639933 5954863   18.37634   43  133          -   16.78571      -  68.3 7025s
 27657601 5955571     cutoff   41               -   16.78571      -  68.3 7030s
 27675434 5956724   18.22222   30   77          -   16.78780      -  68.3 7035s
 27690266 5957589   16.97829   47  196          -   16.78947      -  68.3 7040s
 27710507 5958846   19.00000   50    8          -   16.79104      -  68.3 7045s
 27727814 5959767     cutoff   39               -   16.79255      -  68.3 7050s
 27745936 5960731   17.31579   54   78          -   16.79449      -  68.4 7055s
 27762685 5961586   17.70748   49  143          -   16.79646      -  68.4 7060s
 27780766 5962728     cutoff   32               -   16.79927      -  68.4 7065s
 27799391 5963368   18.26829   45  168          -   16.80000      -  68.4 7070s
 27818563 5963436   18.66447   40  144          -   16.80000      -  68.4 7075s
 27838050 5963598   18.66667   41   36          -   16.80000      -  68.4 7080s
 27859116 5963881   17.47512   45  157          -   16.80000      -  68.4 7085s
 27876653 5963850   17.00000   40   14          -   16.80000      -  68.4 7090s
 27896414 5963714   18.00000   39   16          -   16.80000      -  68.4 7095s
 27916127 5963898     cutoff   48               -   16.80000      -  68.4 7100s
 27935379 5963945   18.67100   42  141          -   16.80000      -  68.4 7105s
 27952370 5964821   17.00000   32   15          -   16.80256      -  68.4 7110s
 27970347 5965923     cutoff   41               -   16.80482      -  68.4 7115s
 27988008 5966962   17.47750   30  144          -   16.80667      -  68.4 7120s
 28005946 5967977   16.93617   38  110          -   16.80851      -  68.4 7125s
 28024014 5968821   17.99956   36  192          -   16.81002      -  68.4 7130s
 28042298 5970044 infeasible   34               -   16.81250      -  68.4 7135s
 28060698 5970568   17.84432   36  156          -   16.81250      -  68.4 7140s
 28078318 5971521   17.14286   39  112          -   16.81481      -  68.4 7145s
 28096458 5972544   17.31250   36   95          -   16.81667      -  68.4 7150s
 28115590 5973301   17.47368   56  102          -   16.81818      -  68.4 7155s
 28133341 5973785     cutoff   37               -   16.81818      -  68.4 7160s
 28150667 5974841   16.94068   39  153          -   16.82022      -  68.4 7165s
 28168296 5975662   17.70000   36  108          -   16.82201      -  68.4 7170s
 28186529 5976489   18.59305   38  175          -   16.82353      -  68.4 7175s
 28204364 5977505   17.53557   50  194          -   16.82540      -  68.4 7180s
 28221043 5978455   17.75000   41   43          -   16.82692      -  68.4 7185s
 28238915 5979341   17.89549   54  163          -   16.82895      -  68.5 7190s
 28255689 5980236   17.85714   48  102          -   16.83101      -  68.5 7195s
 28272555 5981132     cutoff   37               -   16.83333      -  68.5 7200s
 28291267 5981323   16.87500   38   49          -   16.83333      -  68.5 7205s
 28309054 5981417   16.84615   43   90          -   16.83333      -  68.5 7210s
 28328767 5981305   17.01351   36  131          -   16.83333      -  68.5 7215s
 28345237 5981177   18.05882   45  120          -   16.83333      -  68.5 7220s
 28364681 5981120   17.11111   34  105          -   16.83333      -  68.5 7225s
 28382673 5981008     cutoff   43               -   16.83333      -  68.5 7230s
 28402167 5981281   18.00000   38   11          -   16.83333      -  68.5 7235s
 28422055 5981636   18.88889   34   89          -   16.83350      -  68.5 7240s
 28438417 5982500 infeasible   41               -   16.83640      -  68.5 7245s
 28454742 5983267     cutoff   59               -   16.83846      -  68.5 7250s
 28473395 5984285   18.26923   39  124          -   16.84021      -  68.5 7255s
 28489857 5985271   17.54167   32   89          -   16.84211      -  68.5 7260s
 28507323 5986177     cutoff   41               -   16.84364      -  68.5 7265s
 28526120 5987020   17.36865   33  187          -   16.84579      -  68.5 7270s
 28543974 5987373   17.78057   34  118          -   16.84615      -  68.5 7275s
 28561582 5988244 infeasible   27               -   16.84783      -  68.5 7280s
 28578020 5989078   17.20513   39  110          -   16.85000      -  68.5 7285s
 28594551 5989637   17.06599   37  162          -   16.85093      -  68.5 7290s
 28612041 5990614 infeasible   43               -   16.85294      -  68.5 7295s
 28630084 5991449   18.84344   37  218          -   16.85468      -  68.5 7300s
 28648427 5992317   17.00000   44   11          -   16.85714      -  68.5 7305s
 28666668 5992498   17.00000   43   47          -   16.85714      -  68.5 7310s
 28684829 5992543 infeasible   36               -   16.85714      -  68.5 7315s
 28704528 5992182   17.31325   36  144          -   16.85714      -  68.5 7320s
 28722955 5992556   17.14815   33  117          -   16.85714      -  68.5 7325s
 28740224 5993333   18.00000   39   13          -   16.85920      -  68.5 7330s
 28756607 5994178   17.33333   53   47          -   16.86111      -  68.6 7335s
 28774815 5995091     cutoff   53               -   16.86301      -  68.6 7340s
 28792016 5995709   18.02247   53  154          -   16.86429      -  68.6 7345s
 28808050 5996753   18.02041   42  135          -   16.86617      -  68.6 7350s
 28827289 5997133   18.62500   42   77          -   16.86667      -  68.6 7355s
 28844682 5997860   18.43939   34  127          -   16.86885      -  68.6 7360s
 28860651 5998531   17.47964   33  141          -   16.87037      -  68.6 7365s
 28878487 5999339   18.10441   35  162          -   16.87234      -  68.6 7370s
 28895720 6000347   18.05000   35  131          -   16.87500      -  68.6 7375s
 28914628 6000605   17.42852   44  194          -   16.87500      -  68.6 7380s
 28932995 6000662   17.70221   48  162          -   16.87500      -  68.6 7385s
 28951270 6000809   18.00000   37   17          -   16.87500      -  68.6 7390s
 28969816 6001013 infeasible   35               -   16.87500      -  68.6 7395s
 28987229 6001536   17.64706   30  114          -   16.87559      -  68.6 7400s
 29004057 6002319   17.68913   34  186          -   16.87799      -  68.6 7405s
 29020217 6002987     cutoff   36               -   16.87984      -  68.6 7410s
 29037363 6003696   17.97107   44  212          -   16.88145      -  68.6 7415s
 29055629 6004282   17.18994   41  134          -   16.88235      -  68.6 7420s
 29072744 6005029   17.00000   40   13          -   16.88462      -  68.6 7425s
 29089071 6005637   18.01786   28  148          -   16.88593      -  68.6 7430s
 29105067 6006420   17.43911   46  171          -   16.88785      -  68.6 7435s
 29122765 6006772 infeasible   45               -   16.88889      -  68.6 7440s
 29140682 6006750   18.32515   40  147          -   16.88889      -  68.6 7445s
 29158804 6006649     cutoff   50               -   16.88889      -  68.6 7450s
 29174151 6007242   17.37037   34  114          -   16.89076      -  68.6 7455s
 29190002 6007938 infeasible   66               -   16.89256      -  68.6 7460s
 29206330 6008432   17.70840   42  195          -   16.89412      -  68.6 7465s
 29224135 6008993     cutoff   48               -   16.89552      -  68.7 7470s
 29239300 6009510     cutoff   41               -   16.89706      -  68.7 7475s
 29254932 6010279   17.49966   44  139          -   16.89907      -  68.7 7480s
 29273296 6010742     cutoff   32               -   16.90000      -  68.7 7485s
 29290898 6010844     cutoff   39               -   16.90000      -  68.7 7490s
 29308545 6010801   17.11866   46  176          -   16.90000      -  68.7 7495s
 29325955 6011366   17.53502   41  209          -   16.90179      -  68.7 7500s
 29342325 6012156 infeasible   47               -   16.90347      -  68.7 7505s
 29358781 6012653   17.04472   33  160          -   16.90476      -  68.7 7510s
 29374870 6013197   18.36364   35  120          -   16.90625      -  68.7 7515s
 29392118 6013982 infeasible   37               -   16.90884      -  68.7 7520s
 29407917 6013987     cutoff   60               -   16.90909      -  68.7 7525s
 29426384 6014289   18.53448   30  173          -   16.90909      -  68.7 7530s
 29442800 6015001   17.64792   36  135          -   16.91139      -  68.7 7535s
 29459002 6015638   17.27778   38  110          -   16.91304      -  68.7 7540s
 29476399 6016060   17.20000   34   89          -   16.91463      -  68.7 7545s
 29490273 6016385   17.66667   51   54          -   16.91667      -  68.7 7550s
 29507754 6016345 infeasible   46               -   16.91667      -  68.7 7555s
 29525614 6016356     cutoff   45               -   16.91667      -  68.7 7560s
 29541570 6016874   17.54553   33  231          -   16.91852      -  68.7 7565s
 29557885 6017397   17.79614   42  187          -   16.92000      -  68.7 7570s
 29575061 6018114   17.72269   40  189          -   16.92187      -  68.7 7575s
 29591873 6018399   18.00000   57   14          -   16.92308      -  68.7 7580s
 29609667 6018557   17.37232   44  174          -   16.92350      -  68.7 7585s
 29625829 6019089     cutoff   35               -   16.92547      -  68.7 7590s
 29641852 6019659   17.63357   49  226          -   16.92708      -  68.8 7595s
 29660105 6020036     cutoff   44               -   16.92857      -  68.8 7600s
 29676407 6020045   17.11429   49  102          -   16.92857      -  68.8 7605s
 29692021 6020611   17.47878   47  186          -   16.93023      -  68.8 7610s
 29708172 6020977   19.00000   42   15          -   16.93182      -  68.8 7615s
 29726246 6021258   17.65797   39  207          -   16.93333      -  68.8 7620s
 29743353 6021449   17.89860   43  123          -   16.93424      -  68.8 7625s
 29760959 6022007   17.36088   40  187          -   16.93617      -  68.8 7630s
 29778763 6022179   18.47959   38  138          -   16.93750      -  68.8 7635s
 29795306 6022501   19.00000   43   26          -   16.93812      -  68.8 7640s
 29811919 6023023     cutoff   34               -   16.94007      -  68.8 7645s
 29828727 6023128     cutoff   48               -   16.94118      -  68.8 7650s
 29845058 6023534   17.76768   39  129          -   16.94286      -  68.8 7655s
 29863210 6023865 infeasible   41               -   16.94444      -  68.8 7660s
 29879417 6023992     cutoff   35               -   16.94531      -  68.8 7665s
 29895553 6024508   17.50000   33   89          -   16.94737      -  68.8 7670s
 29913042 6024977   17.66667   38   30          -   16.94829      -  68.8 7675s
 29929223 6025336   17.23944   35  105          -   16.95000      -  68.8 7680s
 29945342 6025566   18.34356   36  102          -   16.95122      -  68.8 7685s
 29960838 6025880   18.38235   38  120          -   16.95238      -  68.8 7690s
 29976771 6026345   17.27321   36  170          -   16.95423      -  68.8 7695s
 29993161 6026419   17.73737   34  194          -   16.95516      -  68.8 7700s
 30011692 6026872   17.84359   39  190          -   16.95683      -  68.8 7705s
 30027583 6027054   18.21239   46  138          -   16.95833      -  68.8 7710s
 30043668 6027372   17.87500   42   91          -   16.96000      -  68.9 7715s
 30060307 6027817   18.06486   37  147          -   16.96154      -  68.9 7720s
 30078225 6028179   18.30000   29   56          -   16.96296      -  68.9 7725s
 30092991 6028465   17.15032   38  151          -   16.96429      -  68.9 7730s
 30109177 6028831   17.61434   46  190          -   16.96552      -  68.9 7735s
 30126656 6029115   17.41000   39  119          -   16.96711      -  68.9 7740s
 30143227 6029422   17.10241   37  146          -   16.96875      -  68.9 7745s
 30160809 6029762   17.00000   40    9          -   16.97059      -  68.9 7750s
 30177451 6030154   17.44616   47  189          -   16.97222      -  68.9 7755s
 30193692 6030446   18.27882   42  122          -   16.97368      -  68.9 7760s
 30206791 6030757   17.03980   37  177          -   16.97497      -  68.9 7765s
 30223069 6031152   17.37500   39   86          -   16.97656      -  68.9 7770s
 30238980 6031611   17.82792   46  130          -   16.97826      -  68.9 7775s
 30255002 6032086   17.75000   35   38          -   16.97996      -  68.9 7780s
 30271350 6032558   17.68352   34  181          -   16.98168      -  68.9 7785s
 30287047 6032962 infeasible   41               -   16.98352      -  68.9 7790s
 30303362 6033502   17.00000   30   13          -   16.98529      -  68.9 7795s
 30319668 6033892 infeasible   33               -   16.98738      -  68.9 7800s
 30336945 6034281   18.30769   44  124          -   16.98980      -  68.9 7805s
 30353362 6034714   18.16495   40  136          -   16.99200      -  68.9 7810s
 30368847 6035074     cutoff   59               -   16.99462      -  68.9 7815s
 30384833 6035550     cutoff   37               -   16.99809      -  69.0 7820s
 30401767 6035325   17.00000   30   74          -   17.00000      -  69.0 7825s
 30418492 6034680     cutoff   59               -   17.00000      -  69.0 7830s
 30433662 6034125   18.50000   35   32          -   17.00000      -  69.0 7835s
 30450308 6033813   17.00000   42   66          -   17.00000      -  69.0 7840s
 30450368 6033240   17.67953   40  210          -   17.00000      -  69.0 7853s
 30456407 6032344 infeasible   46               -   17.00000      -  69.0 7856s
 30474912 6031944 infeasible   37               -   17.00000      -  69.0 7860s
 30491547 6030973   18.33750   33  180          -   17.00000      -  69.0 7865s
 30508380 6029899     cutoff   35               -   17.00000      -  69.0 7870s
 30526751 6028543   18.50000   58   74          -   17.00000      -  69.0 7875s
 30543432 6027408   17.53425   41  136          -   17.00000      -  69.0 7880s
 30559565 6026261     cutoff   42               -   17.00000      -  69.0 7885s
 30577680 6025410   17.04478   47  187          -   17.00000      -  69.0 7890s
 30595569 6024684   18.62811   36  150          -   17.00000      -  69.0 7895s
 30611682 6024002     cutoff   46               -   17.00000      -  69.0 7900s
 30629782 6023176   17.66667   40   73          -   17.00000      -  69.0 7905s
 30647791 6022294   18.53846   40   70          -   17.00000      -  69.0 7910s
 30665341 6021341     cutoff   45               -   17.00000      -  69.0 7915s
 30681515 6019923 infeasible   44               -   17.00000      -  69.0 7920s
 30697936 6018086     cutoff   32               -   17.00000      -  69.0 7925s
 30715343 6016069   17.20000   34   83          -   17.00000      -  69.0 7930s
 30732575 6013919   18.50000   30   52          -   17.00000      -  69.0 7935s
 30750020 6011305     cutoff   64               -   17.00000      -  69.0 7940s
 30766245 6009036   18.00000   53   13          -   17.00000      -  69.0 7945s
 30782314 6006557   18.18182   44   94          -   17.00000      -  69.0 7950s
 30799123 6004601   18.66851   38  202          -   17.00000      -  69.1 7955s
 30814988 6002203     cutoff   44               -   17.00000      -  69.1 7960s
 30832193 5999803     cutoff   63               -   17.00000      -  69.1 7965s
 30850403 5997376     cutoff   45               -   17.00000      -  69.1 7970s
 30866688 5995280   17.50000   49   36          -   17.00000      -  69.1 7975s
 30884977 5993118   17.33333   38   84          -   17.00000      -  69.1 7980s
 30902074 5990782   18.25276   38  203          -   17.00000      -  69.1 7985s
 30918101 5988347 infeasible   42               -   17.00000      -  69.1 7990s
 30935182 5985964   17.50000   43   42          -   17.00000      -  69.1 7995s
 30952395 5984066 infeasible   59               -   17.00000      -  69.1 8000s
 30970213 5981704     cutoff   45               -   17.00000      -  69.1 8005s
 30987059 5979196   17.59167   48  173          -   17.00000      -  69.1 8010s
 31004185 5977056     cutoff   38               -   17.00000      -  69.1 8015s
 31019999 5975133   17.57759   29   98          -   17.00000      -  69.1 8020s
 31036098 5972728 infeasible   42               -   17.00000      -  69.1 8025s
 31053007 5970451     cutoff   50               -   17.00000      -  69.1 8030s
 31071176 5968172     cutoff   57               -   17.00000      -  69.1 8035s
 31087453 5965723     cutoff   39               -   17.00000      -  69.1 8040s
 31104023 5963706   17.84211   39   98          -   17.00000      -  69.1 8045s
 31119999 5961676     cutoff   47               -   17.00000      -  69.1 8050s
 31136259 5959416   17.00000   38   11          -   17.00000      -  69.1 8055s
 31152979 5957280 infeasible   37               -   17.00000      -  69.1 8060s
 31169227 5955208   17.00000   38   75          -   17.00000      -  69.1 8065s
 31185688 5953403   17.00000   50   10          -   17.00000      -  69.2 8070s
 31202335 5951662     cutoff   39               -   17.00000      -  69.2 8075s
 31218565 5949998   18.26532   37  188          -   17.00000      -  69.2 8080s
 31236398 5947992     cutoff   39               -   17.00000      -  69.2 8085s
 31252769 5946122   17.92647   47  117          -   17.00000      -  69.2 8090s
 31271099 5944392   18.00000   48   11          -   17.00000      -  69.2 8095s
 31286989 5942598   17.50000   37   32          -   17.00000      -  69.2 8100s
 31303567 5941023     cutoff   37               -   17.00000      -  69.2 8105s
 31321489 5939189     cutoff   39               -   17.00000      -  69.2 8110s
 31337991 5937496 infeasible   39               -   17.00000      -  69.2 8115s
 31356548 5935825     cutoff   45               -   17.00000      -  69.2 8120s
 31372446 5934095     cutoff   49               -   17.00000      -  69.2 8125s
 31390005 5931978   19.00000   59   61          -   17.00000      -  69.2 8130s
 31406195 5930027   17.50000   28   92          -   17.00000      -  69.2 8135s
 31423227 5928247   17.11280   30  124          -   17.00000      -  69.2 8140s
 31440773 5926070   17.75000   43   46          -   17.00000      -  69.2 8145s
 31456568 5924005 infeasible   40               -   17.00000      -  69.2 8150s
 31473104 5922046     cutoff   34               -   17.00000      -  69.2 8155s
 31491178 5920159   18.00000   30   17          -   17.00000      -  69.2 8160s
 31509413 5918495   17.00000   52   11          -   17.00000      -  69.2 8165s
 31526415 5916681   18.48407   43  157          -   17.00000      -  69.2 8170s
 31542456 5914890 infeasible   43               -   17.00000      -  69.2 8175s
 31558290 5912936   18.16667   34   81          -   17.00000      -  69.2 8180s
 31575511 5911127     cutoff   39               -   17.00000      -  69.2 8185s
 31593473 5909265     cutoff   36               -   17.00000      -  69.2 8190s
 31611817 5907317   18.00000   47    6          -   17.00000      -  69.2 8195s
 31627539 5905497   17.00000   39   14          -   17.00000      -  69.2 8200s
 31645220 5903172   17.70000   39   72          -   17.00000      -  69.3 8205s
 31663551 5901062     cutoff   37               -   17.00000      -  69.3 8210s
 31679494 5898879 infeasible   30               -   17.00000      -  69.3 8215s
 31695944 5896699     cutoff   53               -   17.00000      -  69.3 8220s
 31712676 5894603   17.00000   46   10          -   17.00000      -  69.3 8225s
 31728985 5892710     cutoff   39               -   17.00000      -  69.3 8230s
 31745794 5890650   18.00000   34   40          -   17.00000      -  69.3 8235s
 31763587 5888540   17.16667   30   70          -   17.00000      -  69.3 8240s
 31779970 5887282   17.69565   47   86          -   17.00000      -  69.3 8245s
 31796220 5886107     cutoff   34               -   17.00000      -  69.3 8250s
 31812728 5884840     cutoff   41               -   17.00000      -  69.3 8255s
 31829245 5883526   18.50000   58   93          -   17.00000      -  69.3 8260s
 31845518 5882463   17.25000   39   56          -   17.00000      -  69.3 8265s
 31862129 5881322     cutoff   45               -   17.00000      -  69.3 8270s
 31878679 5880442   17.50000   40   24          -   17.00000      -  69.3 8275s
 31896344 5879523   17.06667   34   72          -   17.00000      -  69.3 8280s
 31912764 5878654 infeasible   49               -   17.00000      -  69.3 8285s
 31931057 5877639   18.41987   41  157          -   17.00000      -  69.3 8290s
 31949080 5876607   19.50000   37   26          -   17.00000      -  69.3 8295s
 31965218 5875674     cutoff   43               -   17.00000      -  69.3 8300s
 31981216 5874490   18.50000   42   50          -   17.00000      -  69.3 8305s
 31997844 5873507     cutoff   34               -   17.00000      -  69.3 8310s
 32015751 5872536     cutoff   40               -   17.00000      -  69.3 8315s
 32032085 5871488   18.71875   40  130          -   17.00000      -  69.3 8320s
 32048591 5870151     cutoff   50               -   17.00000      -  69.3 8325s
 32067306 5868993   18.00000   36   14          -   17.00000      -  69.3 8330s
 32082363 5869133   18.55172   34  127          -   17.00413      -  69.3 8335s
 32096844 5869466 infeasible   42               -   17.00730      -  69.4 8340s
 32113667 5869793   18.00000   40   97          -   17.01061      -  69.4 8345s
 32129637 5870150   18.86082   35  174          -   17.01333      -  69.4 8350s
 32145969 5870552   19.01876   37  172          -   17.01600      -  69.4 8355s
 32161905 5870795   18.63636   39  104          -   17.01852      -  69.4 8360s
 32179749 5871224 infeasible   41               -   17.02117      -  69.4 8365s
 32183211 5871321   18.31565   51  189          -   17.02179      -  69.4 8370s
 32183368 5871363 infeasible   36               -   17.02205      -  69.4 8375s
 32183487 5871407   17.53211   39  134          -   17.02222      -  69.4 8380s
 32183633 5871450   17.38636   42  107          -   17.02228      -  69.4 8385s
 32184147 5871492   18.50000   55   85          -   17.02247      -  69.4 8391s
 32185425 5871492   18.69170   43  199          -   17.02271      -  69.4 8396s
 32187021 5871600     cutoff   60               -   17.02273      -  69.4 8401s
 32189934 5871619     cutoff   34               -   17.02289      -  69.4 8405s
 32197617 5871752 infeasible   45               -   17.02381      -  69.4 8411s
 32204412 5871881   18.08333   51  172          -   17.02500      -  69.4 8416s
 32208125 5871932     cutoff   47               -   17.02564      -  69.4 8420s
 32223156 5872185   17.75134   33  171          -   17.02785      -  69.4 8425s
 32239190 5872335   17.17335   37  230          -   17.03017      -  69.4 8430s
 32256804 5872667     cutoff   25               -   17.03226      -  69.4 8435s
 32272915 5872910   18.76036   53  151          -   17.03435      -  69.4 8440s
 32291029 5873258     cutoff   46               -   17.03641      -  69.4 8445s
 32306833 5873581   18.63636   41  112          -   17.03846      -  69.4 8450s
 32323365 5873934     cutoff   53               -   17.04032      -  69.4 8455s
 32340584 5874057   18.50000   40   25          -   17.04225      -  69.4 8460s
 32356570 5874289     cutoff   52               -   17.04425      -  69.4 8465s
 32373373 5874378   17.26000   39  120          -   17.04589      -  69.4 8470s
 32391212 5874651   18.32225   46  137          -   17.04799      -  69.4 8475s
 32407611 5874981   18.60345   36  135          -   17.05000      -  69.4 8480s
 32425130 5875231   17.15697   36  186          -   17.05172      -  69.4 8485s
 32442939 5875511   18.18879   37  168          -   17.05360      -  69.4 8490s
 32458217 5875763     cutoff   38               -   17.05556      -  69.4 8495s
 32477138 5876033   17.47570   35  161          -   17.05702      -  69.4 8500s
 32493283 5876209   17.54717   35  136          -   17.05882      -  69.4 8505s
 32510859 5876501   18.55769   48  125          -   17.06061      -  69.4 8510s
 32526035 5876519   19.00000   34   53          -   17.06250      -  69.5 8515s
 32544025 5876579   18.33333   38   51          -   17.06349      -  69.5 8520s
 32559995 5876669 infeasible   43               -   17.06554      -  69.5 8525s
 32577228 5876811 infeasible   38               -   17.06667      -  69.5 8530s
 32591900 5876964   17.67935   55  207          -   17.06867      -  69.5 8535s
 32608416 5877173 infeasible   43               -   17.07077      -  69.5 8540s
 32625783 5877045 infeasible   48               -   17.07143      -  69.5 8545s
 32643159 5877215   18.61700   41  143          -   17.07322      -  69.5 8550s
 32659580 5877487   17.47619   29   75          -   17.07500      -  69.5 8555s
 32675470 5877610   18.32484   38  138          -   17.07692      -  69.5 8560s
 32692561 5877583 infeasible   57               -   17.07792      -  69.5 8565s
 32708499 5877768     cutoff   59               -   17.08000      -  69.5 8570s
 32724852 5877902   18.23333   42  117          -   17.08163      -  69.5 8575s
 32741200 5878030   18.35714   46   71          -   17.08333      -  69.5 8580s
 32759270 5877639   18.44588   48  164          -   17.08333      -  69.5 8585s
 32776597 5877839   17.40550   43  128          -   17.08511      -  69.5 8590s
 32790933 5877896     cutoff   49               -   17.08696      -  69.5 8595s
 32808933 5878067 infeasible   40               -   17.08871      -  69.5 8600s
 32825178 5878236   18.42535   36  132          -   17.09091      -  69.5 8605s
 32842597 5877987   17.18182   37  118          -   17.09091      -  69.5 8610s
 32859083 5878121   17.46753   39  146          -   17.09278      -  69.5 8615s
 32873576 5878102   18.17424   32  167          -   17.09442      -  69.5 8620s
 32891602 5878256   17.59146   40   93          -   17.09617      -  69.5 8625s
 32907533 5878571   18.35548   37  111          -   17.09804      -  69.5 8630s
 32924596 5878621   18.13938   35  161          -   17.10000      -  69.5 8635s
 32943684 5878374   18.29730   32  131          -   17.10000      -  69.5 8640s
 32961386 5877969   17.67391   53  121          -   17.10000      -  69.5 8645s
 32977006 5878119     cutoff   44               -   17.10233      -  69.5 8650s
 32993567 5878189 infeasible   33               -   17.10429      -  69.5 8655s
 33010541 5878237   18.67857   45  134          -   17.10577      -  69.5 8660s
 33026908 5878231   18.38793   36  115          -   17.10744      -  69.5 8665s
 33042770 5878221   18.68272   28  145          -   17.10938      -  69.6 8670s
 33060061 5878175   18.83333   32   84          -   17.11111      -  69.6 8675s
 33076720 5877838     cutoff   44               -   17.11111      -  69.6 8680s
 33094465 5877663     cutoff   44               -   17.11151      -  69.6 8685s
 33110201 5877791   18.10055   48  186          -   17.11378      -  69.6 8690s
 33126432 5877787     cutoff   48               -   17.11538      -  69.6 8695s
 33140901 5877968   18.33333   34  137          -   17.11720      -  69.6 8700s
 33158286 5877830   18.22470   52  169          -   17.11853      -  69.6 8705s
 33172850 5877772   18.15686   38   96          -   17.12000      -  69.6 8710s
 33190527 5877883 infeasible   42               -   17.12222      -  69.6 8715s
 33206539 5877972   18.36842   34  145          -   17.12500      -  69.6 8720s
 33224325 5877451     cutoff   40               -   17.12500      -  69.6 8725s
 33242503 5876809 infeasible   38               -   17.12500      -  69.6 8730s
 33258961 5876221 infeasible   35               -   17.12500      -  69.6 8735s
 33276808 5875648   17.87500   39   58          -   17.12500      -  69.6 8740s
 33290984 5875580     cutoff   65               -   17.12727      -  69.6 8745s
 33305962 5875630   17.19288   32  178          -   17.12903      -  69.6 8750s
 33322680 5875759     cutoff   42               -   17.13056      -  69.6 8755s
 33338987 5875764   17.48529   47  108          -   17.13265      -  69.6 8760s
 33355505 5875542     cutoff   40               -   17.13333      -  69.6 8765s
 33370930 5875646   18.09091   31  143          -   17.13532      -  69.6 8770s
 33387782 5875520   17.56250   36   94          -   17.13669      -  69.6 8775s
 33404151 5875434     cutoff   43               -   17.13889      -  69.6 8780s
 33420150 5875381   17.64000   43  147          -   17.14055      -  69.6 8785s
 33436427 5875275   18.57549   41  163          -   17.14286      -  69.6 8790s
 33455455 5874631   17.37800   44  142          -   17.14286      -  69.6 8795s
 33473595 5873845   17.20000   40   58          -   17.14286      -  69.6 8800s
 33491413 5873205     cutoff   47               -   17.14286      -  69.6 8805s
 33506879 5873053   18.00000   39   10          -   17.14433      -  69.6 8810s
 33523310 5872993     cutoff   40               -   17.14634      -  69.6 8815s
 33539541 5872829     cutoff   42               -   17.14815      -  69.6 8820s
 33554471 5872757   18.04545   31   96          -   17.15000      -  69.7 8825s
 33570975 5872699 infeasible   62               -   17.15116      -  69.7 8830s
 33587068 5872593   18.71765   42  126          -   17.15308      -  69.7 8835s
 33604232 5872167 infeasible   45               -   17.15385      -  69.7 8840s
 33621406 5871918   17.27632   36  121          -   17.15556      -  69.7 8845s
 33638351 5871833   17.51064   41  223          -   17.15759      -  69.7 8850s
 33653437 5871636     cutoff   41               -   17.15873      -  69.7 8855s
 33670007 5871466   19.00000   52    7          -   17.16038      -  69.7 8860s
 33685793 5871281     cutoff   35               -   17.16217      -  69.7 8865s
 33701616 5871148   18.31150   37  149          -   17.16438      -  69.7 8870s
 33718694 5870900     cutoff   35               -   17.16667      -  69.7 8875s
 33728512 5870565 infeasible   31               -   17.16667      -  69.7 8880s
 33745241 5869470   18.26923   42   94          -   17.16667      -  69.7 8885s
 33763685 5868683   17.39437   33  116          -   17.16667      -  69.7 8890s
 33781304 5867478   17.40000   31  114          -   17.16667      -  69.7 8895s
 33797903 5866383   17.66667   33   77          -   17.16667      -  69.7 8900s
 33816042 5865406     cutoff   31               -   17.16667      -  69.7 8905s
 33834007 5864561 infeasible   46               -   17.16667      -  69.7 8910s
 33850539 5864087   18.22706   38  166          -   17.16832      -  69.7 8915s
 33865600 5864044   17.54901   34  124          -   17.17035      -  69.7 8920s
 33881840 5863903   17.90550   43  156          -   17.17241      -  69.7 8925s
 33896777 5863640   17.50000   44  128          -   17.17391      -  69.7 8930s
 33912424 5863409   17.91667   48  119          -   17.17557      -  69.7 8935s
 33930002 5863057   17.78834   40  207          -   17.17695      -  69.7 8940s
 33946398 5862854 infeasible   41               -   17.17857      -  69.7 8945s
 33960761 5862571   18.88372   43   85          -   17.18056      -  69.7 8950s
 33977672 5862049     cutoff   42               -   17.18182      -  69.7 8955s
 33994774 5861426     cutoff   39               -   17.18186      -  69.7 8960s
 34008608 5861275 infeasible   46               -   17.18408      -  69.7 8965s
 34024812 5861000     cutoff   31               -   17.18571      -  69.7 8970s
 34040138 5860771     cutoff   39               -   17.18750      -  69.7 8975s
 34057135 5860284   18.00397   38  173          -   17.18770      -  69.8 8980s
 34073499 5860293   18.58621   34  159          -   17.18987      -  69.8 8985s
 34088337 5859868   19.04167   54   94          -   17.19118      -  69.8 8990s
 34104414 5859495   18.25000   41   48          -   17.19277      -  69.8 8995s
 34120860 5859402   18.46907   33  148          -   17.19444      -  69.8 9000s
 34130675 5859392     cutoff   42               -   17.19565      -  69.8 9005s
 34130883 5859468     cutoff   46               -   17.19588      -  69.8 9010s
 34132670 5859467   17.53760   37  222          -   17.19608      -  69.8 9015s
 34138273 5859320     cutoff   40               -   17.19643      -  69.8 9020s
 34149356 5859232   18.24154   40  166          -   17.19857      -  69.8 9025s
 34165235 5858676   18.74841   31  193          -   17.20000      -  69.8 9030s
 34182979 5857748   17.42418   35  179          -   17.20000      -  69.8 9035s
 34199437 5856809     cutoff   45               -   17.20000      -  69.8 9040s
 34217533 5855461     cutoff   54               -   17.20000      -  69.8 9045s
 34233763 5854247     cutoff   48               -   17.20000      -  69.8 9050s
 34251734 5852935     cutoff   38               -   17.20000      -  69.8 9055s
 34268260 5851973   19.00000   50   16          -   17.20000      -  69.8 9060s
 34284359 5850986   17.55124   29  108          -   17.20000      -  69.8 9065s
 34299648 5850591   17.60805   35  195          -   17.20250      -  69.8 9070s
 34315236 5850423     cutoff   42               -   17.20443      -  69.8 9075s
 34331074 5850019   17.58976   37  172          -   17.20606      -  69.8 9080s
 34346815 5849599     cutoff   44               -   17.20798      -  69.8 9085s
 34363503 5849296   18.00000   40   11          -   17.20930      -  69.8 9090s
 34379815 5848861     cutoff   39               -   17.21053      -  69.8 9095s
 34394004 5848606   18.22891   51  159          -   17.21244      -  69.8 9100s
 34410189 5848310   18.38320   41  172          -   17.21429      -  69.8 9105s
 34426719 5847498 infeasible   53               -   17.21429      -  69.8 9110s
 34442463 5847120   17.50000   44   20          -   17.21605      -  69.8 9115s
 34458584 5846648   17.50000   37   24          -   17.21739      -  69.8 9120s
 34474591 5846521 infeasible   39               -   17.21925      -  69.8 9125s
 34488657 5846270     cutoff   57               -   17.22104      -  69.8 9130s
 34504367 5845607 infeasible   37               -   17.22222      -  69.8 9135s
 34523247 5844514 infeasible   46               -   17.22222      -  69.8 9140s
 34539461 5843701   17.88741   39  164          -   17.22222      -  69.8 9145s
 34555767 5843543   17.46970   46  131          -   17.22449      -  69.9 9150s
 34572383 5843276     cutoff   41               -   17.22638      -  69.9 9155s
 34587806 5842748     cutoff   39               -   17.22727      -  69.9 9160s
 34603121 5842186   18.92500   42  134          -   17.22926      -  69.9 9165s
 34618445 5841716   18.00000   37   15          -   17.23077      -  69.9 9170s
 34634413 5840967   18.59302   44  145          -   17.23140      -  69.9 9175s
 34649747 5840508     cutoff   44               -   17.23333      -  69.9 9180s
 34666052 5840000   18.00000   35   51          -   17.23510      -  69.9 9185s
 34682501 5839282   17.50000   44   23          -   17.23611      -  69.9 9190s
 34696265 5838873   18.57143   34  120          -   17.23789      -  69.9 9195s
 34711072 5838319   17.89519   37  136          -   17.23913      -  69.9 9200s
 34726627 5837938     cutoff   41               -   17.24051      -  69.9 9205s
 34742441 5837472   17.48110   36  166          -   17.24237      -  69.9 9210s
 34757468 5837028     cutoff   43               -   17.24390      -  69.9 9215s
 34771891 5836582     cutoff   30               -   17.24561      -  69.9 9220s
 34786399 5836256   17.67510   26  135          -   17.24778      -  69.9 9225s
 34803429 5835508   18.19946   40  186          -   17.25000      -  69.9 9230s
 34818949 5834308   17.66667   33   36          -   17.25000      -  69.9 9235s
 34835730 5833260   19.00000   64    7          -   17.25000      -  69.9 9240s
 34852493 5831518     cutoff   35               -   17.25000      -  69.9 9245s
 34868583 5829692     cutoff   46               -   17.25000      -  69.9 9250s
 34887023 5827542   17.70297   36  117          -   17.25000      -  69.9 9255s
 34903276 5825898   17.50000   47   50          -   17.25000      -  69.9 9260s
 34919661 5824201     cutoff   33               -   17.25000      -  69.9 9265s
 34937686 5822437   18.96393   38  137          -   17.25000      -  69.9 9270s
 34953892 5820936   17.43396   46  113          -   17.25000      -  69.9 9275s
 34971924 5819238     cutoff   45               -   17.25000      -  69.9 9280s
 34990346 5817596   18.50000   42   30          -   17.25000      -  69.9 9285s
 35007822 5815913 infeasible   36               -   17.25000      -  69.9 9290s
 35024025 5814255   17.75000   57   78          -   17.25000      -  69.9 9295s
 35040382 5812773   19.00000   32   13          -   17.25000      -  69.9 9300s
 35056414 5811554   18.09804   38  104          -   17.25000      -  69.9 9305s
 35072815 5810264   18.57143   39   88          -   17.25000      -  69.9 9310s
 35087897 5809897   17.66667   36   81          -   17.25301      -  70.0 9315s
 35103000 5809495   18.27625   36  178          -   17.25510      -  70.0 9320s
 35117986 5808963 infeasible   45               -   17.25686      -  70.0 9325s
 35132698 5808462   18.54645   44  140          -   17.25862      -  70.0 9330s
 35149083 5807892     cutoff   44               -   17.26031      -  70.0 9335s
 35163970 5807332   18.40083   43  154          -   17.26190      -  70.0 9340s
 35181053 5806703   17.54340   38  183          -   17.26316      -  70.0 9345s
 35196877 5806342     cutoff   51               -   17.26489      -  70.0 9350s
 35211759 5805761 infeasible   43               -   17.26667      -  70.0 9355s
 35226426 5804888     cutoff   42               -   17.26724      -  70.0 9360s
 35242475 5804351     cutoff   45               -   17.26923      -  70.0 9365s
 35257083 5803708 infeasible   43               -   17.27083      -  70.0 9370s
 35272101 5803016     cutoff   37               -   17.27273      -  70.0 9375s
 35289819 5801936   17.68844   53  131          -   17.27273      -  70.0 9380s
 35304816 5801331     cutoff   39               -   17.27419      -  70.0 9385s
 35319390 5800748   17.70000   37   80          -   17.27586      -  70.0 9390s
 35336143 5800107 infeasible   50               -   17.27778      -  70.0 9395s
 35351280 5799327   18.25529   46  190          -   17.27821      -  70.0 9400s
 35365655 5798876 infeasible   43               -   17.28000      -  70.0 9405s
 35381533 5798122   17.50085   41  177          -   17.28153      -  70.0 9410s
 35395905 5797421   18.59524   32  136          -   17.28333      -  70.0 9415s
 35410513 5797083   17.56579   35  141          -   17.28571      -  70.0 9420s
 35428485 5795682   18.66667   35  146          -   17.28571      -  70.0 9425s
 35443119 5794373 infeasible   40               -   17.28571      -  70.0 9430s
 35460912 5792714   17.61098   44  152          -   17.28571      -  70.0 9435s
 35477222 5791394     cutoff   40               -   17.28571      -  70.0 9440s
 35491813 5790682   18.00000   33   11          -   17.28788      -  70.0 9445s
 35506799 5790092   17.32609   39  134          -   17.28972      -  70.1 9450s
 35521221 5789251     cutoff   39               -   17.29167      -  70.1 9455s
 35536270 5788462     cutoff   37               -   17.29268      -  70.1 9460s
 35553089 5787558   18.00000   41   33          -   17.29412      -  70.1 9465s
 35567457 5786981   18.38596   37  153          -   17.29562      -  70.1 9470s
 35582020 5786391     cutoff   42               -   17.29730      -  70.1 9475s
 35596313 5786066   17.50000   40   64          -   17.29915      -  70.1 9480s
 35612222 5784992     cutoff   40               -   17.30000      -  70.1 9485s
 35630720 5783513   17.53774   45  143          -   17.30000      -  70.1 9490s
 35645738 5782336     cutoff   37               -   17.30000      -  70.1 9495s
 35662113 5781534     cutoff   38               -   17.30211      -  70.1 9500s
 35676811 5780956   17.72792   33  173          -   17.30392      -  70.1 9505s
 35691764 5780216   17.77608   42  154          -   17.30541      -  70.1 9510s
 35706378 5779684     cutoff   39               -   17.30719      -  70.1 9515s
 35722023 5778456   17.66667   40   54          -   17.30769      -  70.1 9520s
 35737549 5777656     cutoff   47               -   17.30909      -  70.1 9525s
 35751772 5776924 infeasible   52               -   17.31068      -  70.1 9530s
 35766434 5775975   17.61441   48  215          -   17.31250      -  70.1 9535s
 35783609 5774930 infeasible   35               -   17.31289      -  70.1 9540s
 35797749 5774276     cutoff   45               -   17.31481      -  70.1 9545s
 35812941 5773437   17.61224   39   77          -   17.31579      -  70.1 9550s
 35827105 5772799   17.42816   37  161          -   17.31765      -  70.1 9555s
 35842189 5771856 infeasible   37               -   17.31884      -  70.1 9560s
 35857092 5770968   18.39912   49  129          -   17.32021      -  70.1 9565s
 35871884 5770196   17.54813   43  115          -   17.32178      -  70.1 9570s
 35886520 5769639   17.91667   37  113          -   17.32353      -  70.2 9575s
 35901374 5768866   17.50505   53  153          -   17.32500      -  70.2 9580s
 35917304 5768034     cutoff   36               -   17.32692      -  70.2 9585s
 35931862 5767363   18.11662   33  233          -   17.32895      -  70.2 9590s
 35946623 5766733   17.46720   30  163          -   17.33117      -  70.2 9595s
 35963977 5765632   18.50000   31   99          -   17.33333      -  70.2 9600s
 35979536 5764013   17.58879   41  127          -   17.33333      -  70.2 9605s
 35995875 5762108 infeasible   55               -   17.33333      -  70.2 9610s
 36014145 5760279 infeasible   39               -   17.33333      -  70.2 9615s
 36028695 5758644     cutoff   47               -   17.33333      -  70.2 9620s
 36046710 5756043 infeasible   45               -   17.33333      -  70.2 9625s
 36063305 5753486     cutoff   42               -   17.33333      -  70.2 9630s
 36079810 5751274 infeasible   34               -   17.33333      -  70.2 9635s
 36097722 5748567   18.19992   43  196          -   17.33333      -  70.2 9640s
 36114191 5746551   17.50000   35   26          -   17.33333      -  70.2 9645s
 36131716 5744141   17.71429   50   59          -   17.33333      -  70.2 9650s
 36148505 5741935 infeasible   31               -   17.33333      -  70.2 9655s
 36164621 5739586     cutoff   46               -   17.33333      -  70.2 9660s
 36180709 5737047     cutoff   53               -   17.33333      -  70.2 9665s
 36197321 5734486     cutoff   38               -   17.33333      -  70.2 9670s
 36213682 5732210     cutoff   44               -   17.33333      -  70.2 9675s
 36230144 5730138   18.34470   44  143          -   17.33333      -  70.2 9680s
 36248361 5727764 infeasible   40               -   17.33333      -  70.2 9685s
 36264664 5725579   17.91626   39  181          -   17.33333      -  70.2 9690s
 36281023 5723366 infeasible   47               -   17.33333      -  70.2 9695s
 36297479 5721642     cutoff   34               -   17.33333      -  70.2 9700s
 36314224 5720234   17.70149   37  166          -   17.33481      -  70.2 9705s
 36327826 5719544   17.86310   42  127          -   17.33708      -  70.2 9710s
 36342724 5718779   17.78846   35  120          -   17.33908      -  70.2 9715s
 36357478 5717950   18.33333   40  140          -   17.34091      -  70.2 9720s
 36372144 5717206     cutoff   42               -   17.34259      -  70.2 9725s
 36387208 5716457     cutoff   43               -   17.34419      -  70.2 9730s
 36401449 5715467   18.00000   49   11          -   17.34615      -  70.2 9735s
 36417841 5714466 infeasible   41               -   17.34766      -  70.2 9740s
 36432602 5713451   17.70479   37  198          -   17.34906      -  70.3 9745s
 36448118 5712400   18.00000   39   71          -   17.35000      -  70.3 9750s
 36463871 5711547   18.40210   35  145          -   17.35200      -  70.3 9755s
 36479016 5710357   17.55357   40  114          -   17.35294      -  70.3 9760s
 36493320 5709563   18.91224   35  129          -   17.35484      -  70.3 9765s
 36507567 5708836   17.90351   37  138          -   17.35677      -  70.3 9770s
 36523503 5707439   18.14706   34  101          -   17.35714      -  70.3 9775s
 36539219 5706388   18.00000   35   13          -   17.35821      -  70.3 9780s
 36554379 5705390   18.20280   46  126          -   17.36000      -  70.3 9785s
 36568985 5704413   18.11273   37  181          -   17.36154      -  70.3 9790s
 36583496 5703583 infeasible   46               -   17.36364      -  70.3 9795s
 36599321 5701948     cutoff   46               -   17.36364      -  70.3 9800s
 36614913 5700655     cutoff   44               -   17.36458      -  70.3 9805s
 36629558 5699954 infeasible   42               -   17.36667      -  70.3 9810s
 36644586 5698881   18.52418   37  170          -   17.36842      -  70.3 9815s
 36661181 5697620   19.45070   34  131          -   17.36957      -  70.3 9820s
 36675602 5696715     cutoff   31               -   17.37121      -  70.3 9825s
 36689874 5695895 infeasible   35               -   17.37288      -  70.3 9830s
 36704957 5694719 infeasible   43               -   17.37500      -  70.3 9835s
 36722407 5692790     cutoff   36               -   17.37500      -  70.3 9840s
 36737775 5691198 infeasible   42               -   17.37500      -  70.3 9845s
 36755796 5689343   17.64815   45  148          -   17.37500      -  70.3 9850s
 36772034 5687679 infeasible   45               -   17.37500      -  70.3 9855s
 36787243 5686505 infeasible   35               -   17.37607      -  70.3 9860s
 36801132 5685605   17.50000   47   56          -   17.37805      -  70.3 9865s
 36816083 5684720 infeasible   42               -   17.37956      -  70.3 9870s
 36831201 5683679   17.75821   45  191          -   17.38095      -  70.3 9875s
 36847399 5682634   18.00000   43   31          -   17.38272      -  70.4 9880s
 36861917 5681775   17.69687   43  233          -   17.38462      -  70.4 9885s
 36877189 5680092 infeasible   52               -   17.38462      -  70.4 9890s
 36892709 5679107   17.84615   34  153          -   17.38648      -  70.4 9895s
 36907274 5678231   18.49842   42  188          -   17.38822      -  70.4 9900s
 36923010 5677055     cutoff   45               -   17.38889      -  70.4 9905s
 36936999 5676252   18.10488   52  161          -   17.39051      -  70.4 9910s
 36951802 5675315 infeasible   35               -   17.39194      -  70.4 9915s
 36966276 5674227     cutoff   47               -   17.39343      -  70.4 9920s
 36981065 5673177   17.98512   58  151          -   17.39506      -  70.4 9925s
 36995414 5672088   18.00000   34   12          -   17.39683      -  70.4 9930s
 37009760 5671147   18.47244   45  156          -   17.39921      -  70.4 9935s
 37026191 5669512 infeasible   44               -   17.40000      -  70.4 9940s
 37041438 5667862   18.16555   47  159          -   17.40000      -  70.4 9945s
 37057705 5665694 infeasible   34               -   17.40000      -  70.4 9950s
 37073878 5663147     cutoff   52               -   17.40000      -  70.4 9955s
 37090618 5660815   18.07667   31  142          -   17.40000      -  70.4 9960s
 37106700 5658417   18.84393   39  140          -   17.40000      -  70.4 9965s
 37122968 5656289   18.50000   33   36          -   17.40000      -  70.4 9970s
 37137837 5654311   18.05263   36   98          -   17.40000      -  70.4 9975s
 37154979 5652538     cutoff   35               -   17.40095      -  70.4 9980s
 37169076 5651711     cutoff   41               -   17.40306      -  70.4 9985s
 37183591 5650649   17.88889   35  124          -   17.40480      -  70.4 9990s
 37197106 5649687     cutoff   39               -   17.40625      -  70.4 9995s
 37211539 5648464 infeasible   37               -   17.40808      -  70.4 10000s
 37226879 5647090     cutoff   39               -   17.40909      -  70.4 10005s
 37241004 5646014 infeasible   36               -   17.41120      -  70.5 10010s
 37256343 5644576     cutoff   56               -   17.41192      -  70.5 10015s
 37270441 5643440     cutoff   39               -   17.41379      -  70.5 10020s
 37285079 5642542   17.54171   40  150          -   17.41556      -  70.5 10025s
 37300606 5641009     cutoff   36               -   17.41667      -  70.5 10030s
 37317689 5639154   18.53647   38  158          -   17.41667      -  70.5 10035s
 37331520 5637750   17.63043   41  156          -   17.41739      -  70.5 10040s
 37345479 5636622     cutoff   29               -   17.41935      -  70.5 10045s
 37360147 5635428   18.37600   40  127          -   17.42105      -  70.5 10050s
 37374861 5634092 infeasible   44               -   17.42233      -  70.5 10055s
 37389609 5632767     cutoff   45               -   17.42377      -  70.5 10060s
 37404325 5631639   17.42625   42  182          -   17.42553      -  70.5 10065s
 37420451 5630467   17.84205   40  149          -   17.42775      -  70.5 10070s
 37434508 5628795     cutoff   45               -   17.42857      -  70.5 10075s
 37451514 5626582   17.50000   36   48          -   17.42857      -  70.5 10080s
 37459395 5625596     cutoff   65               -   17.42857      -  70.5 10085s
 37474637 5623403   18.26718   33  106          -   17.42857      -  70.5 10090s
 37489841 5621440 infeasible   31               -   17.42857      -  70.5 10095s
 37504680 5620161   17.78199   46  132          -   17.43023      -  70.5 10100s
 37517341 5619014     cutoff   40               -   17.43182      -  70.5 10105s
 37532557 5617708   18.12188   54  164          -   17.43333      -  70.5 10110s
 37547519 5616494   18.00390   41  174          -   17.43478      -  70.5 10115s
 37561699 5615312 infeasible   32               -   17.43684      -  70.5 10120s
 37577219 5613642   18.78317   41  186          -   17.43750      -  70.5 10125s
 37591434 5612381   18.15421   46  177          -   17.43860      -  70.5 10130s
 37605975 5611089   18.01063   46  188          -   17.44010      -  70.5 10135s
 37620604 5609899   17.50000   40   34          -   17.44186      -  70.6 10140s
 37635135 5608931     cutoff   44               -   17.44394      -  70.6 10145s
 37649487 5607260   18.07500   38  128          -   17.44444      -  70.6 10150s
 37665868 5604859   17.59259   40  100          -   17.44444      -  70.6 10155s
 37680859 5603068 infeasible   47               -   17.44444      -  70.6 10160s
 37695523 5601744   18.00000   39   12          -   17.44643      -  70.6 10165s
 37710470 5600523   17.57143   37   75          -   17.44828      -  70.6 10170s
 37723258 5599476   17.50857   61  181          -   17.44986      -  70.6 10175s
 37740042 5597714     cutoff   43               -   17.45078      -  70.6 10180s
 37754534 5596448     cutoff   52               -   17.45238      -  70.6 10185s
 37768789 5594987   18.28571   40   91          -   17.45455      -  70.6 10190s
 37784906 5593006   18.16556   34  113          -   17.45455      -  70.6 10195s
 37801090 5591388   17.89147   41  117          -   17.45522      -  70.6 10200s
 37813120 5590382   17.65060   43  125          -   17.45685      -  70.6 10205s
 37828117 5588862   18.79167   46  112          -   17.45833      -  70.6 10210s
 37844253 5587445 infeasible   34               -   17.46000      -  70.6 10215s
 37857559 5586268   18.17188   40  137          -   17.46154      -  70.6 10220s
 37864874 5585620     cutoff   42               -   17.46154      -  70.6 10225s
 37865098 5585611     cutoff   36               -   17.46154      -  70.6 10230s
 37865721 5585553     cutoff   46               -   17.46154      -  70.6 10235s
 37869396 5584984 infeasible   47               -   17.46154      -  70.6 10241s
 37873727 5584443   18.74194   43  125          -   17.46154      -  70.6 10245s
 37886647 5583216   17.83902   35  160          -   17.46341      -  70.6 10250s
 37900819 5581861     cutoff   45               -   17.46512      -  70.6 10255s
 37915153 5580587     cutoff   47               -   17.46667      -  70.6 10260s
 37930732 5578803     cutoff   34               -   17.46699      -  70.6 10265s
 37944595 5577378 infeasible   34               -   17.46875      -  70.6 10270s
 37959157 5576193   18.45238   40   95          -   17.47059      -  70.6 10275s
 37974219 5574531   17.89894   43  167          -   17.47126      -  70.7 10280s
 37990060 5572998   18.09786   34  158          -   17.47321      -  70.7 10285s
 38005319 5571501   18.46257   33  150          -   17.47431      -  70.7 10290s
 38019879 5570208   17.72727   50  118          -   17.47619      -  70.7 10295s
 38034771 5568817   17.71667   44  103          -   17.47727      -  70.7 10300s
 38049156 5567379   18.00000   60   12          -   17.47872      -  70.7 10305s
 38063924 5565997 infeasible   47               -   17.48014      -  70.7 10310s
 38078402 5564541     cutoff   37               -   17.48178      -  70.7 10315s
 38092969 5563056   19.10621   42  195          -   17.48359      -  70.7 10320s
 38106233 5561701   18.18320   43  171          -   17.48485      -  70.7 10325s
 38122336 5560097   18.25852   40  188          -   17.48684      -  70.7 10330s
 38137254 5558694   18.34746   39  220          -   17.48858      -  70.7 10335s
 38149973 5557457 infeasible   38               -   17.49020      -  70.7 10340s
 38166324 5555856     cutoff   38               -   17.49231      -  70.7 10345s
 38179546 5554832   18.00000   35   12          -   17.49412      -  70.7 10350s
 38193969 5553519     cutoff   46               -   17.49651      -  70.7 10355s
 38206598 5552038   17.96429   40  113          -   17.50000      -  70.7 10360s
 38222914 5549543     cutoff   67               -   17.50000      -  70.7 10365s
 38238060 5547233     cutoff   49               -   17.50000      -  70.7 10370s
 38254313 5544396 infeasible   35               -   17.50000      -  70.7 10375s
 38271268 5541519   17.80185   31  183          -   17.50000      -  70.7 10380s
 38285537 5539025     cutoff   36               -   17.50000      -  70.7 10385s
 38302327 5536452   18.20000   46   89          -   17.50000      -  70.7 10390s
 38316977 5533996   17.50000   36   19          -   17.50000      -  70.8 10395s
 38333337 5531104     cutoff   62               -   17.50000      -  70.8 10400s
 38349692 5527598     cutoff   50               -   17.50000      -  70.8 10405s
 38366954 5523588     cutoff   64               -   17.50000      -  70.8 10410s
 38380752 5520002     cutoff   54               -   17.50000      -  70.8 10415s
 38396895 5515970     cutoff   43               -   17.50000      -  70.8 10420s
 38413393 5512027     cutoff   41               -   17.50000      -  70.8 10425s
 38428354 5508379     cutoff   33               -   17.50000      -  70.8 10430s
 38444978 5504172     cutoff   40               -   17.50000      -  70.8 10435s
 38461500 5500296     cutoff   35               -   17.50000      -  70.8 10440s
 38477214 5496127     cutoff   43               -   17.50000      -  70.8 10445s
 38495977 5491663   17.50000   43   85          -   17.50000      -  70.8 10450s
 38511758 5488020   17.50000   53   33          -   17.50000      -  70.8 10455s
 38528916 5484975     cutoff   38               -   17.50000      -  70.8 10460s
 38544566 5481422   17.50000   35   27          -   17.50000      -  70.8 10465s
 38561328 5477903 infeasible   36               -   17.50000      -  70.8 10470s
 38575629 5474395     cutoff   42               -   17.50000      -  70.8 10475s
 38591864 5470386 infeasible   50               -   17.50000      -  70.8 10480s
 38608105 5466322 infeasible   37               -   17.50000      -  70.8 10485s
 38625220 5462779 infeasible   41               -   17.50000      -  70.8 10490s
 38641188 5459209 infeasible   53               -   17.50000      -  70.8 10495s
 38655601 5455407 infeasible   41               -   17.50000      -  70.8 10500s
 38672126 5451611   19.00000   38   14          -   17.50000      -  70.8 10505s
 38688633 5447990   18.75000   38   59          -   17.50000      -  70.8 10510s
 38705029 5444494   18.39643   39  162          -   17.50000      -  70.8 10515s
 38721051 5440984     cutoff   46               -   17.50000      -  70.8 10520s
 38736038 5437724     cutoff   57               -   17.50000      -  70.8 10525s
 38752132 5434128     cutoff   46               -   17.50000      -  70.8 10530s
 38769399 5430449   18.50000   45   54          -   17.50000      -  70.8 10535s
 38785655 5426929 infeasible   38               -   17.50000      -  70.8 10540s
 38801248 5423390     cutoff   40               -   17.50000      -  70.8 10545s
 38817768 5419871   17.66667   34   60          -   17.50000      -  70.8 10550s
 38834261 5416116     cutoff   43               -   17.50000      -  70.8 10555s
 38850193 5412519   18.33333   40   41          -   17.50000      -  70.8 10560s
 38866801 5408755     cutoff   49               -   17.50000      -  70.8 10565s
 38882867 5405467     cutoff   43               -   17.50000      -  70.8 10570s
 38899413 5401363 infeasible   59               -   17.50000      -  70.8 10575s
 38915751 5397705   18.86773   34  176          -   17.50000      -  70.8 10580s
 38930101 5394804   18.53333   44   83          -   17.50000      -  70.8 10585s
 38945117 5392041 infeasible   42               -   17.50000      -  70.8 10590s
 38961149 5389054   18.32386   52  115          -   17.50000      -  70.8 10595s
 38975908 5386417   17.86450   39  161          -   17.50000      -  70.8 10600s
 38992273 5383515   18.00000   44   13          -   17.50000      -  70.8 10605s
 39008314 5380394   19.00000   42   11          -   17.50000      -  70.8 10610s
 39023281 5377944   18.28571   51   86          -   17.50000      -  70.9 10615s
 39037556 5375118 infeasible   39               -   17.50000      -  70.9 10620s
 39052086 5372699 infeasible   33               -   17.50096      -  70.9 10625s
 39066532 5371096     cutoff   43               -   17.50416      -  70.9 10630s
 39079729 5369674   17.70335   31  239          -   17.50637      -  70.9 10635s
 39092876 5368151   18.14131   31  183          -   17.50847      -  70.9 10640s
 39105864 5366577   18.50000   42   26          -   17.51042      -  70.9 10645s
 39120679 5364946   18.52733   43  118          -   17.51250      -  70.9 10650s
 39134246 5363459 infeasible   40               -   17.51429      -  70.9 10655s
 39148688 5361779   18.00000   50    9          -   17.51613      -  70.9 10660s
 39161789 5360312     cutoff   37               -   17.51786      -  70.9 10665s
 39176488 5358529     cutoff   34               -   17.52000      -  70.9 10670s
 39191522 5356789   18.47059   38  103          -   17.52174      -  70.9 10675s
 39204540 5355401   17.94212   40  145          -   17.52308      -  70.9 10680s
 39219319 5353680   17.86065   32  200          -   17.52468      -  70.9 10685s
 39234479 5351981 infeasible   43               -   17.52632      -  70.9 10690s
 39247143 5350734   19.12500   50   51          -   17.52778      -  70.9 10695s
 39262045 5349158   17.83051   49  134          -   17.52941      -  70.9 10700s
 39276151 5347310   18.56410   48   99          -   17.53111      -  70.9 10705s
 39289283 5346017   17.95385   39  115          -   17.53266      -  70.9 10710s
 39305068 5343779   18.40909   33  151          -   17.53333      -  70.9 10715s
 39318765 5342383   18.90105   46  155          -   17.53543      -  70.9 10720s
 39333505 5340854     cutoff   47               -   17.53704      -  70.9 10725s
 39348655 5339008 infeasible   53               -   17.53846      -  71.0 10730s
 39363154 5337086   18.18675   32  148          -   17.53937      -  71.0 10735s
 39379335 5335467     cutoff   40               -   17.54167      -  71.0 10740s
 39394057 5333776   18.28629   34  148          -   17.54286      -  71.0 10745s
 39408202 5332253   18.62385   39  147          -   17.54525      -  71.0 10750s
 39422609 5330061 infeasible   45               -   17.54545      -  71.0 10755s
 39437097 5328205   18.05570   36  227          -   17.54598      -  71.0 10760s
 39451054 5326646   17.68389   38  186          -   17.54802      -  71.0 10765s
 39465630 5324832   18.00000   39   84          -   17.55000      -  71.0 10770s
 39480479 5323180   18.32280   34  224          -   17.55116      -  71.0 10775s
 39493577 5321668   17.86154   35  140          -   17.55263      -  71.0 10780s
 39507644 5320044   18.77771   38  151          -   17.55495      -  71.0 10785s
 39523876 5317625     cutoff   51               -   17.55556      -  71.0 10790s
 39538517 5315001     cutoff   48               -   17.55556      -  71.0 10795s
 39554654 5312767     cutoff   37               -   17.55629      -  71.0 10800s
 39568185 5311099     cutoff   37               -   17.55844      -  71.0 10805s
 39581609 5309502 infeasible   34               -   17.56000      -  71.0 10810s
 39597457 5307710   17.65660   31  144          -   17.56250      -  71.0 10815s
 39611602 5305533     cutoff   38               -   17.56250      -  71.0 10820s
 39624993 5303944   18.75434   31  162          -   17.56426      -  71.0 10825s
 39638615 5302198     cutoff   44               -   17.56604      -  71.0 10830s
 39653294 5300462   17.90667   34  113          -   17.56759      -  71.0 10835s
 39667628 5298767     cutoff   34               -   17.56967      -  71.0 10840s
 39683056 5296591   18.11847   39  185          -   17.57143      -  71.0 10845s
 39698459 5293734   18.00000   41   43          -   17.57143      -  71.0 10850s
 39713282 5290977   17.66667   40   65          -   17.57143      -  71.0 10855s
 39729652 5287828   18.68893   42  156          -   17.57143      -  71.1 10860s
 39743619 5285761     cutoff   38               -   17.57237      -  71.1 10865s
 39757586 5284191 infeasible   31               -   17.57456      -  71.1 10870s
 39772161 5282314     cutoff   44               -   17.57647      -  71.1 10875s
 39786987 5280377   18.21601   41  159          -   17.57812      -  71.1 10880s
 39802005 5278410     cutoff   45               -   17.57947      -  71.1 10885s
 39816043 5276615     cutoff   45               -   17.58140      -  71.1 10890s
 39831181 5274496   17.83987   38  200          -   17.58333      -  71.1 10895s
 39846983 5271830   18.65789   47  135          -   17.58333      -  71.1 10900s
 39861764 5269699   18.86695   53  160          -   17.58371      -  71.1 10905s
 39876486 5267618     cutoff   30               -   17.58621      -  71.1 10910s
 39890998 5265853   17.96828   32  146          -   17.58824      -  71.1 10915s
 39904670 5264059     cutoff   34               -   17.58888      -  71.1 10920s
 39919077 5262256     cutoff   32               -   17.59091      -  71.1 10925s
 39933881 5260364 infeasible   52               -   17.59207      -  71.1 10930s
 39948517 5258336     cutoff   45               -   17.59375      -  71.1 10935s
 39963058 5256481     cutoff   39               -   17.59548      -  71.1 10940s
 39977590 5254574   17.94737   33  110          -   17.59763      -  71.1 10945s
 39990470 5252791   17.66667   45   89          -   17.60000      -  71.1 10950s
 40006858 5249901   18.10526   37   68          -   17.60000      -  71.1 10955s
 40023658 5246692   17.87695   40  154          -   17.60000      -  71.1 10960s
 40038376 5243716     cutoff   38               -   17.60000      -  71.1 10965s
 40052912 5240776   18.00000   43   63          -   17.60000      -  71.1 10970s
 40068845 5237088   17.95486   39  152          -   17.60000      -  71.1 10975s
 40085685 5233563 infeasible   41               -   17.60000      -  71.1 10980s
 40100226 5230348 infeasible   37               -   17.60000      -  71.1 10985s
 40115147 5227777     cutoff   41               -   17.60000      -  71.1 10990s
 40127915 5226224     cutoff   41               -   17.60248      -  71.2 10995s
 40142395 5224324   18.42211   35  119          -   17.60461      -  71.2 11000s
 40157229 5222279     cutoff   50               -   17.60630      -  71.2 11005s
 40170377 5220434 infeasible   48               -   17.60784      -  71.2 11010s
 40184945 5218422 infeasible   64               -   17.60969      -  71.2 11015s
 40200097 5216218   17.93939   46  153          -   17.61111      -  71.2 11020s
 40214328 5214251     cutoff   36               -   17.61224      -  71.2 11025s
 40228677 5212123   18.21429   39  125          -   17.61419      -  71.2 11030s
 40244188 5209730     cutoff   38               -   17.61538      -  71.2 11035s
 40258382 5207418     cutoff   47               -   17.61650      -  71.2 11040s
 40272795 5205325   18.71429   37   94          -   17.61842      -  71.2 11045s
 40286221 5203400     cutoff   43               -   17.61969      -  71.2 11050s
 40300664 5201349     cutoff   40               -   17.62155      -  71.2 11055s
 40313125 5199560     cutoff   44               -   17.62338      -  71.2 11060s
 40326999 5197397     cutoff   36               -   17.62500      -  71.2 11065s
 40344425 5194117     cutoff   54               -   17.62500      -  71.2 11070s
 40359658 5191240   18.50000   47   25          -   17.62500      -  71.2 11075s
 40375956 5188048 infeasible   33               -   17.62500      -  71.2 11080s
 40390321 5185485     cutoff   48               -   17.62500      -  71.2 11085s
 40405210 5183540   17.87637   34  128          -   17.62745      -  71.2 11090s
 40419211 5181567   18.13107   35  165          -   17.62931      -  71.2 11095s
 40432560 5179692 infeasible   29               -   17.63087      -  71.2 11100s
 40447361 5177350 infeasible   40               -   17.63229      -  71.2 11105s
 40460392 5175330 infeasible   29               -   17.63380      -  71.2 11110s
 40474720 5173283     cutoff   60               -   17.63608      -  71.3 11115s
 40491036 5170335 infeasible   37               -   17.63636      -  71.3 11120s
 40506961 5167737     cutoff   52               -   17.63713      -  71.3 11125s
 40520849 5165652   18.68061   31  134          -   17.63889      -  71.3 11130s
 40533812 5163751 infeasible   42               -   17.64048      -  71.3 11135s
 40548203 5161568   18.12500   39  137          -   17.64286      -  71.3 11140s
 40562233 5158853 infeasible   40               -   17.64286      -  71.3 11145s
 40576131 5156425     cutoff   42               -   17.64417      -  71.3 11150s
 40589345 5154529   18.56757   38  135          -   17.64583      -  71.3 11155s
 40604654 5152084   18.23912   36  239          -   17.64706      -  71.3 11160s
 40616918 5150245   18.30233   43  118          -   17.64865      -  71.3 11165s
 40631758 5147707   18.69232   47  169          -   17.65000      -  71.3 11170s
 40646040 5145570   17.82595   34  141          -   17.65176      -  71.3 11175s
 40659020 5143435   18.39247   58  146          -   17.65323      -  71.3 11180s
 40673597 5141046     cutoff   50               -   17.65490      -  71.3 11185s
 40687145 5138938     cutoff   47               -   17.65625      -  71.3 11190s
 40699689 5136780     cutoff   35               -   17.65789      -  71.3 11195s
 40712497 5134749     cutoff   47               -   17.65979      -  71.3 11200s
 40725490 5132697   18.16265   46  150          -   17.66176      -  71.3 11205s
 40740289 5130558   17.90000   34  107          -   17.66423      -  71.3 11210s
 40753700 5128062   18.00000   47   37          -   17.66667      -  71.3 11215s
 40768212 5124916   17.66667   30   69          -   17.66667      -  71.3 11220s
 40784717 5121295     cutoff   44               -   17.66667      -  71.3 11225s
 40799727 5117609 infeasible   36               -   17.66667      -  71.4 11230s
 40814385 5113482 infeasible   53               -   17.66667      -  71.4 11235s
 40830974 5108899   18.00000   43   17          -   17.66667      -  71.4 11240s
 40847061 5104783   18.50000   39   24          -   17.66667      -  71.4 11245s
 40861781 5100853 infeasible   70               -   17.66667      -  71.4 11250s
 40876715 5096873 infeasible   46               -   17.66667      -  71.4 11255s
 40893189 5092825 infeasible   34               -   17.66667      -  71.4 11260s
 40907402 5088830     cutoff   32               -   17.66667      -  71.4 11265s
 40923934 5084092   18.08182   39  140          -   17.66667      -  71.4 11270s
 40938764 5079924   18.00000   41   41          -   17.66667      -  71.4 11275s
 40955399 5075473     cutoff   42               -   17.66667      -  71.4 11280s
 40969918 5071724 infeasible   42               -   17.66667      -  71.4 11285s
 40986239 5067029     cutoff   36               -   17.66667      -  71.4 11290s
 41000754 5062999 infeasible   42               -   17.66667      -  71.4 11295s
 41017463 5058588     cutoff   41               -   17.66667      -  71.4 11300s
 41032052 5054533 infeasible   39               -   17.66667      -  71.4 11305s
 41048064 5050159     cutoff   41               -   17.66667      -  71.4 11310s
 41062789 5046476     cutoff   35               -   17.66667      -  71.4 11315s
 41077810 5042883     cutoff   40               -   17.66667      -  71.4 11320s
 41093696 5039085   18.50000   37   27          -   17.66667      -  71.4 11325s
 41106233 5037128 infeasible   45               -   17.66961      -  71.4 11330s
 41120458 5034819   18.58731   38  191          -   17.67206      -  71.4 11335s
 41133658 5032736     cutoff   42               -   17.67391      -  71.4 11340s
 41148433 5030290   18.00906   28  145          -   17.67589      -  71.4 11345s
 41161465 5028027   17.95942   46  225          -   17.67744      -  71.4 11350s
 41176216 5025491     cutoff   32               -   17.67947      -  71.4 11355s
 41189406 5023370   18.02662   35  180          -   17.68105      -  71.4 11360s
 41204269 5020772     cutoff   45               -   17.68254      -  71.4 11365s
 41217291 5018411     cutoff   54               -   17.68421      -  71.4 11370s
 41231791 5015943     cutoff   32               -   17.68571      -  71.4 11375s
 41244981 5013615   17.85714   45  110          -   17.68750      -  71.4 11380s
 41260688 5010890   17.86207   40  121          -   17.68774      -  71.4 11385s
 41274347 5008481   19.00000   42    9          -   17.68966      -  71.5 11390s
 41284216 5006821     cutoff   49               -   17.69133      -  71.5 11395s
 41294071 5004625   18.00000   29  120          -   17.69231      -  71.5 11400s
 41309753 5001557     cutoff   40               -   17.69318      -  71.5 11405s
 41322731 4999399   18.50000   48   35          -   17.69492      -  71.5 11410s
 41335577 4997106 infeasible   32               -   17.69643      -  71.5 11415s
 41348680 4994875   17.88464   49  167          -   17.69822      -  71.5 11420s
 41360209 4992809     cutoff   41               -   17.70000      -  71.5 11425s
 41376317 4989405 infeasible   60               -   17.70000      -  71.5 11430s
 41389592 4986348     cutoff   29               -   17.70000      -  71.5 11435s
 41405366 4983274     cutoff   42               -   17.70074      -  71.5 11440s
 41417348 4981157   18.19892   52  182          -   17.70270      -  71.5 11445s
 41431706 4978564   18.52466   40  150          -   17.70455      -  71.5 11450s
 41445227 4976089   18.43577   50  213          -   17.70588      -  71.5 11455s
 41457936 4973721   18.00000   39   28          -   17.70732      -  71.5 11460s
 41471340 4971308   17.88595   40  136          -   17.70848      -  71.5 11465s
 41483653 4969005   18.15909   35  128          -   17.71049      -  71.5 11470s
 41496643 4966724   17.87179   30  149          -   17.71223      -  71.5 11475s
 41512317 4963832   17.83495   34  133          -   17.71429      -  71.5 11480s
 41526167 4960568     cutoff   48               -   17.71429      -  71.5 11485s
 41541203 4956870 infeasible   45               -   17.71429      -  71.5 11490s
 41556048 4953154   18.00000   34   39          -   17.71429      -  71.5 11495s
 41570764 4949657   18.50000   38   24          -   17.71429      -  71.5 11500s
 41583559 4947166   18.00000   39   24          -   17.71636      -  71.5 11505s
 41596322 4944871 infeasible   26               -   17.71822      -  71.5 11510s
 41609233 4942347 infeasible   43               -   17.72000      -  71.6 11515s
 41622070 4940112     cutoff   34               -   17.72152      -  71.6 11520s
 41636166 4937099   18.01607   60  142          -   17.72222      -  71.6 11525s
 41648549 4934798     cutoff   51               -   17.72414      -  71.6 11530s
 41663019 4932149 infeasible   37               -   17.72589      -  71.6 11535s
 41667681 4931647   18.62475   32  207          -   17.72689      -  71.6 11540s
 41667950 4931585     cutoff   41               -   17.72727      -  71.6 11545s
 41669201 4931266   18.55385   58  183          -   17.72727      -  71.6 11551s
 41671236 4930646     cutoff   52               -   17.72727      -  71.6 11555s
 41677403 4928785     cutoff   32               -   17.72727      -  71.6 11561s
 41687780 4926398   17.90000   50  101          -   17.72727      -  71.6 11565s
 41703037 4923597     cutoff   41               -   17.72903      -  71.6 11570s
 41714839 4921356     cutoff   44               -   17.73077      -  71.6 11575s
 41729789 4918649     cutoff   42               -   17.73256      -  71.6 11580s
 41743973 4915591     cutoff   40               -   17.73333      -  71.6 11585s
 41757835 4913136   18.00000   48   75          -   17.73529      -  71.6 11590s
 41770937 4910569   17.90671   33  168          -   17.73684      -  71.6 11595s
 41784180 4908062     cutoff   40               -   17.73810      -  71.6 11600s
 41797152 4905658     cutoff   42               -   17.73944      -  71.6 11605s
 41811566 4902978     cutoff   38               -   17.74138      -  71.6 11610s
 41824569 4900471     cutoff   46               -   17.74286      -  71.6 11615s
 41837187 4897879     cutoff   37               -   17.74479      -  71.6 11620s
 41848288 4895687   18.50000   40  139          -   17.74667      -  71.6 11625s
 41861263 4893334     cutoff   46               -   17.74944      -  71.6 11630s
 41875926 4889571   18.84615   37   94          -   17.75000      -  71.6 11635s
 41891448 4885519   19.00000   45    8          -   17.75000      -  71.6 11640s
 41906430 4881336   19.00000   31    8          -   17.75000      -  71.6 11645s
 41921153 4876784     cutoff   44               -   17.75000      -  71.7 11650s
 41936121 4872247   18.41121   40  124          -   17.75000      -  71.7 11655s
 41950949 4867673     cutoff   43               -   17.75000      -  71.7 11660s
 41967356 4863106 infeasible   40               -   17.75000      -  71.7 11665s
 41983593 4858410 infeasible   47               -   17.75000      -  71.7 11670s
 41998354 4854064 infeasible   34               -   17.75000      -  71.7 11675s
 42012534 4849475 infeasible   41               -   17.75000      -  71.7 11680s
 42029242 4844911 infeasible   37               -   17.75000      -  71.7 11685s
 42043833 4840450   19.00000   40   10          -   17.75000      -  71.7 11690s
 42060117 4835674     cutoff   41               -   17.75000      -  71.7 11695s
 42074480 4831188     cutoff   39               -   17.75000      -  71.7 11700s
 42089245 4826671 infeasible   32               -   17.75000      -  71.7 11705s
 42105611 4822545     cutoff   31               -   17.75000      -  71.7 11710s
 42119959 4818838   17.84940   31  115          -   17.75000      -  71.7 11715s
 42133149 4816053 infeasible   44               -   17.75195      -  71.7 11720s
 42145160 4813650   18.52693   42  160          -   17.75436      -  71.7 11725s
 42159660 4810514     cutoff   49               -   17.75664      -  71.7 11730s
 42171398 4808205   18.33333   54   69          -   17.75824      -  71.7 11735s
 42184822 4805497 infeasible   38               -   17.76000      -  71.7 11740s
 42197677 4803036   18.58333   39  125          -   17.76179      -  71.7 11745s
 42210953 4800085     cutoff   41               -   17.76316      -  71.7 11750s
 42224398 4797320     cutoff   44               -   17.76471      -  71.7 11755s
 42237072 4794757 infeasible   45               -   17.76596      -  71.7 11760s
 42251480 4791762     cutoff   31               -   17.76786      -  71.7 11765s
 42265080 4788690   18.45608   43  198          -   17.76923      -  71.7 11770s
 42278351 4785595     cutoff   35               -   17.76966      -  71.7 11775s
 42291999 4782678     cutoff   46               -   17.77186      -  71.7 11780s
 42305355 4779715 infeasible   33               -   17.77313      -  71.7 11785s
 42318296 4777014     cutoff   35               -   17.77500      -  71.8 11790s
 42330999 4774489     cutoff   26               -   17.77727      -  71.8 11795s
 42343723 4771092 infeasible   47               -   17.77778      -  71.8 11800s
 42358983 4767025     cutoff   37               -   17.77778      -  71.8 11805s
 42373651 4763274 infeasible   32               -   17.77778      -  71.8 11810s
 42386779 4760562   18.15385   43  109          -   17.78049      -  71.8 11815s
 42399589 4757923   18.31250   36  102          -   17.78212      -  71.8 11820s
 42411044 4755407 infeasible   45               -   17.78351      -  71.8 11825s
 42423789 4752751     cutoff   55               -   17.78571      -  71.8 11830s
 42438066 4749080     cutoff   41               -   17.78571      -  71.8 11835s
 42450221 4746281 infeasible   46               -   17.78704      -  71.8 11840s
 42463101 4743715 infeasible   46               -   17.78883      -  71.8 11845s
 42478008 4740454   18.21875   33  115          -   17.79032      -  71.8 11850s
 42491212 4737434   18.13636   46  131          -   17.79167      -  71.8 11855s
 42503893 4734673     cutoff   45               -   17.79348      -  71.8 11860s
 42516752 4731755   18.75535   50  160          -   17.79545      -  71.8 11865s
 42531401 4728768   18.13580   43  152          -   17.79762      -  71.8 11870s
 42544831 4725775     cutoff   41               -   17.80000      -  71.8 11875s
 42559499 4722206 infeasible   48               -   17.80000      -  71.8 11880s
 42574416 4717581     cutoff   48               -   17.80000      -  71.8 11885s
 42588936 4713060     cutoff   40               -   17.80000      -  71.8 11890s
 42603660 4708487     cutoff   36               -   17.80000      -  71.8 11895s
 42618221 4703805   18.20000   45   66          -   17.80000      -  71.8 11900s
 42633200 4699238 infeasible   38               -   17.80000      -  71.8 11905s
 42648106 4694691 infeasible   44               -   17.80000      -  71.8 11910s
 42662514 4690376   18.71429   39   93          -   17.80000      -  71.8 11915s
 42676244 4686945     cutoff   46               -   17.80095      -  71.8 11920s
 42689372 4683977 infeasible   34               -   17.80357      -  71.9 11925s
 42702563 4681191 infeasible   39               -   17.80556      -  71.9 11930s
 42715471 4678300     cutoff   56               -   17.80723      -  71.9 11935s
 42726965 4675592   18.05713   42  175          -   17.80851      -  71.9 11940s
 42740154 4672535     cutoff   40               -   17.81000      -  71.9 11945s
 42754303 4669208   18.37500   31   52          -   17.81250      -  71.9 11950s
 42768794 4665407   18.89868   48  171          -   17.81250      -  71.9 11955s
 42782275 4662350     cutoff   42               -   17.81481      -  71.9 11960s
 42793594 4659897 infeasible   38               -   17.81627      -  71.9 11965s
 42806899 4656564 infeasible   44               -   17.81818      -  71.9 11970s
 42822891 4652149     cutoff   36               -   17.81818      -  71.9 11975s
 42834869 4649318   18.35767   39  191          -   17.81944      -  71.9 11980s
 42847426 4646436   18.50000   40   22          -   17.82143      -  71.9 11985s
 42860421 4643621   18.57426   43  128          -   17.82292      -  71.9 11990s
 42873897 4640265   17.95946   44  214          -   17.82386      -  71.9 11995s
 42886155 4637379     cutoff   36               -   17.82598      -  71.9 12000s
 42900881 4633850   17.88889   46  127          -   17.82759      -  71.9 12005s
 42913772 4630838 infeasible   55               -   17.82955      -  71.9 12010s
 42925029 4628430     cutoff   45               -   17.83146      -  71.9 12015s
 42938857 4624711   17.87500   37   75          -   17.83333      -  71.9 12020s
 42954809 4620124 infeasible   45               -   17.83333      -  71.9 12025s
 42968086 4615769   18.08696   40  108          -   17.83333      -  71.9 12030s
 42984629 4610659   18.00000   37   12          -   17.83333      -  71.9 12035s
 42999428 4605961     cutoff   52               -   17.83333      -  72.0 12040s
 43013866 4601160     cutoff   32               -   17.83333      -  72.0 12045s
 43026885 4596990     cutoff   34               -   17.83333      -  72.0 12050s
 43043376 4591791     cutoff   43               -   17.83333      -  72.0 12055s
 43057367 4588057 infeasible   44               -   17.83333      -  72.0 12060s
 43069129 4585134 infeasible   39               -   17.83571      -  72.0 12065s
 43081716 4582226 infeasible   45               -   17.83784      -  72.0 12070s
 43094618 4579234 infeasible   27               -   17.83964      -  72.0 12075s
 43107751 4575942 infeasible   37               -   17.84146      -  72.0 12080s
 43121389 4572691     cutoff   48               -   17.84270      -  72.0 12085s
 43134128 4569645 infeasible   45               -   17.84444      -  72.0 12090s
 43147193 4566109     cutoff   44               -   17.84615      -  72.0 12095s
 43160953 4562434   18.64706   35   99          -   17.84646      -  72.0 12100s
 43172976 4559511     cutoff   46               -   17.84848      -  72.0 12105s
 43184495 4556386     cutoff   43               -   17.85000      -  72.0 12110s
 43197237 4553134   18.27273   42  125          -   17.85135      -  72.0 12115s
 43210431 4549826 infeasible   36               -   17.85294      -  72.0 12120s
 43221389 4547114     cutoff   48               -   17.85466      -  72.0 12125s
 43234768 4543918     cutoff   44               -   17.85714      -  72.0 12130s
 43249032 4539485     cutoff   53               -   17.85714      -  72.0 12135s
 43262665 4535265 infeasible   49               -   17.85714      -  72.0 12140s
 43277627 4530244 infeasible   41               -   17.85714      -  72.0 12145s
 43293600 4524972 infeasible   41               -   17.85714      -  72.0 12150s
 43305449 4522052   18.28842   40  112          -   17.85870      -  72.0 12155s
 43319035 4518562   18.70000   36   65          -   17.86111      -  72.0 12160s
 43330403 4515688 infeasible   44               -   17.86254      -  72.1 12165s
 43342281 4512368     cutoff   39               -   17.86364      -  72.1 12170s
 43354886 4509229 infeasible   45               -   17.86576      -  72.1 12175s
 43368668 4505076     cutoff   44               -   17.86667      -  72.1 12180s
 43381286 4502120     cutoff   43               -   17.86842      -  72.1 12185s
 43394407 4498828     cutoff   41               -   17.86957      -  72.1 12190s
 43407028 4495604     cutoff   44               -   17.87179      -  72.1 12195s
 43419690 4492530     cutoff   45               -   17.87382      -  72.1 12200s
 43433644 4487964   18.50000   33   65          -   17.87500      -  72.1 12205s
 43447791 4483204     cutoff   36               -   17.87500      -  72.1 12210s
 43463158 4478571 infeasible   38               -   17.87500      -  72.1 12215s
 43477676 4473746   18.21429   50   52          -   17.87500      -  72.1 12220s
 43492185 4469364   19.00000   42   12          -   17.87500      -  72.1 12225s
 43503359 4466494 infeasible   40               -   17.87719      -  72.1 12230s
 43515676 4463184   18.27273   60   78          -   17.87912      -  72.1 12235s
 43528739 4459602     cutoff   46               -   17.88095      -  72.1 12240s
 43542620 4455789     cutoff   37               -   17.88235      -  72.1 12245s
 43554799 4452549   18.60714   41  148          -   17.88430      -  72.1 12250s
 43568153 4449073   18.09367   34  159          -   17.88578      -  72.1 12255s
 43579187 4446104   18.64434   40  195          -   17.88776      -  72.1 12260s
 43593693 4441936   18.12853   29  157          -   17.88889      -  72.1 12265s
 43608811 4436954     cutoff   45               -   17.88889      -  72.1 12270s
 43623102 4431985     cutoff   38               -   17.88889      -  72.1 12275s
 43636083 4428486   18.57143   32  129          -   17.89130      -  72.1 12280s
 43647607 4425248     cutoff   42               -   17.89286      -  72.2 12285s
 43660855 4421501 infeasible   52               -   17.89474      -  72.2 12290s
 43673624 4418162 infeasible   46               -   17.89623      -  72.2 12295s
 43684958 4415185 infeasible   33               -   17.89773      -  72.2 12300s
 43698089 4411541     cutoff   54               -   17.90000      -  72.2 12305s
 43712353 4406758   18.28748   37  167          -   17.90000      -  72.2 12310s
 43725739 4402094   18.07500   39  137          -   17.90000      -  72.2 12315s
 43740116 4397668     cutoff   44               -   17.90032      -  72.2 12320s
 43751544 4394423   19.00000   33   30          -   17.90268      -  72.2 12325s
 43762474 4391267 infeasible   50               -   17.90449      -  72.2 12330s
 43775955 4387548 infeasible   46               -   17.90598      -  72.2 12335s
 43788765 4383992 infeasible   38               -   17.90789      -  72.2 12340s
 43802720 4379523 infeasible   66               -   17.90909      -  72.2 12345s
 43816553 4375064     cutoff   42               -   17.90909      -  72.2 12350s
 43828474 4371812   18.25686   29  148          -   17.91096      -  72.2 12355s
 43840893 4368387 infeasible   40               -   17.91284      -  72.2 12360s
 43853997 4364575 infeasible   46               -   17.91447      -  72.2 12365s
 43867147 4360684     cutoff   65               -   17.91667      -  72.2 12370s
 43881515 4355810     cutoff   36               -   17.91667      -  72.2 12375s
 43894662 4351462   18.00000   54   39          -   17.91667      -  72.2 12380s
 43907639 4347712 infeasible   45               -   17.91913      -  72.2 12385s
 43920423 4344041 infeasible   43               -   17.92103      -  72.2 12390s
 43933566 4340322   18.63542   38  104          -   17.92308      -  72.2 12395s
 43946103 4335966     cutoff   39               -   17.92308      -  72.2 12400s
 43958105 4332514     cutoff   35               -   17.92500      -  72.3 12405s
 43970984 4328871     cutoff   36               -   17.92672      -  72.3 12410s
 43984295 4324897     cutoff   39               -   17.92857      -  72.3 12415s
 43996742 4320731   18.60366   50  192          -   17.92857      -  72.3 12420s
 44010252 4316853   17.95370   46  198          -   17.93043      -  72.3 12425s
 44021035 4313541     cutoff   47               -   17.93213      -  72.3 12430s
 44033175 4309534   18.19142   43  176          -   17.93333      -  72.3 12435s
 44045747 4305701   18.66667   41   47          -   17.93467      -  72.3 12440s
 44049075 4305178   18.72690   40  197          -   17.93538      -  72.3 12445s
 44049314 4305098     cutoff   55               -   17.93548      -  72.3 12450s
 44049477 4305011   18.44674   42  125          -   17.93548      -  72.3 12456s
 44049642 4304960 infeasible   39               -   17.93548      -  72.3 12460s
 44049897 4304856   18.00000   31   13          -   17.93548      -  72.3 12466s
 44049996 4304799     cutoff   55               -   17.93548      -  72.3 12470s
 44050945 4304401 infeasible   57               -   17.93548      -  72.3 12475s
 44052522 4303766     cutoff   37               -   17.93564      -  72.3 12480s
 44061161 4300484     cutoff   49               -   17.93750      -  72.3 12485s
 44075484 4296185     cutoff   46               -   17.93750      -  72.3 12490s
 44086865 4292881   18.90000   41   92          -   17.93939      -  72.3 12495s
 44098574 4289164 infeasible   35               -   17.94118      -  72.3 12500s
 44111501 4285307     cutoff   46               -   17.94253      -  72.3 12505s
 44124580 4281035     cutoff   27               -   17.94444      -  72.3 12510s
 44136250 4277298 infeasible   43               -   17.94505      -  72.3 12515s
 44148453 4273477     cutoff   42               -   17.94737      -  72.3 12520s
 44160221 4269863   19.00000   35    1          -   17.94828      -  72.3 12525s
 44171473 4266203 infeasible   43               -   17.95000      -  72.3 12530s
 44184610 4262212   18.88889   46   66          -   17.95131      -  72.3 12535s
 44197761 4258070     cutoff   43               -   17.95276      -  72.3 12540s
 44210578 4253721     cutoff   35               -   17.95455      -  72.3 12545s
 44221581 4250504 infeasible   43               -   17.95614      -  72.3 12550s
 44234674 4246423     cutoff   52               -   17.95796      -  72.4 12555s
 44246297 4242717 infeasible   44               -   17.95918      -  72.4 12560s
 44259193 4238767   18.87097   46   99          -   17.96104      -  72.4 12565s
 44272075 4234722     cutoff   48               -   17.96289      -  72.4 12570s
 44285445 4230548 infeasible   42               -   17.96429      -  72.4 12575s
 44296321 4226979     cutoff   49               -   17.96598      -  72.4 12580s
 44309423 4222862 infeasible   42               -   17.96774      -  72.4 12585s
 44322342 4218879     cutoff   40               -   17.96970      -  72.4 12590s
 44333843 4215264     cutoff   35               -   17.97143      -  72.4 12595s
 44346690 4211277     cutoff   42               -   17.97344      -  72.4 12600s
 44358260 4207605 infeasible   46               -   17.97500      -  72.4 12605s
 44369348 4204092   18.64286   35  119          -   17.97674      -  72.4 12610s
 44382381 4199892   18.13043   32  101          -   17.97884      -  72.4 12615s
 44393526 4196266     cutoff   50               -   17.98077      -  72.4 12620s
 44406896 4192162 infeasible   42               -   17.98305      -  72.4 12625s
 44418119 4188766     cutoff   38               -   17.98504      -  72.4 12630s
 44429319 4185170     cutoff   49               -   17.98718      -  72.4 12635s
 44440515 4181579     cutoff   48               -   17.98955      -  72.4 12640s
 44453511 4177852     cutoff   36               -   17.99248      -  72.4 12645s
 44464637 4174450 infeasible   44               -   17.99555      -  72.4 12650s
 44475818 4170570     cutoff   36               -   18.00000      -  72.4 12655s
 44490991 4165094 infeasible   53               -   18.00000      -  72.5 12660s
 44504657 4159646     cutoff   51               -   18.00000      -  72.5 12665s
 44519603 4153916 infeasible   39               -   18.00000      -  72.5 12670s
 44532881 4148998     cutoff   43               -   18.00000      -  72.5 12675s
 44547321 4143001     cutoff   47               -   18.00000      -  72.5 12680s
 44562553 4136706     cutoff   41               -   18.00000      -  72.5 12685s
 44576937 4130219     cutoff   44               -   18.00000      -  72.5 12690s
 44590107 4124471 infeasible   36               -   18.00000      -  72.5 12695s
 44604837 4117999     cutoff   53               -   18.00000      -  72.5 12700s
 44619858 4111861 infeasible   44               -   18.00000      -  72.5 12705s
 44635623 4105542 infeasible   49               -   18.00000      -  72.5 12710s
 44650378 4099527   18.75000   41  127          -   18.00000      -  72.5 12715s
 44663486 4094158   18.00000   41   16          -   18.00000      -  72.5 12720s
 44678146 4087902     cutoff   38               -   18.00000      -  72.5 12725s
 44691453 4082224     cutoff   41               -   18.00000      -  72.5 12730s
 44705980 4075102 infeasible   41               -   18.00000      -  72.5 12735s
 44721435 4066608   18.69889   39  177          -   18.00000      -  72.5 12740s
 44736438 4058630 infeasible   57               -   18.00000      -  72.5 12745s
 44750060 4052499 infeasible   43               -   18.00000      -  72.5 12750s
 44760433 4046116     cutoff   48               -   18.00000      -  72.5 12755s
 44774509 4038273     cutoff   38               -   18.00000      -  72.5 12760s
 44789380 4029597     cutoff   32               -   18.00000      -  72.5 12765s
 44805914 4020341 infeasible   36               -   18.00000      -  72.5 12770s
 44820787 4012276     cutoff   37               -   18.00000      -  72.5 12775s
 44835368 4004195     cutoff   39               -   18.00000      -  72.5 12780s
 44849911 3995956     cutoff   54               -   18.00000      -  72.5 12785s
 44866556 3986816     cutoff   35               -   18.00000      -  72.5 12790s
 44882601 3977735     cutoff   51               -   18.00000      -  72.5 12795s
 44897281 3969147     cutoff   48               -   18.00000      -  72.5 12800s
 44913474 3959947 infeasible   44               -   18.00000      -  72.5 12805s
 44928505 3951616 infeasible   39               -   18.00000      -  72.5 12810s
 44944857 3942655     cutoff   45               -   18.00000      -  72.5 12815s
 44961166 3933688 infeasible   29               -   18.00000      -  72.5 12820s
 44977338 3924914     cutoff   36               -   18.00000      -  72.5 12825s
 44992122 3916981     cutoff   35               -   18.00000      -  72.5 12830s
 45008526 3908045   18.00000   35   11          -   18.00000      -  72.5 12835s
 45022844 3899979     cutoff   38               -   18.00000      -  72.5 12840s
 45037455 3891311     cutoff   38               -   18.00000      -  72.5 12845s
 45052009 3882654     cutoff   42               -   18.00000      -  72.5 12850s
 45068330 3873007   19.00000   34   30          -   18.00000      -  72.5 12855s
 45083595 3864859     cutoff   48               -   18.00000      -  72.5 12860s
 45100224 3855955     cutoff   43               -   18.00000      -  72.5 12865s
 45116640 3847289   18.54425   38  186          -   18.00000      -  72.5 12870s
 45132447 3838537 infeasible   43               -   18.00000      -  72.5 12875s
 45148276 3829425     cutoff   41               -   18.00000      -  72.5 12880s
 45163350 3821982   18.28571   46   86          -   18.00000      -  72.5 12885s
 45177894 3815132     cutoff   45               -   18.00000      -  72.5 12890s
 45194170 3807562     cutoff   50               -   18.00000      -  72.5 12895s
 45210452 3799783     cutoff   54               -   18.00000      -  72.5 12900s
 45224941 3792763     cutoff   67               -   18.00000      -  72.5 12905s
 45239775 3785232     cutoff   47               -   18.00000      -  72.5 12910s
 45256316 3777195 infeasible   47               -   18.00000      -  72.5 12915s
 45272374 3769270     cutoff   49               -   18.00000      -  72.5 12920s
 45276084 3768086 infeasible   47               -   18.00000      -  72.5 12925s
 45276610 3767754 infeasible   38               -   18.00000      -  72.5 12930s
 45277424 3767210     cutoff   39               -   18.00000      -  72.5 12935s
 45280379 3764944     cutoff   33               -   18.00000      -  72.5 12940s
 45290724 3758527 infeasible   41               -   18.00000      -  72.5 12945s
 45306640 3750724     cutoff   54               -   18.00000      -  72.5 12950s
 45322274 3742791   18.33333   41   73          -   18.00000      -  72.5 12955s
 45336838 3735202 infeasible   42               -   18.00000      -  72.5 12960s
 45355132 3726635     cutoff   62               -   18.00000      -  72.5 12965s
 45370817 3718580     cutoff   34               -   18.00000      -  72.5 12970s
 45387823 3709883 infeasible   37               -   18.00000      -  72.5 12975s
 45401484 3702515     cutoff   37               -   18.00000      -  72.5 12980s
 45418503 3693822     cutoff   61               -   18.00000      -  72.5 12985s
 45432629 3686638     cutoff   41               -   18.00000      -  72.5 12990s
 45448975 3677904 infeasible   45               -   18.00000      -  72.5 12995s
 45465200 3668951     cutoff   38               -   18.00000      -  72.5 13000s
 45482010 3660024 infeasible   50               -   18.00000      -  72.5 13005s
 45495274 3652694     cutoff   32               -   18.00000      -  72.5 13010s
 45511482 3643746     cutoff   41               -   18.00000      -  72.5 13015s
 45525922 3636294     cutoff   35               -   18.00000      -  72.5 13020s
 45541985 3627890   18.25000   52   40          -   18.00000      -  72.5 13025s
 45558199 3619006 infeasible   35               -   18.00000      -  72.5 13030s
 45574202 3610301     cutoff   50               -   18.00000      -  72.5 13035s
 45589579 3602886 infeasible   40               -   18.00000      -  72.5 13040s
 45605256 3595506     cutoff   40               -   18.00000      -  72.5 13045s
 45618582 3589173 infeasible   48               -   18.00000      -  72.5 13050s
 45634343 3581768     cutoff   37               -   18.00000      -  72.5 13055s
 45648030 3575451     cutoff   40               -   18.00000      -  72.5 13060s
 45663673 3568886     cutoff   32               -   18.00000      -  72.5 13065s
 45676790 3563007   18.00000   29   31          -   18.00000      -  72.5 13070s
 45692449 3556058     cutoff   54               -   18.00000      -  72.5 13075s
 45708040 3548890     cutoff   54               -   18.00000      -  72.5 13080s
 45723438 3541936 infeasible   49               -   18.00000      -  72.5 13085s
 45736576 3536135     cutoff   41               -   18.00000      -  72.5 13090s
 45751798 3529466     cutoff   37               -   18.00000      -  72.5 13095s
 45766984 3522699 infeasible   54               -   18.00000      -  72.5 13100s
 45782109 3515757 infeasible   44               -   18.00000      -  72.5 13105s
 45795068 3509705     cutoff   54               -   18.00000      -  72.5 13110s
 45810060 3504310     cutoff   34               -   18.00120      -  72.6 13115s
 45821048 3500437     cutoff   49               -   18.00593      -  72.6 13120s
 45830994 3497075   18.24270   42  168          -   18.00914      -  72.6 13125s
 45842658 3493179   18.02941   47  168          -   18.01242      -  72.6 13130s
 45855181 3489005     cutoff   52               -   18.01587      -  72.6 13135s
 45867713 3484885     cutoff   41               -   18.01885      -  72.6 13140s
 45880184 3480773 infeasible   37               -   18.02174      -  72.6 13145s
 45892745 3476604     cutoff   48               -   18.02459      -  72.6 13150s
 45905031 3472306 infeasible   40               -   18.02739      -  72.6 13155s
 45917264 3468273 infeasible   33               -   18.02996      -  72.6 13160s
 45929515 3464156     cutoff   45               -   18.03250      -  72.6 13165s
 45942049 3459991 infeasible   42               -   18.03499      -  72.6 13170s
 45953982 3455745   18.50164   40  189          -   18.03712      -  72.6 13175s
 45965997 3451407   18.21282   47  183          -   18.03974      -  72.6 13180s
 45978244 3447119     cutoff   39               -   18.04167      -  72.6 13185s
 45990090 3443007 infeasible   45               -   18.04412      -  72.6 13190s
 46002165 3438638   18.57277   39  227          -   18.04636      -  72.6 13195s
 46014144 3434547 infeasible   34               -   18.04878      -  72.6 13200s
 46026378 3430102   19.00000   37   10          -   18.05063      -  72.6 13205s
 46040562 3425110     cutoff   51               -   18.05333      -  72.6 13211s
 46052371 3420426   18.15556   37   73          -   18.05556      -  72.6 13215s
 46064172 3416550     cutoff   35               -   18.05743      -  72.7 13220s
 46076096 3412329   18.58384   47  159          -   18.05932      -  72.7 13225s
 46087219 3408100   18.36227   33  183          -   18.06202      -  72.7 13230s
 46101632 3402704     cutoff   41               -   18.06369      -  72.7 13235s
 46112765 3398527     cutoff   36               -   18.06623      -  72.7 13240s
 46125075 3394011     cutoff   48               -   18.06757      -  72.7 13245s
 46136058 3390053     cutoff   36               -   18.06993      -  72.7 13250s
 46150749 3383915   18.62963   40  104          -   18.07143      -  72.7 13255s
 46161403 3380242   18.63636   41  148          -   18.07358      -  72.7 13260s
 46174662 3375258 infeasible   45               -   18.07648      -  72.7 13265s
 46186861 3370475     cutoff   42               -   18.07738      -  72.7 13270s
 46197627 3366358     cutoff   39               -   18.08000      -  72.7 13275s
 46210774 3361586 infeasible   39               -   18.08288      -  72.7 13280s
 46223695 3356080     cutoff   35               -   18.08333      -  72.7 13285s
 46236359 3351581 infeasible   49               -   18.08491      -  72.7 13290s
 46247012 3347535     cutoff   33               -   18.08696      -  72.7 13295s
 46260174 3342921 infeasible   46               -   18.08970      -  72.7 13300s
 46272152 3337707 infeasible   48               -   18.09091      -  72.7 13305s
 46284800 3333054     cutoff   35               -   18.09272      -  72.7 13310s
 46297549 3328004   18.61111   50  114          -   18.09524      -  72.7 13315s
 46308412 3323928     cutoff   50               -   18.09736      -  72.7 13320s
 46321674 3318496     cutoff   42               -   18.10000      -  72.7 13325s
 46333708 3313061 infeasible   45               -   18.10000      -  72.7 13330s
 46346321 3308089 infeasible   37               -   18.10112      -  72.7 13335s
 46357973 3303195     cutoff   42               -   18.10390      -  72.7 13340s
 46368844 3298892 infeasible   38               -   18.10568      -  72.8 13345s
 46381337 3293912 infeasible   32               -   18.10821      -  72.8 13350s
 46391483 3289517 infeasible   47               -   18.11111      -  72.8 13355s
 46406155 3282935 infeasible   40               -   18.11111      -  72.8 13360s
 46418472 3277998 infeasible   42               -   18.11232      -  72.8 13365s
 46429779 3273352   18.36250   34  125          -   18.11494      -  72.8 13370s
 46442055 3268415     cutoff   35               -   18.11737      -  72.8 13375s
 46452701 3264156     cutoff   34               -   18.11892      -  72.8 13380s
 46464870 3259327     cutoff   39               -   18.12121      -  72.8 13385s
 46476633 3254531   18.44878   43  143          -   18.12429      -  72.8 13390s
 46488459 3249086     cutoff   43               -   18.12500      -  72.8 13395s
 46502052 3242795   18.36709   57  195          -   18.12500      -  72.8 13400s
 46516442 3236205 infeasible   52               -   18.12500      -  72.8 13405s
 46528520 3231466     cutoff   37               -   18.12763      -  72.8 13410s
 46539705 3226738     cutoff   45               -   18.13014      -  72.8 13415s
 46551812 3221991     cutoff   42               -   18.13253      -  72.8 13420s
 46562525 3217200   18.47368   46  108          -   18.13333      -  72.8 13425s
 46573557 3212298   18.60000   30  100          -   18.13636      -  72.8 13430s
 46585650 3207635     cutoff   46               -   18.13808      -  72.8 13435s
 46596866 3202882   18.43893   41  175          -   18.14063      -  72.8 13440s
 46609185 3197039     cutoff   37               -   18.14286      -  72.8 13445s
 46622306 3190885 infeasible   42               -   18.14286      -  72.8 13450s
 46636313 3184080 infeasible   37               -   18.14286      -  72.8 13455s
 46647852 3179318 infeasible   40               -   18.14534      -  72.8 13460s
 46658790 3174805     cutoff   36               -   18.14773      -  72.8 13465s
 46670060 3169848     cutoff   42               -   18.15000      -  72.8 13470s
 46681521 3165055   18.93750   40  111          -   18.15155      -  72.9 13475s
 46692920 3159889     cutoff   38               -   18.15385      -  72.9 13480s
 46705883 3154161     cutoff   33               -   18.15556      -  72.9 13485s
 46717129 3149262     cutoff   56               -   18.15789      -  72.9 13490s
 46727961 3144561     cutoff   45               -   18.16000      -  72.9 13495s
 46740389 3139251 infeasible   58               -   18.16255      -  72.9 13500s
 46749502 3135453   18.66351   48  125          -   18.16484      -  72.9 13505s
 46762646 3129474 infeasible   49               -   18.16667      -  72.9 13510s
 46775685 3122287 infeasible   40               -   18.16667      -  72.9 13515s
 46790587 3114648     cutoff   46               -   18.16667      -  72.9 13520s
 46803285 3107833   18.69565   38  119          -   18.16667      -  72.9 13525s
 46817216 3100445     cutoff   50               -   18.16667      -  72.9 13530s
 46829929 3094601     cutoff   44               -   18.16794      -  72.9 13535s
 46840697 3089736     cutoff   42               -   18.17094      -  72.9 13540s
 46851059 3085249     cutoff   33               -   18.17308      -  72.9 13545s
 46863088 3080051   18.50000   37   27          -   18.17563      -  72.9 13550s
 46873387 3074973 infeasible   43               -   18.17730      -  72.9 13555s
 46883630 3070431     cutoff   48               -   18.17949      -  72.9 13560s
 46895801 3064577 infeasible   44               -   18.18182      -  72.9 13565s
 46908119 3059000 infeasible   39               -   18.18261      -  72.9 13570s
 46920809 3053197 infeasible   39               -   18.18555      -  72.9 13575s
 46932880 3047401 infeasible   41               -   18.18750      -  72.9 13580s
 46943918 3042418 infeasible   48               -   18.18952      -  72.9 13585s
 46955301 3037361     cutoff   38               -   18.19167      -  72.9 13590s
 46966578 3032192     cutoff   30               -   18.19388      -  72.9 13595s
 46977541 3027116 infeasible   35               -   18.19643      -  72.9 13600s
 46988860 3021610     cutoff   37               -   18.20000      -  72.9 13605s
 47002162 3014691     cutoff   41               -   18.20000      -  72.9 13610s
 47014306 3008116   19.00000   41   12          -   18.20000      -  73.0 13615s
 47029377 2999741     cutoff   48               -   18.20000      -  73.0 13620s
 47040743 2993495     cutoff   38               -   18.20000      -  73.0 13625s
 47055155 2985728 infeasible   40               -   18.20000      -  73.0 13630s
 47066021 2980867     cutoff   41               -   18.20280      -  73.0 13635s
 47076448 2975884 infeasible   46               -   18.20548      -  73.0 13640s
 47087531 2970563     cutoff   54               -   18.20814      -  73.0 13645s
 47098748 2964882     cutoff   35               -   18.21042      -  73.0 13650s
 47110501 2959359     cutoff   40               -   18.21250      -  73.0 13655s
 47122647 2953359     cutoff   41               -   18.21429      -  73.0 13660s
 47133951 2947942   18.53488   53  118          -   18.21589      -  73.0 13665s
 47144680 2942640 infeasible   44               -   18.21831      -  73.0 13670s
 47155746 2937480     cutoff   40               -   18.22102      -  73.0 13675s
 47168520 2930550   18.33333   34   62          -   18.22222      -  73.0 13680s
 47181917 2923567 infeasible   42               -   18.22222      -  73.0 13685s
 47191777 2918710 infeasible   45               -   18.22518      -  73.0 13690s
 47203097 2912945 infeasible   49               -   18.22727      -  73.0 13695s
 47213981 2907791     cutoff   44               -   18.23016      -  73.0 13700s
 47226466 2901458     cutoff   52               -   18.23110      -  73.0 13705s
 47238219 2895519     cutoff   41               -   18.23404      -  73.0 13710s
 47249550 2889606     cutoff   36               -   18.23629      -  73.0 13715s
 47259373 2884600     cutoff   43               -   18.23810      -  73.0 13720s
 47270535 2878922     cutoff   41               -   18.24074      -  73.0 13725s
 47281790 2873271     cutoff   50               -   18.24330      -  73.0 13730s
 47292730 2867641     cutoff   50               -   18.24653      -  73.0 13735s
 47304633 2861199     cutoff   49               -   18.25000      -  73.0 13740s
 47317669 2853943     cutoff   39               -   18.25000      -  73.0 13745s
 47332034 2845374     cutoff   46               -   18.25000      -  73.0 13750s
 47347313 2836063   18.40741   49  110          -   18.25000      -  73.0 13755s
 47362094 2826879 infeasible   44               -   18.25000      -  73.0 13760s
 47376214 2818085     cutoff   48               -   18.25000      -  73.0 13765s
 47389356 2809895 infeasible   41               -   18.25000      -  73.0 13770s
 47403503 2800923 infeasible   38               -   18.25000      -  73.0 13775s
 47416552 2792516     cutoff   36               -   18.25000      -  73.0 13780s
 47428890 2784776     cutoff   45               -   18.25000      -  73.0 13785s
 47439850 2777995   18.61765   42  155          -   18.25000      -  73.0 13790s
 47450920 2772046     cutoff   44               -   18.25287      -  73.0 13795s
 47461229 2766363     cutoff   43               -   18.25625      -  73.1 13800s
 47472503 2760138     cutoff   43               -   18.25926      -  73.1 13805s
 47482095 2754610 infeasible   32               -   18.26154      -  73.1 13810s
 47493566 2748263     cutoff   35               -   18.26415      -  73.1 13815s
 47503486 2742638 infeasible   47               -   18.26667      -  73.1 13820s
 47514857 2736434     cutoff   41               -   18.26858      -  73.1 13825s
 47524454 2731042   18.51429   41  163          -   18.27083      -  73.1 13830s
 47536506 2723496     cutoff   46               -   18.27273      -  73.1 13835s
 47547352 2717629 infeasible   38               -   18.27500      -  73.1 13840s
 47558148 2711277     cutoff   42               -   18.27778      -  73.1 13845s
 47568167 2705699   18.58231   48  204          -   18.27928      -  73.1 13850s
 47579174 2699149     cutoff   45               -   18.28205      -  73.1 13855s
 47590432 2692572     cutoff   39               -   18.28571      -  73.1 13860s
 47601918 2685112     cutoff   35               -   18.28571      -  73.1 13865s
 47615700 2676447 infeasible   48               -   18.28571      -  73.1 13870s
 47625670 2670786     cutoff   51               -   18.28767      -  73.1 13875s
 47636021 2664867   18.60938   34  199          -   18.29055      -  73.1 13880s
 47647033 2658394 infeasible   58               -   18.29320      -  73.1 13885s
 47656941 2652494     cutoff   39               -   18.29534      -  73.1 13890s
 47667722 2646168     cutoff   48               -   18.29825      -  73.1 13895s
 47678475 2639423     cutoff   33               -   18.30000      -  73.1 13900s
 47692763 2630294     cutoff   55               -   18.30000      -  73.1 13905s
 47702419 2624797     cutoff   43               -   18.30301      -  73.1 13910s
 47713280 2618247 infeasible   37               -   18.30556      -  73.1 13915s
 47723117 2611622     cutoff   42               -   18.30769      -  73.1 13920s
 47734814 2604695     cutoff   45               -   18.31034      -  73.1 13925s
 47745235 2597997     cutoff   50               -   18.31250      -  73.1 13930s
 47755093 2592195     cutoff   41               -   18.31452      -  73.1 13935s
 47766384 2585264     cutoff   35               -   18.31728      -  73.1 13940s
 47776332 2578908 infeasible   48               -   18.31959      -  73.1 13945s
 47787964 2571843   18.62162   50  122          -   18.32258      -  73.1 13950s
 47797568 2565941     cutoff   45               -   18.32518      -  73.1 13955s
 47807151 2560063   18.99706   41  179          -   18.32836      -  73.1 13960s
 47816246 2554390 infeasible   32               -   18.33234      -  73.1 13965s
 47828811 2545680   19.00000   55   22          -   18.33333      -  73.1 13970s
 47843730 2535445 infeasible   36               -   18.33333      -  73.1 13975s
 47855427 2527016 infeasible   57               -   18.33333      -  73.1 13980s
 47869822 2516369     cutoff   49               -   18.33333      -  73.1 13985s
 47883563 2506277 infeasible   34               -   18.33333      -  73.1 13990s
 47898327 2495666     cutoff   41               -   18.33333      -  73.1 13995s
 47911786 2486005 infeasible   41               -   18.33333      -  73.1 14000s
 47924826 2476556     cutoff   47               -   18.33333      -  73.1 14005s
 47937794 2466769 infeasible   39               -   18.33333      -  73.1 14010s
 47952520 2456087     cutoff   44               -   18.33333      -  73.1 14015s
 47965503 2446759 infeasible   51               -   18.33333      -  73.1 14020s
 47979776 2436802     cutoff   40               -   18.33333      -  73.1 14025s
 47990813 2429658 infeasible   50               -   18.33465      -  73.1 14030s
 47998781 2424633 infeasible   40               -   18.33803      -  73.1 14035s
 48007539 2419204     cutoff   49               -   18.34091      -  73.1 14040s
 48018227 2412352     cutoff   40               -   18.34420      -  73.1 14045s
 48028942 2405269 infeasible   45               -   18.34722      -  73.1 14050s
 48040083 2397936 infeasible   38               -   18.35000      -  73.1 14055s
 48050496 2391281   18.75000   37   43          -   18.35294      -  73.2 14060s
 48060940 2384889     cutoff   41               -   18.35530      -  73.2 14065s
 48072220 2376799     cutoff   46               -   18.35714      -  73.2 14070s
 48082961 2370077     cutoff   41               -   18.36000      -  73.2 14075s
 48093634 2362828     cutoff   40               -   18.36364      -  73.2 14080s
 48105175 2355317     cutoff   47               -   18.36364      -  73.2 14085s
 48116181 2348139     cutoff   43               -   18.36735      -  73.2 14090s
 48126135 2341174 infeasible   37               -   18.37013      -  73.2 14095s
 48138081 2333684   18.50000   35   33          -   18.37403      -  73.2 14100s
 48150255 2324378 infeasible   48               -   18.37500      -  73.2 14105s
 48164913 2314103     cutoff   45               -   18.37500      -  73.2 14110s
 48175317 2307477     cutoff   34               -   18.37594      -  73.2 14115s
 48186464 2299827 infeasible   38               -   18.38000      -  73.2 14120s
 48188724 2299515     cutoff   40               -   18.38095      -  73.2 14125s
 48189294 2298880 infeasible   38               -   18.38095      -  73.2 14130s
 48190687 2297810     cutoff   56               -   18.38095      -  73.2 14135s
 48193589 2294860     cutoff   32               -   18.38095      -  73.2 14140s
 48202113 2287583 infeasible   34               -   18.38462      -  73.2 14145s
 48213367 2280454     cutoff   44               -   18.38654      -  73.2 14150s
 48224335 2272992     cutoff   49               -   18.38889      -  73.2 14155s
 48234348 2265892 infeasible   32               -   18.39202      -  73.2 14160s
 48247766 2257211     cutoff   41               -   18.39623      -  73.2 14165s
 48256633 2249935 infeasible   45               -   18.40000      -  73.2 14170s
 48270719 2238640     cutoff   42               -   18.40000      -  73.2 14175s
 48285901 2227349 infeasible   45               -   18.40000      -  73.2 14180s
 48300210 2216651 infeasible   44               -   18.40000      -  73.2 14186s
 48313692 2208093   18.66400   42  166          -   18.40000      -  73.2 14190s
 48324837 2199964   18.50000   43   26          -   18.40440      -  73.2 14196s
 48335029 2191906 infeasible   36               -   18.40741      -  73.2 14201s
 48344049 2185444     cutoff   50               -   18.41000      -  73.2 14205s
 48356701 2177078     cutoff   44               -   18.41346      -  73.2 14210s
 48368038 2167340     cutoff   50               -   18.41667      -  73.2 14215s
 48380995 2159658     cutoff   47               -   18.41781      -  73.2 14220s
 48391864 2152041 infeasible   44               -   18.42105      -  73.2 14225s
 48401814 2144586     cutoff   40               -   18.42424      -  73.2 14230s
 48415803 2132418 infeasible   34               -   18.42857      -  73.2 14237s
 48428826 2121899 infeasible   42               -   18.42857      -  73.2 14242s
 48441722 2115740 infeasible   40               -   18.42857      -  73.2 14245s
 48451350 2107734     cutoff   40               -   18.43243      -  73.2 14250s
 48462714 2098124     cutoff   42               -   18.43585      -  73.2 14256s
 48475427 2090748     cutoff   39               -   18.43836      -  73.2 14260s
 48486605 2083441     cutoff   38               -   18.44231      -  73.2 14265s
 48495977 2073054     cutoff   54               -   18.44444      -  73.2 14270s
 48510807 2064414     cutoff   43               -   18.44565      -  73.2 14275s
 48523328 2053413 infeasible   32               -   18.45000      -  73.2 14282s
 48534884 2043915   19.00000   43    1          -   18.45343      -  73.2 14287s
 48548097 2037089     cutoff   50               -   18.45476      -  73.2 14291s
 48558181 2028741     cutoff   55               -   18.45833      -  73.2 14296s
 48570880 2018363     cutoff   49               -   18.46154      -  73.2 14301s
 48579040 2012353     cutoff   31               -   18.46429      -  73.2 14305s
 48593630 2001766 infeasible   45               -   18.46784      -  73.2 14311s
 48603272 1993939 infeasible   42               -   18.47059      -  73.2 14315s
 48613444 1986439 infeasible   61               -   18.47368      -  73.2 14320s
 48625367 1977437     cutoff   36               -   18.47727      -  73.2 14325s
 48637658 1968065     cutoff   34               -   18.48148      -  73.2 14331s
 48649286 1959428     cutoff   47               -   18.48547      -  73.2 14336s
 48659463 1952515     cutoff   32               -   18.48936      -  73.2 14340s
 48670243 1944981     cutoff   37               -   18.49444      -  73.3 14345s
 48684575 1929907     cutoff   33               -   18.50000      -  73.3 14352s
 48691744 1923438     cutoff   39               -   18.50000      -  73.3 14355s
 48707886 1910115     cutoff   42               -   18.50000      -  73.3 14361s
 48724353 1896534 infeasible   39               -   18.50000      -  73.3 14367s
 48733009 1888587 infeasible   41               -   18.50000      -  73.2 14370s
 48751607 1873967   18.50000   30   24          -   18.50000      -  73.2 14375s
 48776349 1853388 infeasible   46               -   18.50000      -  73.2 14382s
 48791644 1839960 infeasible   39               -   18.50000      -  73.2 14387s
 48808467 1826108     cutoff   48               -   18.50000      -  73.2 14391s
 48824464 1812244     cutoff   47               -   18.50000      -  73.2 14396s
 48840928 1798546     cutoff   41               -   18.50000      -  73.2 14401s
 48857127 1784717 infeasible   40               -   18.50000      -  73.2 14406s
 48873336 1771174     cutoff   48               -   18.50000      -  73.2 14411s
 48888195 1758577     cutoff   53               -   18.50000      -  73.2 14416s
 48904473 1745076 infeasible   43               -   18.50000      -  73.2 14420s
 48920683 1731524     cutoff   46               -   18.50000      -  73.2 14425s
 48936862 1718224     cutoff   46               -   18.50000      -  73.2 14430s
 48952871 1704701     cutoff   40               -   18.50000      -  73.2 14435s
 48967944 1691450     cutoff   60               -   18.50000      -  73.2 14440s
 48984809 1677643     cutoff   41               -   18.50000      -  73.2 14445s
 49001086 1663862     cutoff   40               -   18.50000      -  73.2 14450s
 49023678 1645673 infeasible   37               -   18.50000      -  73.2 14457s
 49038655 1633282 infeasible   44               -   18.50000      -  73.2 14462s
 49054394 1620812 infeasible   40               -   18.50000      -  73.2 14467s
 49061943 1615216     cutoff   57               -   18.50000      -  73.2 14470s
 49076870 1607830     cutoff   47               -   18.50476      -  73.2 14475s
 49088175 1598134     cutoff   38               -   18.51079      -  73.2 14480s
 49096920 1590624     cutoff   43               -   18.51510      -  73.2 14485s
 49109532 1579949     cutoff   44               -   18.52055      -  73.2 14490s
 49121074 1570043 infeasible   43               -   18.52542      -  73.2 14496s
 49132873 1561640     cutoff   44               -   18.52941      -  73.2 14500s
 49144591 1552592 infeasible   38               -   18.53386      -  73.2 14505s
 49151608 1542246 infeasible   33               -   18.53750      -  73.2 14510s
 49167885 1533108   19.00000   43   12          -   18.54300      -  73.2 14515s
 49180936 1521474     cutoff   46               -   18.54668      -  73.2 14520s
 49192549 1511687 infeasible   46               -   18.55172      -  73.2 14525s
 49206035 1495868 infeasible   47               -   18.55556      -  73.2 14532s
 49218766 1489093 infeasible   37               -   18.56000      -  73.2 14535s
 49229155 1479488     cutoff   27               -   18.56389      -  73.2 14540s
 49241922 1463668     cutoff   49               -   18.57042      -  73.2 14547s
 49250822 1455652     cutoff   42               -   18.57143      -  73.2 14550s
 49269649 1444193     cutoff   49               -   18.57576      -  73.2 14555s
 49280706 1435752     cutoff   45               -   18.58065      -  73.2 14560s
 49294708 1422689 infeasible   49               -   18.58462      -  73.2 14565s
 49306003 1411886   18.76852   41  139          -   18.58994      -  73.2 14571s
 49317096 1403548 infeasible   44               -   18.59524      -  73.2 14575s
 49331224 1384672     cutoff   36               -   18.60000      -  73.2 14582s
 49339806 1376656     cutoff   37               -   18.60000      -  73.2 14585s
 49356920 1361438     cutoff   47               -   18.60000      -  73.2 14590s
 49372685 1351894 infeasible   35               -   18.60563      -  73.2 14595s
 49386281 1341116     cutoff   40               -   18.61128      -  73.2 14600s
 49398824 1329317     cutoff   29               -   18.61682      -  73.2 14605s
 49410865 1312731 infeasible   39               -   18.62365      -  73.2 14612s
 49426963 1304715 infeasible   42               -   18.62500      -  73.2 14615s
 49440857 1290330 infeasible   43               -   18.63077      -  73.2 14620s
 49448490 1278408     cutoff   36               -   18.63462      -  73.2 14625s
 49465207 1264295     cutoff   53               -   18.64150      -  73.2 14631s
 49480712 1255308     cutoff   41               -   18.64771      -  73.2 14635s
 49492860 1243957     cutoff   36               -   18.65385      -  73.2 14640s
 49505345 1233460     cutoff   45               -   18.66191      -  73.2 14645s
 49516928 1216174     cutoff   50               -   18.66667      -  73.2 14650s
 49533534 1200142 infeasible   53               -   18.66667      -  73.2 14655s
 49558275 1176259     cutoff   44               -   18.66667      -  73.1 14661s
 49574941 1160617     cutoff   46               -   18.66667      -  73.1 14665s
 49598983 1137723 infeasible   32               -   18.66667      -  73.1 14671s
 49614185 1123193 infeasible   38               -   18.66667      -  73.1 14675s
 49631468 1113032     cutoff   36               -   18.67251      -  73.1 14680s
 49643986 1099957     cutoff   42               -   18.68056      -  73.1 14685s
 49653810 1088601     cutoff   33               -   18.68627      -  73.1 14690s
 49671116 1074996     cutoff   51               -   18.69444      -  73.1 14695s
 49685688 1059169 infeasible   55               -   18.70000      -  73.1 14700s
 49699657 1048286 infeasible   43               -   18.70721      -  73.1 14705s
 49716218 1027298     cutoff   38               -   18.71429      -  73.1 14711s
 49730992 1019241     cutoff   31               -   18.71921      -  73.1 14715s
 49742069 1003147     cutoff   41               -   18.72619      -  73.1 14720s
 49760935 990304     cutoff   42               -   18.73529      -  73.1 14725s
 49774677 978542     cutoff   48               -   18.74603      -  73.1 14730s
 49794062 953087 infeasible   39               -   18.75000      -  73.1 14736s
 49810454 937076 infeasible   49               -   18.75000      -  73.1 14740s
 49834757 913466   18.75000   35   40          -   18.75000      -  73.0 14745s
 49857151 898602 infeasible   41               -   18.75087      -  73.0 14750s
 49870432 883815     cutoff   41               -   18.76287      -  73.0 14755s
 49887200 869418     cutoff   41               -   18.77427      -  73.0 14760s
 49905440 847728     cutoff   42               -   18.78462      -  73.0 14766s
 49922007 835933 infeasible   33               -   18.79630      -  73.0 14770s
 49941422 810187 infeasible   38               -   18.80000      -  73.0 14776s
 49961145 796925     cutoff   41               -   18.80769      -  73.0 14780s
 49979152 780005     cutoff   35               -   18.82000      -  73.0 14785s
 49990618 762398     cutoff   43               -   18.83209      -  73.0 14790s
 50020453 739984     cutoff   35               -   18.83379      -  72.9 14795s
 50037152 723415     cutoff   33               -   18.85000      -  72.9 14800s
 50056923 704035 infeasible   41               -   18.86111      -  72.9 14805s
 50076516 679212     cutoff   43               -   18.87500      -  72.9 14811s
 50091965 662907 infeasible   47               -   18.88827      -  72.9 14815s
 50118071 640285 infeasible   35               -   18.90741      -  72.9 14820s
 50139462 620254     cutoff   41               -   18.92683      -  72.9 14825s
 50162839 599277     cutoff   37               -   18.95402      -  72.9 14830s
 50183772 572418 infeasible   29               -   19.00000      -  72.8 14836s
 50208127 548425 infeasible   45               -   19.00000      -  72.8 14840s
 50248581 508413 infeasible   65               -   19.00000      -  72.8 14845s
 50288247 469181     cutoff   36               -   19.00000      -  72.7 14850s
 50327834 430024 infeasible   46               -   19.00000      -  72.7 14855s
 50374968 383395 infeasible   62               -   19.00000      -  72.6 14860s
 50406502 352038 infeasible   39               -   19.00000      -  72.6 14865s
 50453828 305232     cutoff   43               -   19.00000      -  72.6 14870s
 50492987 266416     cutoff   36               -   19.00000      -  72.5 14875s
 50529969 229830     cutoff   42               -   19.00000      -  72.5 14880s

Cutting planes:
  Gomory: 22
  Implied bound: 842
  MIR: 94
  Zero half: 377
  Relax-and-lift: 9

Explored 50553138 nodes (3663151668 simplex iterations) in 14883.27 seconds (33106.56 work units)
Thread count was 16 (of 64 available processors)

Solution count 0

Model objective exceeds cutoff
Best objective -, best bound 1.950000000205e+01, gap -

Gurobi 13.0.3 (linux64) logging started Thu Oct  1 20:27:15 2026

Set parameter LogFile to value "W7_m56-100_38_n360k24d20w7_dX_18-19_gurobi.log"
Set parameter Threads to value 16
Set parameter NodefileStart to value 40
Set parameter NodefileDir to value "."
Set parameter SoftMemLimit to value 60
Set parameter Cutoff to value 19.5
Set parameter MIPFocus to value 3
Set parameter Symmetry to value 2
Gurobi Optimizer version 13.0.3 build v13.0.3rc0 (linux64 - "Ubuntu 24.04.4 LTS")

CPU model: AMD Ryzen Threadripper PRO 9975WX 32-Cores, instruction set [SSE2|AVX|AVX2|AVX512]
Thread count: 32 physical cores, 64 logical processors, using up to 16 threads

Non-default parameters:
Cutoff  19.5
SoftMemLimit  60
MIPFocus  3
NodefileStart  40
Symmetry  2
Threads  16

Optimize a model with 181 rows, 541 columns and 1516 nonzeros (Min)
Model fingerprint: 0x369cf14c
Model has 360 linear objective coefficients
Variable types: 0 continuous, 541 integer (360 binary)
Coefficient statistics:
  Matrix range     [1e+00, 2e+00]
  Objective range  [1e+00, 1e+00]
  Bounds range     [1e+00, 4e+01]
  RHS range        [1e+00, 1e+00]

Presolve time: 0.00s
Presolved: 181 rows, 541 columns, 1516 nonzeros
Variable types: 0 continuous, 541 integer (360 binary)
Root relaxation presolve removed 181 rows and 541 columns
Root relaxation presolve: All rows and columns removed

Extra simplex iterations after uncrush: 1

Root relaxation: objective 1.000000e+00, 1 iterations, 0.00 seconds (0.00 work units)

    Nodes    |    Current Node    |     Objective Bounds      |     Work
 Expl Unexpl |  Obj  Depth IntInf | Incumbent    BestBd   Gap | It/Node Time

     0     0    1.00000    0    3          -    1.00000      -     -    0s
     0     0    1.00000    0    3          -    1.00000      -     -    0s
     0     0    1.00000    0    3          -    1.00000      -     -    0s
     0     0    2.00000    0    4          -    2.00000      -     -    0s
     0     0    2.00000    0    4          -    2.00000      -     -    0s
     0     2    2.00000    0    4          -    2.00000      -     -    0s
  8409  6026   17.95960   40  231          -    8.00000      -  74.0    5s
 13873 10907    8.45635   23  299          -    8.39357      -  83.2   10s
 25565 19796   12.90576   36  264          -    8.56368      -  84.4   15s
 38778 29674   13.00000   41   32          -    8.67370      -  84.1   20s
 52053 38899   14.55419   38  239          -    8.77073      -  86.2   25s
 65546 47670   11.17764   36  275          -    8.86618      -  87.0   30s
 78812 55756   14.76756   40  243          -    8.96067      -  87.7   35s
 89543 61410   12.94333   56  255          -    9.00477      -  87.4   40s
 104854 70280   16.80702   56  170          -    9.13934      -  87.3   45s
 118001 77145   13.75000   63   37          -    9.25061      -  87.2   50s
 133491 83995 infeasible   73               -    9.40949      -  87.1   55s
 149733 90819   14.00000   59    1          -    9.61520      -  86.4   60s
 156572 92885   13.91859   26  211          -    9.77839      -  86.2   65s
 160052 94730   13.70722   63  247          -    9.86367      -  86.0   70s
 169988 99389   14.43607   31  213          -   10.00000      -  85.3   75s
 185624 106629   12.16407   41  232          -   10.39056      -  84.3   80s
 203671 116217   17.47982   61  234          -   10.88971      -  83.2   85s
 221253 124969   11.93098   36  188          -   11.19355      -  82.6   90s
 239512 135083   16.86560   71  202          -   11.50000      -  82.2   95s
 253493 143367   12.60539   23  252          -   11.70653      -  82.0  100s
 270515 153101   13.16564   36  197          -   11.90270      -  81.8  105s
 287117 161835     cutoff   64               -   12.00000      -  81.7  110s
 304478 172191   12.44363   41  229          -   12.14195      -  81.4  115s
 322029 181197   14.72017   31  207          -   12.27704      -  81.1  120s
 337835 190880   13.43638   28  225          -   12.37945      -  81.0  125s
 354713 200444   13.50000   30   20          -   12.48824      -  80.9  130s
 371700 209896   16.48309   39  198          -   12.55556      -  81.0  135s
 389816 219714   15.53692   32  208          -   12.64000      -  80.7  140s
 404452 227973   14.78199   40  195          -   12.69661      -  80.8  145s
 421143 236878   16.15869   48  247          -   12.76199      -  80.8  150s
 436020 245466   17.41355   39  227          -   12.81282      -  80.8  155s
 452072 254039   13.56342   25  244          -   12.86592      -  80.9  160s
 467636 262451   17.28843   31  188          -   12.90657      -  80.9  165s
 482856 270396   16.70531   31  232          -   12.94959      -  81.0  170s
 497398 278329   17.30137   47  214          -   12.99007      -  81.1  175s
 509899 283793 infeasible   83               -   13.00000      -  81.5  180s
 523496 290702   13.94302   34  205          -   13.00903      -  81.9  185s
 537836 298187   13.09421   36  256          -   13.05000      -  81.9  190s
 553292 305758   13.82918   44  213          -   13.08991      -  82.1  195s
 567760 313042   19.00000   41    1          -   13.12007      -  82.2  200s
 580580 319412   16.83333   33   27          -   13.14429      -  82.4  205s
 593476 325884   19.00000   35    1          -   13.16906      -  82.7  210s
 604025 330404   14.70580   33  224          -   13.18930      -  82.9  215s
 610243 333675     cutoff   72               -   13.20000      -  83.0  220s
 618768 338053   15.03630   38  214          -   13.21546      -  83.2  225s
 630019 343037   15.53175   33  205          -   13.23658      -  83.3  230s
 642221 348632   17.24978   43  238          -   13.25490      -  83.5  235s
 655752 354863   16.38408   46  230          -   13.27778      -  83.7  240s
 667653 360325   17.00000   36   27          -   13.29730      -  83.9  245s
 680312 365611     cutoff   44               -   13.31808      -  84.1  250s
 692452 370653   16.47351   45  230          -   13.33333      -  84.3  255s
 705887 376597   19.00000   41    1          -   13.35417      -  84.5  260s
 719472 382344   18.54549   36  226          -   13.37500      -  84.7  265s
 732198 387865   18.75000   39   60          -   13.39312      -  85.0  270s
 743886 392749   17.88985   45  217          -   13.41122      -  85.1  275s
 756963 398274   17.00000   43   27          -   13.42934      -  85.3  280s
 769546 403718   18.08271   44  221          -   13.44959      -  85.6  285s
 782505 409048   17.48968   42  193          -   13.46957      -  85.7  290s
 796114 414657   17.00000   40    1          -   13.49039      -  85.9  295s
 808862 419276     cutoff   51               -   13.50000      -  86.1  300s
 820488 423867   18.80601   41  232          -   13.51035      -  86.3  305s
 834948 429956   14.69768   29  237          -   13.53125      -  86.4  310s
 846349 434624   16.50000   57   20          -   13.55008      -  86.5  315s
 859509 439710   14.00000   30    1          -   13.57143      -  86.7  320s
 873166 445385   15.08112   35  238          -   13.59043      -  86.8  325s
 884477 449887   14.00000   27    1          -   13.60465      -  86.9  330s
 897440 455200   14.14583   38  120          -   13.62353      -  87.0  335s
 912125 460690   14.00000   35    1          -   13.64371      -  87.1  340s
 924711 465655   14.72415   45  237          -   13.66304      -  87.3  345s
 936370 469996   16.32051   38  218          -   13.67391      -  87.4  350s
 949510 474991     cutoff   58               -   13.69399      -  87.5  355s
 961439 479778   17.00000   62    1          -   13.71219      -  87.6  360s
 974179 484521 infeasible   54               -   13.73013      -  87.8  365s
 987298 489486   19.00000   58    1          -   13.75000      -  87.9  370s
 998434 494156   16.07677   37  202          -   13.76233      -  88.1  375s
 1011994 499616   15.84303   50  164          -   13.78261      -  88.2  380s
 1025058 504561   17.19873   49  254          -   13.80000      -  88.2  385s
 1038201 509480     cutoff   59               -   13.81818      -  88.4  390s
 1051167 514342   19.00000   61    1          -   13.83333      -  88.5  395s
 1064164 519217 infeasible   61               -   13.85156      -  88.5  400s
 1077822 524479   16.93757   23  214          -   13.86946      -  88.6  405s
 1091164 529430   17.81985   49  192          -   13.88830      -  88.7  410s
 1104283 534595   16.49374   31  232          -   13.90541      -  88.8  415s
 1117378 539406   16.88710   44  239          -   13.92406      -  88.8  420s
 1130794 544258   18.76906   63  193          -   13.94138      -  88.9  425s
 1143869 549341   19.00000   67   30          -   13.95833      -  88.9  430s
 1156894 554692   18.00000   66    4          -   13.97727      -  89.0  435s
 1168706 559490   15.19159   30  220          -   13.99486      -  89.0  440s
 1183096 565360   18.19730   43  207          -   14.00000      -  89.1  445s
 1195823 570531   14.50000   36   35          -   14.00000      -  89.2  450s
 1209323 575345   14.62849   29  246          -   14.00000      -  89.2  455s
 1225322 582630   18.29072   40  186          -   14.00467      -  89.2  460s
 1241757 589204   15.12217   45  238          -   14.02972      -  89.1  465s
 1256003 594417   17.86495   56  174          -   14.05252      -  89.1  470s
 1270518 600078   19.00000   61    1          -   14.07524      -  89.0  475s
 1285629 605825   17.87021   34  240          -   14.09630      -  89.0  480s
 1300628 611571   15.02351   30  201          -   14.11688      -  89.0  485s
 1315192 616908   18.23958   59  185          -   14.13869      -  89.0  490s
 1330423 622902   17.80623   28  167          -   14.15824      -  88.9  495s
 1345422 628577   16.65416   39  233          -   14.17751      -  88.9  500s
 1360558 634284   15.76340   34  218          -   14.19831      -  88.8  505s
 1375059 639820   14.61344   43  258          -   14.21550      -  88.8  510s
 1388676 644698   15.14209   32  238          -   14.23320      -  88.8  515s
 1403299 650013   17.06873   66  184          -   14.25000      -  88.8  520s
 1417087 655636   15.08931   37  220          -   14.26426      -  88.8  525s
 1431931 661523   19.00000   57   30          -   14.28187      -  88.7  530s
 1446028 666812   17.00614   33  202          -   14.30000      -  88.7  535s
 1462135 672699   15.31829   31  258          -   14.31698      -  88.7  540s
 1476883 678299   16.22978   37  207          -   14.33333      -  88.6  545s
 1491664 683928   17.86192   41  211          -   14.34615      -  88.6  550s
 1505980 689503     cutoff   64               -   14.36228      -  88.6  555s
 1521304 695425   16.42225   38  197          -   14.37881      -  88.5  560s
 1536454 701480   17.17084   41  216          -   14.39744      -  88.5  565s
 1551476 707597     cutoff   53               -   14.41156      -  88.5  570s
 1566230 713401   15.45020   41  225          -   14.42727      -  88.4  575s
 1582255 719770   15.44129   35  159          -   14.44154      -  88.4  580s
 1596990 725626   17.00388   33  210          -   14.45517      -  88.3  585s
 1612444 731730     cutoff   66               -   14.47124      -  88.3  590s
 1627084 737438   15.95378   40  256          -   14.48620      -  88.3  595s
 1641660 742995   16.92438   29  222          -   14.50000      -  88.2  600s
 1644112 743366   17.00000   50    1          -   14.50000      -  88.2  605s
 1653310 745858 infeasible   57               -   14.50000      -  88.3  610s
 1666895 751216   16.76408   34  195          -   14.51163      -  88.3  615s
 1681290 757064   15.60607   37  231          -   14.52688      -  88.3  620s
 1695784 762976   18.64480   36  201          -   14.54054      -  88.3  625s
 1710728 768667   16.56391   61  217          -   14.55556      -  88.2  630s
 1726081 774333   17.96805   66  191          -   14.57143      -  88.2  635s
 1741074 780612   15.21290   42  202          -   14.58410      -  88.2  640s
 1757459 786809     cutoff   78               -   14.60000      -  88.1  645s
 1772248 792967   15.96947   38  216          -   14.61280      -  88.1  650s
 1787309 798982 infeasible   83               -   14.62500      -  88.1  655s
 1801925 804668   16.33173   29  255          -   14.63675      -  88.0  660s
 1815477 809635     cutoff   46               -   14.64876      -  88.0  665s
 1828823 814794     cutoff   69               -   14.66165      -  88.0  670s
 1842759 819436     cutoff   41               -   14.66667      -  88.0  675s
 1858158 825234     cutoff   67               -   14.68067      -  88.0  680s
 1873435 830850   15.56290   56  220          -   14.69321      -  88.0  685s
 1887553 836156 infeasible   62               -   14.70487      -  88.0  690s
 1902395 842077   16.66463   37  217          -   14.71687      -  88.0  695s
 1918732 848373   18.00000   63   31          -   14.73077      -  88.0  700s
 1933293 853949   15.60792   33  195          -   14.74265      -  87.9  705s
 1945829 857986   18.74502   54  238          -   14.75000      -  88.0  710s
 1960466 863482   15.90343   31  209          -   14.75932      -  88.0  715s
 1975734 869263   15.66161   33  223          -   14.77088      -  88.0  720s
 1990192 874844   15.79376   37  240          -   14.78205      -  88.0  725s
 2003297 879823   15.19599   57  234          -   14.79152      -  88.0  730s
 2017664 884514   19.00000   46    1          -   14.80000      -  88.0  735s
 2032062 889352   17.64707   34  222          -   14.81132      -  88.0  740s
 2045358 893773   17.12928   46  195          -   14.82035      -  88.0  745s
 2060535 899134   19.00000   30    8          -   14.83108      -  88.0  750s
 2073155 903194   17.20035   53  211          -   14.83838      -  88.0  755s
 2086164 907792   16.48121   44  222          -   14.84848      -  88.0  760s
 2098486 912149     cutoff   74               -   14.85714      -  88.1  765s
 2114036 918096   15.61277   51  237          -   14.86772      -  88.1  770s
 2127124 922382   17.22688   30  234          -   14.87538      -  88.1  775s
 2141907 927737   16.58825   40  226          -   14.88559      -  88.1  780s
 2154784 931992   17.32357   48  205          -   14.89444      -  88.1  785s
 2167875 936614     cutoff   69               -   14.90193      -  88.1  790s
 2182318 941313   18.50460   62  207          -   14.91111      -  88.1  795s
 2193855 945228   16.14105   41  212          -   14.91867      -  88.2  800s
 2207382 949843   17.40280   37  278          -   14.92736      -  88.2  805s
 2220468 954397   16.96381   45  214          -   14.93488      -  88.2  810s
 2235065 959316   17.99386   48  237          -   14.94387      -  88.2  815s
 2248399 963820   18.93209   54  201          -   14.95238      -  88.3  820s
 2261184 968129   16.76275   43  173          -   14.96043      -  88.3  825s
 2275006 972830   17.42851   32  209          -   14.96768      -  88.3  830s
 2287904 977237   15.94840   35  209          -   14.97545      -  88.3  835s
 2300448 981295   18.32643   36  253          -   14.98323      -  88.4  840s
 2313432 985655   17.26537   39  219          -   14.99203      -  88.4  845s
 2324714 988719 infeasible   69               -   15.00000      -  88.4  850s
 2334697 990037     cutoff   43               -   15.00000      -  88.5  855s
 2344208 990624   17.28503   35  202          -   15.00000      -  88.6  860s
 2353656 991029 infeasible   45               -   15.00000      -  88.8  865s
 2362843 991853   18.30861   43  173          -   15.00000      -  88.9  870s
 2374601 993197   18.10264   33  215          -   15.00000      -  89.0  875s
 2386187 997222   15.75531   45  234          -   15.00811      -  89.0  880s
 2399974 1001680   19.00000   34    1          -   15.01758      -  89.0  885s
 2414354 1006682   15.51939   37  256          -   15.02734      -  89.1  890s
 2427592 1010856   18.80530   37  184          -   15.03510      -  89.1  895s
 2440951 1015254   16.16946   44  233          -   15.04385      -  89.1  900s
 2454083 1019632   17.97379   44  226          -   15.05144      -  89.1  905s
 2467030 1024133   16.66591   29  227          -   15.05884      -  89.1  910s
 2480077 1028513   17.44865   41  227          -   15.06623      -  89.1  915s
 2492912 1032596     cutoff   68               -   15.07300      -  89.2  920s
 2505491 1036504     cutoff   32               -   15.07966      -  89.2  925s
 2518492 1040617     cutoff   32               -   15.08647      -  89.2  930s
 2531524 1044729   17.00000   37    1          -   15.09281      -  89.2  935s
 2544497 1048824   15.34871   39  269          -   15.09920      -  89.3  940s
 2555110 1052183   19.00000   43   29          -   15.10409      -  89.3  945s
 2567736 1055971   19.00000   37    1          -   15.11111      -  89.3  950s
 2579257 1059352     cutoff   76               -   15.11740      -  89.4  955s
 2582798 1060092     cutoff   45               -   15.11972      -  89.4  960s
 2588017 1061929 infeasible   40               -   15.12194      -  89.4  965s
 2597561 1064574 infeasible   41               -   15.12663      -  89.4  970s
 2609252 1067504   18.02903   67  203          -   15.13340      -  89.5  975s
 2621989 1071220   16.78300   45  206          -   15.13978      -  89.5  980s
 2630899 1073658 infeasible   44               -   15.14359      -  89.6  985s
 2643302 1077119   17.89763   55  184          -   15.14973      -  89.6  990s
 2654337 1080093   16.92553   40  174          -   15.15541      -  89.6  995s
 2666183 1083200     cutoff   45               -   15.16101      -  89.7 1000s
 2677370 1085829   18.06755   38  206          -   15.16667      -  89.7 1005s
 2688761 1088633   19.00000   35    1          -   15.17143      -  89.8 1010s
 2698566 1091261   18.24070   36  251          -   15.17661      -  89.8 1015s
 2710222 1094056   17.23586   32  219          -   15.18253      -  89.9 1020s
 2721779 1096725     cutoff   42               -   15.18846      -  89.9 1025s
 2731125 1099093     cutoff   51               -   15.19355      -  90.0 1030s
 2742215 1101659   19.00000   44    1          -   15.19943      -  90.0 1035s
 2753432 1103906   18.17277   37  251          -   15.20348      -  90.1 1040s
 2763050 1106149 infeasible   41               -   15.20865      -  90.1 1045s
 2774554 1108579     cutoff   48               -   15.21442      -  90.2 1050s
 2785549 1110878   15.41288   47  253          -   15.22113      -  90.3 1055s
 2795814 1113112   18.72572   36  233          -   15.22581      -  90.3 1060s
 2807006 1115701     cutoff   48               -   15.23131      -  90.4 1065s
 2814387 1116893   17.11451   42  239          -   15.23565      -  90.4 1070s
 2815622 1117329   15.55826   45  226          -   15.23670      -  90.5 1075s
 2817520 1117801     cutoff   42               -   15.23752      -  90.5 1080s
 2820563 1118623   18.00167   32  220          -   15.23913      -  90.5 1086s
 2824419 1119682   15.94600   33  218          -   15.24000      -  90.5 1091s
 2834245 1121869     cutoff   37               -   15.24684      -  90.6 1095s
 2846390 1123143   15.54022   45  235          -   15.25000      -  90.6 1100s
 2855993 1125491   16.10151   40  217          -   15.25424      -  90.7 1105s
 2867343 1128056   16.41243   34  254          -   15.26017      -  90.7 1110s
 2877047 1130042 infeasible   52               -   15.26547      -  90.8 1115s
 2888827 1132627   17.58807   50  233          -   15.27099      -  90.8 1120s
 2898103 1134681     cutoff   41               -   15.27563      -  90.9 1125s
 2908872 1136913     cutoff   43               -   15.28135      -  90.9 1130s
 2920801 1139269   18.81028   47  240          -   15.28659      -  91.0 1135s
 2930449 1141248     cutoff   44               -   15.29167      -  91.0 1140s
 2939905 1143049     cutoff   57               -   15.29630      -  91.1 1145s
 2949582 1144823   18.66311   51  264          -   15.30101      -  91.1 1150s
 2960381 1146779     cutoff   39               -   15.30748      -  91.2 1155s
 2970568 1148849 infeasible   57               -   15.31250      -  91.3 1160s
 2980072 1150640     cutoff   44               -   15.31748      -  91.3 1165s
 2991258 1152869     cutoff   47               -   15.32309      -  91.4 1170s
 3001575 1154810     cutoff   43               -   15.32811      -  91.4 1175s
 3011796 1156435 infeasible   51               -   15.33333      -  91.5 1180s
 3021412 1156931     cutoff   55               -   15.33379      -  91.6 1185s
 3031231 1159059   18.59464   43  226          -   15.33907      -  91.6 1190s
 3041168 1160946     cutoff   51               -   15.34406      -  91.7 1195s
 3051354 1162977 infeasible   50               -   15.34921      -  91.7 1200s
 3062556 1165230     cutoff   45               -   15.35523      -  91.8 1205s
 3072171 1166714     cutoff   42               -   15.35967      -  91.8 1210s
 3081225 1168469   19.00000   37    1          -   15.36380      -  91.9 1215s
 3091029 1170250   16.61069   38  221          -   15.36896      -  91.9 1220s
 3101873 1172126   15.76212   33  187          -   15.37443      -  92.0 1225s
 3111804 1173861   19.12245   47  223          -   15.37852      -  92.0 1230s
 3120972 1175351 infeasible   49               -   15.38339      -  92.1 1235s
 3130558 1176985   19.00000   50    1          -   15.38826      -  92.1 1240s
 3140503 1178842   16.45258   42  234          -   15.39319      -  92.2 1245s
 3151820 1181218   19.00000   46    1          -   15.39940      -  92.2 1250s
 3161662 1182485   18.73349   43  180          -   15.40214      -  92.3 1255s
 3171102 1184253   18.95629   43  205          -   15.40693      -  92.3 1260s
 3180838 1185842 infeasible   46               -   15.41176      -  92.4 1265s
 3190574 1187545 infeasible   51               -   15.41667      -  92.4 1270s
 3199824 1189171 infeasible   50               -   15.42156      -  92.5 1275s
 3209765 1190991   17.45699   56  205          -   15.42660      -  92.5 1280s
 3219118 1192211     cutoff   59               -   15.43049      -  92.6 1285s
 3228916 1193900   15.56695   54  259          -   15.43567      -  92.6 1290s
 3239225 1195551   17.73242   36  222          -   15.44068      -  92.7 1295s
 3249144 1197317 infeasible   47               -   15.44503      -  92.7 1300s
 3259061 1198948     cutoff   42               -   15.45030      -  92.8 1305s
 3268690 1200379   17.65930   56  248          -   15.45481      -  92.8 1310s
 3278276 1201884   16.51812   27  219          -   15.46008      -  92.9 1315s
 3289142 1203783   19.00000   42    1          -   15.46507      -  92.9 1320s
 3298597 1205095   18.42920   49  203          -   15.47021      -  93.0 1325s
 3308114 1206542 infeasible   53               -   15.47539      -  93.0 1330s
 3318421 1208093     cutoff   52               -   15.48000      -  93.1 1335s
 3327467 1209491   19.00000   48    1          -   15.48515      -  93.1 1340s
 3337415 1210962   18.50705   42  225          -   15.49061      -  93.2 1345s
 3347044 1212692     cutoff   38               -   15.49600      -  93.2 1350s
 3357466 1213796   18.21145   31  238          -   15.50000      -  93.2 1355s
 3367111 1213668   18.41320   36  234          -   15.50000      -  93.3 1360s
 3376668 1213813     cutoff   56               -   15.50000      -  93.4 1365s
 3378731 1213735   17.00000   59    6          -   15.50000      -  93.4 1370s
 3381745 1213993     cutoff   41               -   15.50000      -  93.4 1375s
 3389078 1215455     cutoff   52               -   15.50344      -  93.5 1380s
 3398064 1217088     cutoff   48               -   15.50927      -  93.5 1385s
 3406891 1218379     cutoff   46               -   15.51432      -  93.5 1390s
 3417994 1220359     cutoff   65               -   15.52000      -  93.6 1395s
 3429477 1222170     cutoff   41               -   15.52596      -  93.6 1400s
 3439436 1223896     cutoff   43               -   15.53077      -  93.7 1405s
 3449270 1225582     cutoff   53               -   15.53563      -  93.7 1410s
 3460472 1227428 infeasible   49               -   15.54081      -  93.7 1415s
 3469901 1228813     cutoff   55               -   15.54545      -  93.8 1420s
 3478732 1230271 infeasible   44               -   15.55021      -  93.8 1425s
 3490059 1231702     cutoff   62               -   15.55556      -  93.8 1430s
 3500054 1233513     cutoff   62               -   15.56075      -  93.9 1435s
 3509949 1235087     cutoff   51               -   15.56522      -  93.9 1440s
 3520843 1236620   19.00000   58    1          -   15.57101      -  93.9 1445s
 3530291 1237662     cutoff   55               -   15.57513      -  94.0 1450s
 3541860 1239407   16.66981   46  234          -   15.58104      -  94.0 1455s
 3551676 1240943     cutoff   58               -   15.58571      -  94.1 1460s
 3561305 1242578 infeasible   50               -   15.59052      -  94.1 1465s
 3572950 1244358   18.33414   40  248          -   15.59615      -  94.1 1470s
 3584102 1245536     cutoff   60               -   15.60000      -  94.2 1475s
 3593584 1247225   17.67620   42  185          -   15.60500      -  94.2 1480s
 3603488 1248689     cutoff   54               -   15.61002      -  94.2 1485s
 3613504 1250057     cutoff   54               -   15.61506      -  94.3 1490s
 3624343 1251746     cutoff   51               -   15.62049      -  94.3 1495s
 3634292 1253198     cutoff   52               -   15.62500      -  94.3 1500s
 3645422 1254970   16.82670   29  237          -   15.62979      -  94.4 1505s
 3655142 1256487     cutoff   53               -   15.63468      -  94.4 1510s
 3664984 1257815     cutoff   70               -   15.63937      -  94.4 1515s
 3674904 1258956   15.90160   31  233          -   15.64426      -  94.5 1520s
 3684067 1260284     cutoff   50               -   15.64926      -  94.5 1525s
 3694362 1262000 infeasible   58               -   15.65451      -  94.5 1530s
 3705879 1263708     cutoff   52               -   15.66015      -  94.5 1535s
 3715846 1265370   16.84542   58  211          -   15.66554      -  94.6 1540s
 3725613 1265066     cutoff   70               -   15.66667      -  94.6 1545s
 3734799 1265954   18.50000   48   20          -   15.66923      -  94.7 1550s
 3744926 1267424 infeasible   51               -   15.67460      -  94.7 1555s
 3756544 1269243   15.87594   34  186          -   15.68041      -  94.7 1560s
 3766134 1270771 infeasible   58               -   15.68563      -  94.8 1565s
 3777643 1272376   16.78564   69  205          -   15.69147      -  94.8 1570s
 3788121 1273971     cutoff   51               -   15.69597      -  94.8 1575s
 3797545 1275370     cutoff   62               -   15.70000      -  94.8 1580s
 3806969 1276638     cutoff   51               -   15.70551      -  94.9 1585s
 3817924 1278087     cutoff   31               -   15.71115      -  94.9 1590s
 3828124 1279291     cutoff   56               -   15.71563      -  95.0 1595s
 3838006 1280704   16.31708   34  215          -   15.72059      -  95.0 1600s
 3847610 1282189     cutoff   55               -   15.72566      -  95.0 1605s
 3858848 1283732 infeasible   59               -   15.73077      -  95.0 1610s
 3868872 1285009   16.07975   66  252          -   15.73548      -  95.1 1615s
 3878664 1286208     cutoff   51               -   15.74066      -  95.1 1620s
 3888608 1287749 infeasible   58               -   15.74595      -  95.1 1625s
 3898483 1288482 infeasible   43               -   15.75000      -  95.2 1630s
 3909438 1289164   18.13163   37  252          -   15.75198      -  95.2 1635s
 3919423 1290592     cutoff   62               -   15.75725      -  95.3 1640s
 3929151 1291945 infeasible   64               -   15.76190      -  95.3 1645s
 3940328 1293633   17.37062   38  225          -   15.76750      -  95.3 1650s
 3949626 1294829     cutoff   59               -   15.77244      -  95.3 1655s
 3961942 1296416   18.73374   36  199          -   15.77778      -  95.4 1660s
 3971166 1297839 infeasible   57               -   15.78261      -  95.4 1665s
 3981267 1298920   19.00000   51    5          -   15.78741      -  95.4 1670s
 3992159 1300476     cutoff   58               -   15.79310      -  95.5 1675s
 4002067 1302059   16.99688   39  252          -   15.79821      -  95.5 1680s
 4013489 1302798   17.72217   35  241          -   15.80128      -  95.5 1685s
 4022845 1304186   19.00000   59   27          -   15.80616      -  95.5 1690s
 4030852 1305361   16.22425   32  245          -   15.81011      -  95.6 1695s
 4041702 1306707 infeasible   57               -   15.81553      -  95.6 1700s
 4051790 1308104     cutoff   34               -   15.82000      -  95.6 1705s
 4061418 1309290   17.37541   33  221          -   15.82487      -  95.6 1710s
 4072570 1310711   17.08958   28  163          -   15.83060      -  95.7 1715s
 4083555 1311493   18.31382   53  237          -   15.83345      -  95.7 1720s
 4093067 1312701   18.70352   61  240          -   15.83856      -  95.7 1725s
 4104602 1314388     cutoff   67               -   15.84409      -  95.7 1730s
 4114444 1315841 infeasible   64               -   15.84848      -  95.8 1735s
 4123686 1316996     cutoff   52               -   15.85282      -  95.8 1740s
 4135017 1318096   17.25706   36  249          -   15.85725      -  95.8 1745s
 4144710 1319351     cutoff   56               -   15.86220      -  95.9 1750s
 4154310 1320581 infeasible   56               -   15.86674      -  95.9 1755s
 4166205 1322486   17.52392   34  203          -   15.87221      -  95.9 1760s
 4177260 1323638   18.50000   54   18          -   15.87597      -  95.9 1765s
 4186770 1324853     cutoff   63               -   15.88087      -  96.0 1770s
 4198103 1326238   18.38320   56  189          -   15.88628      -  96.0 1775s
 4207871 1327265   16.24805   60  252          -   15.89050      -  96.0 1780s
 4219176 1328806   16.18977   32  231          -   15.89612      -  96.1 1785s
 4228591 1329966 infeasible   62               -   15.90000      -  96.1 1790s
 4239950 1331413     cutoff   54               -   15.90549      -  96.1 1795s
 4249671 1332710 infeasible   53               -   15.90982      -  96.1 1800s
 4260915 1334139   16.82401   37  253          -   15.91560      -  96.2 1805s
 4270182 1335221 infeasible   67               -   15.91956      -  96.2 1810s
 4281672 1336613     cutoff   64               -   15.92495      -  96.2 1815s
 4291582 1337993   16.80706   50  266          -   15.92928      -  96.2 1820s
 4301599 1339457     cutoff   66               -   15.93342      -  96.3 1825s
 4312721 1340878     cutoff   63               -   15.93840      -  96.3 1830s
 4323840 1342231     cutoff   77               -   15.94386      -  96.3 1835s
 4335211 1343834 infeasible   64               -   15.94918      -  96.3 1840s
 4345150 1345112   19.50000   68   41          -   15.95370      -  96.4 1845s
 4356547 1346896     cutoff   39               -   15.95858      -  96.4 1850s
 4366333 1348140 infeasible   70               -   15.96320      -  96.4 1855s
 4375866 1349509     cutoff   61               -   15.96768      -  96.4 1860s
 4385688 1350912   16.77582   47  241          -   15.97257      -  96.5 1865s
 4396984 1352310     cutoff   61               -   15.97826      -  96.5 1870s
 4408639 1354046   18.47045   43  185          -   15.98389      -  96.5 1875s
 4418119 1355401   18.18645   38  220          -   15.98888      -  96.5 1880s
 4429647 1357283   17.38021   43  237          -   15.99489      -  96.6 1885s
 4438996 1358111     cutoff   64               -   16.00000      -  96.6 1890s
 4448025 1357148     cutoff   64               -   16.00000      -  96.6 1895s
 4457260 1355303     cutoff   43               -   16.00000      -  96.7 1900s
 4465016 1353258 infeasible   43               -   16.00000      -  96.7 1905s
 4468825 1352571     cutoff   83               -   16.00000      -  96.7 1910s
 4473345 1351122 infeasible   72               -   16.00000      -  96.8 1915s
 4483006 1348885     cutoff   84               -   16.00000      -  96.8 1920s
 4492444 1347615   17.64530   38  257          -   16.00000      -  96.9 1925s
 4502884 1347373     cutoff   55               -   16.00145      -  96.9 1930s
 4514131 1348931     cutoff   58               -   16.00812      -  96.9 1935s
 4524690 1350781   16.50573   41  207          -   16.01370      -  96.9 1940s
 4535939 1352494   16.37917   35  231          -   16.01980      -  97.0 1945s
 4547612 1354342   18.54700   36  196          -   16.02598      -  97.0 1950s
 4557438 1355942   18.50000   62   19          -   16.03105      -  97.0 1955s
 4568855 1357728   16.36724   54  244          -   16.03665      -  97.0 1960s
 4580122 1359546   16.72650   38  223          -   16.04217      -  97.0 1965s
 4591147 1361351   16.44878   50  185          -   16.04754      -  97.0 1970s
 4602660 1363283   16.53606   41  213          -   16.05286      -  97.0 1975s
 4612286 1364843   18.36734   38  206          -   16.05724      -  97.1 1980s
 4623996 1366775   17.49536   41  215          -   16.06247      -  97.1 1985s
 4635046 1368293     cutoff   49               -   16.06736      -  97.1 1990s
 4646866 1370272     cutoff   58               -   16.07241      -  97.1 1995s
 4658140 1372025   17.63944   34  215          -   16.07743      -  97.1 2000s
 4669376 1373770     cutoff   65               -   16.08270      -  97.1 2005s
 4679441 1375298   16.44144   38  209          -   16.08696      -  97.1 2010s
 4690200 1376761     cutoff   42               -   16.09167      -  97.2 2015s
 4701414 1378339     cutoff   72               -   16.09677      -  97.2 2020s
 4711173 1379703     cutoff   64               -   16.10076      -  97.2 2025s
 4722559 1381379     cutoff   61               -   16.10608      -  97.2 2030s
 4732366 1382833   16.90802   68  214          -   16.11105      -  97.2 2035s
 4744092 1384464 infeasible   65               -   16.11597      -  97.2 2040s
 4754375 1385960     cutoff   60               -   16.12036      -  97.2 2045s
 4765755 1387226     cutoff   63               -   16.12500      -  97.3 2050s
 4777042 1388840     cutoff   63               -   16.12978      -  97.3 2055s
 4787019 1390341     cutoff   66               -   16.13401      -  97.3 2060s
 4798343 1391855     cutoff   73               -   16.13932      -  97.3 2065s
 4809463 1393282   18.50000   66   19          -   16.14286      -  97.3 2070s
 4820152 1394972 infeasible   54               -   16.14853      -  97.3 2075s
 4831219 1396505     cutoff   66               -   16.15350      -  97.4 2080s
 4841338 1397796 infeasible   79               -   16.15789      -  97.4 2085s
 4852490 1399387 infeasible   75               -   16.16331      -  97.4 2090s
 4863683 1400060     cutoff   61               -   16.16667      -  97.4 2095s
 4873493 1401392   18.39818   40  140          -   16.17145      -  97.4 2100s
 4885458 1402779 infeasible   32               -   16.17647      -  97.4 2105s
 4895328 1403926   17.44133   33  200          -   16.18128      -  97.5 2110s
 4906734 1405536   17.79014   41  212          -   16.18584      -  97.5 2115s
 4918064 1407106     cutoff   63               -   16.19048      -  97.5 2120s
 4929344 1408713   17.80385   32  170          -   16.19557      -  97.5 2125s
 4939178 1409443   17.49588   46  211          -   16.20000      -  97.5 2130s
 4950637 1410455   18.31232   40  222          -   16.20354      -  97.5 2135s
 4960513 1411784     cutoff   38               -   16.20813      -  97.6 2140s
 4972083 1413374 infeasible   71               -   16.21323      -  97.6 2145s
 4982511 1414661   18.79036   34  272          -   16.21739      -  97.6 2150s
 4992273 1415596     cutoff   67               -   16.22222      -  97.6 2155s
 5003722 1417042     cutoff   63               -   16.22687      -  97.6 2160s
 5015632 1418606     cutoff   68               -   16.23172      -  97.6 2165s
 5026907 1420110     cutoff   62               -   16.23684      -  97.7 2170s
 5036421 1421297   18.64292   48  244          -   16.24106      -  97.7 2175s
 5047938 1422753 infeasible   64               -   16.24671      -  97.7 2180s
 5057334 1423025 infeasible   52               -   16.25000      -  97.7 2185s
 5067412 1423279   19.27055   35  198          -   16.25096      -  97.8 2190s
 5079102 1424924     cutoff   67               -   16.25641      -  97.8 2195s
 5090558 1426434   17.47473   37  198          -   16.26138      -  97.8 2200s
 5101832 1427970   18.47171   52  219          -   16.26607      -  97.8 2205s
 5111521 1429378     cutoff   32               -   16.27027      -  97.8 2210s
 5122743 1430419   18.48713   47  210          -   16.27485      -  97.8 2215s
 5122923 1430390   17.29716   46  250          -   16.27567      -  97.8 2220s
 5123554 1430483   16.57618   33  212          -   16.27628      -  97.8 2225s
 5125140 1430790   17.31477   40  252          -   16.27660      -  97.9 2231s
 5133236 1431909   18.44251   47  208          -   16.27835      -  97.9 2235s
 5144036 1432882     cutoff   73               -   16.28571      -  97.9 2240s
 5153899 1433996   17.54763   32  231          -   16.28889      -  97.9 2245s
 5165346 1435382   17.53884   36  212          -   16.29410      -  97.9 2250s
 5176833 1436588   18.72848   39  217          -   16.29964      -  97.9 2255s
 5187521 1437886     cutoff   65               -   16.30363      -  98.0 2260s
 5197632 1439257     cutoff   61               -   16.30769      -  98.0 2265s
 5208830 1440613   17.12823   38  201          -   16.31250      -  98.0 2270s
 5218604 1442102   17.23870   44  241          -   16.31646      -  98.0 2275s
 5229858 1443366   16.38976   57  230          -   16.32143      -  98.0 2280s
 5239633 1444607   18.03620   44  194          -   16.32520      -  98.1 2285s
 5251143 1445999   16.46097   62  252          -   16.33056      -  98.1 2290s
 5260868 1446125   17.04271   42  218          -   16.33333      -  98.1 2295s
 5271597 1445400   18.08881   42  256          -   16.33352      -  98.1 2300s
 5283036 1446990   18.59360   41  245          -   16.33925      -  98.2 2305s
 5293076 1448169   17.33210   57  203          -   16.34377      -  98.2 2310s
 5304511 1449461     cutoff   57               -   16.34884      -  98.2 2315s
 5316208 1450813   18.20580   31  244          -   16.35375      -  98.2 2320s
 5326004 1451973 infeasible   41               -   16.35720      -  98.2 2325s
 5337096 1453356   18.21718   40  217          -   16.36259      -  98.2 2330s
 5346883 1454323     cutoff   49               -   16.36667      -  98.3 2335s
 5358076 1455637   17.67597   40  220          -   16.37156      -  98.3 2340s
 5367891 1456299     cutoff   50               -   16.37500      -  98.3 2345s
 5379220 1457737     cutoff   63               -   16.38000      -  98.3 2350s
 5389070 1458684     cutoff   42               -   16.38423      -  98.3 2355s
 5398766 1459838     cutoff   44               -   16.38809      -  98.4 2360s
 5408604 1461006 infeasible   75               -   16.39228      -  98.4 2365s
 5420055 1462375   18.87332   49  208          -   16.39718      -  98.4 2370s
 5429361 1462141     cutoff   34               -   16.40000      -  98.4 2375s
 5441133 1463343   18.88963   39  241          -   16.40474      -  98.5 2380s
 5450537 1464408   16.81058   33  221          -   16.40898      -  98.5 2385s
 5462073 1465542     cutoff   64               -   16.41379      -  98.5 2390s
 5471842 1466546     cutoff   44               -   16.41727      -  98.5 2395s
 5483217 1467870 infeasible   44               -   16.42184      -  98.5 2400s
 5492645 1468923   17.50179   48  236          -   16.42604      -  98.5 2405s
 5504006 1469488     cutoff   69               -   16.43017      -  98.6 2410s
 5513782 1470665     cutoff   59               -   16.43453      -  98.6 2415s
 5525128 1471890     cutoff   50               -   16.43934      -  98.6 2420s
 5534932 1472936 infeasible   55               -   16.44355      -  98.6 2425s
 5544491 1473804     cutoff   61               -   16.44693      -  98.6 2430s
 5555788 1474992   16.80914   55  170          -   16.45180      -  98.7 2435s
 5565616 1476086     cutoff   58               -   16.45564      -  98.7 2440s
 5576976 1477132   17.69371   38  228          -   16.46074      -  98.7 2445s
 5586720 1478149   18.84330   46  211          -   16.46475      -  98.7 2450s
 5596442 1478948   18.26656   39  202          -   16.46871      -  98.8 2455s
 5608134 1480268   16.78771   44  249          -   16.47360      -  98.8 2460s
 5617604 1481241 infeasible   49               -   16.47764      -  98.8 2465s
 5627647 1482223   18.32431   42  254          -   16.48209      -  98.8 2470s
 5637147 1483286   18.16342   34  200          -   16.48643      -  98.8 2475s
 5648769 1484680     cutoff   34               -   16.49145      -  98.9 2480s
 5658190 1485827     cutoff   38               -   16.49593      -  98.9 2485s
 5668018 1485933     cutoff   83               -   16.50000      -  98.9 2490s
 5677071 1484168 infeasible   57               -   16.50000      -  98.9 2495s
 5684742 1482183   18.98383   41  219          -   16.50000      -  99.0 2500s
 5694388 1480245   18.34417   41  201          -   16.50000      -  99.0 2505s
 5704307 1480300 infeasible   71               -   16.50162      -  99.0 2510s
 5715499 1481381     cutoff   44               -   16.50718      -  99.0 2515s
 5725076 1482482     cutoff   63               -   16.51163      -  99.1 2520s
 5736122 1483802   18.86660   36  211          -   16.51676      -  99.1 2525s
 5745935 1484956   17.02894   50  233          -   16.52111      -  99.1 2530s
 5757776 1486469   18.25511   40  244          -   16.52629      -  99.1 2535s
 5768861 1487921   17.29991   52  176          -   16.53061      -  99.1 2540s
 5778661 1489030   18.43017   32  216          -   16.53485      -  99.2 2545s
 5789771 1490068 infeasible   42               -   16.53933      -  99.2 2550s
 5799687 1491070   16.75835   43  225          -   16.54371      -  99.2 2555s
 5811094 1492125   18.75000   66   39          -   16.54839      -  99.2 2560s
 5822558 1493450   17.27067   47  235          -   16.55307      -  99.2 2565s
 5832231 1494213   19.06957   34  251          -   16.55653      -  99.2 2570s
 5842533 1495408   17.63158   41  240          -   16.56061      -  99.3 2575s
 5851920 1496246   16.75159   36  227          -   16.56452      -  99.3 2580s
 5863548 1497540   18.77632   35  258          -   16.56990      -  99.3 2585s
 5872884 1497970   16.99938   38  239          -   16.57265      -  99.3 2590s
 5882803 1499030   17.82902   34  226          -   16.57668      -  99.3 2595s
 5893884 1500202   17.35217   40  224          -   16.58118      -  99.4 2600s
 5903800 1501102   17.59288   41  218          -   16.58480      -  99.4 2605s
 5913756 1502248     cutoff   47               -   16.58865      -  99.4 2610s
 5924641 1503246     cutoff   40               -   16.59304      -  99.4 2615s
 5934185 1504142   18.43677   50  245          -   16.59718      -  99.4 2620s
 5943780 1503902     cutoff   42               -   16.60000      -  99.4 2625s
 5955324 1504813   18.87651   36  261          -   16.60370      -  99.5 2630s
 5966540 1506030   16.95516   40  230          -   16.60837      -  99.5 2635s
 5976053 1506991   17.66613   50  242          -   16.61203      -   100 2640s
 5985908 1507754     cutoff   57               -   16.61594      -   100 2645s
 5997006 1508720     cutoff   76               -   16.62069      -   100 2650s
 6006630 1509548     cutoff   33               -   16.62479      -   100 2655s
 6016276 1510172   17.03734   32  218          -   16.62725      -   100 2660s
 6026168 1511149     cutoff   63               -   16.63144      -   100 2665s
 6037233 1511881   17.26453   35  254          -   16.63636      -   100 2670s
 6047167 1513029 infeasible   70               -   16.64000      -   100 2675s
 6058441 1513728 infeasible   74               -   16.64407      -   100 2680s
 6067771 1514771   17.24780   37  222          -   16.64775      -   100 2685s
 6079473 1515995   17.10364   48  273          -   16.65229      -   100 2690s
 6089055 1516971   18.40716   38  249          -   16.65635      -   100 2695s
 6100481 1517988   18.05950   38  227          -   16.66125      -   100 2700s
 6110266 1519020   17.01427   34  260          -   16.66566      -   100 2705s
 6120007 1517185     cutoff   63               -   16.66667      -   100 2710s
 6127759 1516018 infeasible   72               -   16.66667      -   100 2715s
 6137544 1517152   18.11157   39  224          -   16.67139      -   100 2720s
 6147742 1518081   17.52666   33  233          -   16.67537      -   100 2725s
 6157448 1519017     cutoff   79               -   16.67925      -   100 2730s
 6167292 1519831   18.77703   42  217          -   16.68312      -   100 2735s
 6178082 1520551     cutoff   58               -   16.68773      -   100 2740s
 6186656 1521395   18.97208   42  214          -   16.69115      -   100 2745s
 6198080 1522330 infeasible   47               -   16.69543      -   100 2750s
 6207839 1523188   17.07966   54  205          -   16.69933      -   100 2755s
 6218856 1523836     cutoff   69               -   16.70307      -   100 2760s
 6228720 1524955   18.67766   36  205          -   16.70650      -   100 2765s
 6239589 1525969     cutoff   62               -   16.71072      -   100 2770s
 6249210 1526139     cutoff   65               -   16.71429      -   100 2775s
 6260150 1527074   17.13194   34  201          -   16.71824      -   100 2780s
 6269633 1527769 infeasible   60               -   16.72222      -   100 2785s
 6279566 1528630   18.72414   39  194          -   16.72618      -   100 2790s
 6289241 1529300     cutoff   36               -   16.72956      -   100 2795s
 6298459 1530078     cutoff   41               -   16.73333      -   100 2800s
 6309991 1531011     cutoff   35               -   16.73772      -   100 2805s
 6319561 1531924   17.23796   38  261          -   16.74134      -   100 2810s
 6329476 1532815     cutoff   34               -   16.74522      -   100 2815s
 6339190 1533457     cutoff   80               -   16.74966      -   100 2820s
 6348302 1531334     cutoff   33               -   16.75000      -   100 2825s
 6359095 1532314     cutoff   53               -   16.75323      -   100 2830s
 6368831 1533103     cutoff   72               -   16.75706      -   100 2835s
 6378847 1533919   17.15836   49  225          -   16.76116      -   100 2840s
 6388247 1534658   17.66081   45  223          -   16.76477      -   100 2845s
 6398135 1535162   17.33656   52  214          -   16.76907      -   100 2850s
 6409435 1536129   18.23659   31  229          -   16.77295      -   100 2855s
 6417684 1536738   18.80056   37  234          -   16.77661      -   100 2860s
 6428761 1537169   18.76603   39  230          -   16.78009      -   100 2865s
 6438587 1537997     cutoff   67               -   16.78397      -   100 2870s
 6448066 1538541     cutoff   56               -   16.78739      -   100 2875s
 6459268 1539484     cutoff   77               -   16.79126      -   100 2880s
 6468365 1540091   18.97290   38  250          -   16.79487      -   100 2885s
 6478488 1540974   18.02552   40  247          -   16.79900      -   100 2890s
 6487864 1540010   18.01846   34  257          -   16.80027      -   101 2895s
 6497536 1540751   17.87700   36  193          -   16.80447      -   101 2900s
 6507398 1541535   17.54457   54  263          -   16.80833      -   101 2905s
 6516720 1542140     cutoff   56               -   16.81240      -   101 2910s
 6527104 1542720   17.79630   43  219          -   16.81596      -   101 2915s
 6537691 1543384   18.09389   36  252          -   16.81997      -   101 2920s
 6547540 1544006 infeasible   51               -   16.82353      -   101 2925s
 6557306 1544719     cutoff   36               -   16.82734      -   101 2930s
 6567381 1545554   18.20085   43  251          -   16.83162      -   101 2935s
 6576479 1544629 infeasible   72               -   16.83333      -   101 2940s
 6585948 1545404   18.93711   30  214          -   16.83696      -   101 2945s
 6596160 1546072     cutoff   45               -   16.84087      -   101 2950s
 6605359 1546611     cutoff   34               -   16.84453      -   101 2955s
 6617108 1547329   18.49322   46  225          -   16.84880      -   101 2960s
 6626569 1547776   18.60207   37  178          -   16.85265      -   101 2965s
 6634877 1548290     cutoff   68               -   16.85612      -   101 2970s
 6644463 1548191   19.13733   33  228          -   16.85888      -   101 2975s
 6654318 1548806   18.27229   30  188          -   16.86286      -   101 2980s
 6663959 1549158     cutoff   73               -   16.86667      -   101 2985s
 6665599 1548349     cutoff   54               -   16.86725      -   101 3010s
 6673536 1549018     cutoff   74               -   16.86957      -   101 3015s
 6685678 1549380   17.41110   45  238          -   16.87368      -   101 3020s
 6697337 1549438     cutoff   71               -   16.87726      -   101 3025s
 6705799 1549994   18.85040   30  222          -   16.88036      -   101 3030s
 6715445 1550619     cutoff   53               -   16.88390      -   101 3035s
 6725601 1551420     cutoff   35               -   16.88774      -   101 3040s
 6734696 1551356   17.39618   36  211          -   16.89063      -   101 3045s
 6744714 1551989     cutoff   49               -   16.89431      -   101 3050s
 6754785 1552812     cutoff   60               -   16.89815      -   101 3055s
 6764135 1552799   18.65095   50  204          -   16.90112      -   101 3060s
 6774130 1553433     cutoff   62               -   16.90476      -   101 3065s
 6783593 1553826     cutoff   63               -   16.90853      -   101 3070s
 6793376 1554085 infeasible   50               -   16.91180      -   101 3075s
 6802974 1554626   18.96696   37  202          -   16.91555      -   101 3080s
 6812372 1554745 infeasible   43               -   16.91878      -   101 3085s
 6821790 1555099     cutoff   56               -   16.92241      -   101 3090s
 6831823 1555627     cutoff   61               -   16.92610      -   101 3095s
 6839966 1555773     cutoff   48               -   16.92905      -   101 3100s
 6849683 1556014     cutoff   41               -   16.93299      -   101 3105s
 6859451 1556693   18.52008   33  193          -   16.93651      -   101 3110s
 6869015 1557312     cutoff   72               -   16.93966      -   101 3115s
 6878466 1557638 infeasible   43               -   16.94318      -   101 3120s
 6887963 1558338 infeasible   58               -   16.94656      -   101 3125s
 6897813 1558627     cutoff   48               -   16.95000      -   101 3130s
 6907374 1559152   18.13279   45  215          -   16.95368      -   101 3135s
 6915578 1559559   18.27399   46  232          -   16.95654      -   101 3140s
 6925163 1559890     cutoff   31               -   16.96032      -   101 3145s
 6934206 1560214     cutoff   49               -   16.96386      -   101 3150s
 6944267 1560746     cutoff   60               -   16.96752      -   101 3155s
 6953972 1561278     cutoff   53               -   16.97118      -   101 3160s
 6963664 1561518   17.23492   41  238          -   16.97489      -   102 3165s
 6973384 1562042 infeasible   41               -   16.97842      -   102 3170s
 6981289 1562524     cutoff   43               -   16.98139      -   102 3175s
 6991832 1563063     cutoff   31               -   16.98592      -   102 3180s
 6999263 1563420   18.63386   52  241          -   16.98841      -   102 3185s
 7009539 1564154 infeasible   41               -   16.99270      -   102 3190s
 7018995 1564772     cutoff   74               -   16.99650      -   102 3195s
 7029371 1565740     cutoff   46               -   17.00000      -   102 3200s
 7038154 1562730     cutoff   73               -   17.00000      -   102 3205s
 7045879 1559331     cutoff   50               -   17.00000      -   102 3210s
 7055689 1553864     cutoff   53               -   17.00000      -   102 3215s
 7063812 1548829     cutoff   51               -   17.00000      -   102 3220s
 7072391 1543964 infeasible   78               -   17.00000      -   102 3225s
 7080945 1540239     cutoff   48               -   17.00000      -   102 3230s
 7081750 1539544   17.98229   39  276          -   17.00000      -   102 3235s
 7082376 1539058   18.08398   42  242          -   17.00000      -   102 3240s
 7083094 1538409     cutoff   68               -   17.00000      -   102 3245s
 7084844 1536579     cutoff   41               -   17.00000      -   102 3250s
 7089810 1532617     cutoff   50               -   17.00000      -   102 3255s
 7101028 1528509     cutoff   83               -   17.00000      -   102 3261s
 7111960 1528311 infeasible   52               -   17.00156      -   102 3265s
 7121631 1528996     cutoff   47               -   17.00582      -   102 3270s
 7130928 1529593     cutoff   54               -   17.00977      -   102 3275s
 7140576 1530030   17.72563   45  237          -   17.01419      -   102 3280s
 7148792 1530342   19.02728   40  227          -   17.01754      -   102 3285s
 7158277 1530698 infeasible   42               -   17.02137      -   102 3290s
 7168327 1531168   17.48768   33  244          -   17.02532      -   102 3295s
 7177742 1531475   17.82024   54  238          -   17.02934      -   102 3300s
 7187789 1531969   18.58388   32  170          -   17.03322      -   102 3305s
 7195722 1532223     cutoff   42               -   17.03633      -   102 3310s
 7205720 1532540   18.00906   35  220          -   17.04019      -   102 3315s
 7215314 1532874     cutoff   46               -   17.04386      -   102 3320s
 7223512 1532999 infeasible   44               -   17.04708      -   102 3325s
 7233357 1533255   17.43917   42  214          -   17.05090      -   102 3330s
 7242745 1533656   17.90516   47  216          -   17.05446      -   102 3335s
 7252225 1533710     cutoff   37               -   17.05825      -   102 3340s
 7260397 1534109     cutoff   58               -   17.06133      -   102 3345s
 7269751 1534251     cutoff   63               -   17.06487      -   102 3350s
 7279101 1534295 infeasible   77               -   17.06847      -   102 3355s
 7288648 1534523   18.74083   33  234          -   17.07202      -   102 3360s
 7298697 1534918     cutoff   33               -   17.07606      -   102 3365s
 7306621 1535070     cutoff   46               -   17.07886      -   102 3370s
 7316288 1535233     cutoff   56               -   17.08259      -   102 3375s
 7325930 1535271   18.35255   29  207          -   17.08588      -   102 3380s
 7334118 1535526 infeasible   48               -   17.08906      -   102 3385s
 7343789 1535552   17.62207   41  258          -   17.09244      -   102 3390s
 7353027 1535601 infeasible   44               -   17.09615      -   102 3395s
 7361196 1535690   17.97697   45  260          -   17.09943      -   102 3400s
 7370861 1535850   18.90297   39  215          -   17.10268      -   102 3405s
 7378897 1536024     cutoff   66               -   17.10566      -   102 3410s
 7388620 1536324     cutoff   38               -   17.10922      -   102 3415s
 7398040 1535988   17.52365   45  249          -   17.11240      -   102 3420s
 7407937 1536213   17.61598   46  219          -   17.11628      -   102 3425s
 7416244 1536242   18.68778   39  244          -   17.11946      -   102 3430s
 7426110 1536353     cutoff   74               -   17.12357      -   102 3435s
 7436101 1535877     cutoff   42               -   17.12620      -   102 3440s
 7444367 1536213   17.24750   59  216          -   17.12951      -   102 3445s
 7454038 1536246     cutoff   36               -   17.13333      -   102 3450s
 7463452 1536377   17.96387   39  211          -   17.13684      -   103 3455s
 7471485 1536400     cutoff   37               -   17.14042      -   103 3460s
 7479632 1536031   19.16176   54  142          -   17.14286      -   103 3465s
 7489054 1536150   18.53816   38  231          -   17.14667      -   103 3470s
 7498642 1536045   17.62385   47  238          -   17.15018      -   103 3475s
 7508299 1535956   18.25922   41  244          -   17.15385      -   103 3481s
 7516774 1536147   17.68091   40  207          -   17.15699      -   103 3485s
 7524895 1536099     cutoff   65               -   17.16000      -   103 3490s
 7534591 1536076     cutoff   37               -   17.16386      -   103 3495s
 7543614 1535394     cutoff   37               -   17.16667      -   103 3500s
 7553745 1535116   17.37350   36  201          -   17.16925      -   103 3505s
 7563147 1535282   17.65905   39  244          -   17.17284      -   103 3510s
 7571212 1535165     cutoff   41               -   17.17603      -   103 3515s
 7580654 1535140     cutoff   31               -   17.17962      -   103 3520s
 7589001 1535011     cutoff   39               -   17.18269      -   103 3525s
 7598922 1534990   17.84074   37  236          -   17.18644      -   103 3530s
 7607113 1534948   18.30949   47  258          -   17.18919      -   103 3535s
 7617062 1535050 infeasible   36               -   17.19284      -   103 3540s
 7625094 1535012     cutoff   40               -   17.19571      -   103 3545s
 7634890 1535054     cutoff   38               -   17.19953      -   103 3551s
 7643916 1534040   17.43424   41  233          -   17.20083      -   103 3555s
 7651667 1534101   18.89407   34  278          -   17.20395      -   103 3560s
 7661217 1533881     cutoff   43               -   17.20758      -   103 3565s
 7669606 1533867   18.38847   54  215          -   17.21053      -   103 3570s
 7677521 1533654   17.91898   40  253          -   17.21379      -   103 3575s
 7687636 1533714   17.98281   38  242          -   17.21727      -   103 3580s
 7695591 1533691 infeasible   42               -   17.22000      -   103 3585s
 7705066 1533224 infeasible   45               -   17.22309      -   103 3590s
 7713266 1533211   18.88927   41  216          -   17.22629      -   103 3595s
 7722731 1533023     cutoff   43               -   17.22983      -   103 3600s
 7730946 1532699     cutoff   39               -   17.23266      -   103 3605s
 7740867 1532401     cutoff   68               -   17.23636      -   103 3610s
 7750219 1532167   17.62498   35  244          -   17.24010      -   103 3615s
 7758563 1532076 infeasible   73               -   17.24354      -   103 3620s
 7766914 1532053     cutoff   40               -   17.24667      -   103 3625s
 7775474 1531031   18.12762   80  186          -   17.25000      -   103 3630s
 7783306 1528599     cutoff   74               -   17.25000      -   103 3635s
 7793473 1528509     cutoff   44               -   17.25332      -   103 3640s
 7801567 1528298     cutoff   41               -   17.25674      -   103 3645s
 7809567 1528085   18.07880   37  206          -   17.25998      -   103 3650s
 7817697 1527830   18.32029   46  232          -   17.26309      -   103 3655s
 7827463 1527593   18.39926   42  229          -   17.26667      -   103 3660s
 7837412 1527502   18.79546   53  211          -   17.26984      -   103 3665s
 7845170 1527136 infeasible   79               -   17.27273      -   103 3670s
 7854789 1527005   18.25731   50  226          -   17.27625      -   103 3675s
 7864193 1526744 infeasible   32               -   17.27966      -   103 3680s
 7873736 1526636   18.01493   46  233          -   17.28310      -   103 3685s
 7882339 1525657     cutoff   43               -   17.28571      -   103 3690s
 7890394 1525511   18.87480   54  208          -   17.28888      -   103 3695s
 7899945 1525384     cutoff   47               -   17.29248      -   103 3700s
 7908241 1525181   18.52860   43  242          -   17.29543      -   104 3705s
 7917868 1524893     cutoff   42               -   17.29902      -   104 3710s
 7925739 1524239     cutoff   36               -   17.30143      -   104 3715s
 7933745 1523862     cutoff   37               -   17.30464      -   104 3720s
 7941929 1523420 infeasible   40               -   17.30769      -   104 3725s
 7949719 1523115     cutoff   69               -   17.31069      -   104 3730s
 7959614 1522679   17.91608   35  260          -   17.31430      -   104 3735s
 7967789 1522416   17.96108   61  231          -   17.31737      -   104 3740s
 7977421 1522046   17.97508   36  248          -   17.32093      -   104 3745s
 7985330 1521697     cutoff   39               -   17.32418      -   104 3750s
 7993488 1521405 infeasible   38               -   17.32729      -   104 3755s
 8001804 1521169   17.66790   39  193          -   17.33077      -   104 3760s
 8009911 1519289     cutoff   78               -   17.33333      -   104 3765s
 8018901 1515391 infeasible   42               -   17.33333      -   104 3770s
 8027313 1515164     cutoff   36               -   17.33621      -   104 3775s
 8036894 1515195   18.92589   40  201          -   17.34007      -   104 3780s
 8044916 1514883     cutoff   43               -   17.34314      -   104 3785s
 8054437 1514559     cutoff   49               -   17.34643      -   104 3790s
 8062314 1514018   18.44675   35  237          -   17.34972      -   104 3795s
 8070566 1513651   17.69000   45  107          -   17.35282      -   104 3800s
 8078618 1513230   18.93067   39  168          -   17.35577      -   104 3805s
 8088166 1512734   18.03966   37  218          -   17.35919      -   104 3810s
 8096268 1512407     cutoff   51               -   17.36224      -   104 3815s
 8104191 1511751   17.87495   54  242          -   17.36495      -   104 3820s
 8113754 1511054   18.83769   40  228          -   17.36870      -   104 3825s
 8121601 1510748   17.69713   34  234          -   17.37162      -   104 3830s
 8129814 1510023 infeasible   73               -   17.37500      -   104 3835s
 8137719 1509125   18.09155   41  212          -   17.37690      -   104 3840s
 8147842 1508765   18.50000   42   21          -   17.38089      -   104 3845s
 8156050 1508509     cutoff   39               -   17.38371      -   104 3850s
 8163820 1507946   17.99928   35  224          -   17.38657      -   104 3855s
 8173469 1507227   18.01699   57  221          -   17.39035      -   104 3860s
 8181941 1506902     cutoff   41               -   17.39344      -   104 3865s
 8189547 1506648     cutoff   43               -   17.39625      -   104 3870s
 8197652 1505938   18.74262   32  188          -   17.39968      -   104 3875s
 8205508 1503983   19.25436   40  208          -   17.40080      -   104 3880s
 8213433 1503677     cutoff   49               -   17.40412      -   104 3885s
 8223193 1503193 infeasible   47               -   17.40778      -   104 3890s
 8231244 1502735 infeasible   52               -   17.41087      -   104 3895s
 8239294 1502178 infeasible   45               -   17.41379      -   104 3900s
 8247081 1501275     cutoff   40               -   17.41667      -   104 3905s
 8257175 1500730     cutoff   67               -   17.42029      -   104 3910s
 8265285 1500121   17.95250   45  239          -   17.42336      -   104 3915s
 8273373 1499788   18.40309   44  261          -   17.42661      -   104 3920s
 8281417 1498304     cutoff   41               -   17.42857      -   104 3925s
 8289489 1497792   17.59960   41  233          -   17.43195      -   104 3930s
 8297446 1497105     cutoff   44               -   17.43506      -   104 3936s
 8304199 1496474     cutoff   48               -   17.43750      -   104 3940s
 8314076 1495845     cutoff   42               -   17.44118      -   104 3945s
 8322385 1495034 infeasible   38               -   17.44444      -   104 3950s
 8330425 1494450     cutoff   39               -   17.44702      -   104 3955s
 8338415 1493738   18.70743   42  236          -   17.45000      -   104 3960s
 8348221 1493079     cutoff   49               -   17.45375      -   104 3965s
 8356172 1492227   18.25959   44  209          -   17.45670      -   105 3970s
 8364503 1491725   17.68514   45  238          -   17.45963      -   105 3975s
 8372672 1490977     cutoff   38               -   17.46259      -   105 3980s
 8380622 1490413   18.85916   36  205          -   17.46577      -   105 3985s
 8388877 1489586 infeasible   44               -   17.46875      -   105 3990s
 8396914 1488895   18.01440   37  216          -   17.47183      -   105 3995s
 8405306 1488311   18.42039   42  245          -   17.47494      -   105 4000s
 8413534 1487581   18.32587   37  218          -   17.47804      -   105 4005s
 8423295 1486792 infeasible   37               -   17.48171      -   105 4011s
 8431168 1486096   17.85889   41  222          -   17.48469      -   105 4015s
 8439275 1485333     cutoff   43               -   17.48785      -   105 4020s
 8447528 1484741     cutoff   68               -   17.49091      -   105 4025s
 8455688 1484260     cutoff   34               -   17.49425      -   105 4030s
 8463756 1483799   18.09691   38  231          -   17.49756      -   105 4035s
 8471521 1481527     cutoff   37               -   17.50000      -   105 4040s
 8480129 1476227 infeasible   82               -   17.50000      -   105 4045s
 8490333 1470023     cutoff   33               -   17.50000      -   105 4050s
 8496933 1466033     cutoff   46               -   17.50000      -   105 4055s
 8505040 1464201   17.76024   57  229          -   17.50110      -   105 4060s
 8514321 1463353   18.40177   32  234          -   17.50534      -   105 4065s
 8522568 1462773     cutoff   41               -   17.50877      -   105 4070s
 8530540 1462005 infeasible   43               -   17.51217      -   105 4075s
 8538583 1461128     cutoff   37               -   17.51538      -   105 4080s
 8546896 1460449 infeasible   40               -   17.51858      -   105 4085s
 8554992 1459638 infeasible   42               -   17.52206      -   105 4090s
 8563204 1458890 infeasible   44               -   17.52518      -   105 4095s
 8571417 1458168 infeasible   54               -   17.52843      -   105 4100s
 8579610 1457330     cutoff   50               -   17.53148      -   105 4105s
 8587593 1456406   17.72195   38  229          -   17.53456      -   105 4110s
 8597086 1455267     cutoff   42               -   17.53846      -   105 4115s
 8603593 1454642   18.93710   35  228          -   17.54093      -   105 4120s
 8613336 1453464     cutoff   39               -   17.54496      -   105 4125s
 8619565 1452575     cutoff   46               -   17.54707      -   105 4130s
 8627977 1451649   19.10891   37  231          -   17.55039      -   105 4135s
 8636191 1450760     cutoff   37               -   17.55396      -   105 4140s
 8644067 1449369     cutoff   35               -   17.55691      -   105 4145s
 8652281 1448430 infeasible   43               -   17.56009      -   105 4150s
 8660526 1447492   18.10737   43  230          -   17.56321      -   105 4155s
 8668787 1446634   18.06178   40  223          -   17.56645      -   105 4160s
 8676794 1445733   19.18843   45  254          -   17.56969      -   105 4165s
 8684814 1444056     cutoff   37               -   17.57224      -   105 4171s
 8691361 1443361     cutoff   45               -   17.57494      -   105 4175s
 8699325 1442372     cutoff   51               -   17.57825      -   105 4180s
 8707584 1441320     cutoff   49               -   17.58144      -   105 4185s
 8715534 1439835 infeasible   33               -   17.58426      -   105 4190s
 8723893 1438943     cutoff   31               -   17.58762      -   105 4195s
 8732192 1437932 infeasible   43               -   17.59066      -   105 4200s
 8740092 1436952     cutoff   46               -   17.59375      -   105 4205s
 8748217 1436110     cutoff   52               -   17.59701      -   105 4211s
 8754777 1434974     cutoff   49               -   17.59987      -   105 4215s
 8762932 1432461   17.93621   38  222          -   17.60108      -   105 4220s
 8771113 1431514     cutoff   38               -   17.60455      -   105 4225s
 8779051 1430512     cutoff   43               -   17.60761      -   105 4230s
 8787355 1429438   18.19348   41  233          -   17.61094      -   105 4235s
 8795435 1428428     cutoff   35               -   17.61381      -   105 4240s
 8803466 1427071   18.00239   32  194          -   17.61678      -   105 4245s
 8809917 1426036   18.69310   38  224          -   17.61953      -   105 4250s
 8817887 1424778     cutoff   73               -   17.62289      -   105 4255s
 8825980 1422747   18.13983   41  233          -   17.62500      -   105 4260s
 8834078 1421714     cutoff   35               -   17.62857      -   106 4265s
 8840727 1420685     cutoff   34               -   17.63136      -   106 4270s
 8849067 1419738   18.30157   36  195          -   17.63455      -   106 4275s
 8857153 1418360     cutoff   48               -   17.63754      -   106 4280s
 8864982 1417192     cutoff   47               -   17.64085      -   106 4285s
 8873192 1415651     cutoff   54               -   17.64385      -   106 4291s
 8879833 1414695   17.76088   40  239          -   17.64655      -   106 4295s
 8887905 1413392   19.00000   37    1          -   17.64979      -   106 4300s
 8895885 1412153     cutoff   43               -   17.65303      -   106 4305s
 8904003 1410906     cutoff   52               -   17.65625      -   106 4310s
 8911907 1409661 infeasible   74               -   17.65957      -   106 4315s
 8918742 1408769     cutoff   38               -   17.66232      -   106 4320s
 8926615 1407426   19.46980   38  160          -   17.66605      -   106 4325s
 8935337 1401976   18.80471   56  209          -   17.66667      -   106 4331s
 8942490 1398661 infeasible   84               -   17.66674      -   106 4335s
 8949936 1397433   18.00000   45   34          -   17.67046      -   106 4340s
 8958165 1396381   18.49215   45  220          -   17.67392      -   106 4345s
 8966034 1395053   18.55442   39  251          -   17.67726      -   106 4350s
 8974007 1393677   18.57073   41  251          -   17.68036      -   106 4355s
 8982409 1392340     cutoff   38               -   17.68381      -   106 4360s
 8988653 1391351 infeasible   51               -   17.68627      -   106 4365s
 8996900 1389898     cutoff   49               -   17.68946      -   106 4370s
 9005064 1388503   18.39590   35  251          -   17.69245      -   106 4375s
 9012870 1387060     cutoff   53               -   17.69578      -   106 4381s
 9019448 1385990     cutoff   51               -   17.69839      -   106 4385s
 9027655 1384004     cutoff   36               -   17.70122      -   106 4390s
 9034407 1382859     cutoff   38               -   17.70383      -   106 4395s
 9042266 1381312   18.23345   42  253          -   17.70712      -   106 4400s
 9049619 1380113     cutoff   37               -   17.70991      -   106 4406s
 9056126 1378955     cutoff   46               -   17.71288      -   106 4410s
 9064620 1376421     cutoff   29               -   17.71545      -   106 4416s
 9071135 1375135 infeasible   43               -   17.71826      -   106 4420s
 9079386 1373544     cutoff   40               -   17.72165      -   106 4425s
 9085884 1372425     cutoff   41               -   17.72431      -   106 4430s
 9093990 1370677     cutoff   35               -   17.72727      -   106 4435s
 9101997 1369061     cutoff   58               -   17.73077      -   106 4440s
 9110428 1367490   18.74719   47  220          -   17.73402      -   106 4446s
 9116909 1366240     cutoff   45               -   17.73680      -   106 4450s
 9124968 1364637     cutoff   56               -   17.74000      -   106 4455s
 9129717 1363863   18.23303   43  230          -   17.74215      -   106 4460s
 9129947 1363801     cutoff   36               -   17.74257      -   106 4466s
 9130135 1363691     cutoff   45               -   17.74283      -   106 4470s
 9130591 1363545 infeasible   34               -   17.74306      -   106 4475s
 9133444 1362674 infeasible   41               -   17.74348      -   106 4480s
 9139518 1361539     cutoff   33               -   17.74694      -   106 4485s
 9147703 1357970 infeasible   69               -   17.75000      -   106 4490s
 9157125 1353456 infeasible   64               -   17.75000      -   106 4495s
 9165189 1351901     cutoff   37               -   17.75390      -   106 4500s
 9171578 1350667     cutoff   47               -   17.75663      -   106 4505s
 9179731 1348867   18.06884   47  215          -   17.76015      -   106 4510s
 9187843 1347219     cutoff   35               -   17.76336      -   106 4515s
 9196038 1345483 infeasible   42               -   17.76667      -   106 4521s
 9202639 1343993 infeasible   42               -   17.76937      -   106 4525s
 9210693 1342249     cutoff   50               -   17.77273      -   106 4530s
 9218708 1340492     cutoff   48               -   17.77607      -   106 4535s
 9225175 1338552     cutoff   32               -   17.77842      -   106 4540s
 9233383 1336905     cutoff   40               -   17.78187      -   106 4545s
 9241570 1335316     cutoff   56               -   17.78511      -   106 4550s
 9249556 1333402   18.56415   41  225          -   17.78832      -   106 4555s
 9257544 1331441     cutoff   45               -   17.79183      -   106 4560s
 9263972 1329996   18.15881   49  210          -   17.79457      -   106 4565s
 9272203 1328324     cutoff   33               -   17.79817      -   106 4570s
 9279195 1324747 infeasible   46               -   17.80000      -   106 4575s
 9287113 1322806     cutoff   45               -   17.80254      -   106 4580s
 9294846 1320959     cutoff   43               -   17.80609      -   106 4585s
 9302903 1318836 infeasible   47               -   17.80952      -   106 4590s
 9309432 1317131     cutoff   51               -   17.81250      -   106 4595s
 9317446 1315110 infeasible   53               -   17.81579      -   107 4601s
 9324234 1313251     cutoff   35               -   17.81818      -   107 4605s
 9332446 1311457 infeasible   35               -   17.82168      -   107 4610s
 9338801 1309709   18.22444   38  219          -   17.82439      -   107 4615s
 9346826 1307657     cutoff   43               -   17.82788      -   107 4620s
 9354831 1306028   18.25445   39  223          -   17.83157      -   107 4625s
 9361647 1302118 infeasible   45               -   17.83333      -   107 4630s
 9369933 1300281 infeasible   44               -   17.83613      -   107 4635s
 9377870 1298346     cutoff   33               -   17.83954      -   107 4640s
 9384521 1296780     cutoff   46               -   17.84228      -   107 4645s
 9392645 1294389     cutoff   38               -   17.84596      -   107 4650s
 9400735 1292258     cutoff   48               -   17.84932      -   107 4655s
 9408874 1290199     cutoff   37               -   17.85264      -   107 4661s
 9415481 1288587     cutoff   41               -   17.85557      -   107 4665s
 9424152 1285463   18.04123   38  210          -   17.85811      -   107 4670s
 9430910 1283868 infeasible   46               -   17.86095      -   107 4675s
 9438518 1281701   18.33987   38  238          -   17.86432      -   107 4680s
 9446800 1279333 infeasible   38               -   17.86779      -   107 4685s
 9453324 1277547     cutoff   40               -   17.87057      -   107 4690s
 9461432 1275354 infeasible   39               -   17.87412      -   107 4695s
 9469643 1272034     cutoff   40               -   17.87664      -   107 4701s
 9475903 1270246 infeasible   38               -   17.87964      -   107 4705s
 9484264 1268048   18.31424   44  214          -   17.88304      -   107 4710s
 9492321 1265918     cutoff   42               -   17.88636      -   107 4715s
 9500597 1263038     cutoff   40               -   17.88947      -   107 4720s
 9506935 1261175   18.64749   37  228          -   17.89238      -   107 4725s
 9514905 1258963     cutoff   39               -   17.89583      -   107 4730s
 9521382 1257149     cutoff   40               -   17.89894      -   107 4735s
 9529625 1254191 infeasible   41               -   17.90179      -   107 4740s
 9536102 1252354     cutoff   58               -   17.90476      -   107 4745s
 9543937 1249744     cutoff   42               -   17.90840      -   107 4750s
 9552100 1247252     cutoff   41               -   17.91162      -   107 4755s
 9558557 1245250     cutoff   42               -   17.91448      -   107 4760s
 9566573 1242299     cutoff   53               -   17.91753      -   107 4766s
 9573024 1240177   18.54391   34  223          -   17.92070      -   107 4770s
 9581129 1237445 infeasible   35               -   17.92424      -   107 4776s
 9587603 1235460     cutoff   41               -   17.92715      -   107 4780s
 9595764 1232521     cutoff   37               -   17.93065      -   107 4786s
 9602136 1230181     cutoff   53               -   17.93336      -   107 4790s
 9608610 1228291     cutoff   39               -   17.93651      -   107 4795s
 9616806 1225468     cutoff   50               -   17.93984      -   107 4800s
 9625090 1223023 infeasible   53               -   17.94326      -   107 4806s
 9631537 1220729   18.52510   47  249          -   17.94609      -   107 4810s
 9639667 1218141   18.28781   35  232          -   17.94957      -   107 4815s
 9646334 1216131   19.04153   37  234          -   17.95238      -   107 4820s
 9654359 1213516     cutoff   43               -   17.95584      -   107 4826s
 9660934 1211499     cutoff   49               -   17.95853      -   107 4830s
 9668797 1208658 infeasible   40               -   17.96214      -   107 4836s
 9675262 1206406     cutoff   48               -   17.96507      -   107 4840s
 9681534 1204204   18.63085   33  168          -   17.96797      -   107 4845s
 9689702 1201517     cutoff   50               -   17.97170      -   107 4850s
 9696150 1199249   19.02436   44  188          -   17.97476      -   107 4855s
 9704072 1196276     cutoff   34               -   17.97863      -   107 4860s
 9710530 1193928     cutoff   37               -   17.98185      -   107 4865s
 9718920 1191372   18.64795   34  229          -   17.98589      -   107 4870s
 9725432 1189160     cutoff   47               -   17.98904      -   107 4875s
 9733596 1186631   18.49191   45  212          -   17.99307      -   107 4880s
 9741547 1184037   18.87690   37  235          -   17.99729      -   107 4885s
 9748665 1180136   18.64643   40  188          -   18.00000      -   107 4890s
 9759401 1171437 infeasible   80               -   18.00000      -   107 4896s
 9770747 1160405 infeasible   71               -   18.00000      -   107 4901s
 9782163 1149096 infeasible   77               -   18.00000      -   107 4905s
 9796063 1137142     cutoff   51               -   18.00000      -   107 4911s
 9806700 1126173 infeasible   41               -   18.00000      -   107 4916s
 9820525 1113722     cutoff   61               -   18.00000      -   107 4921s
 9832963 1105121     cutoff   41               -   18.00000      -   107 4927s
 9841296 1103199     cutoff   42               -   18.00067      -   107 4930s
 9848388 1100836     cutoff   44               -   18.00474      -   107 4935s
 9854872 1098350     cutoff   53               -   18.00866      -   107 4940s
 9862398 1095641   18.59818   32  236          -   18.01292      -   107 4945s
 9870066 1092767     cutoff   56               -   18.01724      -   107 4950s
 9876317 1090457     cutoff   41               -   18.02058      -   107 4955s
 9882828 1088106     cutoff   41               -   18.02403      -   107 4960s
 9890990 1085241   18.45565   35  212          -   18.02827      -   107 4965s
 9897514 1083032     cutoff   54               -   18.03153      -   107 4970s
 9903883 1080519     cutoff   43               -   18.03491      -   107 4975s
 9912102 1077421     cutoff   32               -   18.03926      -   107 4980s
 9918588 1075100 infeasible   43               -   18.04260      -   107 4985s
 9926733 1071847     cutoff   47               -   18.04707      -   107 4991s
 9933304 1069205     cutoff   43               -   18.05031      -   107 4995s
 9939866 1066819     cutoff   40               -   18.05357      -   107 5000s
 9946514 1063978     cutoff   43               -   18.05701      -   107 5005s
 9954851 1060801 infeasible   49               -   18.06122      -   107 5010s
 9961696 1058097   19.16377   43  215          -   18.06452      -   107 5015s
 9968557 1055454 infeasible   82               -   18.06776      -   107 5020s
 9975545 1052488   18.27006   44  220          -   18.07110      -   107 5025s
 9983641 1049276 infeasible   45               -   18.07500      -   107 5030s
 9990149 1046335   18.92355   41  218          -   18.07853      -   107 5035s
 9996836 1043454     cutoff   52               -   18.08174      -   107 5040s
 10004781 1040150   18.89549   43  182          -   18.08548      -   107 5045s
 10011203 1037372     cutoff   37               -   18.08886      -   107 5050s
 10018621 1034036 infeasible   45               -   18.09249      -   107 5055s
 10025041 1031369   18.83988   44  263          -   18.09564      -   107 5060s
 10031543 1027508   18.21527   48  202          -   18.09917      -   107 5065s
 10041092 1024079 infeasible   39               -   18.10329      -   107 5070s
 10047928 1021247 infeasible   41               -   18.10663      -   107 5075s
 10054504 1017699     cutoff   36               -   18.11000      -   107 5081s
 10062564 1014582   18.92723   33  228          -   18.11360      -   107 5086s
 10069222 1011492     cutoff   37               -   18.11702      -   107 5090s
 10075700 1008607 infeasible   49               -   18.12037      -   108 5095s
 10082428 1003883     cutoff   43               -   18.12402      -   108 5101s
 10091050 1000935 infeasible   44               -   18.12753      -   108 5106s
 10097967 997931 infeasible   52               -   18.13095      -   108 5111s
 10104964 994536     cutoff   38               -   18.13452      -   108 5115s
 10112034 991218     cutoff   43               -   18.13809      -   108 5121s
 10118486 986678     cutoff   45               -   18.14167      -   108 5126s
 10125510 984296 infeasible   43               -   18.14444      -   108 5130s
 10132164 981119   19.06887   46  242          -   18.14815      -   108 5135s
 10139168 977705     cutoff   48               -   18.15183      -   108 5140s
 10146396 973709     cutoff   39               -   18.15571      -   108 5145s
 10153630 970260   18.77866   39  249          -   18.15938      -   108 5150s
 10160519 967130     cutoff   44               -   18.16279      -   108 5155s
 10165255 960727     cutoff   48               -   18.16572      -   108 5161s
 10174884 958638     cutoff   44               -   18.16857      -   108 5165s
 10182889 954684     cutoff   36               -   18.17280      -   108 5170s
 10189669 951162     cutoff   50               -   18.17647      -   108 5175s
 10196814 947452     cutoff   41               -   18.18010      -   108 5181s
 10203204 944371     cutoff   51               -   18.18310      -   108 5185s
 10210648 940152     cutoff   40               -   18.18717      -   108 5190s
 10218178 936492     cutoff   50               -   18.19090      -   108 5195s
 10225334 932940     cutoff   34               -   18.19469      -   108 5200s
 10232252 925510     cutoff   35               -   18.19841      -   108 5208s
 10241009 923892 infeasible   35               -   18.20086      -   108 5210s
 10247428 920267     cutoff   47               -   18.20431      -   108 5215s
 10254560 916352 infeasible   48               -   18.20820      -   108 5220s
 10262193 912429     cutoff   43               -   18.21212      -   108 5225s
 10268639 908860     cutoff   31               -   18.21519      -   108 5230s
 10275913 904866     cutoff   43               -   18.21913      -   108 5235s
 10284346 900859     cutoff   52               -   18.22311      -   108 5240s
 10291666 895825     cutoff   33               -   18.22717      -   108 5246s
 10297682 891841     cutoff   44               -   18.23052      -   108 5250s
 10306065 887392     cutoff   58               -   18.23485      -   108 5256s
 10311828 884162     cutoff   41               -   18.23791      -   108 5260s
 10319144 880067     cutoff   40               -   18.24189      -   108 5265s
 10326074 876084     cutoff   48               -   18.24603      -   108 5270s
 10331005 867484     cutoff   45               -   18.24895      -   108 5277s
 10339593 863611     cutoff   60               -   18.25000      -   108 5280s
 10350631 859272     cutoff   38               -   18.25454      -   108 5286s
 10357440 855485     cutoff   36               -   18.25835      -   108 5291s
 10362973 852225     cutoff   33               -   18.26130      -   108 5295s
 10370159 847838     cutoff   42               -   18.26511      -   108 5300s
 10378435 843047     cutoff   47               -   18.26959      -   108 5305s
 10384378 839435     cutoff   83               -   18.27273      -   108 5310s
 10391091 834868     cutoff   39               -   18.27682      -   108 5315s
 10398706 830514     cutoff   56               -   18.28105      -   108 5320s
 10403989 824860     cutoff   34               -   18.28421      -   108 5325s
 10413812 820795     cutoff   48               -   18.28859      -   108 5330s
 10421148 815814     cutoff   43               -   18.29286      -   108 5336s
 10427616 812102     cutoff   39               -   18.29630      -   108 5340s
 10435129 806966     cutoff   49               -   18.30000      -   108 5345s
 10442510 802550     cutoff   43               -   18.30424      -   108 5350s
 10450829 797202     cutoff   40               -   18.30864      -   108 5356s
 10456788 792965 infeasible   46               -   18.31246      -   108 5360s
 10465003 788075     cutoff   41               -   18.31673      -   108 5366s
 10471210 784093     cutoff   44               -   18.32026      -   108 5370s
 10478839 779227 infeasible   32               -   18.32476      -   108 5375s
 10485931 774720     cutoff   80               -   18.32912      -   108 5380s
 10490738 765101     cutoff   42               -   18.33234      -   108 5386s
 10499359 757784     cutoff   37               -   18.33333      -   108 5391s
 10511871 754407     cutoff   34               -   18.33750      -   108 5395s
 10518409 750092     cutoff   54               -   18.34147      -   108 5400s
 10525823 745175 infeasible   37               -   18.34599      -   108 5405s
 10535117 738990 infeasible   41               -   18.35139      -   108 5411s
 10540977 735227     cutoff   47               -   18.35484      -   108 5415s
 10549322 729488 infeasible   43               -   18.35947      -   108 5421s
 10554745 725017     cutoff   44               -   18.36277      -   108 5425s
 10563181 719969     cutoff   57               -   18.36746      -   108 5430s
 10570934 714991     cutoff   38               -   18.37202      -   108 5435s
 10579875 708717     cutoff   38               -   18.37557      -   108 5441s
 10586684 703697 infeasible   39               -   18.38019      -   108 5446s
 10592147 699227     cutoff   41               -   18.38356      -   108 5450s
 10600831 693425   18.77301   36  236          -   18.38880      -   108 5456s
 10607404 689200     cutoff   48               -   18.39255      -   108 5460s
 10614955 684311     cutoff   32               -   18.39722      -   108 5465s
 10625553 675843     cutoff   48               -   18.40064      -   108 5471s
 10632084 670891     cutoff   52               -   18.40515      -   108 5475s
 10639567 665276     cutoff   72               -   18.41005      -   108 5481s
 10645803 661006 infeasible   37               -   18.41379      -   108 5485s
 10654634 654319     cutoff   49               -   18.41905      -   108 5491s
 10660484 649879 infeasible   48               -   18.42282      -   108 5495s
 10667639 641578 infeasible   49               -   18.42754      -   108 5501s
 10673697 640954 infeasible   44               -   18.42966      -   108 5505s
 10674861 640028     cutoff   36               -   18.43049      -   108 5512s
 10675296 639583     cutoff   44               -   18.43058      -   108 5516s
 10677329 637850     cutoff   39               -   18.43149      -   108 5521s
 10679035 636513     cutoff   54               -   18.43233      -   108 5526s
 10681045 634859 infeasible   49               -   18.43333      -   108 5532s
 10684554 631251 infeasible   42               -   18.43478      -   108 5536s
 10688973 628054     cutoff   60               -   18.43931      -   108 5540s
 10694069 621934     cutoff   40               -   18.44345      -   108 5545s
 10706127 615242     cutoff   57               -   18.45034      -   108 5550s
 10713633 609715 infeasible   38               -   18.45465      -   108 5555s
 10720991 603094     cutoff   40               -   18.45987      -   108 5561s
 10727587 598667     cutoff   48               -   18.46405      -   108 5565s
 10735751 592225     cutoff   39               -   18.46923      -   108 5570s
 10740269 590434 infeasible   49               -   18.47203      -   108 5575s
 10741309 589530 infeasible   39               -   18.47279      -   108 5581s
 10742330 588589     cutoff   39               -   18.47356      -   108 5586s
 10742845 588105 infeasible   39               -   18.47394      -   108 5590s
 10743474 587370     cutoff   41               -   18.47445      -   108 5595s
 10748547 582143 infeasible   57               -   18.47540      -   108 5600s
 10755785 576383     cutoff   53               -   18.48300      -   108 5605s
 10763518 571367     cutoff   46               -   18.48775      -   108 5610s
 10771031 565313     cutoff   54               -   18.49366      -   108 5615s
 10777821 553752     cutoff   39               -   18.49939      -   108 5622s
 10786290 545736     cutoff   69               -   18.50000      -   108 5625s
 10803007 529758     cutoff   39               -   18.50000      -   108 5631s
 10817045 524000     cutoff   42               -   18.50193      -   108 5635s
 10824172 518239 infeasible   40               -   18.50759      -   108 5640s
 10831400 512532 infeasible   41               -   18.51309      -   108 5645s
 10839646 505964     cutoff   48               -   18.51923      -   108 5650s
 10848134 499320 infeasible   41               -   18.52553      -   108 5655s
 10855192 494013 infeasible   44               -   18.53089      -   108 5660s
 10862140 488303     cutoff   53               -   18.53598      -   108 5665s
 10869487 482102     cutoff   34               -   18.54155      -   108 5670s
 10878737 474470     cutoff   48               -   18.54819      -   108 5675s
 10886006 466968     cutoff   51               -   18.55407      -   108 5681s
 10894497 461621     cutoff   45               -   18.56000      -   108 5685s
 10903415 454333     cutoff   54               -   18.56675      -   108 5690s
 10908205 447637     cutoff   40               -   18.57083      -   108 5695s
 10918967 441161 infeasible   37               -   18.57813      -   108 5700s
 10927015 434549     cutoff   49               -   18.58387      -   108 5705s
 10935595 427271     cutoff   45               -   18.59091      -   108 5710s
 10943816 420424     cutoff   42               -   18.59799      -   107 5715s
 10953548 411874   18.66226   33  224          -   18.60286      -   107 5720s
 10961233 404622     cutoff   51               -   18.60973      -   107 5725s
 10969943 397618     cutoff   62               -   18.61667      -   107 5730s
 10977939 387593     cutoff   51               -   18.62398      -   107 5736s
 10987389 382313     cutoff   49               -   18.63034      -   107 5740s
 10996041 374952     cutoff   44               -   18.63761      -   107 5745s
 11004822 367371     cutoff   44               -   18.64520      -   107 5750s
 11013235 359799 infeasible   51               -   18.65289      -   107 5755s
 11021325 352884     cutoff   41               -   18.66049      -   107 5760s
 11034029 335280     cutoff   65               -   18.66667      -   107 5767s
 11045257 331091     cutoff   47               -   18.67273      -   107 5770s
 11053415 323681 infeasible   48               -   18.68085      -   107 5775s
 11062889 315303     cutoff   43               -   18.69003      -   107 5780s
 11071086 306269 infeasible   46               -   18.69848      -   107 5785s
 11080594 299269     cutoff   39               -   18.70711      -   107 5790s
 11086979 291373     cutoff   41               -   18.71409      -   107 5795s
 11098595 282995     cutoff   42               -   18.72477      -   107 5800s
 11108808 273447     cutoff   44               -   18.73523      -   107 5805s
 11116783 266406     cutoff   55               -   18.74435      -   107 5810s
 11131073 253337   19.23343   39  251          -   18.75130      -   107 5815s
 11138912 245792     cutoff   53               -   18.76136      -   107 5820s
 11149557 235938     cutoff   47               -   18.77434      -   107 5825s
 11158278 227528     cutoff   59               -   18.78505      -   107 5830s
 11167860 218753     cutoff   42               -   18.79739      -   107 5835s
 11179973 207413     cutoff   40               -   18.81023      -   107 5840s
 11189662 198320     cutoff   48               -   18.82353      -   107 5845s
 11201524 187246     cutoff   35               -   18.83711      -   107 5850s
 11212156 177172     cutoff   38               -   18.85386      -   107 5855s
 11224632 164569     cutoff   58               -   18.87288      -   107 5860s
 11234599 155374     cutoff   38               -   18.88845      -   107 5865s
 11246378 144488     cutoff   46               -   18.90863      -   107 5870s
 11258001 133262     cutoff   52               -   18.93103      -   107 5875s
 11271303 120521     cutoff   54               -   18.96170      -   106 5880s
 11284945 101100     cutoff   49               -   19.00000      -   106 5886s
 11317149 69046 infeasible   49               -   19.00000      -   106 5890s

Cutting planes:
  Gomory: 33
  Implied bound: 1119
  MIR: 137
  Zero half: 509
  Relax-and-lift: 9

Explored 11338970 nodes (1202029049 simplex iterations) in 5893.20 seconds (15340.52 work units)
Thread count was 16 (of 64 available processors)

Solution count 0

Model objective exceeds cutoff
Best objective -, best bound 1.950000000205e+01, gap -
