nohup: ignoring input
[2026-09-10 17:49:38] === b336_12_23_ii [[336,12]] dX sectors 1-2 of 12  cutoff=22.5 threads=8 nodefile=5GB
Restricted license - for non-production use only - expires 2027-11-29
Set parameter OutputFlag to value 1
Set parameter LogFile to value "b336_12_23_ii_dX_1-2_gurobi.log"
Set parameter Threads to value 8
Set parameter NodefileStart to value 5
Set parameter NodefileDir to value "."
Set parameter SoftMemLimit to value 12
Set parameter Cutoff to value 22.5
Set parameter MIPFocus to value 3
Set parameter Symmetry to value 2
Gurobi Optimizer version 13.0.3 build v13.0.3rc0 (linux64 - "Ubuntu 24.04.4 LTS")

CPU model: AMD Ryzen Threadripper PRO 9975WX 32-Cores, instruction set [SSE2|AVX|AVX2|AVX512]
Thread count: 32 physical cores, 64 logical processors, using up to 8 threads

Non-default parameters:
Cutoff  22.5
SoftMemLimit  12
MIPFocus  3
NodefileStart  5
Symmetry  2
Threads  8

Optimize a model with 169 rows, 505 columns and 1377 nonzeros (Min)
Model fingerprint: 0x7420d2ca
Model has 336 linear objective coefficients
Variable types: 0 continuous, 505 integer (336 binary)
Coefficient statistics:
  Matrix range     [1e+00, 2e+00]
  Objective range  [1e+00, 1e+00]
  Bounds range     [1e+00, 2e+01]
  RHS range        [1e+00, 1e+00]

Presolve time: 0.00s
Presolved: 169 rows, 505 columns, 1377 nonzeros
Variable types: 0 continuous, 505 integer (336 binary)
Root relaxation presolve removed 169 rows and 505 columns
Root relaxation presolve: All rows and columns removed

Root relaxation: objective 1.000000e+00, 0 iterations, 0.00 seconds (0.00 work units)

    Nodes    |    Current Node    |     Objective Bounds      |     Work
 Expl Unexpl |  Obj  Depth IntInf | Incumbent    BestBd   Gap | It/Node Time

     0     0    1.00000    0    4          -    1.00000      -     -    0s
     0     0    1.00000    0    4          -    1.00000      -     -    0s
     0     0    1.00000    0    4          -    1.00000      -     -    0s
     0     0    2.00000    0    4          -    2.00000      -     -    0s
     0     0    3.00000    0    4          -    3.00000      -     -    0s
     0     2    3.00000    0    4          -    3.00000      -     -    0s
 14209 11815   13.77417   26  180          -    8.66667      -  33.9    5s
 23372 19250   13.85957   25  201          -    9.00000      -  39.9   10s
 32364 25245   13.95755   30  206          -    9.17397      -  43.0   15s
 39264 30867   12.72781   22  234          -    9.48148      -  46.6   20s
 47488 36423   13.53809   31  178          -    9.71429      -  49.3   25s
 54540 41460   14.00000   34    1          -    9.93333      -  51.1   30s
 63965 46907   13.40984   30  139          -   10.00000      -  51.3   35s
 67923 49814   14.11057   30  216          -   10.00000      -  51.6   40s
 76491 55975   14.70423   35  224          -   10.26911      -  52.4   45s
 88241 63945   11.23030   36  205          -   10.60000      -  52.8   50s
 97750 70375   16.28505   42  204          -   10.87500      -  52.6   55s
 109408 77661   15.63516   24  177          -   11.00000      -  52.6   60s
 119128 83871   12.65840   25  203          -   11.16118      -  52.7   65s
 129119 90621   12.82941   43  204          -   11.40000      -  52.9   70s
 137868 96504   14.09363   30  190          -   11.52941      -  53.2   75s
 147745 103166   14.21869   27  164          -   11.71429      -  53.4   80s
 156459 109107   15.12021   37  174          -   11.84152      -  53.5   85s
 166722 116144   12.65645   33  191          -   11.98384      -  53.8   90s
 177074 122008   20.57940   32  153          -   12.00000      -  53.9   95s
 186987 127829   12.33230   29  141          -   12.04918      -  53.9  100s
 195930 133806   15.93025   36  170          -   12.16667      -  53.9  105s
 204640 139924   14.16450   25  163          -   12.25115      -  54.0  110s
 214366 146432   17.33650   28  183          -   12.35294      -  54.1  115s
 221289 151090   13.50000   32   60          -   12.42099      -  54.2  120s
 228954 156584   13.78068   30  246          -   12.48889      -  54.3  125s
 237975 162068   13.20275   23  241          -   12.52358      -  54.5  130s
 248224 168892   15.53000   28  168          -   12.60000      -  54.4  135s
 256209 174302   14.73786   27  128          -   12.66667      -  54.5  140s
 264677 179925   14.01155   33  232          -   12.71877      -  54.6  145s
 274975 186659   15.13821   24  189          -   12.77778      -  54.7  150s
 284280 192941   14.06597   29  185          -   12.83333      -  54.7  155s
 292796 198667   16.85439   32  180          -   12.88889      -  54.9  160s
 300844 204137   14.00925   31  149          -   12.93155      -  55.0  165s
 312543 212072   13.74998   30  251          -   12.99359      -  55.1  170s
 324332 218386   16.72507   39  183          -   13.00000      -  55.1  175s
 333050 222767   17.16710   31  213          -   13.00000      -  55.2  180s
 340121 227371   13.61094   26  208          -   13.03719      -  55.3  185s
 345672 231117   16.43328   31  233          -   13.06452      -  55.3  190s
 352940 235720   13.78097   27  149          -   13.09808      -  55.4  195s
 362403 241910   14.32891   23  178          -   13.14285      -  55.5  200s
 371979 247857   14.04825   26  211          -   13.17986      -  55.5  205s
 380393 253639   13.46853   32  191          -   13.21538      -  55.6  210s
 390781 259708   16.41529   34  155          -   13.25000      -  55.5  215s
 398907 265150   14.10425   26  177          -   13.27508      -  55.5  220s
 408226 271174   15.12855   36  172          -   13.30883      -  55.6  225s
 416131 275743   16.07835   34  178          -   13.33333      -  55.6  230s
 424263 280938   14.23864   25  117          -   13.35507      -  55.7  235s
 431919 285795   15.29282   36  176          -   13.38095      -  55.7  240s
 440267 291217   16.09156   31  148          -   13.41221      -  55.8  245s
 449117 296616   14.14937   38  207          -   13.44247      -  55.8  250s
 457116 301742   14.76303   37  229          -   13.46667      -  55.9  255s
 465088 306963   16.88708   36  229          -   13.49835      -  55.9  260s
 473583 311553   15.63174   40  159          -   13.50000      -  56.1  265s
 481457 316211   18.37549   34  195          -   13.51396      -  56.1  270s
 490426 321813   14.09275   31  234          -   13.54478      -  56.1  275s
 498608 327041   14.22993   26  160          -   13.57075      -  56.2  280s
 504588 330372   14.20923   39  206          -   13.58622      -  56.2  285s
 504720 330518   13.98299   28  204          -   13.59375      -  56.3  290s
 508790 333579   17.63675   35  136          -   13.60000      -  56.3  295s
 514672 337128   16.88003   30  224          -   13.61756      -  56.4  300s
 519998 340198   16.40286   32  171          -   13.63076      -  56.4  305s
 528171 345413   16.03122   30  174          -   13.65385      -  56.5  310s
 534537 349167   15.81901   33  148          -   13.66667      -  56.6  315s
 542168 353782   14.45563   29  241          -   13.68116      -  56.7  320s
 549901 358729   16.50000   34   20          -   13.69958      -  56.7  325s
 557399 363373   14.22998   27  174          -   13.71875      -  56.8  330s
 566353 368705   15.49500   28  201          -   13.74075      -  56.8  335s
 574371 373656   17.14775   33  204          -   13.75035      -  56.9  340s
 582351 378814   14.21965   30  220          -   13.77008      -  57.0  345s
 591791 384615   17.56983   38  188          -   13.79024      -  57.1  350s
 599968 389755   16.51204   31  194          -   13.80580      -  57.2  355s
 608341 394751   16.34019   29  234          -   13.82292      -  57.2  360s
 616038 399453   17.15954   35  217          -   13.83770      -  57.3  365s
 625454 405100   17.81618   34  232          -   13.85714      -  57.3  370s
 633485 409995   16.68678   35  188          -   13.87500      -  57.3  375s
 641695 415241   14.14637   31  209          -   13.89046      -  57.4  380s
 649721 420119   15.28694   33  232          -   13.90566      -  57.4  385s
 657561 424881   15.75760   30  195          -   13.92074      -  57.5  390s
 665641 429949   14.70650   34  245          -   13.93644      -  57.5  395s
 673783 434927   17.40977   29  111          -   13.95085      -  57.5  400s
 682214 440081   15.67151   37  215          -   13.96752      -  57.6  405s
 691861 446107   18.39383   31  180          -   13.98630      -  57.6  410s
 699194 450432   14.29795   36  215          -   14.00000      -  57.7  415s
 707654 454837   14.87500   37   59          -   14.00000      -  57.8  420s
 717727 459477   17.81522   33  173          -   14.00000      -  57.9  425s
 726928 464031   17.38834   28  232          -   14.00000      -  58.0  430s
 735616 469069   14.85751   31  255          -   14.00680      -  58.1  435s
 743691 473859   17.00000   26  128          -   14.02457      -  58.1  440s
 751798 478913   17.45667   32  243          -   14.04248      -  58.2  445s
 760207 483989   16.02466   33  239          -   14.05948      -  58.2  450s
 768664 489018   14.33519   34  231          -   14.07542      -  58.2  455s
 777828 494633   16.75456   38  173          -   14.09394      -  58.3  460s
 785756 499366   21.43414   38  181          -   14.11017      -  58.3  465s
 793907 504312   17.18767   32  158          -   14.12226      -  58.4  470s
 803696 510144   19.00000   39    1          -   14.13861      -  58.4  475s
 812286 515304   14.79021   27  196          -   14.15277      -  58.4  480s
 820187 520080   14.44086   31  171          -   14.16474      -  58.5  485s
 828776 525215   16.66464   31  149          -   14.17582      -  58.5  490s
 837905 530616   14.51241   31  236          -   14.19118      -  58.6  495s
 846744 535573   15.22106   28  219          -   14.20134      -  58.6  500s
 854406 540174   15.74029   39  184          -   14.21429      -  58.6  505s
 863077 544923   14.27434   30  127          -   14.22603      -  58.6  510s
 871159 549838   16.68450   27  197          -   14.23948      -  58.7  515s
 880546 555286   15.40845   31   87          -   14.25000      -  58.7  520s
 889822 560764   16.31444   38  219          -   14.26316      -  58.7  525s
 896589 564770   15.06573   24  267          -   14.27419      -  58.8  530s
 905006 569693   17.51379   34  179          -   14.28571      -  58.8  535s
 912073 573996   17.23288   33  199          -   14.29712      -  58.9  540s
 919528 578123   16.72063   33  197          -   14.30700      -  58.9  545s
 927326 582751   17.82410   39  122          -   14.31818      -  58.9  550s
 935589 587671   15.45903   28  186          -   14.33192      -  58.9  555s
 942673 591649   15.53100   33  180          -   14.33333      -  59.0  560s
 951960 596764   18.84077   43  179          -   14.34428      -  59.0  565s
 960062 601352   18.18294   41  178          -   14.35676      -  59.0  570s
 968850 606428   16.37774   35  206          -   14.37037      -  59.0  575s
 977691 611656   15.17940   42  206          -   14.38274      -  59.0  580s
 985190 616190   15.44524   32  172          -   14.39312      -  59.1  585s
 993537 620792   16.45290   41  195          -   14.40080      -  59.1  590s
 1001809 625498   15.09371   27  254          -   14.41360      -  59.1  595s
 1010705 630828   15.53815   32  184          -   14.42593      -  59.2  600s
 1019335 635852   16.38280   31  218          -   14.43466      -  59.2  605s
 1026578 640208   16.97516   34  215          -   14.44444      -  59.2  610s
 1035521 645577   16.60160   36  240          -   14.45455      -  59.2  615s
 1047604 652368   17.13273   36  201          -   14.47103      -  59.3  620s
 1059051 659050   15.83333   41  113          -   14.48333      -  59.3  625s
 1068553 664440   14.95373   35  193          -   14.49953      -  59.3  630s
 1078082 669633   17.92949   46  145          -   14.50000      -  59.4  635s
 1088306 674689   16.93217   31  187          -   14.50000      -  59.4  640s
 1100720 681932   15.70726   32  242          -   14.51249      -  59.4  645s
 1110318 687795   16.39458   38  148          -   14.52632      -  59.5  650s
 1119900 693278   17.02583   34  237          -   14.53939      -  59.5  655s
 1129950 698997   16.40175   30  191          -   14.55209      -  59.5  660s
 1142121 706086   16.67942   33  222          -   14.56701      -  59.5  665s
 1152788 712260   15.57788   33  248          -   14.57843      -  59.5  670s
 1162581 717789   18.32688   31  182          -   14.59119      -  59.5  675s
 1171767 722920   15.56080   33  226          -   14.60000      -  59.5  680s
 1180691 728094   15.11561   32  229          -   14.60967      -  59.5  685s
 1187973 732503   17.61236   30  204          -   14.61765      -  59.6  690s
 1196673 737359   15.27768   38  218          -   14.62637      -  59.6  695s
 1206268 742650   16.08419   30  173          -   14.63781      -  59.6  700s
 1214125 747231   15.74244   34  188          -   14.64674      -  59.6  705s
 1224092 753144   17.37303   34  124          -   14.65897      -  59.6  710s
 1232252 757715   16.94309   33  124          -   14.66667      -  59.6  715s
 1240569 762278   16.68979   36  193          -   14.66667      -  59.7  720s
 1248123 766337   18.94429   37  182          -   14.67603      -  59.7  725s
 1257119 771544   16.97670   35  203          -   14.68750      -  59.7  730s
 1266598 776941   16.63271   31  174          -   14.69784      -  59.7  735s
 1275585 782021   17.88198   29  217          -   14.70714      -  59.7  740s
 1284618 787148   17.49703   35  195          -   14.71571      -  59.8  745s
 1292871 791952   17.43719   39  159          -   14.72505      -  59.8  750s
 1301645 796829   16.77319   34  184          -   14.73418      -  59.8  755s
 1310693 802165   15.39435   33  208          -   14.74528      -  59.8  760s
 1319412 806878   16.46076   30  232          -   14.75000      -  59.8  765s
 1325119 809900   15.24738   42  129          -   14.75000      -  59.8  770s
 1331589 813614   15.16952   31  214          -   14.75732      -  59.8  775s
 1341145 819134   15.67803   29  139          -   14.76744      -  59.9  780s
 1350049 824147   16.77699   39  156          -   14.77778      -  59.9  785s
 1358023 828550   16.02922   42  169          -   14.78571      -  59.9  790s
 1366859 833707   17.48613   33  144          -   14.79415      -  59.9  795s
 1374463 837905   16.99010   29  159          -   14.80000      -  59.9  800s
 1381959 842048   15.38357   28  121          -   14.80504      -  59.9  805s
 1390836 847059   16.86360   29  241          -   14.81250      -  59.9  810s
 1399010 851792   15.75498   30  225          -   14.81951      -  59.9  815s
 1407902 856789   15.41495   30  210          -   14.82895      -  60.0  820s
 1416202 861266   19.97729   33  190          -   14.83333      -  60.0  825s
 1424526 866048   16.72578   28  141          -   14.84145      -  60.0  830s
 1432279 870205   17.49735   29  169          -   14.84867      -  60.0  835s
 1441526 875207   19.59368   40  185          -   14.85714      -  60.0  840s
 1451186 880649   16.45344   32  193          -   14.86627      -  60.0  845s
 1459382 885085   17.30550   32  191          -   14.87354      -  60.0  850s
 1468442 890276   18.46061   36  211          -   14.87912      -  60.0  855s
 1476558 894878   16.72131   31  141          -   14.88658      -  60.0  860s
 1484952 899705   16.20956   37  247          -   14.89353      -  60.0  865s
 1491978 903720   15.94935   32  213          -   14.90000      -  60.1  870s
 1501596 909147   16.41631   33  196          -   14.90865      -  60.1  875s
 1511998 914990   16.54007   32  181          -   14.91703      -  60.1  880s
 1520929 920206   16.76433   28  219          -   14.92453      -  60.1  885s
 1529941 925166   18.62500   41  127          -   14.93333      -  60.1  890s
 1539111 930279   15.79638   39  217          -   14.94068      -  60.1  895s
 1549649 936139   15.05967   38  155          -   14.94888      -  60.1  900s
 1559907 941969   19.06552   38  181          -   14.95801      -  60.1  905s
 1568758 946891   16.71843   36  174          -   14.96552      -  60.1  910s
 1576543 951086   17.15455   30  174          -   14.97210      -  60.1  915s
 1583346 954492   16.57120   27  187          -   14.97778      -  60.2  920s
 1584868 955501   16.29049   30  160          -   14.98037      -  60.2  925s
 1587994 957364   15.67522   34  148          -   14.98472      -  60.2  930s
 1591460 959466   15.33867   31  240          -   14.98718      -  60.2  935s
 1597853 963168   15.35979   27  227          -   14.99458      -  60.2  940s
 1603948 966525   17.50190   39  180          -   15.00000      -  60.2  945s
 1611929 970150   17.59353   40  129          -   15.00000      -  60.2  950s
 1619497 973756   17.51351   32  195          -   15.00000      -  60.3  955s
 1628006 977302   17.63311   35  194          -   15.00000      -  60.3  960s
 1635603 980613   16.16667   34   68          -   15.00000      -  60.3  965s
 1644755 984571   21.65017   38  203          -   15.00000      -  60.4  970s
 1652409 987989   17.74440   30  194          -   15.00000      -  60.4  975s
 1660210 991480   16.64516   34  128          -   15.00000      -  60.4  980s
 1668300 995276   16.34889   39  198          -   15.00000      -  60.5  985s
 1677069 999794   17.60000   41   66          -   15.00000      -  60.5  990s
 1685223 1004352   18.11403   36  178          -   15.00895      -  60.5  995s
 1695863 1010236   16.18785   30  198          -   15.02083      -  60.5 1000s
 1705780 1015733   18.70029   39  191          -   15.03125      -  60.5 1005s
 1713844 1020196   16.40232   32  163          -   15.03846      -  60.5 1010s
 1721829 1024628   17.90720   32  155          -   15.04545      -  60.5 1015s
 1729682 1028975   15.93349   37  223          -   15.05263      -  60.5 1020s
 1737899 1033693   17.37460   47  196          -   15.05942      -  60.5 1025s
 1745156 1037863   15.74547   31  193          -   15.06608      -  60.5 1030s
 1752901 1042005   19.00693   44  199          -   15.07207      -  60.5 1035s
 1761144 1046513   16.15341   32  127          -   15.07909      -  60.5 1040s
 1769346 1051098   15.98805   38  233          -   15.08621      -  60.5 1045s
 1776236 1054875   15.28911   27  215          -   15.09178      -  60.5 1050s
 1784780 1059591   15.50000   34   18          -   15.09997      -  60.5 1055s
 1791133 1063170   16.28415   32  182          -   15.10409      -  60.5 1060s
 1798560 1067012   19.00000   41    1          -   15.11039      -  60.6 1065s
 1806321 1071256   18.07725   39  201          -   15.11558      -  60.6 1070s
 1815841 1076418   15.90387   35  241          -   15.12373      -  60.6 1075s
 1822925 1080367   19.51335   33  220          -   15.12700      -  60.6 1080s
 1829750 1084055   16.55400   39  224          -   15.13274      -  60.6 1085s
 1838847 1089168   16.11832   32  213          -   15.14017      -  60.6 1090s
 1847807 1094059   16.00000   29   25          -   15.14634      -  60.6 1095s
 1855887 1098501   15.86131   48  213          -   15.15385      -  60.6 1100s
 1863187 1102491   19.54930   49  200          -   15.15899      -  60.6 1105s
 1870169 1106435   17.97475   36  200          -   15.16475      -  60.6 1110s
 1877508 1110204   15.85294   36  119          -   15.16667      -  60.6 1115s
 1884833 1114402   17.87098   27  202          -   15.17090      -  60.6 1120s
 1892241 1118548   20.00000   37    6          -   15.17647      -  60.7 1125s
 1900778 1123249   16.39724   29  171          -   15.18233      -  60.7 1130s
 1908772 1127518   16.87829   37  202          -   15.18769      -  60.7 1135s
 1916781 1131892   17.09146   37  199          -   15.19437      -  60.7 1140s
 1925305 1136508   17.14286   33  104          -   15.20000      -  60.7 1145s
 1933620 1140915   16.10615   38  211          -   15.20225      -  60.7 1150s
 1940584 1144801   17.29885   24  184          -   15.20737      -  60.7 1155s
 1949120 1149215   17.42926   36  199          -   15.21396      -  60.7 1160s
 1957193 1153603   16.76646   32  155          -   15.21978      -  60.7 1165s
 1966251 1158693   17.51543   27  165          -   15.22525      -  60.7 1170s
 1974823 1163342   18.93396   40  155          -   15.23142      -  60.7 1175s
 1982639 1167600   16.97474   33  128          -   15.23673      -  60.7 1180s
 1990970 1172075   15.83991   39  244          -   15.24242      -  60.7 1185s
 2000097 1177023   16.36930   37  229          -   15.25000      -  60.7 1190s
 2009057 1181707   17.26737   35  208          -   15.25000      -  60.7 1195s
 2017212 1186048   16.53891   32  236          -   15.25170      -  60.8 1200s
 2024919 1190084   17.70539   39  213          -   15.25714      -  60.8 1205s
 2034439 1195121   17.00000   32    1          -   15.26415      -  60.8 1210s
 2042341 1199453   18.32424   28  210          -   15.26914      -  60.8 1215s
 2049059 1202820   15.46563   38  232          -   15.27292      -  60.8 1220s
 2058007 1207830   17.31913   35  197          -   15.27891      -  60.8 1225s
 2065765 1212052   18.65642   41  181          -   15.28455      -  60.8 1230s
 2074283 1216570   18.30320   33  180          -   15.28900      -  60.8 1235s
 2082644 1220998   17.65152   33  137          -   15.29412      -  60.8 1240s
 2090890 1225468   16.19414   36  184          -   15.30000      -  60.8 1245s
 2098805 1229658   18.76495   33  187          -   15.30435      -  60.9 1250s
 2108638 1235074   16.01997   44  239          -   15.31022      -  60.9 1255s
 2117565 1239830   15.62695   36  196          -   15.31588      -  60.9 1260s
 2127188 1244929   16.83102   28  166          -   15.32258      -  60.9 1265s
 2137601 1250514   18.97988   37  218          -   15.32952      -  60.9 1270s
 2145358 1254585   18.01804   34  191          -   15.33333      -  60.9 1275s
 2154267 1258718   18.27366   33  186          -   15.33333      -  60.9 1280s
 2163439 1263088   16.36837   36  237          -   15.33354      -  61.0 1285s
 2172327 1267910   16.36732   35  170          -   15.34091      -  61.0 1290s
 2181065 1272680   16.76453   28  201          -   15.34637      -  61.0 1295s
 2190963 1278042   17.76066   36  178          -   15.35246      -  61.0 1300s
 2198974 1282318   17.76939   34  156          -   15.35690      -  61.0 1305s
 2208354 1287299   17.66071   34   85          -   15.36238      -  61.0 1310s
 2216375 1291608   17.11291   33  187          -   15.36711      -  61.0 1315s
 2225663 1296431   17.22324   30  175          -   15.37326      -  61.0 1320s
 2233647 1300666   15.69281   34  145          -   15.37556      -  61.0 1325s
 2241768 1304903   17.36545   40  159          -   15.38095      -  61.0 1330s
 2249887 1309161   16.50980   38  223          -   15.38566      -  61.1 1335s
 2257828 1313217   16.85759   31  210          -   15.39032      -  61.1 1340s
 2266500 1317968   15.97913   27  223          -   15.39623      -  61.1 1345s
 2273464 1321649   20.45064   37  198          -   15.40000      -  61.1 1350s
 2281065 1325187   17.25294   47  131          -   15.40010      -  61.1 1355s
 2287725 1328770   18.16862   34  226          -   15.40438      -  61.1 1360s
 2297079 1333570   16.94083   33  212          -   15.40984      -  61.1 1365s
 2306074 1338520   17.06305   30  201          -   15.41593      -  61.1 1370s
 2315884 1343565   16.03463   31  190          -   15.42061      -  61.1 1375s
 2323964 1347813   16.12465   34  230          -   15.42562      -  61.1 1380s
 2333734 1352841   18.72089   33  224          -   15.42964      -  61.1 1385s
 2342328 1357492   17.90865   38  214          -   15.43518      -  61.1 1390s
 2350786 1361887   16.68824   41  195          -   15.44003      -  61.1 1395s
 2358074 1365840   16.14915   34  238          -   15.44444      -  61.1 1400s
 2365397 1369624   16.03594   33  173          -   15.44888      -  61.1 1405s
 2373032 1373757   16.09615   35  143          -   15.45358      -  61.2 1410s
 2380532 1377486   16.06470   34  184          -   15.45777      -  61.2 1415s
 2389258 1381984   17.29829   31  169          -   15.46264      -  61.2 1420s
 2397379 1386285   16.09548   29  219          -   15.46782      -  61.2 1425s
 2405629 1390407   17.52390   38  148          -   15.47236      -  61.2 1430s
 2413029 1394202   17.71214   29  182          -   15.47679      -  61.2 1435s
 2420513 1398387   16.32853   36  197          -   15.48130      -  61.2 1440s
 2427978 1402241   16.05324   33  183          -   15.48531      -  61.2 1445s
 2437050 1407114   16.76145   37  193          -   15.49068      -  61.2 1450s
 2444543 1411047   17.66027   33  179          -   15.49600      -  61.2 1455s
 2451162 1414498   18.20000   36   55          -   15.50000      -  61.3 1460s
 2457179 1417305   19.02717   51  123          -   15.50000      -  61.3 1465s
 2463390 1420188   16.33333   33   40          -   15.50000      -  61.3 1470s
 2464209 1420338   18.58198   35  179          -   15.50000      -  61.3 1475s
 2466927 1421984   18.05612   37  148          -   15.50000      -  61.3 1480s
 2472467 1424216   19.18955   42  187          -   15.50000      -  61.3 1485s
 2480674 1427629   18.43164   36  172          -   15.50000      -  61.3 1490s
 2489243 1431501   18.29406   45  184          -   15.50000      -  61.4 1495s
 2496733 1434940   17.68421   45   85          -   15.50000      -  61.4 1500s
 2506382 1439434   19.47293   34  177          -   15.50000      -  61.4 1505s
 2512798 1442891   16.29944   32  182          -   15.50281      -  61.4 1510s
 2521908 1447702   15.90875   37  170          -   15.50923      -  61.4 1515s
 2531194 1452669   16.11983   37  241          -   15.51429      -  61.4 1520s
 2537851 1455958   16.96212   32  145          -   15.51807      -  61.4 1525s
 2546578 1460546   19.54653   32  187          -   15.52273      -  61.4 1530s
 2553817 1464277   15.80782   39  183          -   15.52688      -  61.5 1535s
 2561024 1468009   16.45400   34  194          -   15.53109      -  61.5 1540s
 2570372 1472689   16.51397   40  211          -   15.53634      -  61.5 1545s
 2579391 1477503   15.94471   32  190          -   15.54118      -  61.5 1550s
 2587936 1481824   18.14080   31  180          -   15.54545      -  61.5 1555s
 2597907 1486740   16.50000   37   18          -   15.55061      -  61.5 1560s
 2606978 1491655   18.65511   46  174          -   15.55556      -  61.5 1565s
 2616013 1496343   16.67970   30  167          -   15.55971      -  61.5 1570s
 2623341 1500293   16.12192   34  202          -   15.56359      -  61.5 1575s
 2630734 1504133   16.01506   27  221          -   15.56790      -  61.5 1580s
 2638654 1508410   17.87931   31  109          -   15.57143      -  61.5 1585s
 2647972 1512885   15.99339   29  155          -   15.57458      -  61.5 1590s
 2656298 1517156   16.30176   37  201          -   15.57895      -  61.5 1595s
 2664444 1521439   16.72885   40  232          -   15.58333      -  61.5 1600s
 2672562 1525752   16.09792   37  252          -   15.58696      -  61.5 1605s
 2681322 1529986 infeasible   38               -   15.59091      -  61.5 1610s
 2689832 1534343   15.82983   38  137          -   15.59559      -  61.5 1615s
 2697141 1538241   15.97033   29  163          -   15.59990      -  61.5 1620s
 2703917 1541421   16.97119   31  197          -   15.60000      -  61.6 1625s
 2711126 1545224   17.33404   39  202          -   15.60185      -  61.6 1630s
 2718330 1549006   16.68289   43  168          -   15.60613      -  61.6 1635s
 2725833 1552876   16.57987   33  213          -   15.60985      -  61.6 1640s
 2732010 1556156   16.37032   27  169          -   15.61287      -  61.6 1645s
 2738993 1559765   16.49892   31  229          -   15.61582      -  61.6 1650s
 2747526 1564241   18.24968   31  199          -   15.62049      -  61.6 1655s
 2753833 1567567   15.85841   37  165          -   15.62360      -  61.6 1660s
 2762451 1571618   17.44663   32  157          -   15.62500      -  61.6 1665s
 2769947 1575532   18.20455   35  174          -   15.62857      -  61.6 1670s
 2777314 1579404   16.24550   41  183          -   15.63215      -  61.6 1675s
 2786397 1584048   18.12714   29  154          -   15.63636      -  61.6 1680s
 2796506 1589217   16.18959   29  224          -   15.64113      -  61.6 1685s
 2804136 1593192   18.27743   28  195          -   15.64486      -  61.6 1690s
 2812180 1597432   16.38265   38  162          -   15.64861      -  61.7 1695s
 2820662 1601707   16.78631   32  242          -   15.65272      -  61.7 1700s
 2828004 1605658   18.98661   33  213          -   15.65676      -  61.7 1705s
 2836209 1609945   15.89043   39  233          -   15.66083      -  61.7 1710s
 2843626 1613597   19.15431   39  187          -   15.66513      -  61.7 1715s
 2853326 1618151   18.26914   41  151          -   15.66667      -  61.7 1720s
 2861011 1621894   20.56291   44  195          -   15.66667      -  61.7 1725s
 2868302 1625163   16.48390   31  192          -   15.66667      -  61.8 1730s
 2874985 1628349   16.07183   36  178          -   15.66766      -  61.8 1735s
 2883025 1632466   16.07428   32  183          -   15.67210      -  61.8 1740s
 2891321 1636647   19.64822   37  166          -   15.67603      -  61.8 1745s
 2898879 1640575   17.70690   35  152          -   15.67967      -  61.8 1750s
 2906944 1644759   18.15506   36  210          -   15.68360      -  61.8 1755s
 2914287 1648601   16.64630   33  190          -   15.68715      -  61.8 1760s
 2922542 1652778   16.98254   29  197          -   15.69038      -  61.8 1765s
 2931137 1656933   15.91991   34  133          -   15.69361      -  61.8 1770s
 2939198 1661327   20.06009   32  170          -   15.69720      -  61.8 1775s
 2947497 1665441   18.76239   37  185          -   15.70000      -  61.8 1780s
 2954902 1669100   17.24903   34  205          -   15.70281      -  61.8 1785s
 2962776 1673141   16.37268   35  160          -   15.70597      -  61.8 1790s
 2971048 1677534   19.15001   38  208          -   15.71014      -  61.9 1795s
 2978529 1681433   16.92738   31  251          -   15.71329      -  61.9 1800s
 2986949 1685520   17.79877   34  211          -   15.71453      -  61.9 1805s
 2994455 1689373   16.44691   30  165          -   15.71812      -  61.9 1810s
 3002326 1693536   16.09813   37  178          -   15.72163      -  61.9 1815s
 3009333 1697094   20.07160   38  162          -   15.72465      -  61.9 1820s
 3018277 1701623   17.80528   43  200          -   15.72751      -  61.9 1825s
 3025887 1705197   18.56402   40  211          -   15.73077      -  61.9 1830s
 3032491 1708600   17.24716   40  234          -   15.73348      -  61.9 1835s
 3040806 1712649   16.97502   35  177          -   15.73740      -  61.9 1840s
 3048413 1716504   17.44401   38  214          -   15.74089      -  61.9 1845s
 3056686 1720660   17.76303   33  124          -   15.74523      -  61.9 1850s
 3064575 1724653   19.66667   35  179          -   15.74961      -  61.9 1855s
 3072236 1728369   17.43048   32  160          -   15.75000      -  62.0 1860s
 3079700 1731799   16.27196   45  165          -   15.75000      -  62.0 1865s
 3087214 1735285   18.93411   34  179          -   15.75000      -  62.0 1870s
 3092782 1738066   17.08020   37  159          -   15.75053      -  62.0 1875s
 3099343 1741508   18.11954   28  146          -   15.75395      -  62.0 1880s
 3107953 1745822   19.80330   31  212          -   15.75731      -  62.0 1885s
 3114665 1749283   19.13886   40  227          -   15.76011      -  62.0 1890s
 3122217 1753130   17.32912   36  220          -   15.76316      -  62.0 1895s
 3128726 1756329   17.28770   35  200          -   15.76594      -  62.0 1900s
 3137027 1760357   17.10491   36  186          -   15.76975      -  62.0 1905s
 3146221 1765110   16.16858   32  154          -   15.77369      -  62.0 1910s
 3153427 1768554   16.55794   33  235          -   15.77723      -  62.1 1915s
 3160172 1771850   17.43602   38  249          -   15.77813      -  62.1 1920s
 3167366 1775613   17.90850   32  182          -   15.78166      -  62.1 1925s
 3173645 1778907   18.78714   35  195          -   15.78411      -  62.1 1930s
 3180091 1782142   18.62872   35  188          -   15.78599      -  62.1 1935s
 3187150 1785970   17.00549   35  192          -   15.78947      -  62.1 1940s
 3194138 1789319   17.09190   36  142          -   15.79167      -  62.1 1945s
 3200613 1792535   16.07042   37  147          -   15.79444      -  62.1 1950s
 3208242 1796461   18.01550   41  183          -   15.79790      -  62.1 1955s
 3215673 1799996   16.10184   31  169          -   15.80000      -  62.1 1960s
 3224008 1803676   16.53692   31  178          -   15.80000      -  62.1 1965s
 3232409 1807795   16.97692   35  140          -   15.80315      -  62.1 1970s
 3239865 1811564   16.51690   34  194          -   15.80633      -  62.1 1975s
 3247050 1815069   18.64182   31  174          -   15.80907      -  62.1 1980s
 3255311 1819177   18.66284   41  178          -   15.81250      -  62.2 1985s
 3263305 1823294   17.05325   28  208          -   15.81557      -  62.2 1990s
 3271376 1827330   17.15000   36   60          -   15.81818      -  62.2 1995s
 3279041 1831081   17.15167   40  231          -   15.82143      -  62.2 2000s
 3289623 1836359   16.41866   32  230          -   15.82609      -  62.2 2005s
 3296622 1840004   18.27121   34  137          -   15.82886      -  62.2 2010s
 3305291 1844102   16.22178   39  236          -   15.83256      -  62.2 2015s
 3312886 1847491   17.88072   35  151          -   15.83333      -  62.2 2020s
 3317240 1849401   18.40144   35  175          -   15.83333      -  62.2 2025s
 3324328 1852758   21.00000   33   29          -   15.83459      -  62.2 2030s
 3330986 1856164   17.12375   34  205          -   15.83759      -  62.2 2035s
 3337264 1859419   16.41245   29  178          -   15.84021      -  62.2 2040s
 3344012 1862599   17.00251   35  213          -   15.84296      -  62.2 2045s
 3352331 1866779   19.00000   53    8          -   15.84615      -  62.3 2050s
 3359445 1870384   16.26830   40  219          -   15.84923      -  62.3 2055s
 3367044 1874237   16.67212   36  220          -   15.85185      -  62.3 2060s
 3374453 1877929   18.20463   32  198          -   15.85470      -  62.3 2065s
 3380936 1880867   17.99723   39  174          -   15.85714      -  62.3 2070s
 3388068 1884325   17.45710   25  232          -   15.85787      -  62.3 2075s
 3394795 1887562   16.70903   31  172          -   15.86087      -  62.3 2080s
 3402283 1891171   16.75111   31  162          -   15.86364      -  62.3 2085s
 3410140 1895144   19.42388   46  183          -   15.86667      -  62.3 2090s
 3419675 1899813   18.65222   34  161          -   15.87045      -  62.3 2095s
 3426874 1903506   16.88809   29  212          -   15.87326      -  62.3 2100s
 3434035 1906932   19.49324   41  186          -   15.87500      -  62.3 2105s
 3439908 1909673   18.35913   40  146          -   15.87544      -  62.3 2110s
 3447078 1913185   18.29443   41  223          -   15.87879      -  62.4 2115s
 3454044 1916806   18.11913   33  251          -   15.88171      -  62.4 2120s
 3459625 1919584   16.48845   40  223          -   15.88379      -  62.4 2125s
 3466156 1922684   17.24982   35  229          -   15.88635      -  62.4 2130s
 3473909 1926428   17.81711   46  152          -   15.88889      -  62.4 2135s
 3482569 1930447   16.38243   32  199          -   15.89157      -  62.4 2140s
 3489352 1933840   17.41755   36  151          -   15.89426      -  62.4 2145s
 3496199 1937113   16.99465   43  148          -   15.89655      -  62.4 2150s
 3503695 1940626   17.79167   38  136          -   15.89978      -  62.4 2155s
 3509488 1943450   19.03566   34  156          -   15.90000      -  62.4 2160s
 3517678 1947575   16.05632   38  140          -   15.90323      -  62.4 2165s
 3525178 1951123   19.18859   32  165          -   15.90597      -  62.4 2170s
 3532575 1954713   18.32752   34  211          -   15.90892      -  62.4 2175s
 3540079 1958343   16.44386   38  194          -   15.91089      -  62.4 2180s
 3548259 1962312   16.16596   31  161          -   15.91416      -  62.5 2185s
 3556751 1966471   17.14735   31  196          -   15.91667      -  62.5 2190s
 3564102 1970070   16.12978   31  227          -   15.91919      -  62.5 2195s
 3574686 1975337   18.58332   43  177          -   15.92308      -  62.5 2200s
 3582414 1979043   16.42254   34  137          -   15.92549      -  62.5 2205s
 3590651 1983212   17.03571   32  121          -   15.92857      -  62.5 2210s
 3599802 1987661   16.91591   31  114          -   15.93148      -  62.5 2215s
 3608777 1991898   16.97268   32  245          -   15.93443      -  62.5 2220s
 3618778 1996788   17.41897   38  162          -   15.93750      -  62.5 2225s
 3628001 2001135   17.87332   32  183          -   15.94058      -  62.5 2230s
 3635853 2004936   17.75262   37  186          -   15.94316      -  62.5 2235s
 3643002 2008320   20.50399   39  186          -   15.94566      -  62.5 2240s
 3650437 2012067   19.34983   31  203          -   15.94808      -  62.6 2245s
 3657906 2015687   16.42569   33  187          -   15.95076      -  62.6 2250s
 3666126 2019864   18.37823   32  161          -   15.95390      -  62.6 2255s
 3673926 2023534   16.36569   39  201          -   15.95654      -  62.6 2260s
 3680467 2026733   16.65799   35  179          -   15.95887      -  62.6 2265s
 3688118 2030420   16.46310   31  199          -   15.96154      -  62.6 2270s
 3694778 2033710   18.53888   31  175          -   15.96403      -  62.6 2275s
 3701048 2036904   16.36688   37  152          -   15.96611      -  62.6 2280s
 3708954 2040755   16.48844   36  226          -   15.96875      -  62.6 2285s
 3717189 2044760   17.30656   32  231          -   15.97211      -  62.6 2290s
 3719136 2045211   16.70104   33  145          -   15.97297      -  62.6 2295s
 3719302 2045375   16.32534   35  164          -   15.97366      -  62.6 2300s
 3722710 2047231   17.07977   36  184          -   15.97496      -  62.7 2305s
 3728671 2050175   17.99919   36  145          -   15.97692      -  62.7 2310s
 3735705 2053533   16.53837   40  215          -   15.97917      -  62.7 2315s
 3743927 2057551   20.52206   40  159          -   15.98214      -  62.7 2320s
 3752545 2061875   18.09752   38  219          -   15.98522      -  62.7 2325s
 3760695 2066016   16.64090   38  191          -   15.98839      -  62.7 2330s
 3768140 2069646   20.23129   35  153          -   15.99143      -  62.7 2335s
 3774771 2072756   16.41177   40  230          -   15.99423      -  62.7 2340s
 3782700 2076771   16.78853   30  196          -   15.99799      -  62.7 2345s
 3789752 2079975   18.82398   35  184          -   16.00000      -  62.7 2350s
 3797464 2083382   16.93355   38  194          -   16.00000      -  62.7 2355s
 3804683 2086338   18.00680   34  158          -   16.00000      -  62.8 2360s
 3812032 2089480   19.02742   33  163          -   16.00000      -  62.8 2365s
 3819093 2092399   17.00976   44  162          -   16.00000      -  62.8 2370s
 3826282 2095325   17.61084   40  189          -   16.00000      -  62.8 2375s
 3833564 2097925   20.93807   36  175          -   16.00000      -  62.8 2380s
 3841670 2101082   17.97500   39  165          -   16.00000      -  62.8 2385s
 3848830 2103821   19.25000   45   91          -   16.00000      -  62.9 2390s
 3856320 2106680   18.08974   36  144          -   16.00000      -  62.9 2395s
 3864198 2109519   17.50142   43  192          -   16.00000      -  62.9 2400s
 3871604 2112382     cutoff   41               -   16.00000      -  62.9 2405s
 3878815 2115178   19.23761   39  148          -   16.00000      -  62.9 2410s
 3885279 2117511   18.74224   34  138          -   16.00000      -  62.9 2415s
 3891847 2119914   17.04872   37  220          -   16.00000      -  63.0 2420s
 3899075 2122802   17.90255   33  182          -   16.00000      -  63.0 2425s
 3907093 2125929   17.48900   36   98          -   16.00000      -  63.0 2430s
 3914168 2128532   20.76114   34  172          -   16.00000      -  63.0 2435s
 3921427 2131276   18.11039   34  206          -   16.00000      -  63.0 2440s
 3929497 2134499   18.08982   50  182          -   16.00000      -  63.1 2445s
 3936764 2137562   19.42407   51  124          -   16.00000      -  63.1 2450s
 3943971 2140504   18.64456   33  149          -   16.00000      -  63.1 2455s
 3953341 2144349   18.26316   33  165          -   16.00000      -  63.1 2460s
 3959317 2146908   17.50000   41   92          -   16.00000      -  63.1 2465s
 3966869 2150552   16.44620   46  232          -   16.00318      -  63.1 2470s
 3974497 2154399   16.93750   32  143          -   16.00665      -  63.1 2475s
 3981338 2157596   19.85441   40  204          -   16.00980      -  63.1 2480s
 3988663 2161156   16.71401   38  191          -   16.01284      -  63.1 2485s
 3996512 2164843   17.00000   37   10          -   16.01592      -  63.1 2490s
 4003139 2168077   17.37864   38  190          -   16.01869      -  63.1 2495s
 4011370 2172028   17.88531   36  202          -   16.02188      -  63.1 2500s
 4018681 2175422   19.11475   43  114          -   16.02485      -  63.1 2505s
 4025569 2178725   21.11078   42  177          -   16.02740      -  63.1 2510s
 4031294 2181502   17.07370   35  198          -   16.02949      -  63.1 2515s
 4038647 2185102   16.43786   43  231          -   16.03226      -  63.2 2520s
 4046255 2188741   17.10974   32  226          -   16.03545      -  63.2 2525s
 4054195 2192362   16.91268   36  164          -   16.03846      -  63.2 2530s
 4063184 2196839   16.84266   38  155          -   16.04167      -  63.2 2535s
 4071477 2200908   19.98506   37  187          -   16.04513      -  63.2 2540s
 4078973 2204637   17.65625   47   74          -   16.04762      -  63.2 2545s
 4086811 2208232   17.10950   25  179          -   16.05000      -  63.2 2550s
 4094836 2212141   17.45552   33  169          -   16.05318      -  63.2 2555s
 4103140 2216186   16.31665   36  215          -   16.05627      -  63.2 2560s
 4110319 2219666   17.24386   34  197          -   16.05882      -  63.2 2565s
 4117708 2223218   19.95847   38  210          -   16.06122      -  63.2 2570s
 4124923 2226713   17.52992   34  133          -   16.06347      -  63.2 2575s
 4132056 2230304   21.00000   37    1          -   16.06664      -  63.2 2580s
 4139514 2233618   17.60358   39  237          -   16.06906      -  63.2 2585s
 4148280 2238084   18.62500   42  110          -   16.07143      -  63.2 2590s
 4155512 2241476   16.48526   33  237          -   16.07445      -  63.2 2595s
 4162842 2244932   16.47740   29  210          -   16.07692      -  63.2 2600s
 4170952 2249093   16.95161   37  131          -   16.07989      -  63.2 2605s
 4178257 2252495   21.00000   37    1          -   16.08249      -  63.3 2610s
 4186180 2256313   16.67016   28  158          -   16.08394      -  63.2 2615s
 4194933 2260483   17.85511   39  142          -   16.08696      -  63.3 2620s
 4202625 2264202   18.48894   37  228          -   16.08949      -  63.3 2625s
 4209205 2267426   16.79671   39  225          -   16.09091      -  63.3 2630s
 4216583 2271063   19.00000   42   44          -   16.09314      -  63.3 2635s
 4225816 2275409   17.74337   35  205          -   16.09597      -  63.3 2640s
 4233100 2278872   17.50000   37   19          -   16.09857      -  63.3 2645s
 4239766 2281923   16.60526   35  119          -   16.10000      -  63.3 2650s
 4247157 2285250   19.43376   39  198          -   16.10204      -  63.3 2655s
 4253676 2288415   17.43845   32  228          -   16.10424      -  63.3 2660s
 4261929 2292487   16.39313   30  144          -   16.10714      -  63.3 2665s
 4269558 2296059   16.96918   37  167          -   16.10985      -  63.3 2670s
 4275425 2298921   16.74514   29  204          -   16.11111      -  63.3 2675s
 4282614 2302167   17.29054   32  209          -   16.11286      -  63.3 2680s
 4288985 2305066   18.03642   43  199          -   16.11522      -  63.3 2685s
 4297158 2309151   17.67308   39  148          -   16.11765      -  63.3 2690s
 4303589 2312255   17.55990   38  208          -   16.11936      -  63.3 2695s
 4311044 2315962   17.75116   33  206          -   16.12185      -  63.3 2700s
 4317884 2319005   16.49965   33  191          -   16.12414      -  63.3 2705s
 4326044 2322702   18.48545   34  207          -   16.12500      -  63.3 2710s
 4335254 2326987   18.25000   37   45          -   16.12731      -  63.3 2715s
 4342481 2330448   16.84904   36  198          -   16.12968      -  63.4 2720s
 4350841 2334274   18.23748   41  193          -   16.13255      -  63.4 2725s
 4358905 2338100   19.93269   35  197          -   16.13491      -  63.4 2730s
 4366517 2341645   17.31847   39  212          -   16.13721      -  63.4 2735s
 4372034 2344380   16.70060   48  192          -   16.13889      -  63.4 2740s
 4380247 2348356   20.17933   38  150          -   16.14141      -  63.4 2745s
 4388412 2351909   19.34477   35  207          -   16.14286      -  63.4 2750s
 4394937 2354700   16.43712   30  234          -   16.14439      -  63.4 2755s
 4395009 2354772   19.28011   37  149          -   16.14511      -  63.4 2760s
 4395073 2354836   16.33500   38  251          -   16.14566      -  63.4 2765s
 4395137 2354900   16.97537   35  186          -   16.14623      -  63.4 2770s
 4395185 2354948   19.71523   35  158          -   16.14659      -  63.4 2775s
 4395233 2354996   17.25000   40   31          -   16.14706      -  63.4 2781s
 4395874 2355376   17.89877   33  143          -   16.14754      -  63.4 2786s
 4396798 2356202   18.30911   38  190          -   16.14792      -  63.4 2790s
 4402823 2359159   16.82669   38  163          -   16.14984      -  63.4 2795s
 4409523 2362038   19.22838   40  192          -   16.15197      -  63.4 2800s
 4417084 2365584   17.48173   34  161          -   16.15385      -  63.4 2805s
 4423829 2368803   16.93124   41  193          -   16.15627      -  63.4 2810s
 4430303 2371930   18.43096   43  215          -   16.15842      -  63.4 2815s
 4437701 2375349   17.40035   43  153          -   16.16071      -  63.4 2820s
 4445090 2378948   16.82499   31  152          -   16.16355      -  63.4 2825s
 4452401 2382555   17.97889   32  187          -   16.16615      -  63.4 2830s
 4460095 2385736   18.08499   30  136          -   16.16667      -  63.4 2835s
 4468104 2389078   19.49504   35  234          -   16.16667      -  63.5 2840s
 4476151 2392882   18.27995   34  200          -   16.16901      -  63.5 2845s
 4483410 2396321   16.98346   33  187          -   16.17143      -  63.5 2850s
 4490747 2399902   17.25707   33  230          -   16.17371      -  63.5 2855s
 4498721 2403533   19.95859   34  193          -   16.17600      -  63.5 2860s
 4506048 2406860   17.61058   31  165          -   16.17857      -  63.5 2865s
 4514299 2410782   17.92614   36  203          -   16.18162      -  63.5 2870s
 4521727 2414208   20.22388   40  199          -   16.18318      -  63.5 2875s
 4529981 2418058   19.07503   38  176          -   16.18593      -  63.5 2880s
 4536739 2421407   16.39815   32  103          -   16.18750      -  63.5 2885s
 4542596 2424040   16.53627   35  181          -   16.18931      -  63.5 2890s
 4549835 2427466   16.50000   36   18          -   16.19159      -  63.5 2895s
 4557559 2430995   18.34826   37  147          -   16.19409      -  63.5 2900s
 4565508 2434886   16.80327   38  241          -   16.19658      -  63.5 2905s
 4573464 2438603   19.64991   35  165          -   16.19946      -  63.5 2910s
 4580733 2441826   17.06759   32  171          -   16.20000      -  63.5 2915s
 4588102 2444938   20.79739   39  189          -   16.20000      -  63.6 2920s
 4596563 2448931   19.99738   40  241          -   16.20182      -  63.6 2925s
 4604324 2452550     cutoff   42               -   16.20429      -  63.6 2930s
 4611663 2455809   17.54545   31  116          -   16.20664      -  63.6 2935s
 4619243 2459444   17.07923   34  121          -   16.20896      -  63.6 2940s
 4626683 2462998   16.52883   41  207          -   16.21135      -  63.6 2945s
 4635099 2466804   17.75000   36  125          -   16.21384      -  63.6 2950s
 4643702 2470482   17.78846   33   90          -   16.21560      -  63.6 2955s
 4651159 2473900   20.41521   40  146          -   16.21815      -  63.6 2960s
 4658008 2477041   19.13380   40  198          -   16.22024      -  63.6 2965s
 4666588 2480897   17.00000   36   39          -   16.22222      -  63.6 2970s
 4674182 2484335   17.80969   34  204          -   16.22438      -  63.6 2975s
 4682375 2488382   16.52291   31  223          -   16.22679      -  63.6 2980s
 4689715 2491792   16.63397   38  173          -   16.22855      -  63.6 2985s
 4697809 2495527   19.58101   42  163          -   16.23077      -  63.6 2990s
 4705321 2498966   16.92661   37  186          -   16.23261      -  63.6 2995s
 4714164 2503088   19.16111   38  173          -   16.23529      -  63.6 3000s
 4721996 2506456   16.88722   38  164          -   16.23760      -  63.6 3005s
 4730670 2510326   17.39868   32  190          -   16.23963      -  63.6 3010s
 4739632 2514463   16.75170   32  133          -   16.24236      -  63.6 3015s
 4747730 2518394   17.06078   37  202          -   16.24493      -  63.7 3020s
 4755286 2522032   21.00000   37    1          -   16.24740      -  63.7 3025s
 4763510 2525995   18.85220   34  194          -   16.25000      -  63.7 3030s
 4771736 2529305   18.21976   38  145          -   16.25000      -  63.7 3035s
 4780880 2533202   18.84727   36  167          -   16.25000      -  63.7 3040s
 4788437 2536252     cutoff   37               -   16.25000      -  63.7 3045s
 4798201 2540575   19.03137   28  230          -   16.25000      -  63.7 3050s
 4805902 2544266   17.53061   37  192          -   16.25300      -  63.7 3055s
 4814678 2548492   18.96154   35   78          -   16.25608      -  63.7 3060s
 4822885 2552205   18.01834   36  171          -   16.25845      -  63.7 3065s
 4829312 2555321   18.08449   36  138          -   16.26044      -  63.7 3070s
 4835991 2558313   18.12768   44  213          -   16.26214      -  63.7 3075s
 4844231 2562289   16.52142   40  180          -   16.26450      -  63.7 3080s
 4851575 2565789   17.00000   42   28          -   16.26666      -  63.7 3085s
 4858840 2569176   17.97889   32  166          -   16.26829      -  63.7 3090s
 4865990 2572481   16.62620   27  209          -   16.27071      -  63.7 3095s
 4874045 2576127   20.09615   43  227          -   16.27273      -  63.8 3100s
 4880659 2579156   20.47912   39  161          -   16.27466      -  63.8 3105s
 4887150 2582225   17.23491   39  227          -   16.27654      -  63.8 3110s
 4895966 2586227   18.16080   31  262          -   16.27860      -  63.8 3115s
 4903495 2589600   19.18446   38  186          -   16.28069      -  63.8 3120s
 4911626 2593376   17.15688   37  198          -   16.28282      -  63.8 3125s
 4919315 2597088   18.84954   40  167          -   16.28559      -  63.8 3130s
 4927038 2600288     cutoff   39               -   16.28571      -  63.8 3135s
 4932615 2602819   18.03630   31  149          -   16.28724      -  63.8 3140s
 4939754 2606094   18.54209   29  216          -   16.28947      -  63.8 3145s
 4947555 2609607   16.80842   33  187          -   16.29167      -  63.8 3150s
 4956294 2613613   17.92361   46  209          -   16.29412      -  63.8 3155s
 4962731 2616719   18.65376   31  141          -   16.29619      -  63.8 3160s
 4970720 2620409   17.63040   34  215          -   16.29794      -  63.8 3165s
 4978604 2624038   19.22132   35  195          -   16.30000      -  63.8 3170s
 4985098 2626779   16.50000   31   24          -   16.30006      -  63.8 3175s
 4993248 2630751   18.60875   45  216          -   16.30281      -  63.8 3180s
 5001275 2634563   18.81534   33  192          -   16.30522      -  63.8 3185s
 5009482 2638237   17.31762   38  210          -   16.30769      -  63.8 3190s
 5016942 2641586   18.79644   27  169          -   16.30928      -  63.8 3195s
 5024445 2645096   17.76376   39  201          -   16.31134      -  63.8 3200s
 5027713 2646413   20.56665   31  195          -   16.31250      -  63.9 3205s
 5031546 2648626   19.64474   38  162          -   16.31250      -  63.9 3210s
 5037966 2651579   17.57412   32  170          -   16.31471      -  63.9 3215s
 5045575 2654890   17.30792   38  230          -   16.31681      -  63.9 3220s
 5053640 2658386   17.13658   43  211          -   16.31884      -  63.9 3225s
 5061817 2662092   18.64175   38  198          -   16.32132      -  63.9 3230s
 5069953 2665731   16.83273   37  219          -   16.32330      -  63.9 3235s
 5078018 2669693   17.98207   39  196          -   16.32558      -  63.9 3240s
 5086250 2673344   17.60832   33  205          -   16.32809      -  63.9 3245s
 5093873 2676809   18.13728   41  160          -   16.33050      -  63.9 3250s
 5101831 2680367   19.51441   55  170          -   16.33333      -  63.9 3255s
 5109983 2683767   19.52980   37  136          -   16.33333      -  63.9 3260s
 5117909 2686956   18.42683   35  127          -   16.33333      -  63.9 3265s
 5126253 2690412   18.41250   42  117          -   16.33333      -  63.9 3270s
 5132794 2693060   17.25651   41  149          -   16.33333      -  63.9 3275s
 5139460 2695887   17.00000   38   53          -   16.33333      -  63.9 3280s
 5146968 2698914   19.19550   37  194          -   16.33333      -  63.9 3285s
 5154742 2702326   17.63974   38  212          -   16.33516      -  63.9 3290s
 5162962 2706298   17.39003   33  168          -   16.33765      -  63.9 3295s
 5171337 2710031   19.28261   32  122          -   16.34021      -  63.9 3300s
 5179737 2713661   16.76757   32  223          -   16.34247      -  63.9 3305s
 5187489 2717220   16.40597   40  226          -   16.34465      -  63.9 3310s
 5195887 2720718   18.79749   35  177          -   16.34643      -  63.9 3315s
 5203994 2724546   17.81862   40  222          -   16.34860      -  64.0 3320s
 5212421 2728375   17.32394   46  136          -   16.35065      -  64.0 3325s
 5219696 2731746   17.33805   32  212          -   16.35287      -  64.0 3330s
 5227894 2735303   19.42195   38  193          -   16.35488      -  64.0 3335s
 5235390 2738796   18.46165   37  169          -   16.35714      -  64.0 3340s
 5243263 2742451   17.72449   34  190          -   16.35897      -  64.0 3345s
 5249843 2745497   18.95029   39  176          -   16.36082      -  64.0 3350s
 5258911 2749593   17.51941   30  190          -   16.36364      -  64.0 3355s
 5267394 2753348   17.17427   39  215          -   16.36488      -  64.0 3360s
 5275542 2757210   17.70853   38  198          -   16.36706      -  64.0 3365s
 5284130 2760928   16.72783   31  181          -   16.36911      -  64.0 3370s
 5293934 2765261   18.31720   44  198          -   16.37179      -  64.0 3375s
 5301935 2768967   17.45861   32  220          -   16.37429      -  64.0 3380s
 5309874 2772381   18.24658   39  159          -   16.37500      -  64.0 3385s
 5317249 2775587   18.00407   50  162          -   16.37537      -  64.0 3390s
 5325120 2779135   19.09018   35  184          -   16.37778      -  64.0 3395s
 5332185 2782244   18.31487   36  218          -   16.37944      -  64.0 3400s
 5339582 2785446   16.97221   35  222          -   16.38136      -  64.0 3405s
 5346934 2788782   19.41261   35  201          -   16.38356      -  64.0 3410s
 5354803 2792218   17.10694   34  180          -   16.38491      -  64.0 3415s
 5361777 2795434   17.96229   39  182          -   16.38688      -  64.0 3420s
 5369504 2798828   17.70833   36   75          -   16.38889      -  64.0 3425s
 5377859 2802422   19.00770   42  173          -   16.39063      -  64.0 3430s
 5386118 2806290   16.92388   48  218          -   16.39286      -  64.0 3435s
 5395373 2810462   18.81398   34  182          -   16.39526      -  64.0 3440s
 5402849 2814012   18.90263   33  138          -   16.39747      -  64.0 3445s
 5411429 2817871   16.50000   43   30          -   16.40000      -  64.0 3450s
 5418224 2820498   17.40562   39  219          -   16.40000      -  64.1 3455s
 5425343 2823480   18.01286   37  166          -   16.40000      -  64.1 3460s
 5432749 2826475   16.71718   35  185          -   16.40092      -  64.1 3465s
 5441109 2830527   19.97656   43  167          -   16.40357      -  64.1 3470s
 5449337 2834552   18.94366   45  140          -   16.40580      -  64.1 3475s
 5458098 2838298   20.03703   37  174          -   16.40789      -  64.1 3480s
 5465429 2841657   18.26491   35  229          -   16.40960      -  64.1 3485s
 5473645 2845440   19.60000   45   72          -   16.41176      -  64.1 3490s
 5480800 2848873   17.83935   35  219          -   16.41361      -  64.1 3495s
 5488193 2852157   17.74402   42  209          -   16.41543      -  64.1 3500s
 5494747 2855246   17.52069   38  168          -   16.41667      -  64.1 3505s
 5501810 2858209   17.47898   30  173          -   16.41747      -  64.1 3510s
 5510389 2862102   16.97344   33  203          -   16.41994      -  64.1 3515s
 5517615 2865475   17.50000   33   20          -   16.42177      -  64.1 3520s
 5525015 2868772   16.82271   45  200          -   16.42373      -  64.1 3525s
 5532607 2872361   16.66795   47  193          -   16.42560      -  64.1 3530s
 5540645 2875935   18.34690   40  198          -   16.42781      -  64.1 3535s
 5550690 2880103   17.75905   39  139          -   16.42857      -  64.1 3540s
 5560478 2884482   18.13602   38  133          -   16.43023      -  64.1 3545s
 5569398 2888451   17.59557   29  192          -   16.43243      -  64.1 3550s
 5576893 2891885   18.85914   32  177          -   16.43431      -  64.1 3555s
 5584413 2895418   17.04378   41  237          -   16.43613      -  64.1 3560s
 5591485 2898633   18.37813   37  207          -   16.43750      -  64.1 3565s
 5599479 2902250   17.62709   39  237          -   16.43956      -  64.1 3570s
 5607968 2906122   17.23111   35  179          -   16.44162      -  64.1 3575s
 5616852 2910337   17.27475   40  173          -   16.44415      -  64.1 3580s
 5624946 2913706   19.65202   33  171          -   16.44444      -  64.1 3585s
 5632998 2917362   18.27871   32  206          -   16.44668      -  64.1 3590s
 5640267 2920609   18.16664   36  222          -   16.44860      -  64.1 3595s
 5648582 2924226   21.00000   45    1          -   16.45050      -  64.1 3600s
 5655994 2927596   16.95804   35  187          -   16.45278      -  64.1 3605s
 5663543 2931075   17.06070   31  210          -   16.45455      -  64.1 3610s
 5671850 2934619   16.65458   40  240          -   16.45614      -  64.2 3615s
 5679818 2938247   17.18789   52  199          -   16.45833      -  64.2 3620s
 5687954 2941829   17.12500   36  123          -   16.46021      -  64.2 3625s
 5696437 2945531   21.17156   34  203          -   16.46154      -  64.2 3630s
 5705697 2949728   18.14842   36  145          -   16.46429      -  64.2 3635s
 5715028 2953950   17.02057   40  205          -   16.46667      -  64.2 3640s
 5723851 2957724   17.56066   36  226          -   16.46864      -  64.2 3645s
 5731661 2961132   16.92481   41  150          -   16.47059      -  64.2 3650s
 5738762 2964088   17.86227   41  207          -   16.47207      -  64.2 3655s
 5746057 2967418   18.40320   36  210          -   16.47379      -  64.2 3660s
 5754267 2971105   20.47778   43  127          -   16.47590      -  64.2 3665s
 5761744 2974259   17.42881   34  209          -   16.47752      -  64.2 3670s
 5769733 2977911   19.70609   35  176          -   16.47943      -  64.2 3675s
 5777961 2981584   18.68092   45  156          -   16.48148      -  64.2 3680s
 5786177 2985347   18.17345   39  243          -   16.48352      -  64.2 3685s
 5793481 2988521   19.54117   35  199          -   16.48505      -  64.2 3690s
 5801644 2992201   17.16619   34  218          -   16.48718      -  64.2 3695s
 5809617 2995691   17.79405   47  161          -   16.48914      -  64.2 3700s
 5817957 2999360   17.38656   33  257          -   16.49123      -  64.2 3705s
 5825544 3002649   17.03111   38  115          -   16.49315      -  64.2 3710s
 5833698 3006369   19.29275   45  200          -   16.49540      -  64.2 3715s
 5841771 3009988   17.54541   38  174          -   16.49796      -  64.2 3720s
 5850053 3013263   19.50949   38  191          -   16.50000      -  64.2 3725s
 5858443 3016730   17.45173   35  170          -   16.50000      -  64.2 3730s
 5865256 3019486   20.40983   48  200          -   16.50000      -  64.2 3735s
 5873577 3022871   19.68657   35  144          -   16.50000      -  64.2 3740s
 5880744 3025434     cutoff   47               -   16.50000      -  64.2 3745s
 5886903 3027847   19.51990   33  197          -   16.50000      -  64.3 3750s
 5894496 3030766   17.90278   39  138          -   16.50000      -  64.3 3755s
 5902874 3033888   16.73430   38  234          -   16.50000      -  64.3 3760s
 5910986 3036999   17.56618   36  116          -   16.50000      -  64.3 3765s
 5919781 3040391   21.27907   41  138          -   16.50000      -  64.3 3770s
 5923353 3041403   19.57921   34  120          -   16.50000      -  64.3 3775s
 5923419 3041465   21.14077   43  154          -   16.50000      -  64.3 3780s
 5924206 3041875     cutoff   38               -   16.50000      -  64.3 3785s
 5927283 3043027   17.38043   39   79          -   16.50000      -  64.3 3790s
 5931313 3044798   16.83333   39   47          -   16.50000      -  64.3 3795s
 5938490 3047078   18.12500   35   68          -   16.50000      -  64.3 3800s
 5945745 3049796   21.50000   41   21          -   16.50000      -  64.3 3805s
 5954009 3052768   17.13514   43  170          -   16.50000      -  64.3 3810s
 5960419 3055127     cutoff   46               -   16.50000      -  64.3 3815s
 5968043 3057836   20.25000   44   47          -   16.50000      -  64.3 3820s
 5976068 3060974   19.37500   38   53          -   16.50000      -  64.4 3825s
 5982843 3063592   18.30000   32   90          -   16.50000      -  64.4 3830s
 5990329 3066554   17.25512   43  181          -   16.50000      -  64.4 3835s
 5996919 3069227   16.69770   40  185          -   16.50000      -  64.4 3840s
 6003181 3072152   19.45288   39  213          -   16.50207      -  64.4 3845s
 6011249 3075743   21.00000   42    1          -   16.50427      -  64.4 3850s
 6019080 3079189   19.62197   35  222          -   16.50641      -  64.4 3855s
 6027055 3082880   19.11514   28  131          -   16.50877      -  64.4 3860s
 6034524 3086323   19.62768   38  133          -   16.51071      -  64.4 3865s
 6043344 3090261   18.29675   42  204          -   16.51282      -  64.4 3870s
 6051177 3093704   17.32336   40  202          -   16.51482      -  64.4 3875s
 6059186 3097290   17.77655   32  235          -   16.51687      -  64.4 3880s
 6067587 3100979   19.07259   46  203          -   16.51853      -  64.4 3885s
 6074887 3104197   17.05293   34  194          -   16.52045      -  64.4 3890s
 6082138 3107316   18.07128   33  222          -   16.52222      -  64.4 3895s
 6090137 3110984   17.35230   38  229          -   16.52408      -  64.4 3900s
 6096750 3113915   19.83002   34  193          -   16.52607      -  64.4 3905s
 6103707 3117189   16.95496   34  228          -   16.52778      -  64.4 3910s
 6110584 3120107   20.72361   51  201          -   16.52941      -  64.4 3915s
 6118596 3123798   19.39722   37  180          -   16.53135      -  64.4 3920s
 6126188 3127318   17.46957   34  100          -   16.53333      -  64.4 3925s
 6134928 3131199   17.65884   35  210          -   16.53521      -  64.4 3930s
 6142333 3134561   16.79652   37  198          -   16.53713      -  64.4 3935s
 6150943 3138347   19.67811   46  162          -   16.53853      -  64.4 3940s
 6159092 3141986   17.36667   41   79          -   16.54055      -  64.4 3945s
 6167867 3146074   18.50848   48  189          -   16.54286      -  64.4 3950s
 6175505 3149466   17.67842   35  228          -   16.54469      -  64.4 3955s
 6182079 3152277   17.77823   33  160          -   16.54545      -  64.4 3960s
 6190409 3156074   20.19941   43  151          -   16.54756      -  64.4 3965s
 6198703 3159874   16.82487   40  173          -   16.54962      -  64.4 3970s
 6207437 3163652   16.96204   47  202          -   16.55159      -  64.4 3975s
 6218383 3168602   17.86805   40  224          -   16.55450      -  64.4 3980s
 6227040 3172154   17.93566   33  185          -   16.55556      -  64.4 3985s
 6236320 3176349   19.61773   34  182          -   16.55752      -  64.4 3990s
 6243605 3179489   18.20999   36  213          -   16.55923      -  64.4 3995s
 6252176 3183197   18.54660   42  224          -   16.56129      -  64.5 4000s
 6259549 3186491   16.95164   30  190          -   16.56250      -  64.5 4005s
 6268148 3190321   17.20213   36  149          -   16.56432      -  64.5 4010s
 6275337 3193651   19.52409   34  222          -   16.56592      -  64.5 4015s
 6285423 3197949   18.30165   33  204          -   16.56820      -  64.5 4020s
 6293492 3201604   17.10603   47  213          -   16.57025      -  64.5 4025s
 6300244 3204484   19.32327   39  233          -   16.57143      -  64.5 4030s
 6308503 3207958   20.27738   42  174          -   16.57143      -  64.5 4035s
 6316668 3211594   17.40588   41  248          -   16.57328      -  64.5 4040s
 6324873 3215417   17.92686   36  196          -   16.57522      -  64.5 4045s
 6332337 3218833   17.35714   31  123          -   16.57692      -  64.5 4050s
 6340585 3222396   18.39706   45  104          -   16.57895      -  64.5 4055s
 6349865 3226385   19.00000   49  174          -   16.58089      -  64.5 4060s
 6358435 3230123   17.13909   34  169          -   16.58303      -  64.5 4065s
 6367544 3233875   18.69294   37  203          -   16.58364      -  64.5 4070s
 6375724 3237597   18.30804   36  191          -   16.58582      -  64.5 4075s
 6383012 3240827   17.41180   42  187          -   16.58767      -  64.5 4080s
 6390322 3244154   19.33333   33  100          -   16.58922      -  64.5 4085s
 6396958 3247075   18.79677   37  206          -   16.59091      -  64.5 4090s
 6404171 3250246   18.30673   36  220          -   16.59259      -  64.5 4095s
 6412216 3253810   21.00000   39    1          -   16.59439      -  64.5 4100s
 6419012 3256776   17.80776   38  245          -   16.59570      -  64.5 4105s
 6426073 3259814   16.89935   33  198          -   16.59754      -  64.5 4110s
 6434374 3263597   17.52941   37  113          -   16.60000      -  64.5 4115s
 6441941 3266639   18.00000   44   26          -   16.60000      -  64.5 4120s
 6449288 3269429   19.00000   31    9          -   16.60000      -  64.5 4125s
 6457409 3272603   19.11887   38  203          -   16.60000      -  64.5 4130s
 6464586 3275584   18.07270   44  181          -   16.60148      -  64.5 4135s
 6472698 3279065   19.98986   31  210          -   16.60348      -  64.5 4140s
 6480193 3282421   18.50000   40  116          -   16.60525      -  64.5 4145s
 6488465 3285985   17.13152   43  186          -   16.60714      -  64.5 4150s
 6495877 3289093   19.39631   34  179          -   16.60870      -  64.5 4155s
 6504530 3292930   20.74448   37  158          -   16.61073      -  64.5 4160s
 6512611 3296656   18.93002   34  187          -   16.61224      -  64.5 4165s
 6520816 3300509   17.38771   41  238          -   16.61429      -  64.5 4170s
 6528946 3303872   16.69851   34  192          -   16.61538      -  64.5 4175s
 6536083 3307090   18.90521   38  170          -   16.61727      -  64.5 4180s
 6542878 3310104   19.19843   36  222          -   16.61876      -  64.5 4185s
 6549893 3313317   20.87952   43  201          -   16.62033      -  64.5 4190s
 6557658 3316732   16.87552   32  137          -   16.62214      -  64.5 4195s
 6566454 3320616   17.75000   40  124          -   16.62452      -  64.5 4200s
 6573884 3323733   19.64182   37  165          -   16.62500      -  64.5 4205s
 6582323 3327145   18.31250   39  108          -   16.62500      -  64.6 4210s
 6590384 3330800   17.33333   42   45          -   16.62722      -  64.6 4215s
 6599429 3334671   19.29882   43  204          -   16.62962      -  64.6 4220s
 6607730 3338288   17.04656   33  181          -   16.63158      -  64.6 4225s
 6614368 3341200   21.27685   33  215          -   16.63288      -  64.6 4230s
 6622652 3344807   17.00000   39   59          -   16.63481      -  64.6 4235s
 6629719 3347708   17.85663   33  202          -   16.63636      -  64.6 4240s
 6637042 3350920   17.14269   37  204          -   16.63701      -  64.6 4245s
 6645262 3354601   19.07971   37  127          -   16.63902      -  64.6 4250s
 6652426 3357934   17.73324   43  160          -   16.64075      -  64.6 4255s
 6659481 3361035   18.00000   41   10          -   16.64247      -  64.6 4260s
 6666850 3364133   21.69044   53  190          -   16.64302      -  64.6 4265s
 6674298 3367424   17.82896   33  219          -   16.64497      -  64.6 4270s
 6683241 3371309   18.84224   33  189          -   16.64706      -  64.6 4275s
 6689869 3374005   16.89390   33  243          -   16.64832      -  64.6 4280s
 6697859 3377625   17.17623   40  161          -   16.65000      -  64.6 4285s
 6705475 3380808   18.05101   44  215          -   16.65165      -  64.6 4290s
 6713201 3383848   17.37519   40  209          -   16.65317      -  64.6 4295s
 6720432 3387086   17.32241   42  214          -   16.65464      -  64.6 4300s
 6727998 3390432   18.29700   36  226          -   16.65644      -  64.6 4305s
 6734876 3393446   17.14781   40  190          -   16.65812      -  64.6 4310s
 6742415 3396677   18.55530   33  181          -   16.65958      -  64.6 4315s
 6749982 3399980   17.07474   43  212          -   16.66110      -  64.6 4320s
 6757029 3403104   17.23430   38  163          -   16.66285      -  64.6 4325s
 6764975 3406682   18.19920   28  214          -   16.66485      -  64.6 4330s
 6772482 3409901   20.73938   34  179          -   16.66667      -  64.6 4335s
 6781815 3413545     cutoff   38               -   16.66667      -  64.6 4340s
 6790918 3416825   17.25000   38   32          -   16.66667      -  64.6 4345s
 6799885 3420305   19.22372   38  166          -   16.66667      -  64.6 4350s
 6808696 3423421   17.71467   37  149          -   16.66667      -  64.6 4355s
 6816127 3426178   17.08824   41  134          -   16.66667      -  64.6 4360s
 6824394 3429172   19.99012   40  154          -   16.66667      -  64.6 4365s
 6831156 3431651   19.43625   32  191          -   16.66667      -  64.6 4370s
 6838530 3434500   18.26399   33  219          -   16.66667      -  64.6 4375s
 6845475 3437557   19.00328   38  206          -   16.66853      -  64.6 4380s
 6854584 3441335   17.01387   38  223          -   16.67065      -  64.6 4385s
 6862047 3444534   17.47297   44  112          -   16.67242      -  64.6 4390s
 6869733 3447846   19.29711   35  191          -   16.67402      -  64.7 4395s
 6879995 3452452   18.98372   34  183          -   16.67628      -  64.7 4400s
 6888816 3456396   17.91870   42  198          -   16.67829      -  64.7 4405s
 6897761 3460256   17.88956   31  171          -   16.68021      -  64.7 4410s
 6907915 3464710   18.21053   35  199          -   16.68217      -  64.7 4415s
 6917066 3468558   17.50509   41  196          -   16.68421      -  64.7 4420s
 6925316 3472184   17.63623   29  179          -   16.68605      -  64.7 4425s
 6932618 3475357   18.73857   35  192          -   16.68750      -  64.7 4430s
 6940793 3478703   18.47542   35  160          -   16.68891      -  64.7 4435s
 6948906 3482354   19.53313   33  187          -   16.69048      -  64.7 4440s
 6957080 3485913   19.31505   33  158          -   16.69231      -  64.7 4445s
 6964406 3489075   17.78074   35  187          -   16.69315      -  64.7 4450s
 6972701 3492599   20.86842   33  173          -   16.69475      -  64.7 4455s
 6982585 3496892   19.50022   33  144          -   16.69697      -  64.7 4460s
 6989924 3500210   17.72146   39  205          -   16.69857      -  64.7 4465s
 6998450 3503634   21.42351   48  157          -   16.70000      -  64.7 4470s
 7006535 3506976   18.02319   33  179          -   16.70000      -  64.7 4475s
 7013744 3510190   20.08262   35  195          -   16.70179      -  64.7 4480s
 7022816 3514148   19.98077   38  190          -   16.70370      -  64.7 4485s
 7030759 3517644   20.06763   41  185          -   16.70565      -  64.7 4490s
 7039501 3521555   19.16430   34  164          -   16.70717      -  64.7 4495s
 7047431 3525031   20.83876   43  211          -   16.70866      -  64.7 4500s
 7056662 3529047   18.96552   43  114          -   16.71053      -  64.7 4505s
 7063516 3532144   19.34742   34  184          -   16.71208      -  64.7 4510s
 7072204 3535976   17.21940   41  196          -   16.71423      -  64.7 4515s
 7080930 3539508   20.87032   34  182          -   16.71429      -  64.7 4520s
 7089669 3543007   19.65128   32  181          -   16.71493      -  64.7 4525s
 7097481 3546336   17.23573   32  151          -   16.71698      -  64.7 4530s
 7105749 3549959   18.09777   31  153          -   16.71875      -  64.7 4535s
 7113092 3553092   17.74670   35  216          -   16.72021      -  64.7 4540s
 7121516 3556778   18.97580   32  206          -   16.72207      -  64.7 4545s
 7129917 3560353   17.58814   39  180          -   16.72337      -  64.7 4550s
 7137212 3563570   17.84542   33  213          -   16.72483      -  64.7 4555s
 7145739 3567340   18.33478   45  197          -   16.72664      -  64.7 4560s
 7154744 3570889   18.59947   37  144          -   16.72727      -  64.7 4565s
 7161138 3573757   17.32768   34  213          -   16.72868      -  64.7 4570s
 7170353 3577575   21.37332   43  188          -   16.73073      -  64.7 4575s
 7179386 3581525   19.00000   30   47          -   16.73239      -  64.7 4580s
 7189099 3585531   19.22190   35  189          -   16.73397      -  64.7 4585s
 7197448 3589095   19.02269   36  195          -   16.73567      -  64.7 4590s
 7205448 3592492   17.07469   39  226          -   16.73700      -  64.7 4595s
 7213403 3595907   19.09823   43  146          -   16.73870      -  64.7 4600s
 7221934 3599532   21.15549   43  154          -   16.74019      -  64.7 4605s
 7231196 3603364   18.50000   38   59          -   16.74194      -  64.7 4610s
 7238653 3606683   19.17861   39  186          -   16.74368      -  64.8 4615s
 7248098 3610777   19.22393   37  179          -   16.74575      -  64.8 4620s
 7256465 3614254   18.55984   36  175          -   16.74755      -  64.8 4625s
 7264685 3617839   17.80472   35  207          -   16.74970      -  64.8 4630s
 7273446 3621307   18.62574   34  213          -   16.75000      -  64.8 4635s
 7282310 3624651   18.53125   38  176          -   16.75000      -  64.8 4640s
 7289815 3627376   19.65988   41  121          -   16.75000      -  64.8 4645s
 7298654 3630695   19.70000   37  102          -   16.75000      -  64.8 4650s
 7307079 3633857   17.83271   39  135          -   16.75000      -  64.8 4655s
 7315231 3636963   20.90368   37  165          -   16.75000      -  64.8 4660s
 7322861 3639599   19.55283   34  184          -   16.75000      -  64.8 4665s
 7331349 3642912   17.51087   35  127          -   16.75000      -  64.8 4670s
 7341015 3647368   17.36708   37  171          -   16.75249      -  64.8 4675s
 7350157 3651237   18.66403   36  214          -   16.75460      -  64.8 4680s
 7359930 3655539   19.19425   31  168          -   16.75672      -  64.8 4685s
 7369776 3659816   17.22222   35  183          -   16.75862      -  64.8 4690s
 7379763 3664038   18.57745   34  238          -   16.76063      -  64.8 4695s
 7391208 3669072   18.47210   43  179          -   16.76271      -  64.8 4700s
 7402320 3673959   17.80908   36  204          -   16.76471      -  64.8 4705s
 7411810 3678070   18.16530   36  162          -   16.76667      -  64.8 4710s
 7421865 3682435   19.60311   33  183          -   16.76879      -  64.8 4715s
 7431482 3686605   17.74084   36  191          -   16.77017      -  64.8 4720s
 7442797 3691401   17.00525   39  217          -   16.77244      -  64.8 4725s
 7453579 3696137   18.33108   31  185          -   16.77439      -  64.8 4730s
 7462919 3700195   17.44481   35  183          -   16.77618      -  64.8 4735s
 7474225 3704978   19.43407   55  138          -   16.77778      -  64.8 4740s
 7486452 3710174   17.47012   33  206          -   16.77925      -  64.8 4745s
 7496914 3714757   17.27863   36  164          -   16.78125      -  64.8 4750s
 7508672 3719920   20.82332   42  153          -   16.78386      -  64.8 4755s
 7520965 3725158   19.39050   30  186          -   16.78571      -  64.8 4760s
 7533030 3730292   19.48947   41  194          -   16.78788      -  64.9 4765s
 7544530 3735221   18.96570   44  189          -   16.79013      -  64.9 4770s
 7557353 3740523   18.35721   43  211          -   16.79227      -  64.9 4775s
 7568885 3745536   20.74288   42  166          -   16.79450      -  64.9 4780s
 7581102 3750677   20.19779   37  213          -   16.79695      -  64.9 4785s
 7593260 3756021   18.08707   49  179          -   16.80000      -  64.9 4790s
 7605033 3760509   19.46611   46  157          -   16.80000      -  64.9 4795s
 7616506 3764852   18.99744   41  152          -   16.80000      -  64.9 4800s
 7628784 3769943   20.28625   35  170          -   16.80174      -  64.9 4805s
 7640711 3775114   18.53797   38  170          -   16.80427      -  64.9 4810s
 7653009 3780345   19.45000   38   93          -   16.80649      -  64.9 4815s
 7665130 3785536   18.75660   39  191          -   16.80894      -  64.9 4820s
 7670892 3788136   20.64054   38  184          -   16.80952      -  64.9 4825s
 7682645 3792911   16.96857   37  211          -   16.81225      -  64.9 4830s
 7695765 3798414   17.08882   36  213          -   16.81395      -  64.9 4835s
 7707378 3803420   17.16523   34  196          -   16.81633      -  64.9 4840s
 7720342 3808536   17.92511   33  159          -   16.81818      -  64.9 4845s
 7732350 3813781   19.60723   38  187          -   16.82037      -  64.9 4850s
 7744398 3818903     cutoff   43               -   16.82245      -  64.9 4855s
 7756798 3824075   20.27601   35  191          -   16.82460      -  64.9 4860s
 7769075 3829149   21.38570   37  169          -   16.82692      -  64.9 4865s
 7782505 3834931   18.06007   39  217          -   16.82927      -  64.9 4870s
 7794992 3840279   17.41234   38  139          -   16.83180      -  64.9 4875s
 7807470 3845259   18.30792   37  231          -   16.83333      -  64.9 4880s
 7819660 3849837   18.19764   31  183          -   16.83333      -  65.0 4885s
 7831987 3854720   19.20556   51  151          -   16.83333      -  65.0 4890s
 7844490 3859990   17.71204   33  203          -   16.83553      -  65.0 4895s
 7857077 3865138   18.27018   30  161          -   16.83808      -  65.0 4900s
 7869695 3870483   17.13021   26  178          -   16.84049      -  65.0 4905s
 7882107 3875734   18.53104   39  175          -   16.84249      -  65.0 4910s
 7894706 3881016   18.42380   34  190          -   16.84485      -  65.0 4915s
 7907981 3886254   18.89234   42  140          -   16.84650      -  65.0 4920s
 7921008 3891945   18.04977   45  200          -   16.84900      -  65.0 4925s
 7934141 3897348   18.80165   35  226          -   16.85124      -  65.0 4930s
 7947937 3903273   18.35714   36  106          -   16.85390      -  65.0 4935s
 7961013 3908845   18.13435   33  180          -   16.85678      -  65.0 4940s
 7973105 3913677   17.29759   32  193          -   16.85714      -  65.0 4945s
 7986485 3918965   20.82812   37  133          -   16.85850      -  65.0 4950s
 7999206 3924527   19.11765   38  115          -   16.86111      -  65.0 4955s
 8012231 3929911   17.50000   33   24          -   16.86364      -  65.0 4960s
 8025268 3935591   19.38093   32  200          -   16.86596      -  65.0 4965s
 8037847 3940882   18.54272   41  184          -   16.86803      -  65.0 4970s
 8039689 3941330   18.92595   36  210          -   16.86873      -  65.0 4975s
 8039778 3941417   17.17195   48  162          -   16.86912      -  65.0 4980s
 8045344 3944270   19.12972   33  201          -   16.87000      -  65.0 4985s
 8060066 3950289   16.94151   41  213          -   16.87281      -  65.0 4990s
 8073972 3955927   17.97755   38  178          -   16.87500      -  65.0 4995s
 8086320 3960703   19.00000   42    8          -   16.87500      -  65.0 5000s
 8100026 3966538   21.16785   40  197          -   16.87706      -  65.1 5005s
 8113355 3972203   19.71864   30  211          -   16.87960      -  65.1 5010s
 8126742 3977805   17.91706   45  222          -   16.88185      -  65.1 5015s
 8141109 3983942   18.63391   42  218          -   16.88426      -  65.1 5020s
 8154204 3989614   19.06932   44  223          -   16.88623      -  65.1 5025s
 8167014 3995140   17.12664   35  197          -   16.88864      -  65.1 5030s
 8180147 4000342   20.17500   38  211          -   16.88889      -  65.1 5035s
 8193002 4005863   17.00000   47    7          -   16.89166      -  65.1 5040s
 8206294 4011533   17.22427   38  207          -   16.89423      -  65.1 5045s
 8218925 4016833   18.14883   42  221          -   16.89620      -  65.1 5050s
 8232188 4022378   19.35136   38  194          -   16.89873      -  65.1 5055s
 8244579 4027274   20.01751   47  182          -   16.90000      -  65.1 5060s
 8256831 4032303   18.87658   30  196          -   16.90137      -  65.1 5065s
 8269849 4037680   19.17824   40  236          -   16.90415      -  65.1 5070s
 8283695 4043609   18.61370   33  152          -   16.90644      -  65.1 5075s
 8296966 4049145   17.35556   29  135          -   16.90909      -  65.1 5080s
 8310463 4054332   17.95519   39  167          -   16.91025      -  65.1 5085s
 8324345 4060187   19.19873   41  184          -   16.91262      -  65.1 5090s
 8337485 4065942   18.21737   36  188          -   16.91487      -  65.1 5095s
 8351090 4071431     cutoff   45               -   16.91667      -  65.1 5100s
 8365038 4077311   17.71481   39  222          -   16.91822      -  65.1 5105s
 8379158 4083130   19.23481   46  155          -   16.92066      -  65.1 5110s
 8392535 4088726   19.39794   39  164          -   16.92308      -  65.1 5115s
 8406662 4094443   17.17280   36  191          -   16.92478      -  65.1 5120s
 8419661 4099893   18.34681   40  156          -   16.92707      -  65.1 5125s
 8432793 4105215   18.60041   35  184          -   16.92857      -  65.2 5130s
 8445792 4110761   19.49404   41  168          -   16.93103      -  65.2 5135s
 8458598 4116182   18.52956   42  184          -   16.93333      -  65.2 5140s
 8471841 4121554   17.74172   31  186          -   16.93519      -  65.2 5145s
 8484953 4127181   17.91087   35  234          -   16.93750      -  65.2 5150s
 8498635 4133035   19.16505   34  195          -   16.93922      -  65.2 5155s
 8511767 4138418   17.23871   39  219          -   16.94118      -  65.2 5160s
 8522368 4142824   17.26028   37  176          -   16.94303      -  65.2 5165s
 8530697 4146277   19.23654   39  192          -   16.94444      -  65.2 5170s
 8539825 4149969   17.43319   31  211          -   16.94570      -  65.2 5175s
 8547285 4153199   18.95415   32  193          -   16.94718      -  65.2 5180s
 8555702 4156626   19.38538   37  185          -   16.94837      -  65.2 5185s
 8563761 4159912   19.23572   46  164          -   16.95000      -  65.2 5190s
 8571243 4162934   20.64849   37  199          -   16.95082      -  65.2 5195s
 8580095 4166723   19.01317   31  210          -   16.95238      -  65.2 5200s
 8589310 4170482   17.66550   33  187          -   16.95361      -  65.2 5205s
 8597547 4173949   17.27417   41  168          -   16.95467      -  65.2 5210s
 8604004 4176842   17.43792   30  207          -   16.95592      -  65.2 5215s
 8612399 4180252   17.30000   36   58          -   16.95723      -  65.2 5220s
 8620537 4183529   20.24010   34  224          -   16.95833      -  65.2 5225s
 8629419 4187187   21.04537   47  210          -   16.95986      -  65.2 5230s
 8637001 4190304   18.48736   34  175          -   16.96106      -  65.2 5235s
 8645261 4193661   20.65992   39  179          -   16.96225      -  65.2 5240s
 8652629 4196706   18.37876   36  202          -   16.96338      -  65.2 5245s
 8661949 4200524   17.57983   36  124          -   16.96479      -  65.2 5250s
 8669488 4203612   17.10821   36  161          -   16.96604      -  65.2 5255s
 8679230 4207621   17.71677   33  177          -   16.96754      -  65.2 5260s
 8688809 4211711   18.56371   34  189          -   16.96888      -  65.2 5265s
 8697039 4215246   17.50000   37   93          -   16.97046      -  65.2 5270s
 8705070 4218723   17.62928   36  211          -   16.97175      -  65.2 5275s
 8713745 4222366   18.22362   35  240          -   16.97318      -  65.2 5280s
 8721819 4225666   19.06985   51  150          -   16.97449      -  65.2 5285s
 8730849 4229463   19.04444   39  120          -   16.97595      -  65.2 5290s
 8740600 4233478   20.58621   43  150          -   16.97753      -  65.2 5295s
 8749136 4236989   17.45539   37  250          -   16.97877      -  65.2 5300s
 8756472 4240107   19.89358   39  157          -   16.98000      -  65.2 5305s
 8764440 4243362   18.76005   41  176          -   16.98131      -  65.2 5310s
 8773665 4247056   18.15755   39  170          -   16.98297      -  65.2 5315s
 8782025 4250443   19.26573   36  217          -   16.98438      -  65.2 5320s
 8790049 4253927   17.95002   39  189          -   16.98582      -  65.3 5325s
 8798111 4257403   18.52936   36  184          -   16.98734      -  65.3 5330s
 8805550 4260568   18.32933   30  182          -   16.98868      -  65.3 5335s
 8812984 4263637   18.27743   34  193          -   16.99000      -  65.3 5340s
 8821853 4267446   18.67374   35  191          -   16.99164      -  65.3 5345s
 8831497 4271413   18.66091   35  139          -   16.99324      -  65.3 5350s
 8840382 4274984   21.78503   38  213          -   16.99507      -  65.3 5355s
 8847945 4278061   18.18506   42  222          -   16.99652      -  65.3 5360s
 8856765 4281714   17.35525   28  168          -   16.99863      -  65.3 5365s
 8864596 4284857   20.03970   42  156          -   17.00000      -  65.3 5370s
 8870931 4287152   19.22200   43  165          -   17.00000      -  65.3 5375s
 8877742 4289622 infeasible   38               -   17.00000      -  65.3 5380s
 8885030 4292282   18.56778   34  198          -   17.00000      -  65.3 5385s
 8892682 4294907   18.01613   33  125          -   17.00000      -  65.3 5390s
 8900916 4297809   18.37527   40  153          -   17.00000      -  65.3 5395s
 8907628 4300240   20.24567   42  151          -   17.00000      -  65.3 5400s
 8914902 4302713   19.00000   35    1          -   17.00000      -  65.3 5405s
 8921385 4304971   18.00000   35   32          -   17.00000      -  65.3 5410s
 8930278 4307859   20.83493   37  158          -   17.00000      -  65.3 5415s
 8936984 4310085   20.29465   36  176          -   17.00000      -  65.3 5420s
 8943392 4311983   20.29196   45  219          -   17.00000      -  65.3 5425s
 8949174 4313821   20.19121   42  152          -   17.00000      -  65.3 5430s
 8956563 4316020   20.18182   38   93          -   17.00000      -  65.4 5435s
 8963677 4318093   18.86847   42  196          -   17.00000      -  65.4 5440s
 8970385 4320103   18.82957   36  194          -   17.00000      -  65.4 5445s
 8977527 4322042   17.84058   44  228          -   17.00000      -  65.4 5450s
 8984224 4323952   20.47590   35  188          -   17.00000      -  65.4 5455s
 8991649 4326173   17.93665   28  196          -   17.00000      -  65.4 5460s
 8999526 4328532   20.44943   51  194          -   17.00000      -  65.4 5465s
 9006122 4330689   19.16667   39   52          -   17.00000      -  65.4 5470s
 9013621 4332852   19.37879   39  124          -   17.00000      -  65.4 5475s
 9020724 4334943     cutoff   43               -   17.00000      -  65.4 5480s
 9028580 4337374   19.27227   40  186          -   17.00000      -  65.4 5485s
 9035888 4339454 infeasible   38               -   17.00000      -  65.5 5490s
 9043300 4341553   18.34482   45  176          -   17.00000      -  65.5 5495s
 9051581 4343938   18.12504   43  174          -   17.00000      -  65.5 5500s
 9059352 4346213   20.53486   29  174          -   17.00000      -  65.5 5505s
 9066050 4348001   20.35472   30  193          -   17.00000      -  65.5 5510s
 9073272 4350290   20.29228   36  179          -   17.00000      -  65.5 5515s
 9079605 4352144   19.57587   35  186          -   17.00000      -  65.5 5520s
 9085852 4353905   20.08842   41  202          -   17.00000      -  65.5 5525s
 9093146 4356104   18.82694   44  175          -   17.00000      -  65.5 5530s
 9098940 4357682   20.40022   42  139          -   17.00000      -  65.5 5535s
 9107079 4360035   18.82348   44  202          -   17.00000      -  65.5 5540s
 9114074 4362063   20.85402   36  168          -   17.00000      -  65.5 5545s
 9121144 4364240   17.00000   43   13          -   17.00000      -  65.6 5550s
 9127813 4366161     cutoff   46               -   17.00000      -  65.6 5555s
 9135185 4368369   20.00000   36   30          -   17.00000      -  65.6 5560s
 9142913 4370728   21.48710   49  206          -   17.00000      -  65.6 5565s
 9149946 4372805   17.33333   40   80          -   17.00000      -  65.6 5570s
 9156624 4374678   18.76059   36  167          -   17.00000      -  65.6 5575s
 9163836 4376760   20.36795   43  148          -   17.00000      -  65.6 5580s
 9171161 4378926   17.00000   37   11          -   17.00000      -  65.6 5585s
 9177538 4380742   18.96689   37  195          -   17.00000      -  65.6 5590s
 9185735 4383125   19.83333   37   49          -   17.00000      -  65.6 5595s
 9193317 4385418   18.70854   36  193          -   17.00000      -  65.6 5600s
 9199755 4387531   20.39509   48  167          -   17.00000      -  65.6 5605s
 9207846 4390172   18.89776   37  173          -   17.00000      -  65.6 5610s
 9215254 4392675   17.00000   38   11          -   17.00000      -  65.7 5615s
 9224199 4395432   20.06039   41  201          -   17.00000      -  65.7 5620s
 9231067 4397605   17.00000   31   38          -   17.00000      -  65.7 5625s
 9239179 4400421   17.67586   41  153          -   17.00000      -  65.7 5630s
 9247479 4403293 infeasible   46               -   17.00000      -  65.7 5635s
 9255470 4406251   17.80164   30  219          -   17.00094      -  65.7 5640s
 9263207 4409430   19.24035   36  190          -   17.00294      -  65.7 5645s
 9271421 4412758   17.27863   36  196          -   17.00463      -  65.7 5650s
 9277589 4415258   17.92814   36  154          -   17.00604      -  65.7 5655s
 9285656 4418704   19.34814   33  231          -   17.00781      -  65.7 5660s
 9294189 4422215   18.16201   48  191          -   17.00962      -  65.7 5665s
 9301389 4425248   18.21821   38  184          -   17.01118      -  65.7 5670s
 9308799 4428175   17.37424   36  250          -   17.01263      -  65.7 5675s
 9317781 4432029   17.65029   39  187          -   17.01429      -  65.7 5680s
 9325885 4435398   19.20360   32  176          -   17.01589      -  65.7 5685s
 9333370 4438590   19.65028   37  175          -   17.01746      -  65.7 5690s
 9341912 4442036   17.15918   36  230          -   17.01899      -  65.7 5695s
 9349492 4445065   17.50000   38   24          -   17.02046      -  65.7 5700s
 9357435 4448462   17.55799   30  181          -   17.02187      -  65.7 5705s
 9365691 4451906   17.27497   43  227          -   17.02338      -  65.7 5710s
 9374130 4455437   17.61256   45  198          -   17.02493      -  65.7 5715s
 9382150 4458767   18.24762   38  141          -   17.02632      -  65.7 5720s
 9390193 4462189   19.83545   38  169          -   17.02783      -  65.7 5725s
 9398903 4465729   18.98268   33  154          -   17.02941      -  65.7 5730s
 9406775 4468903   19.89496   36  172          -   17.03077      -  65.7 5735s
 9414171 4472038   20.98721   43  179          -   17.03211      -  65.7 5740s
 9423161 4475720   18.33320   30  180          -   17.03345      -  65.7 5745s
 9432388 4479578   20.23065   28  149          -   17.03525      -  65.7 5750s
 9441169 4483143   19.94851   45  146          -   17.03672      -  65.7 5755s
 9450082 4486885   17.97514   37  209          -   17.03840      -  65.7 5760s
 9457924 4490111   21.54400   41  189          -   17.03967      -  65.7 5765s
 9465769 4493348   17.32273   44  227          -   17.04089      -  65.7 5770s
 9473195 4496418   19.44739   39  174          -   17.04195      -  65.7 5775s
 9481490 4499816   18.27582   45  209          -   17.04345      -  65.7 5780s
 9489373 4503074   18.28554   29  152          -   17.04485      -  65.7 5785s
 9497054 4506236   17.74535   34  194          -   17.04602      -  65.7 5790s
 9505355 4509479   20.64397   37  183          -   17.04742      -  65.7 5795s
 9514555 4513162   17.36789   35  145          -   17.04878      -  65.7 5800s
 9521882 4516307   18.05422   39  119          -   17.05000      -  65.7 5805s
 9531158 4520018   19.03448   43  114          -   17.05128      -  65.7 5810s
 9539243 4523214   17.98072   40  213          -   17.05263      -  65.7 5815s
 9547358 4526667   18.14865   33  197          -   17.05405      -  65.7 5820s
 9557223 4530524   17.47736   36  188          -   17.05556      -  65.7 5825s
 9564771 4533570   18.01506   31  145          -   17.05660      -  65.7 5830s
 9572686 4536810   18.13504   37  190          -   17.05797      -  65.7 5835s
 9581956 4540448   18.00414   50  229          -   17.05926      -  65.7 5840s
 9588574 4543300   17.85487   35  207          -   17.06047      -  65.7 5845s
 9598714 4547574   17.55926   48  224          -   17.06232      -  65.7 5850s
 9607640 4551406   17.88479   37  224          -   17.06323      -  65.7 5855s
 9615082 4554406   18.63580   39  146          -   17.06450      -  65.7 5860s
 9623342 4557612   17.59224   35  210          -   17.06579      -  65.7 5865s
 9631008 4560525   18.84685   33  216          -   17.06667      -  65.7 5870s
 9638557 4563878   20.66606   41  195          -   17.06803      -  65.7 5875s
 9648131 4567774   19.52072   38  183          -   17.06967      -  65.7 5880s
 9656069 4571207   18.20891   36  189          -   17.07109      -  65.7 5885s
 9663683 4574102   18.22726   38  248          -   17.07143      -  65.7 5890s
 9671845 4577540   20.80527   45  153          -   17.07302      -  65.7 5895s
 9679975 4581145   18.55997   47  221          -   17.07440      -  65.7 5900s
 9688044 4584489   19.39255   37  171          -   17.07572      -  65.7 5905s
 9695821 4587387   19.21304   30  194          -   17.07692      -  65.7 5910s
 9703602 4590463   18.62500   39   80          -   17.07778      -  65.7 5915s
 9711862 4593930   19.17542   40  195          -   17.07921      -  65.7 5920s
 9720339 4597479   17.39147   32  199          -   17.08056      -  65.7 5925s
 9728200 4600742   17.38595   31  160          -   17.08194      -  65.7 5930s
 9735542 4603732   17.35357   39  173          -   17.08333      -  65.7 5935s
 9743834 4606813   19.25152   40  180          -   17.08333      -  65.7 5940s
 9752081 4610155   18.00000   40   10          -   17.08491      -  65.7 5945s
 9759954 4613437   18.74369   33  203          -   17.08629      -  65.7 5950s
 9768504 4616942   17.32222   33  124          -   17.08772      -  65.7 5955s
 9776837 4620334   18.82120   32  180          -   17.08908      -  65.7 5960s
 9785128 4623799   19.49750   40  237          -   17.09045      -  65.7 5965s
 9793009 4626925   21.00000   40   10          -   17.09091      -  65.8 5970s
 9800503 4630047   17.63122   31  176          -   17.09212      -  65.8 5975s
 9809343 4633743   19.71429   39  114          -   17.09364      -  65.8 5980s
 9816837 4636654   17.36842   42  133          -   17.09472      -  65.8 5985s
 9824331 4639639   20.41463   45   97          -   17.09577      -  65.8 5990s
 9834266 4643601   17.70664   41  241          -   17.09744      -  65.8 5995s
 9843446 4647460   18.91911   45  194          -   17.09901      -  65.8 6000s
 9851898 4650774   18.00000   33    4          -   17.10000      -  65.8 6005s
 9861139 4654157   19.49610   38  179          -   17.10000      -  65.8 6010s
 9868591 4657193   19.41197   37  158          -   17.10145      -  65.8 6015s
 9876824 4660419   21.94118   40  122          -   17.10285      -  65.8 6020s
 9883135 4663025   18.34134   35  170          -   17.10389      -  65.8 6025s
 9892241 4666635   17.87409   33  188          -   17.10526      -  65.8 6030s
 9900170 4669804   17.97826   38  121          -   17.10632      -  65.8 6035s
 9907343 4672781   17.51545   32  251          -   17.10727      -  65.8 6040s
 9914593 4675996   19.71214   36  188          -   17.10843      -  65.8 6045s
 9922010 4678911   18.63158   31  109          -   17.10969      -  65.8 6050s
 9929659 4681999   19.89626   38  146          -   17.11111      -  65.8 6055s
 9937730 4684799   20.10000   46   38          -   17.11111      -  65.8 6060s
 9945440 4688051   17.57160   31  247          -   17.11234      -  65.8 6065s
 9951871 4690735   19.18187   31  217          -   17.11346      -  65.8 6070s
 9960120 4694063   20.61436   40  217          -   17.11467      -  65.8 6075s
 9967460 4697075   18.23359   37  199          -   17.11578      -  65.8 6080s
 9974149 4699668   20.97987   34  210          -   17.11685      -  65.8 6085s
 9983118 4703434   19.69831   39  125          -   17.11815      -  65.8 6090s
 9990614 4706711   18.82723   43  152          -   17.11957      -  65.8 6095s
 9998996 4710061   17.88422   30  164          -   17.12083      -  65.8 6100s
 10006236 4713083   18.04530   37  171          -   17.12195      -  65.8 6105s
 10015367 4716602   17.66097   42  158          -   17.12354      -  65.8 6110s
 10022718 4719417   20.15270   44  191          -   17.12500      -  65.8 6115s
 10030706 4722349   18.05476   38  171          -   17.12500      -  65.8 6120s
 10037886 4725130   19.71042   32  247          -   17.12500      -  65.8 6125s
 10045356 4727935   22.41406   47  144          -   17.12500      -  65.8 6130s
 10053697 4731214   17.39093   51  234          -   17.12667      -  65.8 6135s
 10063032 4735054   18.11348   36  179          -   17.12821      -  65.8 6140s
 10069323 4737615   18.61783   43  119          -   17.12923      -  65.8 6145s
 10077454 4740682   19.13479   40  171          -   17.13043      -  65.8 6150s
 10086271 4744328   18.24455   33  168          -   17.13167      -  65.8 6155s
 10093880 4747611   21.32913   35  205          -   17.13291      -  65.8 6160s
 10101206 4750353   19.57176   33  171          -   17.13333      -  65.8 6165s
 10110175 4754156   17.70975   36  137          -   17.13483      -  65.8 6170s
 10117933 4757360   19.17368   40  225          -   17.13629      -  65.8 6175s
 10126292 4760676   19.50000   33   75          -   17.13725      -  65.8 6180s
 10134673 4763975   20.54610   34  168          -   17.13846      -  65.8 6185s
 10142740 4767194   21.00843   40  198          -   17.13971      -  65.8 6190s
 10151106 4770573   17.44901   36  182          -   17.14114      -  65.8 6195s
 10157647 4773208   19.70178   36  149          -   17.14230      -  65.8 6200s
 10164818 4775883   17.25000   39   54          -   17.14286      -  65.8 6205s
 10173105 4778859   19.00978   40  220          -   17.14286      -  65.8 6210s
 10180489 4781656   19.06193   49  104          -   17.14348      -  65.8 6215s
 10187795 4784635   18.93131   34  226          -   17.14473      -  65.8 6220s
 10195907 4787933   18.42229   42  217          -   17.14599      -  65.8 6225s
 10203544 4791041   18.04478   32  224          -   17.14706      -  65.8 6230s
 10210859 4794028   17.71320   40  219          -   17.14815      -  65.8 6235s
 10219690 4797569   17.69091   34  157          -   17.14944      -  65.8 6240s
 10227223 4800438   19.93861   38  178          -   17.15000      -  65.8 6245s
 10234440 4803530   18.94889   31  187          -   17.15137      -  65.8 6250s
 10243632 4807307   18.50000   44   22          -   17.15285      -  65.8 6255s
 10250474 4809990   19.03024   37  162          -   17.15385      -  65.8 6260s
 10256222 4811957   20.73394   35  187          -   17.15426      -  65.8 6265s
 10259576 4813562   18.47628   42  146          -   17.15482      -  65.8 6270s
 10267235 4816711   17.79907   31  175          -   17.15625      -  65.8 6275s
 10275921 4820073   18.11538   37  195          -   17.15738      -  65.8 6280s
 10284274 4823443   20.40525   44  175          -   17.15846      -  65.8 6285s
 10293202 4827104   18.23321   40  195          -   17.16000      -  65.8 6290s
 10302309 4830811   18.83801   42  170          -   17.16116      -  65.8 6295s
 10309588 4833844   19.27083   38  158          -   17.16226      -  65.8 6300s
 10316804 4836853   18.72660   39  180          -   17.16338      -  65.8 6305s
 10325039 4840277   19.90345   39  196          -   17.16476      -  65.8 6310s
 10333399 4843766   17.90451   35  232          -   17.16638      -  65.8 6315s
 10342136 4847120   18.22994   36  157          -   17.16667      -  65.8 6320s
 10349688 4849631   20.62397   40  154          -   17.16667      -  65.8 6325s
 10357503 4852457   18.82552   39  162          -   17.16667      -  65.8 6330s
 10365452 4855284   19.30494   36  199          -   17.16667      -  65.8 6335s
 10372933 4858042   20.51905   39  215          -   17.16692      -  65.8 6340s
 10380006 4860883   19.06778   30  203          -   17.16832      -  65.8 6345s
 10389305 4864676   18.26845   34  170          -   17.16984      -  65.8 6350s
 10399496 4868733   21.00000   47   29          -   17.17143      -  65.8 6355s
 10407258 4871814   18.77861   32  194          -   17.17270      -  65.8 6360s
 10415408 4875024   19.74057   34  194          -   17.17391      -  65.8 6365s
 10423869 4878223   19.26599   33  199          -   17.17500      -  65.8 6370s
 10431023 4881201   20.20829   34  185          -   17.17632      -  65.8 6375s
 10437839 4883854   18.65953   29  211          -   17.17704      -  65.8 6380s
 10445945 4886917   18.98511   38  167          -   17.17840      -  65.8 6385s
 10455011 4890558   20.53802   48  156          -   17.17969      -  65.8 6390s
 10463604 4894020   17.49649   34  181          -   17.18104      -  65.8 6395s
 10470122 4896498   18.56793   39  196          -   17.18182      -  65.8 6400s
 10479337 4900183   17.61577   38  138          -   17.18254      -  65.8 6405s
 10488437 4903730   18.58432   38  145          -   17.18397      -  65.8 6410s
 10496660 4907110   19.16177   36  214          -   17.18510      -  65.8 6415s
 10504889 4910409   18.41155   36  212          -   17.18629      -  65.9 6420s
 10512457 4913285   19.34258   36  193          -   17.18750      -  65.9 6425s
 10519901 4916056   18.54034   34  136          -   17.18802      -  65.9 6430s
 10528202 4919398   18.88128   40  140          -   17.18919      -  65.9 6435s
 10537068 4922706   18.64286   33  120          -   17.19048      -  65.9 6440s
 10544904 4925968   18.38639   39  217          -   17.19149      -  65.9 6445s
 10553152 4929142   18.20779   33  178          -   17.19243      -  65.9 6450s
 10561563 4932716   17.92008   44  194          -   17.19373      -  65.9 6455s
 10569301 4935763   18.11992   40  212          -   17.19471      -  65.9 6460s
 10576639 4938726   17.87534   32  189          -   17.19585      -  65.9 6465s
 10584184 4941803   17.78990   35  187          -   17.19704      -  65.9 6470s
 10592529 4945167   18.73148   35  162          -   17.19832      -  65.9 6475s
 10600619 4948410   17.60654   36  204          -   17.19983      -  65.9 6480s
 10608748 4951327   20.23380   36  212          -   17.20000      -  65.9 6485s
 10616873 4954170   18.20513   40  137          -   17.20000      -  65.9 6490s
 10624956 4956992   19.98283   42  173          -   17.20000      -  65.9 6495s
 10632337 4959544   18.11114   44  195          -   17.20000      -  65.9 6500s
 10640800 4962676   20.93704   43  192          -   17.20038      -  65.9 6505s
 10649029 4966120   19.15929   35  188          -   17.20193      -  65.9 6510s
 10656807 4969172   17.74432   37  206          -   17.20312      -  65.9 6515s
 10666019 4972762   18.85273   34  178          -   17.20455      -  65.9 6520s
 10674411 4976167   18.41479   37  157          -   17.20579      -  65.9 6525s
 10682044 4979292   17.80864   33  224          -   17.20687      -  65.9 6530s
 10690774 4982579   18.14762   34  236          -   17.20801      -  65.9 6535s
 10698344 4985702   17.26136   32  162          -   17.20875      -  65.9 6540s
 10706029 4988655   17.68486   39  200          -   17.20999      -  65.9 6545s
 10713750 4991623   20.01015   37  207          -   17.21100      -  65.9 6550s
 10722052 4994937   19.16674   41  148          -   17.21217      -  65.9 6555s
 10729952 4998006   17.62769   34  172          -   17.21338      -  65.9 6560s
 10736510 5000476   20.82581   52  117          -   17.21429      -  65.9 6565s
 10744812 5003612   19.49540   34  187          -   17.21455      -  65.9 6570s
 10747340 5004325   17.76437   31  182          -   17.21528      -  65.9 6575s
 10747412 5004397   17.63916   44  146          -   17.21552      -  65.9 6580s
 10747492 5004475   18.02396   32  192          -   17.21579      -  65.9 6585s
 10747566 5004547   18.08581   41  182          -   17.21604      -  65.9 6590s
 10748301 5005003   17.38789   46  168          -   17.21622      -  65.9 6595s
 10753219 5007215   18.99501   36  242          -   17.21676      -  65.9 6600s
 10756849 5008666   20.65000   46   83          -   17.21736      -  65.9 6605s
 10763352 5011152   17.58752   35  176          -   17.21817      -  65.9 6610s
 10770024 5013623   18.92256   33  210          -   17.21900      -  65.9 6615s
 10776033 5016109   19.81179   33  181          -   17.21987      -  65.9 6620s
 10782881 5018803   17.76610   44  175          -   17.22088      -  65.9 6625s
 10789898 5021641   17.75688   36  196          -   17.22222      -  65.9 6630s
 10798718 5024807   18.20891   34  254          -   17.22222      -  65.9 6635s
 10807051 5027883   17.58927   51  202          -   17.22291      -  65.9 6640s
 10814121 5030652   17.96371   33  186          -   17.22405      -  65.9 6645s
 10820901 5033321   19.30144   42  109          -   17.22515      -  65.9 6650s
 10830205 5037032   17.73381   42  222          -   17.22654      -  65.9 6655s
 10838513 5040190   20.59199   37  192          -   17.22737      -  65.9 6660s
 10845597 5042985   19.17683   38  145          -   17.22857      -  65.9 6665s
 10853965 5046401   20.89582   39  178          -   17.22963      -  65.9 6670s
 10861461 5049362   18.31471   39  186          -   17.23077      -  65.9 6675s
 10868325 5051799   17.96439   31  191          -   17.23105      -  65.9 6680s
 10875999 5054742   17.62981   36  175          -   17.23222      -  65.9 6685s
 10884161 5057931   17.56837   31  207          -   17.23333      -  65.9 6690s
 10893246 5061644   20.01317   36  196          -   17.23466      -  65.9 6695s
 10897998 5066017   18.27564   33  170          -   17.23529      -  65.9 6719s
 10905768 5067975   19.87500   40  106          -   17.23585      -  65.9 6722s
 10914185 5069622   18.39708   37  216          -   17.23690      -  65.9 6725s
 10922179 5072906   19.19121   40  193          -   17.23810      -  65.9 6730s
 10929647 5075911   18.47561   47  186          -   17.23897      -  65.9 6735s
 10937822 5079128   17.28571   44   81          -   17.24000      -  65.9 6740s
 10945360 5082042   17.99302   36  262          -   17.24089      -  65.9 6745s
 10953307 5085171   18.28283   33  226          -   17.24194      -  65.9 6750s
 10962282 5088789   18.68447   36  162          -   17.24324      -  65.9 6755s
 10969672 5091857   17.77445   35  176          -   17.24437      -  65.9 6760s
 10977779 5094995   19.37850   38  184          -   17.24554      -  65.9 6765s
 10985237 5097947   18.10719   41  231          -   17.24664      -  65.9 6770s
 10992592 5100882   18.62794   37  227          -   17.24771      -  65.9 6775s
 11000751 5104094   18.22548   36  159          -   17.24932      -  65.9 6780s
 11008700 5107039   17.50000   46   24          -   17.25000      -  65.9 6785s
 11016910 5110040   18.35656   36  181          -   17.25000      -  65.9 6790s
 11023893 5112420   20.30448   42  143          -   17.25000      -  65.9 6795s
 11031072 5114806   20.02701   39  157          -   17.25000      -  65.9 6800s
 11038666 5117324   20.30746   43  209          -   17.25000      -  65.9 6805s
 11045170 5119508   20.30939   36  159          -   17.25000      -  65.9 6810s
 11051639 5121710   19.12280   39  214          -   17.25000      -  66.0 6815s
 11060036 5124519   20.18939   36  162          -   17.25000      -  66.0 6820s
 11066472 5126752   18.00610   36  147          -   17.25000      -  66.0 6825s
 11074921 5129640   17.72208   32  201          -   17.25000      -  66.0 6830s
 11082437 5132258   20.32705   33  178          -   17.25000      -  66.0 6835s
 11090350 5135287   19.22778   32  216          -   17.25079      -  66.0 6840s
 11097801 5138198   18.24052   43  232          -   17.25225      -  66.0 6845s
 11104087 5140768   17.50000   49   24          -   17.25328      -  66.0 6850s
 11111426 5143728   18.46882   43  242          -   17.25439      -  66.0 6855s
 11119206 5146896   17.66694   33  202          -   17.25559      -  66.0 6860s
 11127336 5150154   17.48746   37  200          -   17.25667      -  66.0 6865s
 11135264 5153213   18.38339   32  175          -   17.25778      -  66.0 6870s
 11142630 5156223   17.84523   33  211          -   17.25874      -  66.0 6875s
 11150056 5158980   18.94931   34  191          -   17.25966      -  66.0 6880s
 11158999 5162509   17.87753   39  230          -   17.26087      -  66.0 6885s
 11166392 5165481   18.65286   40  184          -   17.26190      -  66.0 6890s
 11173077 5168150   19.49014   30  227          -   17.26296      -  66.0 6895s
 11180443 5171046   17.66667   49  116          -   17.26365      -  66.0 6900s
 11188095 5174029   18.24434   32  255          -   17.26471      -  66.0 6905s
 11195314 5176813   19.51537   37  255          -   17.26570      -  66.0 6910s
 11203711 5180183   20.50000   32   22          -   17.26667      -  66.0 6915s
 11211204 5182996   18.21974   37  210          -   17.26746      -  66.0 6920s
 11217903 5185663   18.02659   34  177          -   17.26849      -  66.0 6925s
 11225691 5188695   19.26338   38  190          -   17.26942      -  66.0 6930s
 11233124 5191495   18.70761   33  164          -   17.27041      -  66.0 6935s
 11241422 5194765   17.80455   49  210          -   17.27159      -  66.0 6940s
 11248295 5197473   19.10211   36  137          -   17.27273      -  66.0 6945s
 11255827 5200317   18.61024   38  201          -   17.27273      -  66.0 6950s
 11263295 5203068   20.19969   46  219          -   17.27366      -  66.0 6955s
 11270568 5206063   17.44754   39  161          -   17.27486      -  66.0 6960s
 11278773 5209137   17.83704   48  155          -   17.27592      -  66.0 6965s
 11286972 5212411   18.73077   36  177          -   17.27715      -  66.0 6970s
 11294902 5215388   18.89196   37  184          -   17.27778      -  66.0 6975s
 11301750 5218092   19.91129   35  161          -   17.27869      -  66.0 6980s
 11309068 5220824   18.68737   38  211          -   17.27967      -  66.0 6985s
 11315443 5223325   19.42987   39  201          -   17.28054      -  66.0 6990s
 11323595 5226674   19.58074   43  215          -   17.28155      -  66.0 6995s
 11331853 5229968   19.46564   39  142          -   17.28267      -  66.0 7000s
 11338881 5232786   19.62895   34  193          -   17.28379      -  66.0 7005s
 11346419 5235793   19.41088   37  143          -   17.28501      -  66.0 7010s
 11353928 5238635   19.08034   35  171          -   17.28571      -  66.0 7015s
 11361110 5241077   18.57882   35  141          -   17.28571      -  66.0 7020s
 11369815 5243986   18.50040   40  194          -   17.28571      -  66.0 7025s
 11376415 5246506   18.50382   34  196          -   17.28662      -  66.0 7030s
 11383810 5249489   19.48193   34  141          -   17.28781      -  66.0 7035s
 11390075 5252072   18.66053   37  185          -   17.28856      -  66.0 7040s
 11397704 5254992   17.95732   35  137          -   17.28955      -  66.0 7045s
 11405697 5258303   17.67947   37  231          -   17.29060      -  66.0 7050s
 11413136 5261236   17.62500   38   75          -   17.29167      -  66.0 7055s
 11419780 5263637   19.13700   38  175          -   17.29231      -  66.0 7060s
 11427012 5266611   17.56673   46  214          -   17.29344      -  66.0 7065s
 11435139 5269874   18.66364   35  187          -   17.29425      -  66.0 7070s
 11441757 5272590   19.19844   38  250          -   17.29530      -  66.0 7075s
 11449901 5275790   19.42948   38  166          -   17.29630      -  66.0 7080s
 11457994 5278945   19.82652   53  166          -   17.29730      -  66.0 7085s
 11465460 5281941   18.37828   36  216          -   17.29825      -  66.0 7090s
 11472950 5285030   17.59952   35  189          -   17.29935      -  66.0 7095s
 11480577 5287740   18.47498   34  170          -   17.30000      -  66.0 7100s
 11487089 5290098   19.42994   32  155          -   17.30000      -  66.0 7105s
 11495398 5293281   17.53753   37  199          -   17.30028      -  66.0 7110s
 11503385 5296261   18.65223   30  210          -   17.30157      -  66.0 7115s
 11510793 5299203   18.30952   44  127          -   17.30253      -  66.0 7120s
 11519717 5302870   18.40249   36  124          -   17.30376      -  66.0 7125s
 11527067 5305699   18.23368   40  194          -   17.30455      -  66.0 7130s
 11534809 5308786   19.30156   34  176          -   17.30556      -  66.0 7135s
 11542748 5311890   20.20301   39  174          -   17.30679      -  66.0 7140s
 11550593 5314941   18.90339   35  195          -   17.30769      -  66.0 7145s
 11558469 5317782   19.76690   37  162          -   17.30834      -  66.1 7150s
 11566142 5320829   19.12117   38  158          -   17.30952      -  66.1 7155s
 11573654 5323754   18.88573   31  181          -   17.31038      -  66.1 7160s
 11581770 5327162   17.72543   40  220          -   17.31164      -  66.1 7165s
 11590278 5330304   19.38980   44  201          -   17.31250      -  66.1 7170s
 11596972 5332919   19.18902   44  181          -   17.31286      -  66.1 7175s
 11604312 5335884   17.95042   38  225          -   17.31387      -  66.1 7180s
 11613268 5339407   18.11036   40  197          -   17.31497      -  66.1 7185s
 11621355 5342624   18.69302   32  190          -   17.31579      -  66.1 7190s
 11628698 5345569   19.31212   38  233          -   17.31694      -  66.1 7195s
 11635427 5348205   18.29390   36  166          -   17.31775      -  66.1 7200s
 11641652 5350680   20.76914   32  184          -   17.31818      -  66.1 7205s
 11648963 5353539   18.17399   35  202          -   17.31924      -  66.1 7210s
 11657311 5356628   18.13395   31  216          -   17.32029      -  66.1 7215s
 11664822 5359568     cutoff   48               -   17.32143      -  66.1 7220s
 11672991 5362575   18.55856   32  165          -   17.32258      -  66.1 7225s
 11681160 5365883   18.34026   31  215          -   17.32353      -  66.1 7230s
 11690069 5369314   18.30205   39  189          -   17.32479      -  66.1 7235s
 11697489 5372240   18.90000   39  105          -   17.32558      -  66.1 7240s
 11705573 5375428   18.90816   35  199          -   17.32674      -  66.1 7245s
 11713951 5378720   17.82309   31  191          -   17.32778      -  66.1 7250s
 11723247 5382344   19.26997   35  223          -   17.32901      -  66.1 7255s
 11730343 5385134   18.01942   36  183          -   17.33003      -  66.1 7260s
 11737750 5388007   18.15746   32  221          -   17.33102      -  66.1 7265s
 11746931 5391864   20.26289   34  198          -   17.33263      -  66.1 7270s
 11754865 5394630   19.02999   26  220          -   17.33333      -  66.1 7275s
 11762264 5397066   17.75077   39  208          -   17.33333      -  66.1 7280s
 11770549 5399816   21.05369   47  152          -   17.33333      -  66.1 7285s
 11776868 5401830   20.72207   32  187          -   17.33333      -  66.1 7290s
 11784703 5404370   18.38094   40  156          -   17.33333      -  66.1 7295s
 11792868 5406909   20.24255   42  185          -   17.33333      -  66.1 7300s
 11799713 5408937   21.01418   37  182          -   17.33333      -  66.1 7305s
 11807204 5411139   20.00000   39   35          -   17.33333      -  66.1 7310s
 11814359 5413427   18.06604   47  151          -   17.33333      -  66.1 7315s
 11821671 5415796   18.67642   35  142          -   17.33333      -  66.1 7320s
 11828909 5418303   17.97053   42  191          -   17.33333      -  66.1 7325s
 11834822 5420205   19.56099   39  165          -   17.33333      -  66.1 7330s
 11842338 5422435   19.20590   36  194          -   17.33333      -  66.1 7335s
 11849611 5424783   18.37214   35  184          -   17.33333      -  66.1 7340s
 11858145 5427702   18.48936   46  179          -   17.33333      -  66.1 7345s
 11865413 5430341   17.76190   31  145          -   17.33416      -  66.1 7350s
 11873698 5433691   19.77128   32  176          -   17.33551      -  66.1 7355s
 11881428 5436797   18.07760   44  210          -   17.33674      -  66.1 7360s
 11890371 5440139   17.42797   39  167          -   17.33802      -  66.1 7365s
 11899237 5443490   19.23069   34  196          -   17.33929      -  66.1 7370s
 11907790 5446985   18.23033   38  240          -   17.34050      -  66.1 7375s
 11915791 5450112   20.42035   37  203          -   17.34146      -  66.2 7380s
 11924206 5453465   19.69344   37  189          -   17.34258      -  66.2 7385s
 11932324 5456710   21.76982   47  195          -   17.34375      -  66.2 7390s
 11941307 5460144   19.84618   37  182          -   17.34483      -  66.2 7395s
 11950527 5463824   18.26392   42  210          -   17.34595      -  66.2 7400s
 11957663 5466388   18.50000   37   34          -   17.34664      -  66.2 7405s
 11965935 5469583   20.30198   44  153          -   17.34773      -  66.2 7410s
 11972706 5472166   18.87554   37  184          -   17.34848      -  66.2 7415s
 11981569 5475430   18.87628   43  168          -   17.34976      -  66.2 7420s
 11990327 5478533   20.52787   45  210          -   17.35030      -  66.2 7425s
 11998189 5481711   20.33333   43  132          -   17.35137      -  66.2 7430s
 12008128 5485603   19.28314   44  192          -   17.35292      -  66.2 7435s
 12014843 5487968   17.75467   31  203          -   17.35331      -  66.2 7440s
 12022134 5490962   18.78652   37  151          -   17.35424      -  66.2 7445s
 12031288 5494648   17.75000   42   41          -   17.35544      -  66.2 7450s
 12038560 5497642   17.78124   41  219          -   17.35637      -  66.2 7455s
 12047429 5500859   17.56166   39  136          -   17.35714      -  66.2 7460s
 12053637 5503001   18.73399   44  157          -   17.35714      -  66.2 7465s
 12061730 5506350   18.34182   38  174          -   17.35838      -  66.2 7470s
 12069214 5509265   20.89583   38  104          -   17.35931      -  66.2 7475s
 12077244 5512417   20.55939   41  188          -   17.36027      -  66.2 7480s
 12085576 5515657   18.43519   42  113          -   17.36134      -  66.2 7485s
 12093166 5518558   20.04892   40  184          -   17.36239      -  66.2 7490s
 12101336 5521796   19.64229   34  145          -   17.36364      -  66.2 7495s
 12110871 5525184   20.84132   42  164          -   17.36364      -  66.2 7500s
 12119962 5528611   19.30769   41  134          -   17.36492      -  66.2 7505s
 12129232 5532088   18.50000   37   53          -   17.36617      -  66.2 7510s
 12139139 5535884   17.57252   31  234          -   17.36732      -  66.2 7515s
 12150630 5540313   18.86980   41  178          -   17.36842      -  66.2 7520s
 12160353 5544072   17.77753   32  217          -   17.36969      -  66.2 7525s
 12168833 5547360   17.57038   35  147          -   17.37068      -  66.2 7530s
 12179079 5551330   17.85144   35  207          -   17.37203      -  66.2 7535s
 12188911 5555249   20.21233   40  196          -   17.37333      -  66.2 7540s
 12200045 5559663   17.96179   39  167          -   17.37490      -  66.2 7545s
 12210662 5563317   20.94643   47  155          -   17.37500      -  66.2 7550s
 12218954 5565940   19.79820   41  215          -   17.37500      -  66.2 7555s
 12229537 5569429   17.97545   31  168          -   17.37500      -  66.2 7560s
 12239360 5573148   18.39793   35  209          -   17.37636      -  66.2 7565s
 12249069 5576780   19.42012   36  146          -   17.37756      -  66.2 7570s
 12260346 5581284   18.68182   32  162          -   17.37908      -  66.2 7575s
 12271588 5585671   19.00000   44    9          -   17.38043      -  66.2 7580s
 12281174 5589344   18.14856   31  184          -   17.38158      -  66.2 7585s
 12291999 5593676   18.94175   35  174          -   17.38298      -  66.2 7590s
 12301050 5597327   17.67720   38  182          -   17.38440      -  66.2 7595s
 12310508 5600695   17.71515   41  210          -   17.38472      -  66.2 7600s
 12321462 5604808   17.65548   30  167          -   17.38628      -  66.2 7605s
 12331269 5608610   19.87436   40  212          -   17.38745      -  66.2 7610s
 12342917 5613127   18.65320   34  182          -   17.38889      -  66.2 7615s
 12352713 5616874   17.89575   35  196          -   17.38958      -  66.2 7620s
 12362083 5620531   17.78639   46  191          -   17.39080      -  66.2 7625s
 12369278 5623248   20.19898   45  155          -   17.39155      -  66.2 7630s
 12377508 5626371   17.57143   37  137          -   17.39276      -  66.2 7635s
 12385296 5629263   18.35164   33  180          -   17.39368      -  66.2 7640s
 12394804 5632839   17.77155   45  205          -   17.39474      -  66.2 7645s
 12404448 5636746   18.30248   33  168          -   17.39583      -  66.2 7650s
 12414203 5640358   18.05517   39  181          -   17.39726      -  66.2 7655s
 12423259 5643918   19.61111   37   99          -   17.39857      -  66.2 7660s
 12430672 5646780   17.58276   33  236          -   17.39970      -  66.2 7665s
 12438106 5649524   20.61603   33  187          -   17.40000      -  66.2 7670s
 12446444 5652188   19.34405   41  185          -   17.40000      -  66.2 7675s
 12453559 5654450   20.18571   28  150          -   17.40000      -  66.2 7680s
 12460586 5656663   19.41001   38  206          -   17.40000      -  66.2 7685s
 12469097 5659239   18.70258   35  210          -   17.40000      -  66.2 7690s
 12476399 5661532   19.31944   46  142          -   17.40000      -  66.3 7695s
 12483958 5664401   18.48254   37  224          -   17.40074      -  66.3 7700s
 12491677 5667379   20.03448   39  110          -   17.40187      -  66.3 7705s
 12498790 5670171   18.23975   29  202          -   17.40278      -  66.3 7710s
 12505385 5672630   18.95909   34  140          -   17.40351      -  66.3 7715s
 12512935 5675552   18.85113   35  185          -   17.40454      -  66.3 7720s
 12519624 5678167   17.69402   35  177          -   17.40530      -  66.3 7725s
 12526890 5681013   18.09869   38  227          -   17.40625      -  66.3 7730s
 12535300 5684320   19.99947   41  190          -   17.40712      -  66.3 7735s
 12543853 5687584   18.26931   32  142          -   17.40816      -  66.3 7740s
 12551968 5690747   18.67158   47  151          -   17.40909      -  66.3 7745s
 12559220 5693382   18.76261   33  146          -   17.40979      -  66.3 7750s
 12566781 5696254   18.23300   33  222          -   17.41069      -  66.3 7755s
 12575992 5699921   19.16836   42  219          -   17.41176      -  66.3 7760s
 12583760 5702866   19.15043   38  207          -   17.41250      -  66.3 7765s
 12591844 5705945   19.46779   41  214          -   17.41346      -  66.3 7770s
 12600098 5709191   18.24958   33  197          -   17.41437      -  66.3 7775s
 12607574 5712123   17.83650   35  246          -   17.41530      -  66.3 7780s
 12615448 5715120   18.21608   33  204          -   17.41655      -  66.3 7785s
 12623661 5717893   20.32634   39  222          -   17.41667      -  66.3 7790s
 12630884 5720563   20.63163   42  191          -   17.41667      -  66.3 7795s
 12638200 5723424   17.67310   36  232          -   17.41766      -  66.3 7800s
 12644526 5725974   18.56382   47  218          -   17.41860      -  66.3 7805s
 12653380 5729245   19.11701   30  201          -   17.41972      -  66.3 7810s
 12660890 5732110   17.99198   31  204          -   17.42058      -  66.3 7815s
 12668288 5734734   17.50000   43   20          -   17.42105      -  66.3 7820s
 12676230 5737904   17.97166   35  168          -   17.42222      -  66.3 7825s
 12685708 5741459   20.23220   43  166          -   17.42308      -  66.3 7830s
 12693885 5744641   18.37315   34  196          -   17.42424      -  66.3 7835s
 12700360 5747123   20.19042   37  159          -   17.42493      -  66.3 7840s
 12708741 5750394   18.91688   44  204          -   17.42578      -  66.3 7845s
 12715058 5752895   18.73103   38  212          -   17.42653      -  66.3 7850s
 12723073 5756088   20.65931   46  194          -   17.42759      -  66.3 7855s
 12730405 5758768   18.50000   50   22          -   17.42857      -  66.3 7860s
 12738670 5761492   18.19355   31  128          -   17.42857      -  66.3 7865s
 12745225 5763704   17.78808   45  206          -   17.42857      -  66.3 7870s
 12751129 5765742   19.72212   39  216          -   17.42857      -  66.3 7875s
 12759273 5768681   19.41924   40  235          -   17.42909      -  66.3 7880s
 12766905 5771695   19.59579   36  161          -   17.43011      -  66.3 7885s
 12777316 5775785   19.99331   48  188          -   17.43137      -  66.3 7890s
 12784838 5778630   20.64286   37  117          -   17.43229      -  66.3 7895s
 12792134 5781509   17.87500   48   83          -   17.43319      -  66.3 7900s
 12799588 5784301   18.31338   35  162          -   17.43391      -  66.3 7905s
 12807653 5787430   18.07045   35  193          -   17.43478      -  66.3 7910s
 12814653 5790120   19.24631   38  219          -   17.43565      -  66.3 7915s
 12821840 5792948   20.17627   48  204          -   17.43664      -  66.3 7920s
 12830735 5796602   19.57918   35  176          -   17.43750      -  66.3 7925s
 12839651 5799659   19.17348   38  155          -   17.43793      -  66.3 7930s
 12848372 5803047   17.67504   43  141          -   17.43902      -  66.3 7935s
 12856604 5806084   18.00000   40   21          -   17.44000      -  66.3 7940s
 12864037 5808975   18.55769   42  239          -   17.44094      -  66.3 7945s
 12871976 5811985   18.27812   39  199          -   17.44173      -  66.3 7950s
 12879427 5814626   18.68137   44  134          -   17.44262      -  66.3 7955s
 12885779 5817199   19.32922   36  128          -   17.44356      -  66.3 7960s
 12894791 5820663   17.87747   36  193          -   17.44444      -  66.3 7965s
 12903843 5823636   20.09436   39  155          -   17.44444      -  66.3 7970s
 12910834 5826097   19.13838   37  248          -   17.44470      -  66.3 7975s
 12918981 5829172   18.53738   41  227          -   17.44580      -  66.3 7980s
 12926495 5832063   18.87647   41  180          -   17.44681      -  66.3 7985s
 12933820 5834887   18.39933   38  192          -   17.44768      -  66.3 7990s
 12942199 5837917   19.24000   44  121          -   17.44867      -  66.3 7995s
 12949657 5840788   19.58684   36  168          -   17.44964      -  66.3 8000s
 12958610 5844036   18.04491   44  228          -   17.45009      -  66.3 8005s
 12969148 5848066   17.69656   38  199          -   17.45150      -  66.3 8010s
 12977369 5850986   17.77751   42  178          -   17.45238      -  66.3 8015s
 12985379 5854333   19.33451   42  147          -   17.45339      -  66.3 8020s
 12993312 5857445   19.20619   31  141          -   17.45455      -  66.3 8025s
 13001513 5860064     cutoff   48               -   17.45455      -  66.3 8030s
 13009834 5863099   18.78500   40  200          -   17.45525      -  66.3 8035s
 13017906 5866317   19.25274   40  214          -   17.45624      -  66.3 8040s
 13026777 5869605   18.75227   35  193          -   17.45732      -  66.3 8045s
 13033522 5872268   18.31869   46  183          -   17.45828      -  66.3 8050s
 13041748 5875314   18.83156   37  227          -   17.45884      -  66.3 8055s
 13051519 5879025   18.28773   36  210          -   17.46012      -  66.4 8060s
 13060884 5882499   18.06956   40  190          -   17.46133      -  66.4 8065s
 13069689 5885355   19.57187   40  221          -   17.46154      -  66.4 8070s
 13077873 5888580   19.62319   41  163          -   17.46258      -  66.4 8075s
 13085909 5891582   19.35673   31  204          -   17.46351      -  66.4 8080s
 13094074 5894422   21.65349   41  198          -   17.46429      -  66.4 8085s
 13101915 5897302   19.44354   34  146          -   17.46534      -  66.4 8090s
 13109266 5900131   17.59420   40  137          -   17.46632      -  66.4 8095s
 13117089 5902708   21.66009   38  189          -   17.46667      -  66.4 8100s
 13125972 5906139   18.70324   36  241          -   17.46761      -  66.4 8105s
 13135112 5909482   18.94731   30  153          -   17.46875      -  66.4 8110s
 13141661 5912017   21.44688   43  197          -   17.46953      -  66.4 8115s
 13150028 5915018   20.14167   38  202          -   17.47059      -  66.4 8120s
 13158290 5918167   18.75715   39  175          -   17.47140      -  66.4 8125s
 13165859 5921026   18.88406   41   99          -   17.47222      -  66.4 8130s
 13174015 5924175   18.67853   47  152          -   17.47321      -  66.4 8135s
 13182096 5927101   19.01098   40  211          -   17.47390      -  66.4 8140s
 13190013 5930242   18.31326   45  164          -   17.47495      -  66.4 8145s
 13198580 5933458   19.31379   37  196          -   17.47581      -  66.4 8150s
 13206757 5936586   17.66866   38  238          -   17.47646      -  66.4 8155s
 13216790 5940245   18.09404   32  148          -   17.47759      -  66.4 8160s
 13225168 5943222   19.09302   38  131          -   17.47840      -  66.4 8165s
 13233354 5946425   20.75360   46  209          -   17.47945      -  66.4 8170s
 13239870 5948964   21.60000   51  139          -   17.48023      -  66.4 8175s
 13247750 5951821   18.52517   34  158          -   17.48124      -  66.4 8180s
 13256720 5955115   17.95946   45  121          -   17.48214      -  66.4 8185s
 13264994 5958156   18.47747   35  164          -   17.48309      -  66.4 8190s
 13275242 5962038   21.76626   40  183          -   17.48436      -  66.4 8195s
 13283344 5964928   18.33333   49   57          -   17.48523      -  66.4 8200s
 13290572 5967506   18.76473   38  178          -   17.48598      -  66.4 8205s
 13298159 5970250   20.42703   37  190          -   17.48684      -  66.4 8210s
 13306290 5973390   21.30154   49  167          -   17.48780      -  66.4 8215s
 13313968 5976276   17.75000   33  125          -   17.48872      -  66.4 8220s
 13321402 5978892   19.10472   43  133          -   17.48952      -  66.4 8225s
 13329573 5981921   20.90171   45  196          -   17.49047      -  66.4 8230s
 13336084 5984444   17.70415   36  158          -   17.49123      -  66.4 8235s
 13346493 5988433   17.78884   43  223          -   17.49239      -  66.4 8240s
 13353449 5991189   18.89804   38  205          -   17.49327      -  66.4 8245s
 13361110 5993977   18.57090   40  124          -   17.49425      -  66.4 8250s
 13369458 5997187   20.18138   32  152          -   17.49533      -  66.4 8255s
 13376869 5999937   19.82200   37  196          -   17.49624      -  66.4 8260s
 13385332 6003184   19.94121   37  189          -   17.49730      -  66.4 8265s
 13392751 6006108   19.13354   39  233          -   17.49854      -  66.4 8270s
 13400175 6008860   18.30705   43  227          -   17.49994      -  66.4 8275s
 13408456 6011505   20.40663   36  172          -   17.50000      -  66.4 8280s
 13418287 6014697   18.78947   40  171          -   17.50000      -  66.4 8285s
 13425820 6017039   18.33333   45   70          -   17.50000      -  66.4 8290s
 13432241 6018983   20.44782   35  208          -   17.50000      -  66.4 8295s
 13439833 6021227   18.86460   34  187          -   17.50000      -  66.4 8300s
 13447017 6023550   17.87244   38  201          -   17.50000      -  66.4 8305s
 13455162 6026303   17.92593   44  100          -   17.50000      -  66.4 8310s
 13462575 6028565   20.14772   38  152          -   17.50000      -  66.4 8315s
 13469968 6030673   19.45992   38  196          -   17.50000      -  66.5 8320s
 13476621 6032408     cutoff   41               -   17.50000      -  66.5 8325s
 13485625 6034960   18.94398   34  204          -   17.50000      -  66.5 8330s
 13493901 6037191   20.51493   39  171          -   17.50000      -  66.5 8335s
 13500435 6039034   19.59872   36  171          -   17.50000      -  66.5 8340s
 13507733 6041104 infeasible   50               -   17.50000      -  66.5 8345s
 13514703 6043126   20.37500   37  100          -   17.50000      -  66.5 8350s
 13522027 6044995   19.07997   36  195          -   17.50000      -  66.5 8355s
 13527790 6046549   20.16667   34   87          -   17.50000      -  66.5 8360s
 13535245 6048448   18.79837   41  174          -   17.50000      -  66.5 8365s
 13541735 6050258   19.02564   40   98          -   17.50000      -  66.5 8370s
 13548368 6052044   18.93694   31  123          -   17.50000      -  66.5 8375s
 13557750 6054601   19.60084   37  211          -   17.50000      -  66.5 8380s
 13564313 6056422   19.73760   40  183          -   17.50000      -  66.5 8385s
 13571493 6058343   20.25682   46  183          -   17.50000      -  66.5 8390s
 13578759 6060296   20.31579   41   58          -   17.50000      -  66.5 8395s
 13586625 6062238   20.18215   38  171          -   17.50000      -  66.5 8400s
 13593273 6064171   17.77259   50  144          -   17.50000      -  66.5 8405s
 13601414 6066259   19.30938   39  167          -   17.50000      -  66.5 8410s
 13608648 6068199   21.69403   40   98          -   17.50000      -  66.5 8415s
 13616234 6070170   20.53987   42  203          -   17.50000      -  66.5 8420s
 13625206 6072482   21.22193   31  188          -   17.50000      -  66.6 8425s
 13631825 6074376   20.75269   36  175          -   17.50000      -  66.6 8430s
 13638891 6076172   19.24263   34  130          -   17.50000      -  66.6 8435s
 13646268 6078097   21.44444   36   62          -   17.50000      -  66.6 8440s
 13652888 6079974   20.12938   39  209          -   17.50000      -  66.6 8445s
 13659528 6081790   19.71063   36  167          -   17.50000      -  66.6 8450s
 13665345 6083315   19.00000   35    7          -   17.50000      -  66.6 8455s
 13672873 6085247   20.07278   42  134          -   17.50000      -  66.6 8460s
 13681214 6087527   18.26923   41   65          -   17.50000      -  66.6 8465s
 13691079 6090564   19.43333   37  170          -   17.50000      -  66.6 8470s
 13697788 6092415   18.11875   38  167          -   17.50000      -  66.6 8475s
 13705674 6094842   18.00000   37    8          -   17.50000      -  66.6 8480s
 13712822 6097057   22.15548   42  154          -   17.50000      -  66.6 8485s
 13720375 6099268   21.14862   40  131          -   17.50000      -  66.6 8490s
 13727654 6101665   18.00000   38   42          -   17.50000      -  66.6 8495s
 13735513 6104094   18.62712   42  127          -   17.50000      -  66.6 8500s
 13743055 6106757   18.34948   39  213          -   17.50132      -  66.6 8505s
 13751768 6110014   20.22117   37  217          -   17.50261      -  66.6 8510s
 13760066 6113030   17.82762   39  204          -   17.50376      -  66.6 8515s
 13768821 6116238   19.09334   31  219          -   17.50483      -  66.6 8520s
 13777054 6119280   19.02468   33  166          -   17.50588      -  66.6 8525s
 13784664 6122205   18.33844   43  191          -   17.50685      -  66.6 8530s
 13791943 6124942   20.77066   34  187          -   17.50769      -  66.6 8535s
 13799310 6127661   18.11865   37  185          -   17.50862      -  66.6 8540s
 13807676 6130654   18.27986   37  149          -   17.50962      -  66.6 8545s
 13815950 6133677   20.94781   39  232          -   17.51064      -  66.6 8550s
 13825251 6137125   21.22067   38  162          -   17.51188      -  66.6 8555s
 13831848 6139573   18.70457   40  215          -   17.51271      -  66.6 8560s
 13840729 6142691   18.26364   40  115          -   17.51365      -  66.6 8565s
 13848868 6145873   19.69395   35  176          -   17.51471      -  66.6 8570s
 13856639 6148734   19.89502   39  135          -   17.51559      -  66.6 8575s
 13863322 6151263   18.61314   33  167          -   17.51639      -  66.6 8580s
 13871041 6154050   20.43659   36  251          -   17.51724      -  66.6 8585s
 13878373 6156742   18.07050   32  193          -   17.51803      -  66.6 8590s
 13886359 6159564   21.43178   53  170          -   17.51896      -  66.6 8595s
 13894067 6162384   19.31905   50  162          -   17.51992      -  66.6 8600s
 13902174 6165346   18.54247   31  181          -   17.52083      -  66.6 8605s
 13909426 6168119   18.00000   46   14          -   17.52174      -  66.6 8610s
 13919647 6172017   19.83025   35  189          -   17.52273      -  66.6 8615s
 13924719 6173690   19.72308   39  173          -   17.52344      -  66.6 8620s
 13929229 6175568     cutoff   43               -   17.52381      -  66.6 8625s
 13937921 6178785   19.68500   48  195          -   17.52488      -  66.6 8630s
 13946016 6181853   18.16438   41  197          -   17.52573      -  66.6 8635s
 13952644 6184202   19.90200   42  143          -   17.52632      -  66.7 8640s
 13960586 6187234   18.55934   31  206          -   17.52735      -  66.7 8645s
 13968812 6190339   19.97142   44  174          -   17.52828      -  66.7 8650s
 13976662 6193282   19.83333   39   50          -   17.52921      -  66.7 8655s
 13986461 6196888   19.04567   31  170          -   17.53000      -  66.7 8660s
 13994048 6199836   18.49035   38  174          -   17.53089      -  66.7 8665s
 14002454 6202739   18.68992   37   94          -   17.53175      -  66.7 8670s
 14010807 6205844   18.11637   37  200          -   17.53273      -  66.7 8675s
 14018118 6208500   21.36553   41  169          -   17.53333      -  66.7 8680s
 14025765 6211168   18.74414   35  144          -   17.53410      -  66.7 8685s
 14034141 6214255   19.36570   35  164          -   17.53504      -  66.7 8690s
 14041250 6216853   20.69311   37  185          -   17.53571      -  66.7 8695s
 14049218 6219780   17.78190   35  214          -   17.53659      -  66.7 8700s
 14056586 6222365   18.24174   36  155          -   17.53741      -  66.7 8705s
 14066437 6225891   18.53934   33  194          -   17.53846      -  66.7 8710s
 14073866 6228269   18.60905   36  211          -   17.53853      -  66.7 8715s
 14080955 6230880   18.56040   28  214          -   17.53956      -  66.7 8720s
 14088402 6233634   18.72216   31  184          -   17.54049      -  66.7 8725s
 14095040 6236088   19.52513   40  137          -   17.54128      -  66.7 8730s
 14102917 6238863   18.90369   41  227          -   17.54183      -  66.7 8735s
 14110885 6241781   19.36373   41  227          -   17.54286      -  66.7 8740s
 14117969 6244352   17.97465   37  115          -   17.54351      -  66.7 8745s
 14125251 6247142   17.82086   49  144          -   17.54444      -  66.7 8750s
 14132269 6249705   18.15000   47  126          -   17.54545      -  66.7 8755s
 14140190 6252317   19.81443   39  112          -   17.54545      -  66.7 8760s
 14151082 6256342   20.57013   37  191          -   17.54653      -  66.7 8765s
 14157817 6258877   17.85109   42  228          -   17.54740      -  66.7 8770s
 14167973 6262752   17.98980   34  211          -   17.54845      -  66.7 8775s
 14175164 6265485   18.40222   38  152          -   17.54936      -  66.7 8780s
 14182530 6268173   20.45214   38  169          -   17.55000      -  66.7 8785s
 14190268 6270945   18.70073   34  119          -   17.55072      -  66.7 8790s
 14196734 6273479   19.10299   40  132          -   17.55144      -  66.7 8795s
 14204703 6276451   19.14383   43  208          -   17.55233      -  66.7 8800s
 14212171 6279119   17.91508   29  212          -   17.55319      -  66.7 8805s
 14219550 6281932   18.04591   39  252          -   17.55398      -  66.7 8810s
 14226897 6284771   19.10031   35  206          -   17.55482      -  66.7 8815s
 14235143 6287588   19.01449   43  156          -   17.55556      -  66.7 8820s
 14244152 6290421   19.13131   35  214          -   17.55556      -  66.7 8825s
 14252378 6293090   21.06250   37  141          -   17.55558      -  66.7 8830s
 14259728 6295958   21.12541   36  182          -   17.55660      -  66.7 8835s
 14268185 6299230   17.93333   31   79          -   17.55760      -  66.7 8840s
 14277104 6302593   19.24661   34  216          -   17.55865      -  66.7 8845s
 14284432 6305215   18.36285   36  177          -   17.55929      -  66.7 8850s
 14291731 6307786   20.42762   43  197          -   17.56000      -  66.7 8855s
 14300237 6310908   19.61677   32  163          -   17.56100      -  66.7 8860s
 14309208 6314283   17.86146   35  180          -   17.56225      -  66.7 8865s
 14316618 6316900   18.07735   38  218          -   17.56250      -  66.7 8870s
 14326360 6320484   19.53725   41  152          -   17.56338      -  66.7 8875s
 14335275 6323692   19.00003   41  204          -   17.56442      -  66.7 8880s
 14343725 6326858     cutoff   33               -   17.56522      -  66.7 8885s
 14351321 6329617   17.69149   47  160          -   17.56604      -  66.7 8890s
 14359364 6332541   17.76645   37  153          -   17.56680      -  66.7 8895s
 14368601 6336037   19.55422   41  138          -   17.56787      -  66.7 8900s
 14375934 6338704   18.81303   40  184          -   17.56864      -  66.7 8905s
 14380123 6340053   18.50364   36  241          -   17.56926      -  66.7 8910s
 14380517 6340292   18.78208   36  148          -   17.56944      -  66.7 8915s
 14381606 6340713   18.68575   31  206          -   17.56962      -  66.7 8920s
 14383785 6341769   18.01912   37  239          -   17.56987      -  66.7 8925s
 14389959 6344410   18.72492   36  219          -   17.57053      -  66.7 8930s
 14399645 6347537   18.45582   52  177          -   17.57143      -  66.7 8935s
 14407001 6349853   20.74021   41  126          -   17.57143      -  66.7 8940s
 14414452 6351966   18.86538   42  141          -   17.57143      -  66.7 8945s
 14422548 6354394   18.00000   36    9          -   17.57143      -  66.7 8950s
 14430962 6357622   18.78017   36  146          -   17.57265      -  66.7 8955s
 14438834 6360681   19.93285   37  197          -   17.57356      -  66.7 8960s
 14446119 6363493   18.05215   34  209          -   17.57442      -  66.7 8965s
 14453636 6366184   19.23914   37  201          -   17.57523      -  66.7 8970s
 14461499 6369079   18.95176   32  213          -   17.57599      -  66.7 8975s
 14469018 6371922   18.82173   37  128          -   17.57690      -  66.7 8980s
 14477835 6375154   19.21945   34  176          -   17.57778      -  66.7 8985s
 14485359 6377959   18.58731   49  235          -   17.57878      -  66.7 8990s
 14492684 6380705   19.81854   40  200          -   17.57929      -  66.7 8995s
 14500741 6383773   19.84729   35  181          -   17.58034      -  66.7 9000s
 14507999 6386407   18.51515   44  126          -   17.58108      -  66.7 9005s
 14516424 6389349   18.52227   38  253          -   17.58199      -  66.7 9010s
 14525341 6392718   17.73890   35  208          -   17.58330      -  66.7 9015s
 14532536 6395149   21.47362   44  190          -   17.58333      -  66.7 9020s
 14542569 6398757   18.38320   44  178          -   17.58356      -  66.7 9025s
 14549805 6401452   18.77410   43  192          -   17.58462      -  66.7 9030s
 14556326 6403978   19.74182   38  210          -   17.58537      -  66.7 9035s
 14563905 6406853   18.66355   45  216          -   17.58621      -  66.7 9040s
 14571862 6409967   18.15293   35  172          -   17.58696      -  66.7 9045s
 14580894 6413222   17.87197   42  158          -   17.58801      -  66.7 9050s
 14589137 6415997   21.34187   38  221          -   17.58842      -  66.7 9055s
 14596502 6418861   18.92552   34  218          -   17.58938      -  66.7 9060s
 14604706 6421854   18.97080   37  202          -   17.59029      -  66.7 9065s
 14612911 6424852   18.52914   41  161          -   17.59091      -  66.7 9070s
 14622672 6428596     cutoff   49               -   17.59184      -  66.7 9075s
 14631653 6431813   19.50118   33  193          -   17.59270      -  66.7 9080s
 14638870 6434447   18.29768   43  211          -   17.59363      -  66.8 9085s
 14647194 6437438   18.22895   34  159          -   17.59434      -  66.8 9090s
 14656309 6440552     cutoff   38               -   17.59524      -  66.8 9095s
 14663627 6443198   21.25113   43  177          -   17.59606      -  66.8 9100s
 14671973 6446285   20.49261   35  209          -   17.59703      -  66.8 9105s
 14680258 6449333   19.12349   38  187          -   17.59794      -  66.8 9110s
 14688507 6452522   18.87037   28  153          -   17.59897      -  66.8 9115s
 14696296 6455450   18.14243   39  196          -   17.60000      -  66.8 9120s
 14703737 6457799   21.47479   43  119          -   17.60000      -  66.8 9125s
 14714271 6461239   18.36464   45  126          -   17.60000      -  66.8 9130s
 14721581 6463499   19.19007   38  182          -   17.60000      -  66.8 9135s
 14729863 6466073   18.50162   32  188          -   17.60000      -  66.8 9140s
 14738313 6468638   20.60376   40  155          -   17.60000      -  66.8 9145s
 14744679 6470661   20.51251   39  175          -   17.60000      -  66.8 9150s
 14752094 6473016   20.47518   35  104          -   17.60000      -  66.8 9155s
 14760117 6475974   18.25674   31  164          -   17.60094      -  66.8 9160s
 14768202 6478983   19.70059   38  257          -   17.60197      -  66.8 9165s
 14774865 6481353   20.66290   38  143          -   17.60274      -  66.8 9170s
 14782410 6484150   18.95509   43  191          -   17.60370      -  66.8 9175s
 14789929 6487000   18.01406   36  177          -   17.60455      -  66.8 9180s
 14798230 6490295   18.96600   41  221          -   17.60526      -  66.8 9185s
 14807071 6493643   18.26499   35  174          -   17.60624      -  66.8 9190s
 14816343 6497011   20.04983   34  148          -   17.60714      -  66.8 9195s
 14824470 6499972   21.04798   40  201          -   17.60795      -  66.8 9200s
 14831335 6502400   18.98200   36  191          -   17.60870      -  66.8 9205s
 14839634 6505373     cutoff   34               -   17.60947      -  66.8 9210s
 14847220 6508216   19.41886   41  197          -   17.61020      -  66.8 9215s
 14855347 6511232   18.11684   37  171          -   17.61111      -  66.8 9220s
 14863152 6513861   18.06744   37  188          -   17.61121      -  66.8 9225s
 14870529 6516725   18.33328   41  167          -   17.61207      -  66.8 9230s
 14881267 6520562   18.66225   37  157          -   17.61304      -  66.8 9235s
 14888659 6523281   19.16546   42  178          -   17.61364      -  66.8 9240s
 14896864 6526379   20.37563   45  177          -   17.61458      -  66.8 9245s
 14904590 6529280   19.00000   50   31          -   17.61538      -  66.8 9250s
 14912818 6532006   18.43750   48   98          -   17.61538      -  66.8 9255s
 14920722 6535097   18.83227   33  180          -   17.61633      -  66.8 9260s
 14928711 6538066   19.09804   38   99          -   17.61728      -  66.8 9265s
 14936798 6541027   20.06644   43  231          -   17.61806      -  66.8 9270s
 14943567 6543543   18.33063   34  226          -   17.61881      -  66.8 9275s
 14953263 6546844   18.63724   32  211          -   17.61962      -  66.8 9280s
 14961253 6549754   19.66227   40  207          -   17.62045      -  66.8 9285s
 14967902 6552157   17.95180   38  199          -   17.62109      -  66.8 9290s
 14975891 6555156   20.08349   37  224          -   17.62195      -  66.8 9295s
 14984159 6558155   17.96332   34  182          -   17.62281      -  66.8 9300s
 14992559 6561262   18.20568   37  221          -   17.62384      -  66.8 9305s
 14999978 6564051   19.21878   32  204          -   17.62485      -  66.8 9310s
 15007129 6566447   20.92247   41  214          -   17.62500      -  66.8 9315s
 15014408 6568789   19.92752   37  224          -   17.62500      -  66.8 9320s
 15022822 6571397   20.06629   33  166          -   17.62500      -  66.8 9325s
 15032713 6574750   18.87906   36  198          -   17.62500      -  66.8 9330s
 15040986 6577635   17.74332   41  238          -   17.62562      -  66.8 9335s
 15049204 6580680   18.86878   40  165          -   17.62667      -  66.8 9340s
 15058362 6583980   19.41246   42  185          -   17.62764      -  66.8 9345s
 15065804 6586600   18.01815   30  176          -   17.62831      -  66.8 9350s
 15073692 6589421   17.95334   38  235          -   17.62908      -  66.8 9355s
 15081276 6592206   21.32054   48  225          -   17.62977      -  66.8 9360s
 15089659 6595238   18.20588   51   96          -   17.63072      -  66.8 9365s
 15099899 6598672   18.75035   43  175          -   17.63158      -  66.8 9370s
 15108495 6601907   18.16367   37  226          -   17.63236      -  66.8 9375s
 15115972 6604757   18.90531   30  210          -   17.63330      -  66.8 9380s
 15123565 6607497   18.75775   55  169          -   17.63380      -  66.8 9385s
 15133442 6611114   19.61600   41  184          -   17.63479      -  66.8 9390s
 15140729 6613856   18.32971   45  170          -   17.63557      -  66.8 9395s
 15148643 6616684   20.19159   40  144          -   17.63636      -  66.8 9400s
 15158031 6619711   18.98058   39  153          -   17.63636      -  66.8 9405s
 15167600 6623327   17.91461   29  240          -   17.63736      -  66.8 9410s
 15177192 6626906   19.19893   45  222          -   17.63844      -  66.8 9415s
 15185436 6629993   18.29007   31  192          -   17.63922      -  66.8 9420s
 15192675 6632593   20.46503   41  203          -   17.64000      -  66.8 9425s
 15199880 6635183   18.35032   41  199          -   17.64062      -  66.8 9430s
 15209779 6638791   19.71094   40  178          -   17.64159      -  66.8 9435s
 15219754 6642478   19.92145   34  225          -   17.64284      -  66.8 9440s
 15229080 6645351   21.36843   42  208          -   17.64286      -  66.9 9445s
 15237267 6648407   19.00000   32    8          -   17.64352      -  66.9 9450s
 15244584 6651110   18.85000   41  116          -   17.64444      -  66.9 9455s
 15254398 6654600   19.16571   42  205          -   17.64538      -  66.9 9460s
 15261661 6657261   18.56181   39  174          -   17.64608      -  66.9 9465s
 15268670 6659997   18.16227   34  208          -   17.64695      -  66.9 9470s
 15276504 6662572   18.37756   34  197          -   17.64725      -  66.9 9475s
 15284015 6665290   19.63007   44  210          -   17.64811      -  66.9 9480s
 15292683 6668366   19.41146   42  194          -   17.64894      -  66.9 9485s
 15300999 6671311   19.80963   52  172          -   17.65000      -  66.9 9490s
 15309816 6674270   20.26888   39  219          -   17.65041      -  66.9 9495s
 15317295 6677080   17.95331   34  207          -   17.65129      -  66.9 9500s
 15325648 6680215   21.34602   38  127          -   17.65217      -  66.9 9505s
 15334522 6683445   18.65980   33  151          -   17.65294      -  66.9 9510s
 15342815 6686404   20.54204   43  191          -   17.65385      -  66.9 9515s
 15350778 6689200   17.91652   32  206          -   17.65438      -  66.9 9520s
 15357934 6691864   20.21178   37  138          -   17.65517      -  66.9 9525s
 15365212 6694511   18.80808   42  182          -   17.65584      -  66.9 9530s
 15371766 6696854   20.83586   35  187          -   17.65641      -  66.9 9535s
 15379188 6699545   17.96725   35  136          -   17.65722      -  66.9 9540s
 15388796 6702943   21.51727   39  210          -   17.65816      -  66.9 9545s
 15397715 6706281   18.71329   40  154          -   17.65909      -  66.9 9550s
 15405703 6709249   18.09677   36  222          -   17.65995      -  66.9 9555s
 15413110 6711989   20.82237   34  157          -   17.66071      -  66.9 9560s
 15417954 6713495   18.22194   41  206          -   17.66129      -  66.9 9565s
 15418028 6713565   19.84667   37  154          -   17.66148      -  66.9 9570s
 15418094 6713626   17.97409   40  240          -   17.66160      -  66.9 9575s
 15418151 6713682   18.51234   36  189          -   17.66176      -  66.9 9580s
 15418641 6714123   19.13292   42  164          -   17.66186      -  66.9 9585s
 15421128 6715205   19.93039   33  208          -   17.66201      -  66.9 9590s
 15425744 6716757   19.11628   33  142          -   17.66250      -  66.9 9595s
 15429280 6718091   18.66753   33  186          -   17.66292      -  66.9 9600s
 15431858 6719114   19.75287   44  192          -   17.66320      -  66.9 9605s
 15435193 6720237   18.02490   36  252          -   17.66358      -  66.9 9610s
 15441088 6722450   20.87951   40  170          -   17.66435      -  66.9 9615s
 15448224 6725006   17.90560   41  222          -   17.66525      -  66.9 9620s
 15456500 6727990   20.71041   56  172          -   17.66667      -  66.9 9625s
 15463719 6730225   21.58125   48  164          -   17.66667      -  66.9 9630s
 15471117 6732476   18.00000   37   12          -   17.66667      -  66.9 9635s
 15479523 6734772   20.79167   41  156          -   17.66667      -  66.9 9640s
 15487390 6736989   18.83650   41  171          -   17.66667      -  66.9 9645s
 15495516 6739365   19.43668   47  193          -   17.66667      -  66.9 9650s
 15504691 6741665   21.14116   39  166          -   17.66667      -  66.9 9655s
 15511073 6743408   21.59054   45  151          -   17.66667      -  66.9 9660s
 15518041 6745432   19.59454   46  224          -   17.66667      -  66.9 9665s
 15524801 6747225   19.83128   36  109          -   17.66667      -  66.9 9670s
 15530604 6748807   19.25092   43  222          -   17.66667      -  66.9 9675s
 15537052 6750557   20.20000   42   71          -   17.66667      -  66.9 9680s
 15543039 6752144   19.95579   36  207          -   17.66667      -  66.9 9685s
 15550337 6754187   20.61321   46  126          -   17.66667      -  66.9 9690s
 15559326 6756460   20.00000   36    9          -   17.66667      -  66.9 9695s
 15566676 6758425     cutoff   40               -   17.66667      -  66.9 9700s
 15573200 6760285   20.37900   52  207          -   17.66667      -  66.9 9705s
 15580641 6762217   19.43636   36  109          -   17.66667      -  66.9 9710s
 15587287 6763943   18.50000   38   54          -   17.66667      -  66.9 9715s
 15594467 6765953   19.03714   34  165          -   17.66667      -  67.0 9720s
 15602092 6768029   20.42857   42   88          -   17.66667      -  67.0 9725s
 15609176 6770269   18.47708   32  162          -   17.66667      -  67.0 9730s
 15618155 6773428   20.28307   39  175          -   17.66736      -  67.0 9735s
 15627343 6776604   19.41363   44  120          -   17.66855      -  67.0 9740s
 15635431 6779449   19.50000   40   13          -   17.66947      -  67.0 9745s
 15642966 6782312   19.23709   41  200          -   17.67031      -  67.0 9750s
 15649510 6784693   20.23123   36  170          -   17.67098      -  67.0 9755s
 15656806 6787276   18.49385   38  201          -   17.67185      -  67.0 9760s
 15664209 6790010   20.43200   36  122          -   17.67257      -  67.0 9765s
 15671471 6792711   18.26939   30  183          -   17.67324      -  67.0 9770s
 15680460 6795828   21.28584   51  185          -   17.67407      -  67.0 9775s
 15688020 6798689     cutoff   38               -   17.67487      -  67.0 9780s
 15696105 6801531   19.97141   48  227          -   17.67568      -  67.0 9785s
 15703536 6804417   21.86841   42  196          -   17.67647      -  67.0 9790s
 15711402 6807064   20.64610   35  163          -   17.67708      -  67.0 9795s
 15719497 6810011   17.85068   53  185          -   17.67791      -  67.0 9800s
 15726388 6812452   18.22542   47  201          -   17.67857      -  67.0 9805s
 15735521 6815969   18.52884   40  184          -   17.67925      -  67.0 9810s
 15744554 6819074   18.93923   36  188          -   17.68000      -  67.0 9815s
 15753225 6822262   18.30373   40  226          -   17.68085      -  67.0 9820s
 15762252 6825522   19.18417   31  204          -   17.68182      -  67.0 9825s
 15769420 6827980   18.91608   41  230          -   17.68218      -  67.0 9830s
 15777736 6831055   18.12772   41  203          -   17.68301      -  67.0 9835s
 15785568 6833976   18.67531   34  152          -   17.68388      -  67.0 9840s
 15794421 6836975   18.09290   31  202          -   17.68440      -  67.0 9845s
 15803308 6840115   18.07874   34  209          -   17.68522      -  67.0 9850s
 15811443 6842996   19.33512   34  222          -   17.68604      -  67.0 9855s
 15819076 6845752   20.36551   38  198          -   17.68682      -  67.0 9860s
 15829135 6849175   18.88679   40  112          -   17.68750      -  67.0 9865s
 15837282 6851911   18.06760   36  177          -   17.68796      -  67.0 9870s
 15844640 6854531   18.03656   37  166          -   17.68878      -  67.0 9875s
 15851995 6857137   17.94549   34  177          -   17.68947      -  67.0 9880s
 15859189 6859775   17.89668   40  190          -   17.69011      -  67.0 9885s
 15867428 6862784   19.89876   37  211          -   17.69091      -  67.0 9890s
 15875347 6865521   18.25926   45  202          -   17.69176      -  67.0 9895s
 15883671 6868409   18.11967   34  170          -   17.69231      -  67.0 9900s
 15893342 6871653   20.39380   38  139          -   17.69284      -  67.0 9905s
 15900900 6874480   18.00000   39    8          -   17.69361      -  67.0 9910s
 15909743 6877762   19.66667   39  105          -   17.69444      -  67.0 9915s
 15918048 6880797   20.29298   38  156          -   17.69531      -  67.0 9920s
 15926997 6883984   19.79222   33  214          -   17.69600      -  67.0 9925s
 15934288 6886751   19.99482   43  229          -   17.69685      -  67.0 9930s
 15941966 6889675   18.61606   40  166          -   17.69760      -  67.0 9935s
 15950713 6893020   18.26661   45  178          -   17.69855      -  67.0 9940s
 15960046 6896369   19.16779   42  197          -   17.69958      -  67.0 9945s
 15966515 6898551   19.58134   37  188          -   17.70000      -  67.0 9950s
 15973986 6900879   18.76440   31  166          -   17.70000      -  67.0 9955s
 15981432 6903027   21.30376   47  218          -   17.70000      -  67.0 9960s
 15988999 6905511   20.68734   38  193          -   17.70008      -  67.0 9965s
 15996292 6908051   18.80216   33  158          -   17.70103      -  67.0 9970s
 16003897 6910759   21.10494   39  161          -   17.70183      -  67.0 9975s
 16014036 6914468   17.87007   36  181          -   17.70284      -  67.0 9980s
 16021344 6916995   19.05249   33  174          -   17.70370      -  67.0 9985s
 16028645 6919551   18.92571   44  175          -   17.70427      -  67.0 9990s
 16036658 6922538   19.73142   34  186          -   17.70505      -  67.0 9995s
 16044106 6925173   18.78571   37  102          -   17.70588      -  67.0 10000s
 16052146 6927902   18.37768   35  203          -   17.70623      -  67.0 10005s
 16060207 6930819   19.09480   41  198          -   17.70710      -  67.0 10010s
 16067790 6933613   19.00000   35    8          -   17.70788      -  67.0 10015s
 16074582 6935793   18.00000   46    6          -   17.70833      -  67.0 10020s
 16082861 6938903   17.87500   42  132          -   17.70921      -  67.0 10025s
 16090209 6941531   17.95730   39  213          -   17.70988      -  67.0 10030s
 16100292 6945097   18.22486   38  142          -   17.71080      -  67.0 10035s
 16109529 6948271   20.66569   34  229          -   17.71162      -  67.0 10040s
 16117512 6951259   18.41369   34  206          -   17.71242      -  67.0 10045s
 16126598 6954628   20.26219   37  195          -   17.71336      -  67.0 10050s
 16134051 6957406   20.49451   39  155          -   17.71429      -  67.0 10055s
 16143299 6960261   18.14286   46  100          -   17.71429      -  67.0 10060s
 16151752 6962723   19.25455   45  137          -   17.71429      -  67.0 10065s
 16159431 6964969   18.47006   40  166          -   17.71429      -  67.0 10070s
 16168119 6967717   19.23131   32  146          -   17.71429      -  67.0 10075s
 16178093 6971405   19.65920   43  193          -   17.71560      -  67.0 10080s
 16184566 6973717   18.64492   36  201          -   17.71632      -  67.0 10085s
 16193522 6976929   19.48000   32  173          -   17.71723      -  67.0 10090s
 16201651 6979749   17.89593   43  186          -   17.71795      -  67.0 10095s
 16209306 6982310   17.95873   41  183          -   17.71867      -  67.0 10100s
 16218121 6985484   19.63901   33  205          -   17.71951      -  67.0 10105s
 16225309 6988076   20.74980   33  199          -   17.72000      -  67.0 10110s
 16234230 6991320   18.12972   43  178          -   17.72093      -  67.1 10115s
 16243126 6994319   19.71660   40  210          -   17.72193      -  67.1 10120s
 16251122 6997034   19.65965   32  180          -   17.72222      -  67.1 10125s
 16259223 6999821   21.48330   56  213          -   17.72289      -  67.1 10130s
 16265698 7002104   18.28984   36  181          -   17.72356      -  67.1 10135s
 16274039 7005170   19.09142   36  208          -   17.72432      -  67.1 10140s
 16281509 7007728   19.42060   37  147          -   17.72500      -  67.1 10145s
 16288770 7010344   18.67692   35  178          -   17.72581      -  67.1 10150s
 16295912 7012894   19.66811   34  188          -   17.72650      -  67.1 10155s
 16303600 7015480   19.40784   39  159          -   17.72727      -  67.1 10160s
 16312495 7018278   19.17274   32  186          -   17.72727      -  67.1 10165s
 16316468 7019458   20.43421   35  191          -   17.72727      -  67.1 10170s
 16321425 7021510   19.10088   43  197          -   17.72781      -  67.1 10175s
 16330002 7024519   18.09985   34  192          -   17.72881      -  67.1 10180s
 16338042 7027352   18.69677   40  227          -   17.72963      -  67.1 10185s
 16345401 7029940   18.31707   38  141          -   17.73034      -  67.1 10190s
 16353616 7032776   18.85044   39  181          -   17.73082      -  67.1 10195s
 16361641 7035621   18.20831   33  200          -   17.73170      -  67.1 10200s
 16370421 7038737   19.18955   45  188          -   17.73256      -  67.1 10205s
 16380151 7042141   20.01244   36  163          -   17.73333      -  67.1 10210s
 16387594 7044735   18.61203   41  185          -   17.73373      -  67.1 10215s
 16395743 7047669   20.84167   43  196          -   17.73452      -  67.1 10220s
 16403314 7050395   18.38245   39  170          -   17.73529      -  67.1 10225s
 16410901 7053035   18.23030   31  190          -   17.73592      -  67.1 10230s
 16419097 7055925   20.58079   44  222          -   17.73684      -  67.1 10235s
 16426309 7058486   18.63181   33  210          -   17.73709      -  67.1 10240s
 16434716 7061525   18.60171   43  216          -   17.73792      -  67.1 10245s
 16443850 7064811   19.70823   36  155          -   17.73878      -  67.1 10250s
 16452562 7067952   18.24342   33  181          -   17.73942      -  67.1 10255s
 16460102 7070593   19.96667   43  136          -   17.74013      -  67.1 10260s
 16468406 7073453   18.40770   42  232          -   17.74082      -  67.1 10265s
 16475777 7076127   20.36559   41  202          -   17.74157      -  67.1 10270s
 16484468 7079232   19.32356   37  245          -   17.74232      -  67.1 10275s
 16493535 7082551   18.57832   36  181          -   17.74313      -  67.1 10280s
 16501001 7085219   19.39856   35  168          -   17.74390      -  67.1 10285s
 16509401 7088183   18.87416   33  196          -   17.74468      -  67.1 10290s
 16519036 7091708   20.15527   36  193          -   17.74563      -  67.1 10295s
 16528508 7095235   19.62692   50  195          -   17.74667      -  67.1 10300s
 16536111 7097881   19.58977   44  144          -   17.74739      -  67.1 10305s
 16544554 7101001   17.83961   43  243          -   17.74841      -  67.1 10310s
 16552091 7103796   18.56156   37  219          -   17.74930      -  67.1 10315s
 16558594 7105931   17.81605   41  132          -   17.75000      -  67.1 10320s
 16566318 7108021   19.78195   40  154          -   17.75000      -  67.1 10325s
 16574305 7110383     cutoff   44               -   17.75000      -  67.1 10330s
 16583070 7112814   19.87145   39  190          -   17.75000      -  67.1 10335s
 16592032 7115505   20.53193   41  169          -   17.75000      -  67.1 10340s
 16599303 7117450   21.67647   50   64          -   17.75000      -  67.1 10345s
 16606895 7119665   19.41414   40  172          -   17.75000      -  67.1 10350s
 16613576 7121366   19.25278   41  171          -   17.75000      -  67.1 10355s
 16621045 7123363   19.63929   35  186          -   17.75000      -  67.1 10360s
 16628344 7125297   19.79626   35  218          -   17.75000      -  67.1 10365s
 16635652 7127299   18.68059   35  193          -   17.75000      -  67.1 10370s
 16642598 7129097   20.00000   40   24          -   17.75000      -  67.1 10375s
 16650700 7131143   18.86866   44  167          -   17.75000      -  67.1 10380s
 16660201 7133703   20.48395   34  152          -   17.75000      -  67.1 10385s
 16668205 7135888   19.87751   45  157          -   17.75000      -  67.1 10390s
 16675642 7137826   20.13197   37  177          -   17.75000      -  67.1 10395s
 16684128 7140212     cutoff   40               -   17.75000      -  67.1 10400s
 16689878 7141807     cutoff   40               -   17.75000      -  67.1 10405s
 16697790 7144178   20.62086   34  217          -   17.75000      -  67.1 10410s
 16703188 7145898   18.13060   37  231          -   17.75000      -  67.2 10415s
 16710714 7148545   18.22222   42  122          -   17.75100      -  67.2 10420s
 16717863 7151141   19.87672   44  185          -   17.75186      -  67.2 10425s
 16723670 7152960   20.48562   39  190          -   17.75261      -  67.2 10430s
 16723752 7153037   20.72400   51  218          -   17.75281      -  67.2 10435s
 16724526 7153392   21.05090   28  212          -   17.75301      -  67.2 10440s
 16726336 7154205   18.61531   32  208          -   17.75322      -  67.2 10445s
 16732901 7156499   18.68104   39  195          -   17.75390      -  67.2 10450s
 16739746 7158891   18.63066   34  206          -   17.75458      -  67.2 10455s
 16747068 7161506   18.38409   42  200          -   17.75526      -  67.2 10460s
 16754109 7164010   20.25611   39  206          -   17.75591      -  67.2 10465s
 16761239 7166569   18.00000   38   75          -   17.75661      -  67.2 10470s
 16767755 7168788   19.82914   37  185          -   17.75716      -  67.2 10475s
 16774543 7171230   17.96553   40  224          -   17.75776      -  67.2 10480s
 16782615 7174061   19.72692   35  171          -   17.75862      -  67.2 10485s
 16792442 7177473   19.30175   36  174          -   17.75947      -  67.2 10490s
 16800010 7180268   18.04993   36  191          -   17.76001      -  67.2 10495s
 16807092 7182753   18.44250   41  167          -   17.76087      -  67.2 10500s
 16815865 7185704   18.00000   39   16          -   17.76164      -  67.2 10505s
 16822827 7188124   19.28257   38  176          -   17.76204      -  67.2 10510s
 16829312 7190440   19.65608   37  173          -   17.76271      -  67.2 10515s
 16837525 7193457   18.54935   34  200          -   17.76337      -  67.2 10520s
 16844987 7196237   18.35645   40  175          -   17.76408      -  67.2 10525s
 16852358 7198705   18.50000   44   19          -   17.76471      -  67.2 10530s
 16862425 7202113   18.28053   39  204          -   17.76536      -  67.2 10535s
 16868927 7204428   18.60139   37  190          -   17.76602      -  67.2 10540s
 16877202 7207184   20.00000   40   48          -   17.76667      -  67.2 10545s
 16884745 7209880   19.65308   46  231          -   17.76744      -  67.2 10550s
 16891775 7212316   18.55494   43  214          -   17.76812      -  67.2 10555s
 16899197 7214857   19.75338   37  172          -   17.76894      -  67.2 10560s
 16906674 7217336   18.42783   39  196          -   17.76923      -  67.2 10565s
 16914007 7219699   19.35086   34  209          -   17.76938      -  67.2 10570s
 16922001 7222543   19.51864   52  168          -   17.77023      -  67.2 10575s
 16931732 7225945   19.06423   38  192          -   17.77114      -  67.2 10580s
 16939751 7228962   19.85708   46  179          -   17.77193      -  67.2 10585s
 16946840 7231531   18.09821   32  173          -   17.77272      -  67.2 10590s
 16954444 7234063   18.20519   40  230          -   17.77284      -  67.2 10595s
 16962473 7236878   18.54248   33  192          -   17.77358      -  67.2 10600s
 16968849 7239153   18.23835   50  197          -   17.77419      -  67.2 10605s
 16976077 7241857   18.78230   36  222          -   17.77493      -  67.2 10610s
 16984045 7244691   19.36658   45  195          -   17.77564      -  67.2 10615s
 16992333 7247685   21.54211   40  171          -   17.77650      -  67.2 10620s
 17001461 7251129   19.80706   30  195          -   17.77749      -  67.2 10625s
 17009777 7253601   20.00000   35  139          -   17.77778      -  67.2 10630s
 17017888 7255953   18.24929   37  161          -   17.77778      -  67.2 10635s
 17024760 7257995   20.17036   39  164          -   17.77778      -  67.2 10640s
 17033701 7261103   18.29881   44  231          -   17.77840      -  67.2 10645s
 17043162 7264412   18.31490   35  181          -   17.77938      -  67.2 10650s
 17049948 7266814   18.17907   34  165          -   17.78000      -  67.2 10655s
 17057897 7269741   18.29245   34  145          -   17.78070      -  67.2 10660s
 17065756 7272424   18.29728   37  206          -   17.78125      -  67.2 10665s
 17075463 7275936     cutoff   36               -   17.78226      -  67.2 10670s
 17082810 7278359   19.39045   35  159          -   17.78262      -  67.2 10675s
 17089808 7280777   19.98961   38  186          -   17.78342      -  67.2 10680s
 17097668 7283315   20.75000   39   89          -   17.78414      -  67.2 10685s
 17105600 7286069   19.61789   40  224          -   17.78488      -  67.2 10690s
 17114633 7289247   21.88991   41  146          -   17.78571      -  67.2 10695s
 17121064 7291255   18.98942   40  187          -   17.78571      -  67.2 10700s
 17128563 7293637   20.12406   46  215          -   17.78601      -  67.2 10705s
 17135152 7295897   19.85285   34  171          -   17.78676      -  67.2 10710s
 17143785 7298953   18.52874   31  202          -   17.78751      -  67.2 10715s
 17151089 7301520   20.37687   28  162          -   17.78810      -  67.2 10720s
 17158423 7304045   20.02000   41  128          -   17.78873      -  67.2 10725s
 17166756 7306766   18.42315   35  163          -   17.78947      -  67.2 10730s
 17174000 7309228   19.89705   48  180          -   17.78985      -  67.2 10735s
 17181744 7311875   17.89813   46  213          -   17.79058      -  67.2 10740s
 17189772 7314586   19.78979   38  175          -   17.79130      -  67.2 10745s
 17197541 7317171   21.11965   43  185          -   17.79167      -  67.2 10750s
 17205846 7320119   18.26742   38  198          -   17.79245      -  67.2 10755s
 17214221 7323007   21.06931   41  200          -   17.79310      -  67.2 10760s
 17224316 7326562   18.26923   47  169          -   17.79412      -  67.2 10765s
 17232332 7329487   18.12613   40  150          -   17.79491      -  67.2 10770s
 17239810 7332052   18.78606   37  205          -   17.79553      -  67.2 10775s
 17247097 7334679   19.44041   44  176          -   17.79621      -  67.3 10780s
 17255218 7337709   18.42446   36  127          -   17.79699      -  67.3 10785s
 17262128 7340085   18.60858   40  237          -   17.79758      -  67.3 10790s
 17269545 7342849   18.73843   45  196          -   17.79836      -  67.3 10795s
 17276637 7345471   19.50000   38   23          -   17.79915      -  67.3 10800s
 17284122 7348146   18.96233   42  151          -   17.80000      -  67.3 10805s
 17292667 7350601   19.54174   37  155          -   17.80000      -  67.3 10810s
 17299277 7352440   20.88620   37  233          -   17.80000      -  67.3 10815s
 17309231 7355127   20.50689   38  203          -   17.80000      -  67.3 10820s
 17317546 7357388   19.08039   42  200          -   17.80000      -  67.3 10825s
 17324427 7359245   21.93151   35  211          -   17.80000      -  67.3 10830s
 17331720 7361055   18.71460   34  185          -   17.80000      -  67.3 10835s
 17339069 7363052   21.10484   52  108          -   17.80000      -  67.3 10840s
 17347447 7365265   19.55793   42  125          -   17.80000      -  67.3 10845s
 17354070 7367123   18.27356   32  148          -   17.80000      -  67.3 10850s
 17361417 7369786   21.02663   34  169          -   17.80098      -  67.3 10855s
 17368219 7371987   18.49083   30  125          -   17.80166      -  67.3 10860s
 17376307 7374768   21.66276   36  192          -   17.80247      -  67.3 10865s
 17385720 7378220   18.10404   41  208          -   17.80328      -  67.3 10870s
 17391948 7380482   18.25694   42  167          -   17.80390      -  67.3 10875s
 17400251 7383374   18.00000   52   44          -   17.80460      -  67.3 10880s
 17407720 7386031   19.08593   34  195          -   17.80536      -  67.3 10885s
 17414806 7388398   19.37208   32  185          -   17.80592      -  67.3 10890s
 17422026 7390980   19.96592   32  208          -   17.80650      -  67.3 10895s
 17430096 7393792   20.38891   42  174          -   17.80737      -  67.3 10900s
 17436765 7396006   19.84608   42  189          -   17.80769      -  67.3 10905s
 17444710 7398757   21.15287   32  179          -   17.80847      -  67.3 10910s
 17452878 7401753   19.66325   39  222          -   17.80921      -  67.3 10915s
 17463610 7405495   19.13419   40  130          -   17.80998      -  67.3 10920s
 17470874 7408098   20.50354   40  196          -   17.81067      -  67.3 10925s
 17476939 7410244   19.87341   37  174          -   17.81122      -  67.3 10930s
 17485585 7413368   18.17538   36  178          -   17.81208      -  67.3 10935s
 17492878 7415908   18.07775   34  169          -   17.81250      -  67.3 10940s
 17499264 7417807 infeasible   48               -   17.81250      -  67.3 10945s
 17506669 7420448   18.07149   37  224          -   17.81312      -  67.3 10950s
 17514477 7423117   19.79238   38  171          -   17.81394      -  67.3 10955s
 17521779 7425630   18.87813   39  159          -   17.81463      -  67.3 10960s
 17530793 7428720   20.83297   47  169          -   17.81537      -  67.3 10965s
 17538843 7431552   19.11269   38  218          -   17.81600      -  67.3 10970s
 17546875 7434177   18.14017   44  162          -   17.81667      -  67.3 10975s
 17555211 7437146   19.08586   45  189          -   17.81750      -  67.3 10980s
 17563599 7440090   20.00662   36  133          -   17.81818      -  67.3 10985s
 17571057 7442273   19.19948   44  123          -   17.81818      -  67.3 10990s
 17578768 7444759   18.39541   34  206          -   17.81827      -  67.3 10995s
 17586126 7447358   19.07789   41  169          -   17.81905      -  67.3 11000s
 17593776 7449951   18.30021   36  155          -   17.81977      -  67.3 11005s
 17601563 7452702   19.65289   39  230          -   17.82046      -  67.3 11010s
 17607914 7454988   18.15266   31  199          -   17.82107      -  67.3 11015s
 17617534 7458384   19.43328   33  174          -   17.82175      -  67.3 11020s
 17624878 7460972   20.91095   35  178          -   17.82251      -  67.3 11025s
 17633229 7463983   19.54123   41  234          -   17.82342      -  67.3 11030s
 17640644 7466503   21.01032   45  162          -   17.82353      -  67.3 11035s
 17648178 7469059   19.67113   33  173          -   17.82427      -  67.3 11040s
 17655428 7471610   19.44314   35  172          -   17.82491      -  67.3 11045s
 17663125 7474061   18.54728   47  181          -   17.82545      -  67.3 11050s
 17670299 7476476   19.90314   36  162          -   17.82609      -  67.3 11055s
 17678656 7479282   19.58028   37  116          -   17.82670      -  67.3 11060s
 17686970 7482228   19.64233   34  236          -   17.82746      -  67.3 11065s
 17695967 7485257   19.56718   39  158          -   17.82812      -  67.3 11070s
 17703273 7487665   18.78449   36  197          -   17.82868      -  67.3 11075s
 17710987 7490266   18.85362   37  243          -   17.82927      -  67.3 11080s
 17718365 7492742   18.54702   31  223          -   17.82993      -  67.3 11085s
 17726221 7495533   20.24018   32  174          -   17.83065      -  67.3 11090s
 17733854 7498220   19.40476   34  100          -   17.83146      -  67.3 11095s
 17741191 7500940   19.31007   33  178          -   17.83228      -  67.3 11100s
 17748572 7503581   20.87024   40  203          -   17.83323      -  67.3 11105s
 17756123 7505855   20.17241   49   89          -   17.83333      -  67.3 11110s
 17764746 7508433   19.31481   36  166          -   17.83333      -  67.3 11115s
 17772607 7510529 infeasible   48               -   17.83333      -  67.3 11120s
 17779883 7512543   19.95930   44  182          -   17.83333      -  67.3 11125s
 17787226 7514567   21.20289   42  194          -   17.83333      -  67.4 11130s
 17794613 7516546   21.07637   34  203          -   17.83333      -  67.4 11135s
 17801492 7518403   18.66667   47   31          -   17.83333      -  67.4 11140s
 17808790 7520404   19.73077   44  129          -   17.83333      -  67.4 11145s
 17816042 7522418   21.03591   45  202          -   17.83333      -  67.4 11150s
 17823174 7524445   18.76709   53  191          -   17.83333      -  67.4 11155s
 17831499 7526963   18.46389   35  213          -   17.83359      -  67.4 11160s
 17840104 7529996   18.89230   35  205          -   17.83461      -  67.4 11165s
 17848936 7533126   18.24762   37  202          -   17.83550      -  67.4 11170s
 17857496 7536100   19.93309   41  182          -   17.83636      -  67.4 11175s
 17864065 7538416   18.50000   38   20          -   17.83696      -  67.4 11180s
 17871349 7540952   18.23750   41  154          -   17.83766      -  67.4 11185s
 17878335 7543376   18.99705   31  211          -   17.83828      -  67.4 11190s
 17885634 7545904   19.57860   45  218          -   17.83892      -  67.4 11195s
 17892317 7548283   19.72214   36  183          -   17.83955      -  67.4 11200s
 17899181 7550511   18.87060   33  171          -   17.84000      -  67.4 11205s
 17906518 7553056   18.99246   42  171          -   17.84059      -  67.4 11210s
 17914527 7555748   20.13192   35  170          -   17.84133      -  67.4 11215s
 17923767 7558877   18.35341   43  187          -   17.84211      -  67.4 11220s
 17932814 7561877   19.95186   35  225          -   17.84267      -  67.4 11225s
 17940361 7564475   18.57882   40  211          -   17.84343      -  67.4 11230s
 17947899 7567125   19.18656   30  148          -   17.84402      -  67.4 11235s
 17955986 7570039   18.39236   39  213          -   17.84480      -  67.4 11240s
 17964153 7572965   18.11142   39  184          -   17.84554      -  67.4 11245s
 17971493 7575428   18.33333   46  112          -   17.84615      -  67.4 11250s
 17978710 7577522     cutoff   44               -   17.84615      -  67.4 11255s
 17987731 7580359   18.47140   31  215          -   17.84686      -  67.4 11260s
 17996703 7583423   18.54322   36  181          -   17.84766      -  67.4 11265s
 18004757 7586140   20.61364   37  195          -   17.84835      -  67.4 11270s
 18012994 7588968   18.72169   38  232          -   17.84906      -  67.4 11275s
 18020528 7591666   18.90867   31  206          -   17.84983      -  67.4 11280s
 18029082 7594195   21.06426   47  198          -   17.85000      -  67.4 11285s
 18038022 7597340     cutoff   39               -   17.85081      -  67.4 11290s
 18047578 7600587   20.69972   44  198          -   17.85167      -  67.4 11295s
 18055728 7603257   20.34848   35  151          -   17.85222      -  67.4 11300s
 18065573 7606628   20.17136   42  202          -   17.85306      -  67.4 11305s
 18073735 7609720   19.45765   40  206          -   17.85374      -  67.4 11310s
 18080870 7612082   18.69855   39  181          -   17.85437      -  67.4 11315s
 18090662 7615382   18.15317   40  158          -   17.85520      -  67.4 11320s
 18097879 7617853   18.38982   43  213          -   17.85593      -  67.4 11325s
 18106040 7620846   18.30806   30  142          -   17.85679      -  67.4 11330s
 18115163 7623674   19.81178   38  142          -   17.85714      -  67.4 11335s
 18121624 7625509 infeasible   36               -   17.85714      -  67.4 11340s
 18128379 7627408   18.99325   40  153          -   17.85714      -  67.4 11345s
 18136715 7629582   18.71951   46  152          -   17.85714      -  67.4 11350s
 18144191 7631504   19.52227   39  159          -   17.85714      -  67.4 11355s
 18151494 7633713   20.63265   40  104          -   17.85714      -  67.4 11360s
 18158606 7636252   19.65017   38  188          -   17.85784      -  67.4 11365s
 18168409 7639429   18.71076   37  172          -   17.85882      -  67.4 11370s
 18176624 7642254   19.19325   39  169          -   17.85955      -  67.4 11375s
 18184465 7644972   19.75000   40   91          -   17.86022      -  67.4 11380s
 18191217 7647314   19.19078   36  155          -   17.86082      -  67.4 11385s
 18198460 7649699   19.00000   35    9          -   17.86132      -  67.4 11390s
 18204707 7651891   18.18966   33  120          -   17.86207      -  67.4 11395s
 18211639 7654115   18.70489   40  238          -   17.86255      -  67.4 11400s
 18219156 7656703   18.72212   34  211          -   17.86331      -  67.4 11405s
 18225335 7658659   18.79584   30  200          -   17.86364      -  67.4 11410s
 18231862 7660782   18.36434   33   98          -   17.86400      -  67.4 11415s
 18238266 7663104   19.62839   30  220          -   17.86463      -  67.4 11420s
 18245555 7665440   18.19058   35  237          -   17.86523      -  67.4 11425s
 18252449 7667770   18.59823   40  162          -   17.86584      -  67.4 11430s
 18262496 7671252   18.80257   35  158          -   17.86667      -  67.4 11435s
 18269700 7673533   19.27389   51  128          -   17.86667      -  67.4 11440s
 18276192 7675781   18.29171   38  155          -   17.86732      -  67.4 11445s
 18283636 7678497   20.68820   41  136          -   17.86806      -  67.4 11450s
 18291142 7681111   18.25491   35  196          -   17.86873      -  67.5 11455s
 18299427 7684042   18.45430   38  148          -   17.86957      -  67.5 11460s
 18307760 7686837   18.48318   38  210          -   17.87013      -  67.5 11465s
 18315401 7689430   19.63307   35  197          -   17.87077      -  67.5 11470s
 18323215 7692010   19.11289   41  194          -   17.87140      -  67.5 11475s
 18330495 7694525   20.41176   48   93          -   17.87200      -  67.5 11480s
 18338725 7697243   19.00549   38  136          -   17.87273      -  67.5 11485s
 18346117 7699966   18.90902   30  162          -   17.87344      -  67.5 11490s
 18354234 7702889   18.60802   35  121          -   17.87425      -  67.5 11495s
 18363416 7705955   19.86820   49  174          -   17.87500      -  67.5 11500s
 18371428 7708062   18.65960   37  189          -   17.87500      -  67.5 11505s
 18378684 7709995   20.00000   35   13          -   17.87500      -  67.5 11510s
 18387972 7712491     cutoff   35               -   17.87500      -  67.5 11515s
 18396002 7714798   18.57252   35  143          -   17.87500      -  67.5 11520s
 18405153 7717479   18.08824   46  192          -   17.87500      -  67.5 11525s
 18413161 7720123   18.12647   36  162          -   17.87554      -  67.5 11530s
 18422223 7723284   19.25000   32   34          -   17.87650      -  67.5 11535s
 18429266 7725806   20.24469   40  204          -   17.87711      -  67.5 11540s
 18437887 7728777   18.71182   36  217          -   17.87784      -  67.5 11545s
 18444478 7731033   18.66667   40  145          -   17.87838      -  67.5 11550s
 18451669 7733514   18.26490   34  187          -   17.87884      -  67.5 11555s
 18459853 7736270   19.02433   42  158          -   17.87963      -  67.5 11560s
 18467789 7739018   20.03161   35  171          -   17.88010      -  67.5 11565s
 18477102 7742283   19.63034   36  155          -   17.88095      -  67.5 11570s
 18484853 7744835   20.01048   44  164          -   17.88158      -  67.5 11575s
 18494045 7747994   18.46339   35  206          -   17.88235      -  67.5 11580s
 18502289 7750628   18.72383   42  208          -   17.88262      -  67.5 11585s
 18508786 7753006   18.70592   47  198          -   17.88327      -  67.5 11590s
 18517419 7755848   19.01773   34  186          -   17.88394      -  67.5 11595s
 18524747 7758342   19.91124   35  200          -   17.88462      -  67.5 11600s
 18532385 7760784   19.64063   47  163          -   17.88503      -  67.5 11605s
 18538888 7762993   19.50892   35  176          -   17.88561      -  67.5 11610s
 18546882 7765708   18.73489   33  195          -   17.88626      -  67.5 11615s
 18554289 7768289   21.69519   39  198          -   17.88679      -  67.5 11620s
 18561578 7770849   19.40960   33  205          -   17.88750      -  67.5 11625s
 18569767 7773866   20.30793   41  172          -   17.88833      -  67.5 11630s
 18577184 7776231   20.35088   47  138          -   17.88889      -  67.5 11635s
 18584717 7778341   18.24496   40  185          -   17.88889      -  67.5 11640s
 18592883 7780686   20.33033   40  222          -   17.88889      -  67.5 11645s
 18601131 7782916   18.93218   39  163          -   17.88889      -  67.5 11650s
 18604662 7784255   18.75252   37  139          -   17.88905      -  67.5 11655s
 18612478 7786826 infeasible   52               -   17.88993      -  67.5 11660s
 18620487 7789269   21.19808   37  207          -   17.89063      -  67.5 11665s
 18628616 7792193     cutoff   40               -   17.89130      -  67.5 11670s
 18636095 7794599   19.80887   41  230          -   17.89189      -  67.5 11675s
 18644419 7797577   18.50608   40  243          -   17.89266      -  67.5 11680s
 18651800 7799923   20.61347   39  190          -   17.89304      -  67.5 11685s
 18661641 7803503   20.04224   41  193          -   17.89393      -  67.5 11690s
 18669017 7806251   18.99786   47  206          -   17.89462      -  67.5 11695s
 18677438 7808818   18.52311   37  186          -   17.89493      -  67.5 11700s
 18685646 7811491   18.83019   37  108          -   17.89562      -  67.5 11705s
 18693900 7814467   18.52243   33  173          -   17.89625      -  67.5 11710s
 18701207 7816860   18.31686   35  203          -   17.89674      -  67.5 11715s
 18710239 7819991   20.74496   46  193          -   17.89744      -  67.5 11720s
 18718167 7822761   18.51838   32  188          -   17.89814      -  67.5 11725s
 18726634 7825499   20.97482   37  184          -   17.89883      -  67.5 11730s
 18734301 7828349   19.20297   33  118          -   17.89957      -  67.5 11735s
 18744657 7831567   19.25026   34  225          -   17.90000      -  67.5 11740s
 18750318 7833207   18.23574   36  195          -   17.90000      -  67.5 11745s
 18758897 7835550   18.63896   30  197          -   17.90000      -  67.5 11750s
 18764989 7837305   22.00000   54  167          -   17.90000      -  67.5 11755s
 18773333 7839803   19.72116   46  188          -   17.90040      -  67.5 11760s
 18780719 7842388   19.53596   27  203          -   17.90109      -  67.5 11765s
 18788129 7844906   18.63693   39  196          -   17.90179      -  67.5 11770s
 18796121 7847720   18.78689   42  178          -   17.90244      -  67.5 11775s
 18804318 7850491   18.31889   32  172          -   17.90321      -  67.6 11780s
 18814135 7853840   21.67500   33  156          -   17.90390      -  67.6 11785s
 18821372 7856345   19.34854   38  214          -   17.90471      -  67.6 11790s
 18828039 7858481   19.11445   33  193          -   17.90489      -  67.6 11795s
 18835863 7861209   18.93512   30  152          -   17.90554      -  67.6 11800s
 18843530 7863855   18.86079   40  184          -   17.90625      -  67.6 11805s
 18850952 7866464   20.60411   33  189          -   17.90677      -  67.6 11810s
 18857957 7868905   18.26658   42  202          -   17.90741      -  67.6 11815s
 18858843 7868964   19.36598   38  207          -   17.90751      -  67.6 11820s
 18858910 7869026   18.98346   33  170          -   17.90767      -  67.6 11825s
 18858967 7869081   18.43571   40  184          -   17.90775      -  67.6 11830s
 18860262 7869594   18.34214   43  191          -   17.90794      -  67.6 11835s
 18862660 7870880   18.95693   43  188          -   17.90814      -  67.6 11840s
 18870532 7873461   18.44669   38  219          -   17.90909      -  67.6 11845s
 18877822 7875509   19.00000   38    9          -   17.90909      -  67.6 11850s
 18885460 7877570   19.41156   45  160          -   17.90909      -  67.6 11855s
 18891169 7879378   20.39583   37  110          -   17.90924      -  67.6 11860s
 18898778 7881995   19.25849   37  178          -   17.91000      -  67.6 11865s
 18906410 7884590   18.88598   49  211          -   17.91061      -  67.6 11870s
 18913713 7887068   18.58554   38  183          -   17.91116      -  67.6 11875s
 18920573 7889514   18.74407   47  159          -   17.91176      -  67.6 11880s
 18930449 7892867   19.18745   37  194          -   17.91259      -  67.6 11885s
 18937964 7895227   19.29181   32  185          -   17.91304      -  67.6 11890s
 18946234 7897952   18.64561   37  179          -   17.91379      -  67.6 11895s
 18953503 7900397   18.00000   41   34          -   17.91429      -  67.6 11900s
 18960901 7902896   18.58333   46  136          -   17.91497      -  67.6 11905s
 18967759 7905180   18.42198   29  187          -   17.91555      -  67.6 11910s
 18975219 7907853   19.49232   40  224          -   17.91626      -  67.6 11915s
 18983319 7910350   19.75720   40  148          -   17.91667      -  67.6 11920s
 18990552 7912443   21.41951   38  188          -   17.91667      -  67.6 11925s
 18998291 7914502   19.79225   39  157          -   17.91667      -  67.6 11930s
 19006309 7916977   18.87882   34  184          -   17.91685      -  67.6 11935s
 19015910 7920284   18.69710   34  173          -   17.91781      -  67.6 11940s
 19023370 7922888   19.55829   41  192          -   17.91849      -  67.6 11945s
 19030092 7925186   18.51686   37  215          -   17.91896      -  67.6 11950s
 19037511 7927654   21.06874   39  185          -   17.91964      -  67.6 11955s
 19044770 7930060   19.34796   48  198          -   17.92013      -  67.6 11960s
 19052147 7932693   19.01325   39  198          -   17.92077      -  67.6 11965s
 19059483 7935212   18.65265   40  217          -   17.92133      -  67.6 11970s
 19067596 7938059   18.71588   35  220          -   17.92198      -  67.6 11975s
 19075826 7940819   20.20728   48  210          -   17.92273      -  67.6 11980s
 19082284 7942897   20.29794   39  171          -   17.92308      -  67.6 11985s
 19091106 7945206   20.19918   38  168          -   17.92308      -  67.6 11990s
 19099067 7947956   18.53766   40  187          -   17.92365      -  67.6 11995s
 19106249 7950441   18.47419   33  210          -   17.92427      -  67.6 12000s
 19113003 7952748   18.00000   44    9          -   17.92489      -  67.6 12005s
 19120332 7955369   19.42776   34  157          -   17.92540      -  67.6 12010s
 19128314 7958002     cutoff   38               -   17.92593      -  67.6 12015s
 19136690 7960733   18.21598   36  155          -   17.92658      -  67.6 12020s
 19145559 7963766   18.90581   26  181          -   17.92730      -  67.6 12025s
 19152931 7966301   18.75733   37  200          -   17.92796      -  67.6 12030s
 19160499 7968761   19.05319   33  173          -   17.92857      -  67.6 12035s
 19167847 7970990   18.00000   44    6          -   17.92857      -  67.6 12040s
 19176394 7973528   19.85876   36  196          -   17.92862      -  67.6 12045s
 19185900 7976833   19.09783   46  227          -   17.92969      -  67.6 12050s
 19194226 7979646   20.26354   37  227          -   17.93031      -  67.6 12055s
 19201719 7982376   18.11348   48  161          -   17.93097      -  67.6 12060s
 19209255 7984668   19.07944   42  193          -   17.93144      -  67.6 12065s
 19215843 7986751   19.03742   40  213          -   17.93192      -  67.6 12070s
 19223164 7989254   18.43860   41  148          -   17.93253      -  67.6 12075s
 19229825 7991477   19.25942   37  239          -   17.93311      -  67.6 12080s
 19237546 7993907   18.57682   34  172          -   17.93333      -  67.6 12085s
 19244961 7995987   18.30264   34  164          -   17.93351      -  67.6 12090s
 19252416 7998518   18.23626   32  135          -   17.93421      -  67.6 12095s
 19262484 8002062   19.75992   40  190          -   17.93500      -  67.6 12100s
 19269638 8004533   18.64585   44  181          -   17.93549      -  67.6 12105s
 19278167 8007322   18.00000   45   12          -   17.93621      -  67.6 12110s
 19285283 8009944   19.13670   43  148          -   17.93691      -  67.6 12115s
 19292835 8012503   20.91487   34  176          -   17.93750      -  67.6 12120s
 19301016 8014828   19.29529   36  185          -   17.93750      -  67.6 12125s
 19308521 8017264   19.67100   39  200          -   17.93795      -  67.6 12130s
 19315802 8019713   20.45239   38  179          -   17.93852      -  67.6 12135s
 19322937 8022141   19.31461   42  231          -   17.93916      -  67.7 12140s
 19329681 8024232   19.86513   39  175          -   17.93960      -  67.7 12145s
 19338103 8027023   20.46982   40  203          -   17.94028      -  67.7 12150s
 19345520 8029494   18.74528   38  125          -   17.94086      -  67.7 12155s
 19355279 8032408   18.26957   38  151          -   17.94118      -  67.7 12160s
 19362815 8034841   18.86594   36  190          -   17.94174      -  67.7 12165s
 19370340 8037332   18.25370   42  166          -   17.94231      -  67.7 12170s
 19377643 8039860   18.47495   35  168          -   17.94286      -  67.7 12175s
 19384941 8042460   18.54435   38  138          -   17.94347      -  67.7 12180s
 19392964 8045211   20.70286   38  209          -   17.94418      -  67.7 12185s
 19400492 8047419   21.11087   40  215          -   17.94444      -  67.7 12190s
 19406964 8049333   19.78448   38  162          -   17.94455      -  67.7 12195s
 19415286 8052305   18.89163   36  191          -   17.94537      -  67.7 12200s
 19422576 8054611   18.81030   43  166          -   17.94595      -  67.7 12205s
 19432405 8058066   19.22313   37  175          -   17.94667      -  67.7 12210s
 19441326 8061078   20.25806   48  152          -   17.94737      -  67.7 12215s
 19448089 8063279 infeasible   40               -   17.94760      -  67.7 12220s
 19455786 8065864   19.97500   36  152          -   17.94828      -  67.7 12225s
 19463999 8068693   19.31493   41  155          -   17.94885      -  67.7 12230s
 19470687 8071014   19.06469   42  228          -   17.94944      -  67.7 12235s
 19478016 8073455   20.83145   43  181          -   17.95000      -  67.7 12240s
 19485532 8075739   20.26821   29  167          -   17.95000      -  67.7 12245s
 19492753 8078214   20.10432   45  189          -   17.95073      -  67.7 12250s
 19499866 8080465   19.21077   35  177          -   17.95130      -  67.7 12255s
 19506900 8082943   19.43199   37  230          -   17.95196      -  67.7 12260s
 19516473 8085831   18.87500   37   86          -   17.95238      -  67.7 12265s
 19524661 8088785   19.30438   42  137          -   17.95316      -  67.7 12270s
 19532171 8091269   20.05340   36  223          -   17.95382      -  67.7 12275s
 19541164 8094416   19.51549   29  189          -   17.95455      -  67.7 12280s
 19549227 8096988   18.88889   32  226          -   17.95481      -  67.7 12285s
 19555716 8099204   20.00284   40  192          -   17.95536      -  67.7 12290s
 19562000 8101308   18.50000   44   18          -   17.95588      -  67.7 12295s
 19569308 8103828   21.39545   38  172          -   17.95652      -  67.7 12300s
 19576942 8106134   21.24153   35  185          -   17.95685      -  67.7 12305s
 19585078 8108854   20.53571   40   92          -   17.95755      -  67.7 12310s
 19591666 8111018   18.99475   47  182          -   17.95822      -  67.7 12315s
 19601586 8114222   18.90844   36  190          -   17.95856      -  67.7 12320s
 19609179 8116790   22.05916   46  172          -   17.95918      -  67.7 12325s
 19617158 8119579   18.84867   46  182          -   17.95988      -  67.7 12330s
 19624440 8121850   21.90264   32  213          -   17.96029      -  67.7 12335s
 19633232 8124839   19.23645   38  188          -   17.96104      -  67.7 12340s
 19640533 8127134   19.10671   40  217          -   17.96154      -  67.7 12345s
 19648752 8129847   20.70364   46  181          -   17.96206      -  67.7 12350s
 19656480 8132590   19.50000   35   44          -   17.96269      -  67.7 12355s
 19663307 8134878   18.83657   43  206          -   17.96297      -  67.7 12360s
 19672039 8137539   18.22367   35  147          -   17.96376      -  67.7 12365s
 19679846 8140049   20.86413   30  190          -   17.96429      -  67.7 12370s
 19689756 8143405   18.34410   40  143          -   17.96510      -  67.7 12375s
 19698006 8146097   21.24424   44  195          -   17.96559      -  67.7 12380s
 19705419 8148656   20.56818   38  124          -   17.96627      -  67.7 12385s
 19712190 8150845   20.42933   37  189          -   17.96667      -  67.7 12390s
 19718475 8153035   18.81060   38  163          -   17.96712      -  67.7 12395s
 19725288 8155234   18.25016   38  181          -   17.96766      -  67.7 12400s
 19732721 8157599   19.23950   37  227          -   17.96812      -  67.7 12405s
 19738513 8159632     cutoff   39               -   17.96862      -  67.7 12410s
 19745224 8161782   18.26136   38  189          -   17.96903      -  67.7 12415s
 19753605 8164516   18.59093   39  196          -   17.96970      -  67.7 12420s
 19759469 8166522   20.12500   40   89          -   17.97010      -  67.7 12425s
 19766615 8169023     cutoff   40               -   17.97059      -  67.7 12430s
 19772974 8171208   18.91017   40  162          -   17.97118      -  67.7 12435s
 19781925 8174335   21.00974   36  178          -   17.97181      -  67.7 12440s
 19789587 8176707   18.00000   44    6          -   17.97222      -  67.7 12445s
 19797719 8179627   18.74181   42  207          -   17.97297      -  67.7 12450s
 19805826 8182331   18.66012   37  183          -   17.97362      -  67.7 12455s
 19814543 8185216   18.56218   39  182          -   17.97419      -  67.7 12460s
 19821087 8187298   19.72970   37  193          -   17.97468      -  67.7 12465s
 19828545 8189885   18.66114   42  156          -   17.97520      -  67.7 12470s
 19836060 8192407   19.70827   41  179          -   17.97569      -  67.7 12475s
 19843318 8194875   19.09326   37  217          -   17.97619      -  67.7 12480s
 19850699 8197371   19.50000   43   24          -   17.97682      -  67.7 12485s
 19858404 8199985   18.84894   32  189          -   17.97730      -  67.7 12490s
 19867557 8203121   20.14772   32  211          -   17.97802      -  67.7 12495s
 19874838 8205539   18.61625   51  220          -   17.97863      -  67.7 12500s
 19883866 8208552   18.50000   37   24          -   17.97918      -  67.7 12505s
 19891050 8210927   18.56973   45  153          -   17.97976      -  67.7 12510s
 19899120 8213550   18.68262   42  243          -   17.98040      -  67.7 12515s
 19906429 8216121   19.55780   39  150          -   17.98103      -  67.7 12520s
 19913537 8218527   18.77143   42  240          -   17.98155      -  67.7 12525s
 19921746 8221277   19.76803   34  207          -   17.98218      -  67.7 12530s
 19929138 8223874   18.98612   55  207          -   17.98276      -  67.7 12535s
 19935820 8226072   19.93886   41  204          -   17.98324      -  67.7 12540s
 19944908 8229175   18.66667   36   48          -   17.98397      -  67.8 12545s
 19954361 8232408   20.05000   44  110          -   17.98470      -  67.8 12550s
 19961586 8234843   18.97425   33  224          -   17.98529      -  67.8 12555s
 19969060 8237477   18.16775   40  165          -   17.98585      -  67.8 12560s
 19975731 8239693   20.19560   38  165          -   17.98636      -  67.8 12565s
 19983873 8242389   19.25505   33  213          -   17.98707      -  67.8 12570s
 19991160 8244864   19.46608   38  186          -   17.98765      -  67.8 12575s
 19999383 8247584   21.59801   36  174          -   17.98824      -  67.8 12580s
 20007493 8250339   18.53255   32  167          -   17.98892      -  67.8 12585s
 20015053 8252840   18.86888   37  170          -   17.98958      -  67.8 12590s
 20022512 8255351   19.03137   43  186          -   17.99020      -  67.8 12595s
 20033822 8259208   20.51997   43  216          -   17.99108      -  67.8 12600s
 20041757 8261958   19.39147   37  168          -   17.99180      -  67.8 12605s
 20049117 8264485   18.31579   45   54          -   17.99245      -  67.8 12610s
 20057280 8267243   18.31799   32  185          -   17.99327      -  67.8 12615s
 20063903 8269539   19.12268   35  165          -   17.99382      -  67.8 12620s
 20071640 8272130   19.06772   37  234          -   17.99458      -  67.8 12625s
 20078261 8274384   20.05004   41  194          -   17.99522      -  67.8 12630s
 20085875 8277026   18.76316   40  182          -   17.99593      -  67.8 12635s
 20094978 8280224   18.44462   34  166          -   17.99687      -  67.8 12640s
 20102150 8282633   18.88321   38  155          -   17.99766      -  67.8 12645s
 20108829 8284940   20.41304   36  123          -   17.99842      -  67.8 12650s
 20115988 8287519   19.54097   39  165          -   17.99939      -  67.8 12655s
 20124841 8289810   18.39961   39  206          -   18.00000      -  67.8 12660s
 20131534 8291527   21.17320   38  187          -   18.00000      -  67.8 12665s
 20139039 8293594   21.24242   40  148          -   18.00000      -  67.8 12670s
 20145557 8295203   19.61723   42  163          -   18.00000      -  67.8 12675s
 20151529 8296753   19.88724   35  184          -   18.00000      -  67.8 12680s
 20158057 8298500   18.33309   38  162          -   18.00000      -  67.8 12685s
 20165331 8300424   18.86777   43  157          -   18.00000      -  67.8 12690s
 20172446 8302087   21.55420   52  178          -   18.00000      -  67.8 12695s
 20179636 8303980   18.50000   45   20          -   18.00000      -  67.8 12700s
 20186021 8305579   19.23438   43  108          -   18.00000      -  67.8 12705s
 20194672 8307732   19.83321   41  208          -   18.00000      -  67.8 12710s
 20203317 8309696   21.40348   35  157          -   18.00000      -  67.8 12715s
 20209789 8311369   20.98214   31  181          -   18.00000      -  67.8 12720s
 20217632 8313210   19.85714   36   54          -   18.00000      -  67.8 12725s
 20224178 8314815   20.69484   40  189          -   18.00000      -  67.8 12730s
 20230824 8316392   19.36466   37  155          -   18.00000      -  67.8 12735s
 20238352 8318202   19.89009   36  167          -   18.00000      -  67.8 12740s
 20246283 8320095   20.62033   37  170          -   18.00000      -  67.8 12745s
 20252756 8321596   20.32308   37  168          -   18.00000      -  67.8 12750s
 20260115 8323323   20.40840   47  129          -   18.00000      -  67.8 12755s
 20267230 8325084   19.74904   33  189          -   18.00000      -  67.8 12760s
 20276092 8327287   20.25625   55  200          -   18.00000      -  67.8 12765s
 20282654 8328888   18.79970   33  192          -   18.00000      -  67.8 12770s
 20290055 8330689 infeasible   43               -   18.00000      -  67.8 12775s
 20296671 8332122   20.90412   41  140          -   18.00000      -  67.9 12780s
 20303052 8333339   20.02036   40  202          -   18.00000      -  67.9 12785s
 20308336 8334217   19.23031   44  193          -   18.00000      -  67.9 12790s
 20314207 8335366   19.76923   44  189          -   18.00000      -  67.9 12795s
 20321144 8336678   19.25000   36   35          -   18.00000      -  67.9 12800s
 20327737 8337942   20.70769   36  159          -   18.00000      -  67.9 12805s
 20333370 8339059   19.14629   42  224          -   18.00000      -  67.9 12810s
 20341966 8340757   19.00000   38   13          -   18.00000      -  67.9 12815s
 20349148 8342101   21.76829   36  113          -   18.00000      -  67.9 12820s
 20354757 8343238   20.31250   44   66          -   18.00000      -  67.9 12825s
 20361530 8344618   19.12552   30  191          -   18.00000      -  67.9 12830s
 20369516 8346302   21.35139   47  160          -   18.00000      -  67.9 12835s
 20377086 8347756   21.42857   40  149          -   18.00000      -  67.9 12840s
 20383602 8348964   18.54545   39   94          -   18.00000      -  67.9 12845s
 20390261 8350180   19.03820   32  178          -   18.00000      -  67.9 12850s
 20397453 8351638   18.81095   36  134          -   18.00000      -  67.9 12855s
 20405307 8353007   20.00000   35   52          -   18.00000      -  67.9 12860s
 20412733 8354411   18.87115   37  146          -   18.00000      -  67.9 12865s
 20419444 8355679     cutoff   38               -   18.00000      -  67.9 12870s
 20425899 8356990     cutoff   41               -   18.00000      -  67.9 12875s
 20433018 8358436   19.70313   42  130          -   18.00000      -  67.9 12880s
 20439381 8359633   22.16081   41  182          -   18.00000      -  67.9 12885s
 20444792 8360554 infeasible   39               -   18.00000      -  68.0 12890s
 20451473 8361974   19.37205   35  157          -   18.00000      -  68.0 12895s
 20457838 8363105   20.38271   38  170          -   18.00000      -  68.0 12900s
 20464716 8364406   22.02477   33  193          -   18.00000      -  68.0 12905s
 20471723 8365670   20.43347   45  169          -   18.00000      -  68.0 12910s
 20478290 8367011   21.08053   44  196          -   18.00000      -  68.0 12915s
 20486225 8368591   18.34615   40  149          -   18.00000      -  68.0 12920s
 20492822 8369831   21.93517   50  202          -   18.00000      -  68.0 12925s
 20500152 8371120     cutoff   52               -   18.00000      -  68.0 12930s
 20506361 8372238   21.59463   37  151          -   18.00000      -  68.0 12935s
 20512075 8373291   19.39115   38  180          -   18.00000      -  68.0 12940s
 20518428 8374607   21.33866   35  176          -   18.00000      -  68.0 12945s
 20524313 8375784   21.20482   50  142          -   18.00000      -  68.0 12950s
 20530776 8377070   20.50000   41   22          -   18.00000      -  68.0 12955s
 20537515 8378266   19.03706   38  181          -   18.00000      -  68.0 12960s
 20544835 8379746   19.50000   47   19          -   18.00000      -  68.0 12965s
 20551364 8381013     cutoff   44               -   18.00000      -  68.0 12970s
 20557999 8382337 infeasible   38               -   18.00000      -  68.0 12975s
 20565082 8383723   19.54634   39  159          -   18.00000      -  68.0 12980s
 20570801 8384827   19.00000   37   10          -   18.00000      -  68.0 12985s
 20578375 8386211   20.40465   39  169          -   18.00000      -  68.0 12990s
 20584928 8387438   21.78756   34  195          -   18.00000      -  68.0 12995s
 20590626 8388580   21.19058   33  189          -   18.00000      -  68.0 13000s
 20597006 8389790   19.00000   43   35          -   18.00000      -  68.0 13005s
 20603851 8391158     cutoff   37               -   18.00000      -  68.1 13010s
 20610695 8392443   21.01834   40  183          -   18.00000      -  68.1 13015s
 20617358 8393623 infeasible   49               -   18.00000      -  68.1 13020s
 20623321 8394839   20.65000   49   97          -   18.00000      -  68.1 13025s
 20629204 8395950     cutoff   53               -   18.00000      -  68.1 13030s
 20636992 8397463     cutoff   43               -   18.00000      -  68.1 13035s
 20643503 8398776   18.50000   48   26          -   18.00000      -  68.1 13040s
 20651441 8400127     cutoff   40               -   18.00000      -  68.1 13045s
 20656302 8401051     cutoff   43               -   18.00000      -  68.1 13050s
 20661907 8402161   19.93333   55   90          -   18.00000      -  68.1 13055s
 20668438 8403466   20.66667   50   43          -   18.00000      -  68.1 13060s
 20674774 8404561     cutoff   37               -   18.00000      -  68.1 13065s
 20681116 8405702   21.85486   51  197          -   18.00000      -  68.1 13070s
 20687471 8406809   20.07885   46  181          -   18.00000      -  68.1 13075s
 20694069 8408055   21.58397   49  169          -   18.00000      -  68.1 13080s
 20701505 8409371   20.43213   43  186          -   18.00000      -  68.1 13085s
 20707180 8410438   19.00000   41    1          -   18.00000      -  68.1 13090s
 20712891 8411621   19.27733   46  147          -   18.00000      -  68.1 13095s
 20718601 8412728   20.09320   38  177          -   18.00000      -  68.1 13100s
 20724965 8414083   21.30357   43  144          -   18.00000      -  68.1 13105s
 20732169 8415423   19.99198   40  152          -   18.00000      -  68.1 13110s
 20738707 8416796   20.87175   39  182          -   18.00000      -  68.1 13115s
 20744249 8417769   20.76923   37  152          -   18.00000      -  68.1 13120s
 20752544 8419267   18.25967   42  143          -   18.00000      -  68.1 13125s
 20759062 8420507   22.05540   30  159          -   18.00000      -  68.1 13130s
 20765764 8421814 infeasible   46               -   18.00000      -  68.2 13135s
 20771313 8422996   20.69153   45  178          -   18.00000      -  68.2 13140s
 20778188 8424281   21.90234   47  195          -   18.00000      -  68.2 13145s
 20785699 8425950     cutoff   41               -   18.00000      -  68.2 13150s
 20792446 8427576   22.00416   38  188          -   18.00000      -  68.2 13155s
 20799925 8429450   20.71831   36  173          -   18.00000      -  68.2 13160s
 20807312 8431189     cutoff   43               -   18.00000      -  68.2 13165s
 20815457 8433033     cutoff   47               -   18.00000      -  68.2 13170s
 20824465 8435303   19.33929   36  108          -   18.00000      -  68.2 13175s
 20832293 8437063   20.71468   40  202          -   18.00000      -  68.2 13180s
 20839986 8438765   21.80041   36  204          -   18.00000      -  68.2 13185s
 20846995 8440444   19.00000   40   27          -   18.00000      -  68.2 13190s
 20854570 8442305 infeasible   46               -   18.00000      -  68.2 13195s
 20861856 8444109   19.67945   48  138          -   18.00000      -  68.2 13200s
 20868186 8445465   19.47180   42  183          -   18.00000      -  68.2 13205s
 20874490 8446958     cutoff   40               -   18.00000      -  68.2 13210s
 20881475 8448728   18.15142   30  179          -   18.00000      -  68.2 13215s
 20889407 8450574     cutoff   36               -   18.00000      -  68.2 13220s
 20898312 8452837   19.36217   48  152          -   18.00000      -  68.2 13225s
 20904053 8454197   20.33554   34  176          -   18.00000      -  68.2 13230s
 20911313 8455875   20.56433   42  139          -   18.00000      -  68.2 13235s
 20918769 8457753   19.16590   43  231          -   18.00000      -  68.2 13240s
 20925320 8459551   18.69478   44  141          -   18.00000      -  68.2 13245s
 20933325 8461476     cutoff   44               -   18.00000      -  68.2 13250s
 20940048 8463067   19.00000   49    5          -   18.00000      -  68.2 13255s
 20946502 8465260   18.89679   32  231          -   18.00104      -  68.2 13260s
 20954077 8467839   18.36823   29  177          -   18.00206      -  68.2 13265s
 20960643 8470030   19.52441   45  171          -   18.00286      -  68.2 13270s
 20969103 8472793   18.55106   35  182          -   18.00378      -  68.2 13275s
 20979631 8476482   19.17141   30  185          -   18.00481      -  68.2 13280s
 20987187 8478907   18.46000   41  160          -   18.00560      -  68.2 13285s
 20990003 8479834   19.10767   37  182          -   18.00595      -  68.2 13290s
 20998175 8482726   20.10108   40  186          -   18.00681      -  68.2 13295s
 21006218 8485277   18.44340   32  131          -   18.00758      -  68.2 13300s
 21015153 8488280   18.92749   33  191          -   18.00849      -  68.2 13305s
 21022256 8490705   19.31850   36  169          -   18.00917      -  68.2 13310s
 21030455 8493420   18.94090   47  191          -   18.01001      -  68.2 13315s
 21037787 8495876   20.52667   37  158          -   18.01077      -  68.2 13320s
 21045884 8498552   18.64706   37  133          -   18.01149      -  68.2 13325s
 21055914 8501982   18.88506   35  212          -   18.01240      -  68.2 13330s
 21063248 8504379   20.34920   38  133          -   18.01299      -  68.2 13335s
 21070540 8506784   19.23653   34  181          -   18.01370      -  68.2 13340s
 21077763 8509381   19.83502   40  217          -   18.01441      -  68.2 13345s
 21085477 8511883   19.45715   38  212          -   18.01513      -  68.2 13350s
 21093706 8514826   18.76232   40  220          -   18.01587      -  68.2 13355s
 21101219 8517392   19.76311   48  216          -   18.01652      -  68.3 13360s
 21109327 8520109   18.23718   46  130          -   18.01724      -  68.3 13365s
 21117004 8522690   21.28418   42  179          -   18.01786      -  68.3 13370s
 21124349 8525073   19.50000   35   84          -   18.01852      -  68.3 13375s
 21131014 8527220   21.27274   43  205          -   18.01910      -  68.3 13380s
 21140685 8530374   18.23385   49  168          -   18.01998      -  68.3 13385s
 21147548 8532653   19.23793   37  195          -   18.02048      -  68.3 13390s
 21155601 8535401   18.59581   36  149          -   18.02126      -  68.3 13395s
 21163834 8538213   19.40148   40  205          -   18.02192      -  68.3 13400s
 21170475 8540438   20.04429   41  198          -   18.02248      -  68.3 13405s
 21178861 8543181   19.40867   40  200          -   18.02315      -  68.3 13410s
 21186702 8545842   18.17390   44  216          -   18.02381      -  68.3 13415s
 21194277 8548465   20.35594   36  161          -   18.02439      -  68.3 13420s
 21200868 8550762   19.00400   36  221          -   18.02500      -  68.3 13425s
 21208232 8553275   18.91758   44  138          -   18.02563      -  68.3 13430s
 21215645 8555855   19.69221   35  153          -   18.02622      -  68.3 13435s
 21225057 8559031   19.41953   37  167          -   18.02697      -  68.3 13440s
 21232993 8561700   20.65172   39  175          -   18.02768      -  68.3 13445s
 21240673 8564317   19.30163   37  204          -   18.02826      -  68.3 13450s
 21247064 8566345   19.10000   33  117          -   18.02874      -  68.3 13455s
 21254044 8568741   19.28484   38  170          -   18.02941      -  68.3 13460s
 21261421 8571189   18.71861   31  164          -   18.02992      -  68.3 13465s
 21269402 8573831   20.68744   47  174          -   18.03059      -  68.3 13470s
 21276562 8576339   19.88507   39  171          -   18.03125      -  68.3 13475s
 21284432 8578902     cutoff   47               -   18.03177      -  68.3 13480s
 21291774 8581380   19.63750   35  208          -   18.03239      -  68.3 13485s
 21299063 8583785 infeasible   49               -   18.03311      -  68.3 13490s
 21307978 8586695   21.79450   48  161          -   18.03371      -  68.3 13495s
 21315331 8589121   19.65541   40  169          -   18.03448      -  68.3 13500s
 21323386 8591814   19.96972   34  161          -   18.03510      -  68.3 13505s
 21329778 8593943   20.25000   41  157          -   18.03571      -  68.3 13510s
 21336568 8596005   20.07619   31  157          -   18.03614      -  68.3 13515s
 21342986 8598106   19.18607   31  184          -   18.03671      -  68.3 13520s
 21350455 8600448   19.96962   32  211          -   18.03727      -  68.3 13525s
 21357114 8602775   19.50000   52  113          -   18.03779      -  68.3 13530s
 21363606 8604923   19.31563   47  199          -   18.03845      -  68.3 13535s
 21372942 8608040   19.00000   40    6          -   18.03895      -  68.3 13540s
 21381150 8610823   18.43000   33  162          -   18.03965      -  68.3 13545s
 21388607 8613074   21.06402   42  155          -   18.04015      -  68.3 13550s
 21395591 8615423   18.81175   34  231          -   18.04078      -  68.3 13555s
 21402909 8618019   19.96577   42  208          -   18.04141      -  68.3 13560s
 21409689 8620224   19.21137   50  160          -   18.04167      -  68.3 13565s
 21414497 8621700   19.13186   35  149          -   18.04219      -  68.3 13570s
 21414569 8621772   18.69566   38  218          -   18.04229      -  68.3 13575s
 21414642 8621842     cutoff   35               -   18.04242      -  68.3 13580s
 21414724 8621921   20.88926   44  212          -   18.04255      -  68.3 13585s
 21415811 8622477   18.66298   50  231          -   18.04267      -  68.3 13590s
 21420983 8624319   20.21899   39  178          -   18.04307      -  68.3 13595s
 21426946 8626235   20.87076   38  194          -   18.04348      -  68.3 13600s
 21434726 8628784   18.78559   33  156          -   18.04416      -  68.3 13605s
 21440895 8630853   19.91818   41  230          -   18.04470      -  68.3 13610s
 21450125 8633946   20.23878   35  199          -   18.04545      -  68.3 13615s
 21458243 8636568   21.34089   43  196          -   18.04587      -  68.3 13620s
 21464761 8638673   18.59110   46  221          -   18.04643      -  68.3 13625s
 21471370 8640921 infeasible   42               -   18.04688      -  68.3 13630s
 21479653 8643844   18.70806   37  236          -   18.04761      -  68.3 13635s
 21487552 8646260   18.14535   54  159          -   18.04795      -  68.3 13640s
 21494626 8648643   19.57628   33  182          -   18.04854      -  68.3 13645s
 21503556 8651558   19.62199   45  196          -   18.04928      -  68.3 13650s
 21511899 8654419   19.59687   36  164          -   18.05000      -  68.3 13655s
 21519633 8656749   20.12759   40  206          -   18.05012      -  68.3 13660s
 21526830 8659238   18.38439   39  231          -   18.05080      -  68.3 13665s
 21534175 8661599   18.99397   44  181          -   18.05140      -  68.3 13670s
 21541720 8663964   19.57605   41  209          -   18.05195      -  68.3 13675s
 21549053 8666421   18.56133   33  210          -   18.05263      -  68.3 13680s
 21557434 8668864   19.31131   40  181          -   18.05289      -  68.3 13685s
 21565971 8671900   19.27757   37  188          -   18.05362      -  68.3 13690s
 21573070 8674182   18.74657   43  199          -   18.05419      -  68.3 13695s
 21580259 8676499   18.52827   33  158          -   18.05477      -  68.3 13700s
 21589037 8679467   20.00000   51   22          -   18.05556      -  68.3 13705s
 21597404 8681804   19.43111   29  181          -   18.05556      -  68.3 13710s
 21604845 8684266   18.58086   34  148          -   18.05621      -  68.3 13715s
 21612027 8686633   19.80582   39  171          -   18.05680      -  68.3 13720s
 21619222 8689083   20.02459   39  203          -   18.05738      -  68.3 13725s
 21626519 8691503   19.07393   34  164          -   18.05797      -  68.3 13730s
 21633929 8694014   19.75016   38  201          -   18.05864      -  68.3 13735s
 21642385 8696454   20.66667   40   70          -   18.05882      -  68.3 13740s
 21649026 8698717   18.18447   36  145          -   18.05947      -  68.3 13745s
 21657216 8701447   19.17897   43  168          -   18.06008      -  68.3 13750s
 21666278 8704571   18.74015   36  171          -   18.06078      -  68.3 13755s
 21673863 8707191   18.29424   41  238          -   18.06147      -  68.3 13760s
 21681384 8709840   18.60481   40  228          -   18.06209      -  68.3 13765s
 21689700 8712309   18.38268   39  207          -   18.06250      -  68.3 13770s
 21696877 8714412 infeasible   51               -   18.06250      -  68.3 13775s
 21703881 8716649   20.55201   48  202          -   18.06326      -  68.3 13780s
 21710274 8718675   19.00000   34   22          -   18.06383      -  68.3 13785s
 21717573 8721145   19.58619   40  222          -   18.06448      -  68.3 13790s
 21724864 8723524   18.76715   33  183          -   18.06502      -  68.3 13795s
 21731637 8725819   18.92600   37  187          -   18.06553      -  68.3 13800s
 21739662 8728444   19.85418   35  225          -   18.06620      -  68.3 13805s
 21748849 8731324   19.57297   40  157          -   18.06667      -  68.3 13810s
 21756760 8733747   19.80209   42  178          -   18.06699      -  68.3 13815s
 21763882 8736180   18.58096   33  196          -   18.06763      -  68.3 13820s
 21770462 8738249   19.22335   41  168          -   18.06818      -  68.3 13825s
 21777767 8740734   19.73823   36  195          -   18.06870      -  68.3 13830s
 21785948 8743488   18.33820   45  204          -   18.06926      -  68.3 13835s
 21793095 8745874   18.87829   36  206          -   18.06993      -  68.3 13840s
 21799937 8748082   18.36320   34  177          -   18.07052      -  68.3 13845s
 21806969 8750592   18.99188   44  195          -   18.07115      -  68.3 13850s
 21814876 8752862   18.94262   35  147          -   18.07143      -  68.3 13855s
 21823085 8755197   19.13678   39  152          -   18.07143      -  68.3 13860s
 21832687 8758494   18.57429   41  223          -   18.07227      -  68.3 13865s
 21840516 8761014   19.82138   40  171          -   18.07282      -  68.3 13870s
 21847022 8763161   21.50559   47  184          -   18.07339      -  68.3 13875s
 21854744 8765461   18.92982   54  170          -   18.07407      -  68.3 13880s
 21862181 8767550   21.66327   38  145          -   18.07444      -  68.3 13885s
 21868407 8769637   19.97507   40  205          -   18.07500      -  68.3 13890s
 21876696 8772408   19.20569   47  195          -   18.07558      -  68.3 13895s
 21884164 8774854   18.20367   29  172          -   18.07622      -  68.3 13900s
 21891090 8777019   18.31427   40  198          -   18.07677      -  68.3 13905s
 21898593 8779258   21.00000   40   44          -   18.07692      -  68.3 13910s
 21907639 8782096   20.79997   44  202          -   18.07733      -  68.3 13915s
 21915607 8784795   18.46684   43  185          -   18.07812      -  68.3 13920s
 21923051 8787305   19.46892   33  145          -   18.07867      -  68.3 13925s
 21929532 8789364   18.97360   38  194          -   18.07911      -  68.3 13930s
 21937281 8791978   19.21989   38  236          -   18.07973      -  68.3 13935s
 21945444 8794569   18.67708   30  157          -   18.08025      -  68.4 13940s
 21953561 8797291   21.04526   33  188          -   18.08093      -  68.4 13945s
 21960579 8799522   18.83556   39  119          -   18.08149      -  68.4 13950s
 21968169 8802043   18.36364   42  112          -   18.08202      -  68.4 13955s
 21975488 8804469   19.18619   46  194          -   18.08261      -  68.4 13960s
 21982746 8806777   18.72630   38  192          -   18.08333      -  68.4 13965s
 21992743 8809281   19.61817   37  215          -   18.08333      -  68.4 13970s
 21999792 8811224   19.05285   45  226          -   18.08333      -  68.4 13975s
 22007961 8813527   19.82420   41  189          -   18.08339      -  68.4 13980s
 22014983 8815879   19.25000   31   24          -   18.08408      -  68.4 13985s
 22022326 8818359   19.03721   34  178          -   18.08466      -  68.4 13990s
 22030141 8820866   18.54557   47  195          -   18.08524      -  68.4 13995s
 22037561 8823317   18.53305   39  194          -   18.08580      -  68.4 14000s
 22044897 8825769   19.00000   43   55          -   18.08637      -  68.4 14005s
 22052378 8828149   20.66396   44  192          -   18.08696      -  68.4 14010s
 22061864 8831189   18.92628   35  215          -   18.08750      -  68.4 14015s
 22069991 8833970   20.28004   33  199          -   18.08824      -  68.4 14020s
 22076532 8835973   20.04030   42  195          -   18.08859      -  68.4 14025s
 22083860 8838229   18.41957   43  185          -   18.08915      -  68.4 14030s
 22090208 8840303   18.30987   36  184          -   18.08965      -  68.4 14035s
 22098252 8842901   19.51429   42  172          -   18.09028      -  68.4 14040s
 22104839 8845110   19.69997   40  180          -   18.09091      -  68.4 14045s
 22112691 8847257   19.00000   35    7          -   18.09091      -  68.4 14050s
 22121058 8849616   19.57468   31  176          -   18.09096      -  68.4 14055s
 22128374 8852075   19.94497   37  174          -   18.09174      -  68.4 14060s
 22134768 8854243   19.04358   31  177          -   18.09223      -  68.4 14065s
 22141680 8856642   19.42869   37  141          -   18.09274      -  68.4 14070s
 22150527 8859414   19.88683   39  230          -   18.09341      -  68.4 14075s
 22159186 8862185   18.78926   28  189          -   18.09393      -  68.4 14080s
 22166426 8864573   18.82326   39  135          -   18.09451      -  68.4 14085s
 22172939 8866796   19.19507   38  170          -   18.09509      -  68.4 14090s
 22181062 8869416   18.80750   36  174          -   18.09545      -  68.4 14095s
 22188410 8871865   18.94096   37  218          -   18.09607      -  68.4 14100s
 22196064 8874448   20.04692   34  235          -   18.09664      -  68.4 14105s
 22204170 8876989   19.55142   34  188          -   18.09722      -  68.4 14110s
 22211383 8879429   19.45161   31  200          -   18.09774      -  68.4 14115s
 22218725 8881840   19.16385   37  172          -   18.09828      -  68.4 14120s
 22227523 8884817   19.11547   42  182          -   18.09899      -  68.4 14125s
 22235562 8887521   19.10726   45  178          -   18.09980      -  68.4 14130s
 22243055 8889748   18.77586   38  148          -   18.10000      -  68.4 14135s
 22250355 8891848   20.18182   36   95          -   18.10000      -  68.4 14140s
 22257754 8893910   19.43780   36  132          -   18.10000      -  68.4 14145s
 22264888 8895838   19.27813   33  167          -   18.10000      -  68.4 14150s
 22270640 8897449   19.94773   44  194          -   18.10018      -  68.4 14155s
 22278606 8900193   19.52069   40  233          -   18.10094      -  68.4 14160s
 22288497 8903504   18.53636   41  165          -   18.10169      -  68.4 14165s
 22296660 8906269   19.53232   34  184          -   18.10233      -  68.4 14170s
 22300691 8907278   18.52592   36  145          -   18.10269      -  68.4 14175s
 22300765 8907348   20.64547   39  211          -   18.10280      -  68.4 14180s
 22300813 8907395   21.22100   35  226          -   18.10288      -  68.4 14185s
 22300873 8907448   18.56381   37  201          -   18.10294      -  68.4 14190s
 22300905 8907480   19.42117   40  213          -   18.10300      -  68.4 14195s
 22300930 8907503   18.71222   30  196          -   18.10303      -  68.4 14200s
 22300978 8907551   19.17742   44  130          -   18.10310      -  68.4 14205s
 22301010 8907582   19.08836   35  213          -   18.10316      -  68.4 14210s
 22301051 8907621   19.85783   36  165          -   18.10323      -  68.4 14216s
 22301068 8907637   19.87139   36  196          -   18.10326      -  68.4 14220s
 22301093 8907680   19.22378   37  187          -   18.10332      -  68.4 14225s
 22301660 8907896   18.93387   35  181          -   18.10341      -  68.4 14231s
 22301999 8908006   20.95745   49  134          -   18.10345      -  68.4 14235s
 22303160 8908482   19.10132   41  221          -   18.10345      -  68.4 14240s
 22305845 8909377   21.11375   38  167          -   18.10354      -  68.4 14245s
 22307842 8910133   19.31110   43  216          -   18.10372      -  68.4 14253s
 22308997 8910528   19.36901   37  194          -   18.10377      -  68.4 14257s
 22312619 8911530   20.59232   38  213          -   18.10399      -  68.4 14261s
 22314724 8912147   22.06946   36  206          -   18.10417      -  68.4 14266s
 22316604 8912744   20.61653   37  172          -   18.10427      -  68.4 14273s
 22317574 8913080   19.35060   33  213          -   18.10436      -  68.4 14275s
 22321059 8913983   21.29464   49  125          -   18.10465      -  68.4 14280s
 22323791 8915018   20.66924   34  197          -   18.10496      -  68.4 14285s
 22328919 8916439   19.00000   37    8          -   18.10526      -  68.4 14290s
 22333323 8917738   18.51868   38  236          -   18.10544      -  68.4 14295s
 22340312 8919906   18.66370   36  212          -   18.10605      -  68.4 14300s
 22347881 8922363   18.59373   32  155          -   18.10656      -  68.4 14305s
 22357818 8925346   19.84213   36  196          -   18.10714      -  68.4 14310s
 22366383 8928096   19.40695   35  195          -   18.10780      -  68.4 14315s
 22373999 8930444   18.79599   41  206          -   18.10843      -  68.4 14320s
 22381596 8932856   19.32281   48  208          -   18.10896      -  68.4 14325s
 22388215 8935131   18.39077   35  216          -   18.10946      -  68.4 14330s
 22395727 8937489   18.90333   42  210          -   18.11006      -  68.4 14335s
 22402502 8939798   21.57886   33  233          -   18.11068      -  68.4 14340s
 22410186 8942181   19.44348   41  149          -   18.11111      -  68.4 14345s
 22418603 8944361   18.40000   39   55          -   18.11111      -  68.4 14350s
 22425639 8946059   20.23805   40  204          -   18.11111      -  68.4 14355s
 22432169 8947874   18.74304   36  165          -   18.11111      -  68.4 14360s
 22440801 8950638   20.74438   40  145          -   18.11184      -  68.4 14365s
 22447626 8952877   19.22416   38  234          -   18.11247      -  68.4 14370s
 22455651 8955376   19.48148   35  208          -   18.11306      -  68.4 14375s
 22462395 8957559   18.66025   36  179          -   18.11364      -  68.4 14380s
 22470258 8960057   19.53288   36  216          -   18.11417      -  68.4 14385s
Created node file directory './grbnodes2'
 22474406 8961255   19.53277   38  178          -   18.11442      -  68.4 14390s
 22486664 8962619   20.04545   47  168          -   18.11475      -  68.4 14395s
 22497067 8963846   20.05401   39  191          -   18.11502      -  68.4 14400s
 22507573 8965332     cutoff   47               -   18.11538      -  68.4 14405s
 22516446 8966320   20.48110   38  181          -   18.11538      -  68.4 14410s
 22526362 8967650   19.93249   38  200          -   18.11557      -  68.4 14415s
 22539597 8969341   19.84045   40  213          -   18.11600      -  68.4 14420s
 22551258 8970845   21.80038   43  196          -   18.11628      -  68.4 14425s
 22557774 8971716   19.55456   39  193          -   18.11650      -  68.4 14430s
 22567595 8973134   18.59432   45  190          -   18.11675      -  68.4 14435s
 22576950 8974299   21.71584   39  185          -   18.11702      -  68.4 14440s
 22586905 8975646   18.87727   39  224          -   18.11733      -  68.4 14445s
 22597109 8977123   18.44231   41  131          -   18.11765      -  68.3 14450s
 22606552 8978357   20.69288   37  176          -   18.11765      -  68.3 14455s
 22616627 8979681 infeasible   46               -   18.11765      -  68.3 14460s
 22625238 8980954   18.55837   33  203          -   18.11798      -  68.3 14465s
 22635549 8982440   21.13905   43  188          -   18.11824      -  68.3 14470s
 22645113 8983966     cutoff   42               -   18.11847      -  68.3 14475s
 22654856 8985308   18.46756   36  233          -   18.11880      -  68.3 14480s
 22664757 8986697   19.38889   38  124          -   18.11905      -  68.3 14485s
 22676466 8988196   19.27815   38  205          -   18.11930      -  68.3 14490s
 22685973 8989498   18.63626   40  180          -   18.11957      -  68.3 14495s
 22696209 8990973   18.86274   38  195          -   18.11987      -  68.3 14500s
 22706653 8992404   18.34569   35  166          -   18.12000      -  68.3 14505s
 22716847 8993729   18.39470   44  212          -   18.12023      -  68.3 14510s
 22727542 8995148   19.47066   37  206          -   18.12054      -  68.3 14515s
 22734188 8995978   19.79053   34  173          -   18.12069      -  68.3 14520s
 22745515 8997547   18.94336   37  218          -   18.12103      -  68.3 14525s
 22755885 8998834   18.81907   38  201          -   18.12121      -  68.3 14530s
 22769074 9000659   19.86203   35  157          -   18.12162      -  68.3 14535s
 22780148 9002261   18.44012   37  188          -   18.12194      -  68.3 14540s
 22790881 9003775   18.82519   37  176          -   18.12215      -  68.2 14545s
 22800880 9005232   18.68590   40  195          -   18.12243      -  68.2 14550s
 22810084 9006335   18.76651   37  246          -   18.12271      -  68.2 14555s
 22819277 9007688   18.53197   37  198          -   18.12297      -  68.2 14562s
 22825211 9008507   18.63552   47  203          -   18.12314      -  68.2 14565s
 22835393 9009734   21.00000   55   31          -   18.12346      -  68.2 14570s
 22844650 9010918   20.78267   40  193          -   18.12374      -  68.2 14575s
 22856391 9012455   19.47536   36  157          -   18.12406      -  68.2 14580s
 22867517 9014054   21.53657   51  166          -   18.12443      -  68.2 14585s
 22877040 9015330   20.57273   38  152          -   18.12474      -  68.2 14590s
 22888171 9016711   19.81062   32  137          -   18.12500      -  68.2 14595s
 22897581 9017780   19.01845   34  188          -   18.12500      -  68.2 14600s
 22907437 9019000   18.75084   36  129          -   18.12500      -  68.2 14605s
 22912241 9019550   20.55088   32  175          -   18.12500      -  68.2 14610s
 22922649 9020867   19.11200   41  177          -   18.12500      -  68.2 14615s
 22933385 9022199   18.81250   43   92          -   18.12500      -  68.2 14620s
 22941588 9023067   18.33333   42   27          -   18.12500      -  68.2 14625s
 22951684 9024212   20.76493   46  147          -   18.12500      -  68.2 14630s
 22964002 9025688   20.87065   34  196          -   18.12500      -  68.2 14635s
 22974328 9026887   21.18766   45  184          -   18.12500      -  68.2 14640s
 22984289 9027889   20.66219   37  176          -   18.12500      -  68.2 14645s
 22995417 9029143 infeasible   31               -   18.12500      -  68.2 14650s
 23003611 9030036   20.50000   35   41          -   18.12500      -  68.1 14655s
 23009681 9030858   20.83211   37  181          -   18.12501      -  68.1 14660s
 23020383 9032328   18.32088   40  221          -   18.12548      -  68.1 14665s
 23031681 9033878   19.35738   47  183          -   18.12586      -  68.1 14670s
 23043851 9035576   18.64722   39  198          -   18.12618      -  68.1 14675s
 23054588 9037018   18.92632   32  175          -   18.12652      -  68.1 14680s
 23066877 9038763   18.61429   43  227          -   18.12687      -  68.1 14685s
 23079249 9040505   19.06118   37  145          -   18.12723      -  68.1 14690s
 23090419 9042018   19.45587   39  206          -   18.12753      -  68.1 14695s
 23096490 9042696   18.56589   43  238          -   18.12769      -  68.1 14700s
 23106995 9044174   19.04730   43  170          -   18.12800      -  68.1 14705s
 23115377 9045133   18.69009   36  181          -   18.12821      -  68.1 14710s
 23124645 9046470   18.67500   39  134          -   18.12845      -  68.1 14715s
 23135925 9047848   18.44233   36  167          -   18.12874      -  68.1 14720s
 23145923 9049086     cutoff   42               -   18.12903      -  68.1 14725s
 23154589 9050165   20.63043   41  139          -   18.12914      -  68.1 14730s
 23164425 9051599   18.30493   31  138          -   18.12941      -  68.1 14735s
 23177458 9053286   18.86292   40  224          -   18.12971      -  68.1 14740s
 23182443 9053946   21.41769   44  190          -   18.12987      -  68.1 14745s
 23193409 9055484   19.59696   35  194          -   18.13018      -  68.1 14750s
 23203812 9056666   19.34364   35  196          -   18.13043      -  68.0 14755s
 23214736 9058106   19.02133   38  214          -   18.13050      -  68.0 14760s
 23224712 9059449   19.14012   46  127          -   18.13084      -  68.0 14765s
 23234098 9060696   19.59954   45  231          -   18.13111      -  68.0 14770s
 23244486 9061918   19.94863   42  237          -   18.13139      -  68.0 14775s
 23253555 9063068   19.83333   33  100          -   18.13158      -  68.0 14780s
 23263388 9064374   22.07724   33  176          -   18.13182      -  68.0 14785s
 23276935 9065991   20.23463   38  215          -   18.13218      -  68.0 14792s
 23283506 9066958   19.98101   34  156          -   18.13235      -  68.0 14795s
 23292684 9068240   18.39524   38  222          -   18.13260      -  68.0 14800s
 23302877 9069485   19.26766   40  205          -   18.13289      -  68.0 14805s
 23313300 9071199   18.71739   37  167          -   18.13319      -  68.0 14810s
 23322685 9072347   19.58120   33  129          -   18.13333      -  68.0 14815s
 23332756 9073570   20.79067   44  195          -   18.13333      -  68.0 14820s
 23342249 9074706   19.77551   44  188          -   18.13333      -  68.0 14825s
 23351406 9075848   18.32107   39  192          -   18.13352      -  68.0 14830s
 23360723 9077069   18.61204   39  197          -   18.13378      -  68.0 14835s
 23366610 9077839   19.05281   37  238          -   18.13393      -  68.0 14840s
 23377580 9079181   18.30702   47  228          -   18.13422      -  68.0 14845s
 23388352 9080704   21.93693   30  168          -   18.13454      -  68.0 14850s
 23398349 9081980   19.34722   44  194          -   18.13475      -  68.0 14855s
 23410842 9083594   18.80820   40  240          -   18.13514      -  68.0 14860s
 23421924 9085100   20.21823   48  191          -   18.13533      -  67.9 14865s
 23431019 9086319   18.59225   34  202          -   18.13559      -  67.9 14870s
 23441397 9087578   18.71130   39  157          -   18.13587      -  67.9 14875s
 23450829 9088970   19.27843   38  225          -   18.13615      -  67.9 14880s
 23458083 9089789   20.72130   32  182          -   18.13636      -  67.9 14885s
 23467071 9090647     cutoff   39               -   18.13636      -  67.9 14890s
 23477102 9091782   19.11431   36  197          -   18.13643      -  67.9 14895s
 23487235 9093204   19.57813   39  139          -   18.13678      -  67.9 14900s
 23496439 9094312   20.79268   54  115          -   18.13710      -  67.9 14905s
 23505306 9095558   19.47012   38  242          -   18.13736      -  67.9 14910s
 23518647 9097483   18.41149   33  203          -   18.13769      -  67.9 14915s
 23530516 9099024   20.40847   38  161          -   18.13793      -  67.9 14920s
 23539575 9100305   18.44717   45  197          -   18.13818      -  67.9 14925s
 23548599 9101670   19.53864   36  182          -   18.13844      -  67.9 14930s
 23556230 9102548   20.96265   43  209          -   18.13862      -  67.9 14935s
 23566309 9103940   19.65695   44  144          -   18.13889      -  67.9 14940s
 23577238 9105295   19.38298   42  169          -   18.13903      -  67.9 14945s
 23586430 9106570   19.97448   35  214          -   18.13932      -  67.9 14950s
 23596695 9107789   19.71429   38   98          -   18.13953      -  67.9 14955s
 23606336 9109054   20.59423   39  221          -   18.13985      -  67.9 14960s
 23618651 9110809   18.80743   33  159          -   18.14017      -  67.9 14965s
 23629912 9112392   18.60145   41  171          -   18.14046      -  67.9 14970s
 23640704 9113881   19.49846   35  218          -   18.14077      -  67.8 14975s
 23647640 9114847   18.61456   39  225          -   18.14098      -  67.8 14980s
 23658431 9116189   18.84101   47  165          -   18.14122      -  67.8 14985s
 23667650 9117407   19.77893   38  207          -   18.14151      -  67.8 14990s
 23678056 9118986   19.26018   35  193          -   18.14185      -  67.8 14995s
 23688067 9120385   19.42447   34  144          -   18.14222      -  67.8 15000s
 23698104 9121728   21.13122   48  186          -   18.14267      -  67.8 15005s
 23709318 9123211   19.29609   41  155          -   18.14286      -  67.8 15010s
 23718764 9124166   19.00000   47   90          -   18.14286      -  67.8 15015s
 23731397 9125491   20.00000   46   12          -   18.14286      -  67.8 15020s
 23741433 9126607   19.12982   43  151          -   18.14286      -  67.8 15025s
 23748696 9127324   20.00000   47   52          -   18.14286      -  67.8 15030s
 23757792 9128306     cutoff   42               -   18.14286      -  67.8 15035s
 23768701 9129365   20.70387   41  182          -   18.14286      -  67.8 15040s
 23778488 9130469   20.70566   44  190          -   18.14286      -  67.8 15045s
 23788277 9131581   21.07015   38  191          -   18.14286      -  67.8 15050s
 23798955 9132779   19.78827   45  190          -   18.14286      -  67.8 15055s
 23809634 9134020   19.05137   44  196          -   18.14286      -  67.8 15060s
 23819411 9135557   18.62967   40  179          -   18.14321      -  67.8 15065s
 23828535 9136918   18.53288   47  227          -   18.14353      -  67.8 15070s
 23841829 9138666   18.38739   45  144          -   18.14394      -  67.8 15075s
 23848799 9139488   19.08065   46  137          -   18.14414      -  67.8 15080s
 23857512 9140573   18.87231   34  172          -   18.14440      -  67.8 15085s
 23866810 9141785   20.18348   36  153          -   18.14464      -  67.7 15090s
 23875534 9143002   19.34848   55  107          -   18.14488      -  67.7 15095s
 23887248 9144589   19.00000   38    9          -   18.14516      -  67.7 15100s
 23897702 9146025   20.50000   32   20          -   18.14545      -  67.7 15105s
 23906468 9147223   19.61687   35  186          -   18.14570      -  67.7 15110s
 23916823 9148333   20.35841   44  223          -   18.14587      -  67.7 15115s
 23926006 9149630   18.52059   41  148          -   18.14615      -  67.7 15120s
 23937804 9151405   19.27273   40  113          -   18.14642      -  67.7 15127s
 23945188 9152371   18.39400   33  199          -   18.14662      -  67.7 15130s
 23956239 9153826   18.87932   36  178          -   18.14692      -  67.7 15135s
 23965514 9155053   19.08863   38  161          -   18.14706      -  67.7 15140s
 23975998 9156357   19.02055   32  195          -   18.14732      -  67.7 15145s
 23986644 9157772   20.02941   31   81          -   18.14754      -  67.7 15150s
 23996479 9159133     cutoff   39               -   18.14780      -  67.7 15155s
 24005839 9160256   18.77812   45  217          -   18.14815      -  67.7 15160s
 24015096 9161285   19.36847   36  170          -   18.14817      -  67.7 15165s
 24024682 9162656   20.88661   31  195          -   18.14851      -  67.7 15171s
 24032408 9163667   19.48007   36  181          -   18.14866      -  67.7 15175s
 24044673 9165321   18.59731   34  194          -   18.14899      -  67.7 15180s
 24055193 9166598   18.50000   56   28          -   18.14925      -  67.7 15185s
 24066643 9168147   18.74612   39  183          -   18.14957      -  67.7 15190s
 24075033 9169267   20.26244   37  228          -   18.14981      -  67.7 15195s
 24084760 9170448   20.45731   48  187          -   18.15000      -  67.6 15200s
 24094791 9171583 infeasible   50               -   18.15000      -  67.6 15205s
 24102786 9172461   19.49217   35  180          -   18.15000      -  67.6 15210s
 24114030 9173990   21.10313   43  174          -   18.15032      -  67.6 15215s
 24122429 9175158   20.88007   37  193          -   18.15054      -  67.6 15221s
 24128866 9176047   18.92548   45  225          -   18.15068      -  67.6 15225s
 24140008 9177810   18.84999   46  210          -   18.15099      -  67.6 15230s
 24151428 9179180   20.48189   33  188          -   18.15129      -  67.6 15235s
 24161169 9180381   21.34394   46  151          -   18.15152      -  67.6 15240s
 24171701 9181800   18.33927   48  233          -   18.15179      -  67.6 15245s
 24181281 9182929   18.35151   35  156          -   18.15205      -  67.6 15250s
 24191515 9184283   19.75221   34  178          -   18.15224      -  67.6 15255s
 24199819 9185363   18.27634   39  227          -   18.15251      -  67.6 15261s
 24207220 9186274   20.86432   38  219          -   18.15271      -  67.6 15265s
 24216513 9187655   18.64286   44  153          -   18.15294      -  67.6 15270s
 24227815 9189080   20.89139   41  147          -   18.15323      -  67.6 15275s
 24239843 9190789   18.67844   42  187          -   18.15357      -  67.6 15280s
 24251728 9192601   19.03966   38  154          -   18.15385      -  67.6 15285s
 24260646 9193616   20.89823   40  138          -   18.15385      -  67.6 15290s
 24269923 9194697   20.80018   38  131          -   18.15385      -  67.6 15295s
 24276724 9195581   20.81481   47  138          -   18.15385      -  67.6 15300s
 24287163 9196945   18.70767   38  170          -   18.15385      -  67.6 15305s
 24295982 9198117   18.54998   39  213          -   18.15414      -  67.6 15310s
 24305611 9199441   21.10061   31  189          -   18.15441      -  67.6 15315s
 24314601 9200704   19.41251   38  201          -   18.15464      -  67.5 15320s
 24325383 9202125   20.50521   55  176          -   18.15493      -  67.5 15325s
 24337373 9203640   19.14197   44  191          -   18.15517      -  67.5 15330s
 24345420 9204823   18.41108   33  252          -   18.15545      -  67.5 15335s
 24356287 9206163   19.22623   36  197          -   18.15570      -  67.5 15340s
 24366175 9207460   18.63659   39  198          -   18.15598      -  67.5 15345s
 24375282 9208559   20.07377   38  133          -   18.15625      -  67.5 15350s
 24386133 9209890   20.18192   43  137          -   18.15626      -  67.5 15355s
 24396152 9211298   19.09390   35  203          -   18.15660      -  67.5 15360s
 24406340 9212636   19.11641   46  173          -   18.15686      -  67.5 15365s
 24417487 9214275   18.76778   45  201          -   18.15714      -  67.5 15370s
 24423141 9215134   18.44608   41  225          -   18.15730      -  67.5 15375s
 24433104 9216464   20.16688   36  236          -   18.15761      -  67.5 15380s
 24444678 9218125   19.38634   31  171          -   18.15789      -  67.5 15385s
 24456134 9219474   21.26115   37  180          -   18.15789      -  67.5 15390s
 24469808 9221223   19.36491   34  208          -   18.15816      -  67.5 15395s
 24480665 9222696   20.24894   45  179          -   18.15852      -  67.5 15400s
 24492469 9224372   18.82266   49  208          -   18.15879      -  67.5 15405s
 24501289 9225488   19.28294   41  188          -   18.15906      -  67.5 15410s
 24510921 9226639   18.45065   40  196          -   18.15922      -  67.5 15415s
 24520595 9227863   18.60975   42  215          -   18.15946      -  67.5 15420s
 24531372 9229258   19.47983   39  173          -   18.15978      -  67.5 15425s
 24541060 9230528   20.63749   39  180          -   18.16000      -  67.4 15430s
 24550597 9231644   18.48607   32  170          -   18.16008      -  67.4 15435s
 24561176 9233114   20.42845   38  253          -   18.16038      -  67.4 15440s
 24572903 9234701   20.19387   38  172          -   18.16071      -  67.4 15445s
 24578175 9235375   18.87126   33  115          -   18.16081      -  67.4 15450s
 24589343 9236846   18.47087   34  138          -   18.16114      -  67.4 15455s
 24600338 9238227   18.50000   46   26          -   18.16129      -  67.4 15460s
 24611717 9239845   19.11088   34  192          -   18.16166      -  67.4 15465s
 24622883 9241310   20.81148   44  208          -   18.16200      -  67.4 15470s
 24632761 9242725   19.47263   44  185          -   18.16219      -  67.4 15475s
 24642392 9243987   20.49806   36  159          -   18.16247      -  67.4 15480s
 24650691 9245111   19.03795   34  206          -   18.16274      -  67.4 15485s
 24657508 9245974   20.00606   34  142          -   18.16285      -  67.4 15490s
 24668636 9247358   20.74141   38  202          -   18.16316      -  67.4 15495s
 24679286 9248879   19.84334   37  198          -   18.16346      -  67.4 15500s
 24689414 9250098   20.06028   32  180          -   18.16372      -  67.4 15505s
 24700351 9251528   19.18966   44  159          -   18.16400      -  67.4 15510s
 24710766 9252736   19.54238   33  234          -   18.16427      -  67.4 15515s
 24723289 9254372   19.50000   34  126          -   18.16461      -  67.4 15520s
 24725510 9254537   20.04703   41  218          -   18.16475      -  67.4 15525s
 24730600 9255251   18.86988   33  218          -   18.16492      -  67.4 15530s
 24738439 9256180   18.92835   35  189          -   18.16513      -  67.4 15536s
 24745548 9257071   19.34144   49  215          -   18.16535      -  67.4 15540s
 24754628 9258292   19.11566   45  181          -   18.16564      -  67.4 15545s
 24765499 9259744   19.26299   42  184          -   18.16593      -  67.4 15550s
 24774547 9260888   19.24492   30  139          -   18.16630      -  67.4 15555s
 24783841 9262235   20.74431   38  192          -   18.16667      -  67.4 15560s
 24793545 9263308   19.00000   43   11          -   18.16667      -  67.3 15565s
 24805486 9264588   19.04006   45  193          -   18.16667      -  67.3 15570s
 24816686 9266002   18.81077   38  181          -   18.16667      -  67.3 15575s
 24822705 9266638   19.00000   34    1          -   18.16667      -  67.3 15580s
 24833421 9267912   21.08033   44  168          -   18.16667      -  67.3 15585s
 24841420 9268863   21.59288   36  134          -   18.16667      -  67.3 15590s
 24849876 9269869   21.84469   36  198          -   18.16667      -  67.3 15595s
 24860799 9270867   20.19063   47  172          -   18.16667      -  67.3 15600s
 24869206 9271739   19.84545   43  125          -   18.16667      -  67.3 15605s
 24878925 9272704   18.67914   36  194          -   18.16667      -  67.3 15610s
 24889692 9273819   19.01124   35  201          -   18.16667      -  67.3 15615s
 24899340 9274741   20.77096   44  169          -   18.16667      -  67.3 15620s
 24909069 9275575   20.92059   38  176          -   18.16667      -  67.3 15625s
 24917864 9276520   21.42136   34  196          -   18.16667      -  67.3 15630s
 24923168 9277012   21.09091   49  112          -   18.16667      -  67.3 15635s
 24933932 9278188   19.59355   28  159          -   18.16667      -  67.3 15640s
 24942680 9279091   20.07676   39  179          -   18.16667      -  67.3 15645s
 24953796 9280246   19.29079   38  152          -   18.16667      -  67.3 15650s
 24962955 9281157   19.01954   39  199          -   18.16667      -  67.3 15655s
 24973246 9282309   19.41749   42  231          -   18.16667      -  67.3 15660s
 24982191 9283190   20.70408   42  206          -   18.16667      -  67.3 15665s
 24990508 9284107   19.00852   37  180          -   18.16667      -  67.3 15670s
 25003748 9285566   21.20979   40  165          -   18.16667      -  67.3 15675s
 25013136 9286848   19.00000   40   12          -   18.16699      -  67.3 15680s
 25019240 9287745   18.30483   34  217          -   18.16722      -  67.3 15685s
 25030287 9289029   19.96427   39  197          -   18.16760      -  67.3 15690s
 25041351 9290464   20.31787   36  182          -   18.16794      -  67.3 15695s
 25052176 9291952   19.23834   34  164          -   18.16819      -  67.3 15700s
 25062473 9293424   20.90066   37  215          -   18.16847      -  67.3 15705s
 25073580 9294788   21.50853   39  212          -   18.16878      -  67.2 15710s
 25084675 9296212   18.47161   34  231          -   18.16913      -  67.2 15715s
 25096874 9297867   18.32099   35  213          -   18.16946      -  67.2 15721s
 25106390 9299151   18.39299   33  224          -   18.16968      -  67.2 15725s
 25118367 9300776   19.21825   33  163          -   18.16996      -  67.2 15730s
 25127248 9302129   19.46552   37  144          -   18.17021      -  67.2 15735s
 25139141 9303498   20.12104   43  138          -   18.17045      -  67.2 15740s
 25150638 9304989   20.03906   39  154          -   18.17073      -  67.2 15745s
 25159433 9306253   19.90481   38  163          -   18.17099      -  67.2 15750s
 25167761 9307478   20.02416   44  196          -   18.17122      -  67.2 15755s
 25177803 9308630   20.27287   46  177          -   18.17143      -  67.2 15760s
 25184642 9309562   18.43488   43  205          -   18.17160      -  67.2 15765s
 25192773 9310670   19.81428   48  216          -   18.17182      -  67.2 15770s
 25204855 9312001   19.26444   36  143          -   18.17216      -  67.2 15775s
 25215567 9313451   19.97974   39  158          -   18.17241      -  67.2 15780s
 25226096 9314913     cutoff   44               -   18.17262      -  67.2 15785s
 25234379 9315912   19.07443   41  160          -   18.17284      -  67.2 15790s
 25244147 9317143   20.11871   49  176          -   18.17308      -  67.2 15795s
 25254683 9318637   18.72660   35  169          -   18.17345      -  67.2 15800s
 25261482 9319490   19.09198   44  234          -   18.17366      -  67.2 15805s
 25272657 9320817   18.97356   41  185          -   18.17391      -  67.2 15810s
 25284795 9322269   21.96875   47  158          -   18.17409      -  67.2 15815s
 25295869 9323831   19.15703   36  198          -   18.17445      -  67.2 15820s
 25307113 9325389   20.61177   41  162          -   18.17476      -  67.2 15825s
 25315681 9326431   21.00000   31  111          -   18.17500      -  67.2 15830s
 25329049 9328250   20.37213   46  139          -   18.17530      -  67.1 15835s
 25340017 9329753   20.04196   38  212          -   18.17559      -  67.1 15840s
 25345649 9330596   18.39246   36  227          -   18.17569      -  67.1 15845s
 25356578 9332029   20.00000   51   11          -   18.17604      -  67.1 15850s
 25368153 9333521   18.64805   34  193          -   18.17641      -  67.1 15855s
 25378736 9334687   19.93756   44  190          -   18.17647      -  67.1 15860s
 25387879 9335734   19.95618   38  171          -   18.17647      -  67.1 15865s
 25398900 9337051   19.10392   38  193          -   18.17674      -  67.1 15870s
 25408954 9338319   19.76018   38  203          -   18.17703      -  67.1 15875s
 25416340 9339357   18.66423   35  153          -   18.17722      -  67.1 15880s
 25426706 9340751   19.01869   50  205          -   18.17748      -  67.1 15885s
 25435915 9342076   18.59704   42  164          -   18.17778      -  67.1 15893s
 25439388 9342382   21.54285   44  160          -   18.17781      -  67.1 15895s
 25451689 9343932   18.93768   35  195          -   18.17814      -  67.1 15900s
 25463131 9345476   19.39719   41  192          -   18.17850      -  67.1 15905s
 25478142 9347340   19.62180   38  182          -   18.17857      -  67.1 15910s
 25492289 9349150   20.67265   38  193          -   18.17897      -  67.1 15915s
 25502764 9350523   19.26031   34  194          -   18.17931      -  67.1 15920s
 25512433 9351716   19.68187   31  188          -   18.17949      -  67.1 15925s
 25523091 9353144   20.88733   37  203          -   18.17981      -  67.1 15930s
 25527524 9353711   19.41630   34  165          -   18.17997      -  67.1 15935s
 25537797 9355150   20.12780   35  185          -   18.18019      -  67.1 15940s
 25547036 9356395   18.44942   31  183          -   18.18046      -  67.1 15945s
 25559581 9358010   19.58320   44  181          -   18.18078      -  67.1 15950s
 25569092 9359277   19.50703   33  228          -   18.18103      -  67.0 15955s
 25578240 9360316   19.16639   30  229          -   18.18130      -  67.0 15960s
 25589870 9361676   20.85170   48  155          -   18.18162      -  67.0 15965s
 25603319 9363537   18.85810   35  188          -   18.18182      -  67.0 15970s
 25611531 9364539   19.26931   35  172          -   18.18182      -  67.0 15975s
 25623809 9365791   18.44056   42  159          -   18.18182      -  67.0 15980s
 25628239 9366319   19.25000   38   58          -   18.18182      -  67.0 15985s
 25628275 9366869   19.12381   33  138          -   18.18182      -  67.0 15995s
 25647220 9368010   18.66450   35  192          -   18.18196      -  67.0 16000s
 25661150 9369893     cutoff   38               -   18.18242      -  67.0 16005s
 25675890 9371812   20.48932   43  174          -   18.18284      -  67.0 16010s
 25689744 9373563   18.40722   39  135          -   18.18324      -  67.0 16015s
 25703622 9375361     cutoff   36               -   18.18356      -  67.0 16020s
 25711310 9376341   20.66667   40   89          -   18.18374      -  67.0 16025s
 25726018 9378326   18.49172   47  216          -   18.18413      -  67.0 16030s
 25739771 9379743   20.57540   40  126          -   18.18431      -  67.0 16035s
 25752476 9381458   18.70767   39  230          -   18.18462      -  67.0 16040s
 25766056 9383205   19.37233   44  212          -   18.18498      -  67.0 16045s
 25779875 9384895   19.42900   37  155          -   18.18519      -  67.0 16050s
 25793587 9386960   21.34431   37  224          -   18.18552      -  67.0 16055s
 25801171 9388150   21.99292   36  153          -   18.18571      -  67.0 16060s
 25815323 9389942   18.42279   35  205          -   18.18605      -  67.0 16065s
 25828298 9391563   19.87890   37  207          -   18.18644      -  67.0 16070s
 25842296 9393362   21.79550   36  230          -   18.18679      -  66.9 16075s
 25856881 9395498   19.15005   33  221          -   18.18718      -  66.9 16080s
 25870501 9397110   18.74133   36  142          -   18.18750      -  66.9 16085s
 25883146 9398532   19.00000   40    7          -   18.18750      -  66.9 16090s
 25890326 9399352   19.13158   40  107          -   18.18750      -  66.9 16095s
 25904496 9400973   21.05961   43  208          -   18.18750      -  66.9 16100s
 25918481 9402941   18.88521   54  155          -   18.18788      -  66.9 16105s
 25932452 9404584   19.69751   37  205          -   18.18828      -  66.9 16110s
 25946503 9406523   19.58281   36  167          -   18.18863      -  66.9 16115s
 25959612 9408220   21.75247   42  214          -   18.18897      -  66.9 16120s
 25974283 9410272   19.00315   46  238          -   18.18929      -  66.9 16125s
 25981512 9411329   19.08772   40  162          -   18.18950      -  66.9 16130s
 25994189 9412968   18.69526   41  219          -   18.18982      -  66.9 16135s
 26008484 9414971   19.17368   39  165          -   18.19024      -  66.9 16140s
 26022563 9416731   19.00000   39    8          -   18.19048      -  66.9 16145s
 26035997 9418400     cutoff   47               -   18.19063      -  66.9 16150s
 26049783 9420168   19.29637   37  120          -   18.19101      -  66.9 16155s
 26063393 9421933   18.63591   42  143          -   18.19136      -  66.9 16160s
 26070719 9422812   20.93743   36  157          -   18.19149      -  66.9 16165s
 26084808 9424710   18.75193   44  175          -   18.19186      -  66.9 16170s
 26099072 9426853   19.44877   26  206          -   18.19225      -  66.9 16175s
 26112880 9428562   18.55482   35  129          -   18.19231      -  66.8 16180s
 26126862 9430325   18.51362   49  210          -   18.19262      -  66.8 16185s
 26140822 9432152   19.57554   34  183          -   18.19300      -  66.8 16190s
 26154532 9433927   19.96501   39  223          -   18.19338      -  66.8 16195s
 26161607 9434802   19.05766   44  172          -   18.19355      -  66.8 16200s
 26174774 9436601   20.42775   37  141          -   18.19378      -  66.8 16205s
 26189324 9438539   20.77761   33  165          -   18.19418      -  66.8 16210s
 26204510 9440563     cutoff   45               -   18.19444      -  66.8 16215s
 26218542 9442310   20.30591   42  178          -   18.19486      -  66.8 16220s
 26232278 9444019 infeasible   47               -   18.19512      -  66.8 16225s
 26246140 9445805   20.10716   42  207          -   18.19549      -  66.8 16230s
 26254696 9447013   18.37500   38   99          -   18.19565      -  66.8 16235s
 26268499 9448827   18.58030   42  226          -   18.19608      -  66.8 16240s
 26284168 9450857   18.86511   47  164          -   18.19643      -  66.8 16245s
 26297676 9452599   20.47246   41  168          -   18.19678      -  66.8 16250s
 26312168 9454437 infeasible   49               -   18.19716      -  66.8 16255s
 26327058 9456431   19.39804   30  204          -   18.19758      -  66.8 16260s
 26340850 9458146 infeasible   47               -   18.19792      -  66.8 16265s
 26349283 9459342   18.86643   38  199          -   18.19813      -  66.8 16270s
 26362826 9461136   20.01238   41  185          -   18.19846      -  66.8 16275s
 26378321 9463365   19.52158   31  198          -   18.19888      -  66.7 16280s
 26392391 9465288     cutoff   30               -   18.19933      -  66.7 16285s
 26406065 9467045   19.71197   43  148          -   18.19975      -  66.7 16290s
 26421083 9468766   19.59669   38  123          -   18.20000      -  66.7 16295s
 26434000 9470209   19.27257   37  191          -   18.20000      -  66.7 16300s
 26440834 9470897   20.43531   32  192          -   18.20000      -  66.7 16305s
 26454103 9472335   20.73898   47  192          -   18.20000      -  66.7 16310s
 26467407 9473581   19.06250   37  159          -   18.20000      -  66.7 16315s
 26481094 9474931   19.67836   39  206          -   18.20000      -  66.7 16320s
 26494782 9476454   18.25000   54   35          -   18.20000      -  66.7 16325s
 26507704 9477722   19.11414   48  178          -   18.20000      -  66.7 16330s
 26519534 9479018   18.97255   37  156          -   18.20000      -  66.7 16335s
 26533608 9480359   20.21961   49  121          -   18.20000      -  66.7 16340s
 26546820 9481712   19.50000   43   46          -   18.20000      -  66.7 16345s
 26554796 9482654   18.49703   44  225          -   18.20000      -  66.7 16350s
 26567606 9483811   19.00000   38   26          -   18.20000      -  66.7 16355s
 26580793 9485265   21.06367   41  195          -   18.20000      -  66.7 16360s
 26594005 9486644   20.76453   43  161          -   18.20000      -  66.7 16365s
 26608080 9488194   20.21492   39  171          -   18.20000      -  66.7 16370s
 26621612 9489640   19.54094   44  142          -   18.20000      -  66.7 16375s
 26636321 9491597   18.98088   54  229          -   18.20029      -  66.7 16380s
 26651094 9493498   18.59577   37  250          -   18.20077      -  66.7 16385s
 26660382 9494777   18.89580   31  147          -   18.20103      -  66.7 16391s
 26671490 9496422   18.54603   30  195          -   18.20136      -  66.7 16395s
 26686454 9498337   19.82698   40  136          -   18.20177      -  66.7 16400s
 26700221 9500163   18.43444   37  166          -   18.20213      -  66.6 16405s
 26714283 9501953   18.65564   43  163          -   18.20245      -  66.6 16410s
 26727900 9503765   20.10407   38  177          -   18.20276      -  66.6 16415s
 26741868 9505611   18.58953   45  168          -   18.20313      -  66.6 16420s
 26755837 9507438   19.59518   43  151          -   18.20349      -  66.6 16425s
 26763046 9508473   19.88006   33  199          -   18.20366      -  66.6 16430s
 26777714 9510331   18.81559   39  196          -   18.20398      -  66.6 16435s
 26792448 9512275   21.83633   35  191          -   18.20436      -  66.6 16440s
 26806485 9514256   21.00000   37    8          -   18.20464      -  66.6 16445s
 26821245 9516170   19.62500   37  120          -   18.20506      -  66.6 16450s
 26832997 9517661   18.82072   49  160          -   18.20532      -  66.6 16457s
 26841916 9518992   19.21976   44  188          -   18.20555      -  66.6 16460s
 26856826 9520785   20.23795   41  174          -   18.20588      -  66.6 16465s
 26871544 9522768   19.45771   38  236          -   18.20621      -  66.6 16470s
 26885535 9524688   19.29362   48  205          -   18.20659      -  66.6 16475s
 26900425 9526433   21.42674   46  152          -   18.20690      -  66.6 16480s
 26914249 9528328   19.99480   34  192          -   18.20727      -  66.6 16487s
 26922214 9529326   18.56750   38  167          -   18.20748      -  66.6 16490s
 26936646 9531209   19.28006   32  201          -   18.20785      -  66.6 16495s
 26951940 9533337   18.88828   39  168          -   18.20826      -  66.6 16500s
 26965586 9534996   19.49568   39  180          -   18.20833      -  66.6 16505s
 26980004 9536763   18.71904   44  206          -   18.20849      -  66.5 16510s
 26994735 9538725   18.80676   38  220          -   18.20896      -  66.5 16515s
 27001576 9539579   19.38328   39  159          -   18.20912      -  66.5 16520s
 27016331 9541420   18.74242   37  131          -   18.20943      -  66.5 16525s
 27031135 9543413   20.13229   38  180          -   18.20976      -  66.5 16530s
 27045931 9545328   19.52896   36  176          -   18.21014      -  66.5 16535s
 27060292 9547204   18.38270   31  214          -   18.21053      -  66.5 16540s
 27073643 9548555   18.79073   36  129          -   18.21053      -  66.5 16545s
 27089064 9550539   18.60776   42  197          -   18.21098      -  66.5 16552s
 27096782 9551585 infeasible   39               -   18.21121      -  66.5 16555s
 27110439 9553202   18.85405   32  173          -   18.21154      -  66.5 16560s
 27124997 9555121   20.32825   33  144          -   18.21194      -  66.5 16565s
 27139518 9556890   18.44130   31  184          -   18.21223      -  66.5 16570s
 27154146 9558709   19.64865   46  249          -   18.21263      -  66.5 16575s
 27168564 9560431   19.00000   35   51          -   18.21296      -  66.5 16580s
 27182367 9562161   19.50505   38  137          -   18.21333      -  66.5 16585s
 27189609 9563183   18.50000   45  104          -   18.21348      -  66.5 16590s
 27203757 9565061   18.38622   42  188          -   18.21387      -  66.5 16595s
 27216475 9566649   19.39130   49  121          -   18.21429      -  66.5 16600s
 27230742 9568274   19.00000   33   33          -   18.21429      -  66.5 16605s
 27244319 9569789   20.16667   41   81          -   18.21429      -  66.5 16610s
 27258514 9571298   18.73333   37  133          -   18.21429      -  66.5 16615s
 27272496 9572928   20.53772   35  234          -   18.21451      -  66.4 16620s
 27286392 9574789   18.59620   40  206          -   18.21494      -  66.4 16625s
 27296010 9575916   18.79307   37  217          -   18.21518      -  66.4 16630s
 27307875 9577510   20.51381   36  221          -   18.21545      -  66.4 16635s
 27321510 9579252   18.53981   36  178          -   18.21580      -  66.4 16640s
 27336146 9581289   19.69815   35  181          -   18.21616      -  66.4 16645s
 27350518 9583238   18.52877   32  181          -   18.21645      -  66.4 16650s
 27365061 9585085   19.53370   37  161          -   18.21679      -  66.4 16655s
 27380322 9587225   19.24848   39  118          -   18.21721      -  66.4 16660s
 27387511 9588086   19.58560   39  176          -   18.21739      -  66.4 16665s
 27401149 9589576   18.88189   34  184          -   18.21749      -  66.4 16670s
 27413987 9591344   18.65385   37  210          -   18.21788      -  66.4 16675s
 27428353 9593115   21.09886   38  222          -   18.21820      -  66.4 16680s
 27441891 9595049   19.17919   41  178          -   18.21859      -  66.4 16685s
 27456655 9596944   19.52318   40  141          -   18.21875      -  66.4 16690s
 27470677 9598965   18.90580   42  133          -   18.21918      -  66.4 16695s
 27482696 9600582   18.52675   44  136          -   18.21951      -  66.4 16701s
 27491304 9601548   21.60527   46  182          -   18.21968      -  66.4 16705s
 27503816 9603131   18.80821   43  243          -   18.22000      -  66.4 16710s
 27518370 9604891   20.17203   34  129          -   18.22034      -  66.4 16715s
 27531534 9606547   19.45094   46  200          -   18.22067      -  66.4 16720s
 27545098 9608123   18.74307   37  242          -   18.22098      -  66.4 16725s
 27559304 9609973   20.97661   40  190          -   18.22137      -  66.4 16730s
 27573189 9612057   19.07155   40  211          -   18.22178      -  66.3 16735s
 27579478 9612919   19.52489   41  181          -   18.22196      -  66.3 16740s
 27594542 9614700     cutoff   50               -   18.22222      -  66.3 16745s
 27607184 9616054   19.38918   40  216          -   18.22222      -  66.3 16750s
 27621104 9617543   19.88363   37  180          -   18.22222      -  66.3 16755s
 27635327 9618876     cutoff   42               -   18.22222      -  66.3 16760s
 27649154 9620383   21.13285   48  184          -   18.22222      -  66.3 16765s
 27663079 9621774   19.54950   39  180          -   18.22222      -  66.3 16770s
 27676489 9623477   19.08074   39  196          -   18.22246      -  66.3 16775s
 27685277 9624623   19.24858   39  166          -   18.22273      -  66.3 16780s
 27698378 9626385   18.51848   41  227          -   18.22312      -  66.3 16785s
 27712724 9628273   19.18646   34  181          -   18.22347      -  66.3 16790s
 27726606 9630157   19.49698   32  149          -   18.22384      -  66.3 16795s
 27739049 9631779   19.86022   43  175          -   18.22414      -  66.3 16800s
 27752449 9633752   18.34959   30  187          -   18.22449      -  66.3 16805s
 27766562 9635623   18.56495   38  206          -   18.22481      -  66.3 16810s
 27777808 9636937   18.39114   46  160          -   18.22500      -  66.3 16816s
 27787912 9638219   18.90196   38  211          -   18.22532      -  66.3 16820s
 27799101 9639566   18.59960   32  188          -   18.22566      -  66.3 16825s
 27805827 9640400   18.31153   47  174          -   18.22581      -  66.3 16830s
 27818770 9641860   19.03046   37  151          -   18.22609      -  66.3 16835s
 27833968 9643814   18.42837   34  159          -   18.22649      -  66.3 16840s
 27849211 9645749   20.73276   42  206          -   18.22689      -  66.3 16845s
 27862433 9647467   18.70530   33  154          -   18.22727      -  66.3 16850s
 27875764 9648911   21.70565   38  219          -   18.22727      -  66.3 16857s
 27882974 9649734   19.40310   32  203          -   18.22734      -  66.3 16860s
 27897598 9651613   20.70125   37  168          -   18.22776      -  66.3 16865s
 27912172 9653280   18.80038   33  180          -   18.22808      -  66.2 16870s
 27926809 9655055   19.29481   37  173          -   18.22850      -  66.2 16875s
 27941858 9656852   18.85787   40  204          -   18.22880      -  66.2 16880s
 27956562 9658728   19.15330   43  180          -   18.22917      -  66.2 16885s
 27971666 9660679   19.89527   39  182          -   18.22951      -  66.2 16890s
 27978698 9661584   19.10008   41  198          -   18.22968      -  66.2 16895s
 27994161 9663622   18.40827   38  169          -   18.23005      -  66.2 16900s
 28009439 9665527   18.86073   34  194          -   18.23047      -  66.2 16905s
 28024323 9667428   20.99237   39  133          -   18.23077      -  66.2 16910s
 28039020 9668814   20.34146   38  124          -   18.23077      -  66.2 16915s
 28052605 9670260   19.38896   38  157          -   18.23077      -  66.2 16920s
 28066350 9672095   19.95037   38  201          -   18.23105      -  66.2 16925s
 28073901 9673137   19.24906   42  221          -   18.23128      -  66.2 16930s
 28088614 9675004   19.26242   41  193          -   18.23167      -  66.2 16935s
 28103490 9676999   19.28180   45  206          -   18.23200      -  66.2 16940s
 28118963 9679037   20.56694   43  170          -   18.23235      -  66.2 16945s
 28133468 9680837   18.63646   35  190          -   18.23270      -  66.2 16950s
 28147838 9682581   18.62710   36  207          -   18.23307      -  66.2 16955s
 28163275 9684368   18.59206   37  215          -   18.23333      -  66.2 16960s
 28170871 9685246   20.57624   41  172          -   18.23340      -  66.2 16965s
 28184452 9687134   19.84709   37  187          -   18.23380      -  66.2 16970s
 28199663 9689129   20.66885   35  187          -   18.23411      -  66.2 16975s
 28213261 9690742   18.94310   35  224          -   18.23446      -  66.2 16980s
 28228125 9692759   19.40534   50  185          -   18.23483      -  66.2 16985s
 28242153 9694556   20.36527   36  206          -   18.23527      -  66.1 16990s
 28257296 9696156   19.52270   37  167          -   18.23529      -  66.1 16995s
 28265192 9696982     cutoff   42               -   18.23529      -  66.1 17000s
 28278984 9699006   19.24382   36  253          -   18.23571      -  66.1 17005s
 28292960 9700725   19.65047   40  206          -   18.23611      -  66.1 17010s
 28307543 9702632   20.27380   54  177          -   18.23641      -  66.1 17015s
 28320574 9704272   19.19372   34  229          -   18.23680      -  66.1 17020s
 28334674 9706077   19.82825   39  179          -   18.23699      -  66.1 17025s
 28349733 9708179     cutoff   47               -   18.23737      -  66.1 17030s
 28356466 9709112   18.58345   42  171          -   18.23753      -  66.1 17035s
 28370601 9710802   18.95272   38  207          -   18.23795      -  66.1 17040s
 28384086 9712394   20.69038   38  201          -   18.23810      -  66.1 17045s
 28397333 9714008   18.72701   48  232          -   18.23831      -  66.1 17050s
 28410143 9715616   19.26934   32  192          -   18.23866      -  66.1 17055s
 28425037 9717383     cutoff   40               -   18.23911      -  66.1 17060s
 28438530 9719075   19.79485   39  234          -   18.23937      -  66.1 17065s
 28449188 9720303   19.00027   38  137          -   18.23959      -  66.1 17071s
 28459489 9721579   19.23139   33  207          -   18.23992      -  66.1 17075s
 28473359 9723185     cutoff   32               -   18.24000      -  66.1 17080s
 28486570 9724979   20.68644   45  204          -   18.24038      -  66.1 17085s
 28500995 9726870   20.92502   38  204          -   18.24074      -  66.1 17090s
 28514681 9728610   20.87002   40  210          -   18.24107      -  66.1 17095s
 28519572 9729197   19.51237   45  195          -   18.24135      -  66.1 17100s
 28519704 9729305   19.00943   41  225          -   18.24138      -  66.1 17105s
 28519823 9729410   20.25950   38  173          -   18.24142      -  66.1 17110s
 28521955 9729789   19.55028   40  202          -   18.24157      -  66.1 17115s
 28527007 9730331   18.52683   38  194          -   18.24167      -  66.1 17120s
 28536525 9731271   19.07737   37  194          -   18.24194      -  66.1 17125s
 28545715 9732287   20.89584   47  170          -   18.24212      -  66.1 17131s
 28554397 9733343   20.24395   36  203          -   18.24240      -  66.1 17135s
 28567744 9735005   19.03116   36  221          -   18.24261      -  66.1 17140s
 28581460 9736807   19.83218   37  191          -   18.24299      -  66.1 17145s
 28595158 9738408   18.99194   34  201          -   18.24324      -  66.0 17150s
 28608621 9740085   18.61060   53  191          -   18.24359      -  66.0 17155s
 28622662 9741985   19.14872   35  191          -   18.24390      -  66.0 17160s
 28636358 9743641   21.10963   36  162          -   18.24426      -  66.0 17165s
 28643613 9744584   18.80000   35  111          -   18.24444      -  66.0 17170s
 28657762 9746368   18.82442   35  225          -   18.24471      -  66.0 17175s
 28670663 9748019   18.73868   44  229          -   18.24502      -  66.0 17180s
 28685002 9749858   18.81757   36  152          -   18.24537      -  66.0 17185s
 28698524 9751730   20.07420   30  224          -   18.24568      -  66.0 17190s
 28712399 9753589   18.82399   33  252          -   18.24605      -  66.0 17195s
 28725935 9755220   19.44531   42  186          -   18.24638      -  66.0 17200s
 28732602 9756098   20.49304   33  158          -   18.24658      -  66.0 17205s
 28746229 9757731   18.79576   39  159          -   18.24688      -  66.0 17210s
 28761145 9759641   20.64597   45  174          -   18.24724      -  66.0 17215s
 28776066 9761692   20.77595   43  193          -   18.24758      -  66.0 17220s
 28790773 9763583   18.53151   49  214          -   18.24801      -  66.0 17225s
 28805448 9765396   19.00000   44   15          -   18.24845      -  66.0 17230s
 28818635 9766961   20.50091   38  184          -   18.24887      -  66.0 17237s
 28826556 9768129     cutoff   43               -   18.24912      -  66.0 17240s
 28840645 9770068   18.56722   35  243          -   18.24959      -  66.0 17245s
 28855029 9771633     cutoff   36               -   18.25000      -  66.0 17250s
 28868000 9772863   18.95741   45  230          -   18.25000      -  66.0 17255s
 28882156 9774276   19.68376   33  129          -   18.25000      -  66.0 17260s
 28895611 9775758   20.00000   45   34          -   18.25000      -  66.0 17265s
 28908780 9777098   20.00000   42   35          -   18.25000      -  66.0 17270s
 28920887 9778178     cutoff   35               -   18.25000      -  66.0 17276s
 28930258 9779107   19.18217   36  208          -   18.25000      -  66.0 17280s
 28943423 9780352   20.39464   42  142          -   18.25000      -  66.0 17285s
 28956047 9781298   20.53292   34  177          -   18.25000      -  66.0 17290s
 28968687 9782258   21.56663   45  185          -   18.25000      -  65.9 17295s
 28980258 9783219   19.91258   38  179          -   18.25000      -  65.9 17300s
 28992881 9784282   20.11164   39  180          -   18.25000      -  65.9 17305s
 29005242 9785286   19.73800   40  148          -   18.25000      -  65.9 17310s
 29018798 9786519   18.94411   42  207          -   18.25000      -  65.9 17315s
 29032638 9787733   21.65442   39  193          -   18.25000      -  65.9 17320s
 29046013 9788975   19.22034   39  135          -   18.25000      -  65.9 17325s
 29051836 9789469   21.01518   33  144          -   18.25000      -  65.9 17330s
 29064315 9790407   21.08576   38  178          -   18.25000      -  65.9 17335s
 29077575 9791412   19.70833   38   88          -   18.25000      -  65.9 17340s
 29090879 9792494   18.93657   46  132          -   18.25000      -  65.9 17345s
 29103849 9793520   21.38292   35  186          -   18.25000      -  65.9 17350s
 29116957 9794766   20.00000   52   33          -   18.25000      -  65.9 17355s
 29130557 9795884   20.85919   28  214          -   18.25000      -  65.9 17360s
 29143419 9797179   19.38547   32  175          -   18.25000      -  65.9 17365s
 29156085 9798417   19.17666   47  182          -   18.25000      -  65.9 17370s
 29169699 9799665   20.50000   40   62          -   18.25000      -  65.9 17375s
 29177063 9800427   19.62031   49  205          -   18.25000      -  65.9 17380s
 29190148 9801675   20.03493   39  189          -   18.25000      -  65.9 17385s
 29202847 9802765     cutoff   46               -   18.25000      -  65.9 17390s
 29216208 9803847   20.16946   37  197          -   18.25000      -  65.9 17395s
 29229945 9805211   20.09383   42  156          -   18.25000      -  65.9 17400s
 29242839 9806811   21.31560   38  166          -   18.25000      -  65.9 17405s
 29256907 9808119   18.96188   41  137          -   18.25000      -  65.9 17410s
 29270449 9809521   19.62453   46  178          -   18.25000      -  65.9 17415s
 29282716 9810747   19.78409   44   96          -   18.25000      -  65.9 17421s
 29291394 9811573   19.43484   29  209          -   18.25000      -  65.9 17425s
 29303906 9813038   18.70548   41  119          -   18.25000      -  65.9 17430s
 29317126 9814507   19.55530   38  129          -   18.25029      -  65.9 17435s
 29330933 9816199   19.29693   37  182          -   18.25078      -  65.9 17440s
 29344864 9818060   18.50000   33   22          -   18.25123      -  65.9 17445s
 29358271 9820051   20.23522   36  233          -   18.25162      -  65.9 17450s
 29371437 9821625   19.36530   46  175          -   18.25202      -  65.9 17455s
 29378436 9822687   20.79687   38  216          -   18.25220      -  65.9 17460s
 29391836 9824266   18.75394   36  167          -   18.25260      -  65.9 17465s
 29405003 9825978   20.29108   37  189          -   18.25295      -  65.9 17470s
 29419094 9827715   18.90826   39  217          -   18.25332      -  65.9 17475s
 29433358 9829504   18.87585   33  152          -   18.25369      -  65.9 17480s
 29447564 9831358   19.07405   45  217          -   18.25405      -  65.9 17485s
 29461477 9833147   19.27763   38  207          -   18.25442      -  65.9 17490s
 29469059 9833980   20.68600   39  193          -   18.25455      -  65.9 17495s
 29483701 9835768   19.45683   38  149          -   18.25490      -  65.8 17500s
 29497054 9837537   19.71389   44  215          -   18.25523      -  65.8 17505s
 29511263 9839217   21.47820   36  192          -   18.25556      -  65.8 17510s
 29525373 9841147   22.04055   40  122          -   18.25586      -  65.8 17515s
 29538531 9842754   19.58772   36  171          -   18.25625      -  65.8 17520s
 29553128 9844590   19.63066   37  200          -   18.25652      -  65.8 17525s
 29559745 9845571   18.62687   39  159          -   18.25668      -  65.8 17530s
 29574109 9847457   19.16646   40  190          -   18.25706      -  65.8 17535s
 29589117 9849211   20.70568   34  175          -   18.25731      -  65.8 17540s
 29604192 9851390   18.77777   32  209          -   18.25770      -  65.8 17545s
 29618440 9853187   18.83073   41  102          -   18.25806      -  65.8 17550s
 29632670 9855013   20.17569   41  199          -   18.25833      -  65.8 17555s
 29645396 9856491   22.01737   43  183          -   18.25862      -  65.8 17562s
 29654054 9857665   20.08365   36  224          -   18.25880      -  65.8 17565s
 29667964 9859470   21.47958   40  206          -   18.25918      -  65.8 17570s
 29681546 9860986   20.03040   43  189          -   18.25926      -  65.8 17575s
 29696772 9863075   19.35369   37  181          -   18.25964      -  65.8 17580s
 29709484 9864577   21.62832   40  193          -   18.26000      -  65.8 17585s
 29723555 9866242   19.97864   35  225          -   18.26028      -  65.8 17590s
 29737091 9867828   21.34305   49  173          -   18.26076      -  65.8 17595s
 29744290 9868683   20.70471   40  163          -   18.26087      -  65.8 17600s
 29759650 9870412   20.27523   39  162          -   18.26106      -  65.8 17605s
 29773440 9872197   18.66867   37  213          -   18.26144      -  65.8 17610s
 29786945 9874002   20.11242   37  186          -   18.26180      -  65.8 17615s
 29801078 9875709   19.13141   37  210          -   18.26205      -  65.8 17620s
 29814283 9877383   18.58394   36  174          -   18.26238      -  65.8 17625s
 29829375 9879323   18.57780   32  157          -   18.26274      -  65.7 17630s
 29836150 9880184   19.00257   45  232          -   18.26294      -  65.7 17635s
 29850482 9881895   19.52876   37  195          -   18.26316      -  65.7 17640s
 29864215 9883309   19.62912   43  202          -   18.26327      -  65.7 17645s
 29877997 9885085   20.61193   41  189          -   18.26363      -  65.7 17650s
 29891961 9886860   20.85797   42  179          -   18.26396      -  65.7 17655s
 29905564 9888590   18.64306   45  196          -   18.26429      -  65.7 17660s
 29919421 9890363   19.14888   42  146          -   18.26471      -  65.7 17665s
 29926598 9891241   19.11685   36  178          -   18.26471      -  65.7 17670s
 29941602 9893168   20.11424   33  158          -   18.26511      -  65.7 17675s
 29954851 9894809   20.38809   31  192          -   18.26544      -  65.7 17680s
 29969556 9896677   19.84402   31  175          -   18.26577      -  65.7 17685s
 29983775 9898471   19.86604   33  184          -   18.26613      -  65.7 17690s
 29997780 9900218   19.28792   46  181          -   18.26651      -  65.7 17695s
 30011818 9901626   20.59589   35  183          -   18.26667      -  65.7 17700s
 30019641 9902483   19.97018   34  176          -   18.26667      -  65.7 17705s
 30032410 9903735   18.58574   43  172          -   18.26667      -  65.7 17710s
 30045991 9905623   18.53798   33  202          -   18.26707      -  65.7 17715s
 30061200 9907503   18.52586   42  165          -   18.26744      -  65.7 17720s
 30075663 9909177 infeasible   36               -   18.26780      -  65.7 17725s
 30089771 9910896   19.70861   46  170          -   18.26810      -  65.7 17730s
 30104542 9912682   19.90615   39  205          -   18.26845      -  65.7 17735s
 30112682 9913648   20.65611   34  179          -   18.26866      -  65.7 17740s
 30125196 9915214   19.34922   36  161          -   18.26899      -  65.7 17745s
 30138932 9917022   20.20728   42  175          -   18.26923      -  65.7 17750s
 30153999 9918782   20.98126   39  170          -   18.26935      -  65.7 17755s
 30168168 9920628   19.25535   47  165          -   18.26974      -  65.7 17760s
 30182924 9922349   21.02799   41  179          -   18.27011      -  65.7 17765s
 30197962 9924171   18.97799   34  198          -   18.27042      -  65.7 17770s
 30204914 9924929   19.79646   32  210          -   18.27057      -  65.7 17775s
 30218309 9926589   19.11277   38  213          -   18.27083      -  65.6 17780s
 30233416 9928655   19.04958   35  150          -   18.27119      -  65.6 17785s
 30247411 9930446   20.98842   34  189          -   18.27153      -  65.6 17790s
 30262442 9932344   18.68293   40  109          -   18.27193      -  65.6 17795s
 30277460 9934401   19.63244   46  237          -   18.27233      -  65.6 17800s
 30291499 9936143   18.84029   40  183          -   18.27273      -  65.6 17805s
 30297789 9936832   20.95012   41  169          -   18.27273      -  65.6 17810s
 30310785 9938202   19.07494   32  192          -   18.27273      -  65.6 17815s
 30324752 9939592   20.10426   38  190          -   18.27273      -  65.6 17820s
 30337902 9941040   21.59201   48  119          -   18.27273      -  65.6 17825s
 30350950 9942525   20.57250   37  188          -   18.27296      -  65.6 17830s
 30364909 9944333   18.33992   42  231          -   18.27330      -  65.6 17835s
 30378783 9946140   20.28406   49  175          -   18.27368      -  65.6 17840s
 30388609 9947296   20.06669   36  168          -   18.27395      -  65.6 17845s
 30401294 9948947   19.22861   31  206          -   18.27422      -  65.6 17850s
 30415699 9950919   18.65819   47  211          -   18.27457      -  65.6 17855s
 30429994 9952637   18.84143   45  215          -   18.27495      -  65.6 17860s
 30444267 9954215   18.70297   38  168          -   18.27519      -  65.6 17865s
 30458822 9956106   18.76977   39  144          -   18.27556      -  65.6 17870s
 30469673 9957341   20.91832   40  178          -   18.27586      -  65.6 17876s
 30481132 9958748   19.00978   49  178          -   18.27598      -  65.6 17880s
 30494166 9960469   19.52000   33  134          -   18.27632      -  65.6 17885s
 30508756 9962269   18.79335   30  203          -   18.27663      -  65.6 17890s
 30523600 9964197   18.50000   40   18          -   18.27703      -  65.6 17895s
 30538351 9965921   19.80000   43   92          -   18.27746      -  65.6 17900s
 30552245 9967526   20.22059   38  121          -   18.27778      -  65.6 17905s
 30559619 9968248   20.51658   39  210          -   18.27778      -  65.6 17910s
 30573024 9969729   20.76809   55  132          -   18.27778      -  65.6 17915s
 30586573 9971165   18.91005   31  227          -   18.27790      -  65.6 17920s
 30599954 9972787   19.71810   34  185          -   18.27828      -  65.6 17925s
 30613202 9974522   21.35111   41  173          -   18.27863      -  65.6 17930s
 30627256 9976506   19.81639   48  174          -   18.27896      -  65.5 17935s
 30641413 9978265   18.77736   41  235          -   18.27928      -  65.5 17942s
 30649114 9979238   19.59247   48  155          -   18.27948      -  65.5 17945s
 30663113 9981006   19.94046   35  170          -   18.27979      -  65.5 17950s
 30677314 9982754   18.63812   45  149          -   18.28000      -  65.5 17955s
 30690103 9984183   18.82203   39  135          -   18.28019      -  65.5 17960s
 30703815 9985744   19.50000   50   22          -   18.28054      -  65.5 17965s
 30717822 9987604   19.90603   40  180          -   18.28090      -  65.5 17970s
 30730575 9989150   19.40481   36  166          -   18.28125      -  65.5 17975s
 30737380 9989812   20.29897   42  170          -   18.28125      -  65.5 17980s
 30752145 9991638   21.45794   52  193          -   18.28160      -  65.5 17985s
 30765949 9993515   18.85728   34  151          -   18.28188      -  65.5 17990s
 30780120 9995179   20.22325   40  179          -   18.28219      -  65.5 17995s
 30793567 9996800   18.72671   35  214          -   18.28257      -  65.5 18000s
 30806572 9998577   19.36507   42  230          -   18.28280      -  65.5 18005s
 30820652 10000303   19.04307   36  224          -   18.28315      -  65.5 18010s
 30827805 10001110   19.64230   39  198          -   18.28333      -  65.5 18015s
 30841662 10002879   18.60730   44  173          -   18.28363      -  65.5 18020s
 30856805 10004865   19.54328   40  181          -   18.28395      -  65.5 18025s
 30870642 10006730   19.03125   39  188          -   18.28431      -  65.5 18030s
 30885032 10008624   20.23974   47  174          -   18.28465      -  65.5 18035s
 30899426 10010509   18.82788   34  204          -   18.28505      -  65.5 18040s
 30912721 10012119   21.22494   47  179          -   18.28545      -  65.5 18045s
 30920322 10013077   19.99964   37  172          -   18.28571      -  65.5 18050s
 30934837 10014670   18.53113   35  188          -   18.28571      -  65.5 18055s
 30948386 10016001   20.49369   33  168          -   18.28571      -  65.5 18060s
 30961871 10017459   19.97419   40  215          -   18.28571      -  65.5 18065s
 30974996 10018890   19.00244   41  212          -   18.28571      -  65.5 18070s
 30988392 10020249 infeasible   49               -   18.28571      -  65.5 18075s
 31001456 10021429     cutoff   37               -   18.28571      -  65.5 18080s
 31014485 10022709   19.23465   34  196          -   18.28571      -  65.5 18085s
 31021557 10023378   20.45714   44  117          -   18.28571      -  65.5 18090s
 31034667 10024708   21.58396   52  184          -   18.28571      -  65.4 18095s
 31048933 10026308     cutoff   41               -   18.28571      -  65.4 18100s
 31062499 10028012   19.98624   34  163          -   18.28617      -  65.4 18105s
 31075910 10029720   19.44029   36  193          -   18.28659      -  65.4 18110s
 31089785 10031468   18.60670   30  170          -   18.28695      -  65.4 18115s
 31103304 10033286   18.53344   34  174          -   18.28729      -  65.4 18120s
 31109887 10034122   19.61832   38  150          -   18.28748      -  65.4 18125s
 31123440 10036049   19.23838   42  208          -   18.28781      -  65.4 18130s
 31137845 10037728   19.67317   45  214          -   18.28814      -  65.4 18135s
 31151464 10039403   19.78947   53  121          -   18.28846      -  65.4 18140s
 31165685 10041263   18.36111   38  125          -   18.28873      -  65.4 18145s
 31179759 10042991   19.50000   43  132          -   18.28906      -  65.4 18150s
 31194063 10044698   20.49865   45  247          -   18.28945      -  65.4 18155s
 31200463 10045367   19.88474   37  178          -   18.28947      -  65.4 18160s
 31214170 10046928   18.41005   43  204          -   18.28979      -  65.4 18165s
 31228426 10048887   20.77293   52  221          -   18.29013      -  65.4 18170s
 31242293 10050565   20.64340   42  208          -   18.29032      -  65.4 18175s
 31256023 10052332   18.84118   32  202          -   18.29070      -  65.4 18180s
 31270631 10054239   19.11108   41  192          -   18.29104      -  65.4 18185s
 31284280 10055871   19.90031   43  197          -   18.29139      -  65.4 18190s
 31291068 10056778   19.43984   37  174          -   18.29166      -  65.4 18195s
 31303799 10058065   20.26607   41  182          -   18.29167      -  65.4 18200s
 31317506 10059795 infeasible   33               -   18.29184      -  65.4 18205s
 31331192 10061549   18.65997   38  163          -   18.29223      -  65.4 18210s
 31344371 10063205   20.41874   38  172          -   18.29255      -  65.4 18215s
 31358203 10064882   20.58184   36  197          -   18.29281      -  65.4 18220s
 31372690 10066434   18.90058   42  205          -   18.29310      -  65.4 18225s
 31379229 10067399   18.77230   40  222          -   18.29333      -  65.4 18230s
 31393566 10069311   19.41733   34  222          -   18.29368      -  65.4 18235s
 31407047 10070787   18.94643   36  163          -   18.29412      -  65.4 18240s
 31420103 10072199   19.50000   53  104          -   18.29412      -  65.4 18245s
 31433998 10073837   20.08093   44  152          -   18.29422      -  65.4 18250s
 31447324 10075420   21.48754   45  211          -   18.29460      -  65.4 18255s
 31461330 10077079   19.35738   34  158          -   18.29494      -  65.3 18260s
 31472363 10078436   18.99282   37  178          -   18.29521      -  65.3 18266s
 31480540 10079421   18.68842   44  214          -   18.29545      -  65.3 18270s
 31494708 10081179   18.69704   33  191          -   18.29576      -  65.3 18275s
 31509022 10083181   19.65309   34  154          -   18.29610      -  65.3 18280s
 31522894 10084589   18.66895   54  173          -   18.29630      -  65.3 18285s
 31535696 10086265   20.06756   40  166          -   18.29660      -  65.3 18290s
 31550057 10087960   21.28049   51  155          -   18.29688      -  65.3 18295s
 31561236 10089423   20.13554   37  178          -   18.29717      -  65.3 18301s
 31570367 10090601   18.51500   31  154          -   18.29733      -  65.3 18305s
 31584965 10092584   18.52469   30  154          -   18.29770      -  65.3 18310s
 31598248 10094284   20.55305   38  178          -   18.29801      -  65.3 18315s
 31612157 10095933   19.28444   45  187          -   18.29831      -  65.3 18320s
 31626945 10097662   18.65478   44  229          -   18.29870      -  65.3 18325s
 31640553 10099485   20.64646   37  206          -   18.29905      -  65.3 18330s
 31646959 10100341   20.21739   51  163          -   18.29922      -  65.3 18335s
 31661308 10102185   19.00186   30  171          -   18.29959      -  65.3 18340s
 31675248 10103721   20.96153   40  208          -   18.30000      -  65.3 18345s
 31689123 10105267   21.76265   40  200          -   18.30000      -  65.3 18350s
 31702734 10106724   19.46296   44   88          -   18.30000      -  65.3 18355s
 31717875 10108184   20.15873   42  142          -   18.30000      -  65.3 18360s
 31731314 10109517   18.98663   37  175          -   18.30000      -  65.3 18365s
 31744271 10110797   19.66667   41   73          -   18.30000      -  65.3 18372s
 31751572 10111626   18.99062   34  167          -   18.30000      -  65.3 18375s
 31765167 10113044   19.80000   40   69          -   18.30000      -  65.3 18380s
 31779424 10114537   19.58089   39  209          -   18.30016      -  65.3 18385s
 31793418 10116217   20.01869   30  232          -   18.30055      -  65.3 18390s
 31806785 10117933   19.50000   38  158          -   18.30090      -  65.3 18395s
 31820145 10119643   20.24684   41  186          -   18.30129      -  65.3 18400s
 31833456 10121247   19.27382   33  178          -   18.30159      -  65.3 18405s
 31840984 10122241   19.88706   35  148          -   18.30179      -  65.3 18410s
 31853851 10123826   21.34227   37  187          -   18.30208      -  65.3 18415s
 31868363 10125667   20.98952   33  202          -   18.30239      -  65.3 18420s
 31881107 10127055   19.27490   37  183          -   18.30269      -  65.3 18425s
 31894644 10128667   21.03960   35  121          -   18.30303      -  65.3 18430s
 31908806 10130247   19.44851   43  257          -   18.30328      -  65.2 18435s
 31922075 10131975   20.57641   41  177          -   18.30357      -  65.2 18440s
 31930973 10133019   21.64936   32  140          -   18.30374      -  65.2 18445s
 31943847 10134536   19.89706   38  111          -   18.30408      -  65.2 18450s
 31956705 10136198   18.60330   42  184          -   18.30435      -  65.2 18455s
 31970995 10137747   19.30363   45  231          -   18.30446      -  65.2 18460s
 31984400 10139455   20.07089   35  212          -   18.30480      -  65.2 18465s
 31997994 10141055   19.20187   38  207          -   18.30511      -  65.2 18470s
 32012331 10142904   18.53283   35  199          -   18.30556      -  65.2 18475s
 32020526 10143841   20.12194   43  194          -   18.30556      -  65.2 18480s
 32034273 10145630 infeasible   39               -   18.30588      -  65.2 18485s
 32048527 10147364   19.71916   37  203          -   18.30625      -  65.2 18490s
 32062039 10148997   18.71948   32  135          -   18.30654      -  65.2 18495s
 32074785 10150411   20.03760   38  193          -   18.30687      -  65.2 18500s
 32088520 10152131   20.44444   42  137          -   18.30725      -  65.2 18505s
 32102073 10153779     cutoff   39               -   18.30769      -  65.2 18510s
 32112938 10154875   19.36111   35  114          -   18.30769      -  65.2 18516s
 32123808 10155845   18.82771   43  206          -   18.30769      -  65.2 18520s
 32136755 10157083   21.59761   38  132          -   18.30769      -  65.2 18525s
 32150193 10158578   18.98371   42  132          -   18.30788      -  65.2 18530s
 32164135 10160193   20.47764   41  231          -   18.30827      -  65.2 18535s
 32178267 10161877   20.43720   36  150          -   18.30870      -  65.2 18540s
 32191930 10163668   21.72727   36   58          -   18.30904      -  65.2 18545s
 32205943 10165603   19.72713   30  224          -   18.30943      -  65.2 18550s
 32212229 10166326   20.93178   32  189          -   18.30952      -  65.2 18555s
 32226332 10167980   19.00000   38  157          -   18.30984      -  65.2 18560s
 32239567 10169473   18.57177   34  184          -   18.31016      -  65.2 18565s
 32253854 10171108   19.72832   39  228          -   18.31034      -  65.2 18570s
 32268043 10172897   19.24714   52  209          -   18.31069      -  65.2 18575s
 32281926 10174587   19.62211   42  168          -   18.31101      -  65.2 18580s
 32295255 10176201   18.80831   38  173          -   18.31131      -  65.2 18585s
 32302950 10177300   19.55005   40  210          -   18.31148      -  65.2 18590s
 32316782 10179059   18.52862   41  256          -   18.31185      -  65.2 18595s
 32330315 10181030   18.68348   44  202          -   18.31224      -  65.2 18600s
 32344624 10182826   21.17694   37  157          -   18.31250      -  65.2 18605s
 32357826 10184304   19.00000   42    9          -   18.31250      -  65.2 18610s
 32371048 10185666   19.96000   40   97          -   18.31250      -  65.1 18615s
 32383957 10187112   19.45611   51  177          -   18.31250      -  65.1 18620s
 32390665 10187804   18.70019   31  185          -   18.31273      -  65.1 18625s
 32404448 10189501   18.71288   40  177          -   18.31313      -  65.1 18630s
 32418059 10191240   19.88213   42  180          -   18.31343      -  65.1 18635s
 32431483 10192815   19.45797   40  192          -   18.31373      -  65.1 18640s
 32444901 10194394   19.42128   38  197          -   18.31407      -  65.1 18645s
 32459455 10196133   18.53098   41  237          -   18.31430      -  65.1 18650s
 32472563 10197916   19.12162   34  211          -   18.31464      -  65.1 18655s
 32479724 10198766   19.79039   41  215          -   18.31481      -  65.1 18660s
 32492734 10200486   19.09001   43  201          -   18.31510      -  65.1 18665s
 32506808 10202128   20.55885   38  181          -   18.31545      -  65.1 18670s
 32521278 10203867     cutoff   44               -   18.31579      -  65.1 18675s
 32534740 10205222   18.85552   36  202          -   18.31579      -  65.1 18680s
 32548081 10206664   18.70760   36  225          -   18.31610      -  65.1 18685s
 32561863 10208327   19.50057   34  226          -   18.31648      -  65.1 18690s
 32569399 10209113   18.76235   38  212          -   18.31667      -  65.1 18695s
 32582818 10210755   19.55974   33  229          -   18.31694      -  65.1 18700s
 32596685 10212439   18.49639   32  214          -   18.31721      -  65.1 18705s
 32610509 10214150   19.59962   41  165          -   18.31747      -  65.1 18710s
 32624585 10215943   21.90943   38  215          -   18.31783      -  65.1 18715s
 32638353 10217615   20.00000   37   34          -   18.31818      -  65.1 18720s
 32650949 10218913   20.10476   33  211          -   18.31818      -  65.1 18727s
 32658469 10219725   19.82157   38  165          -   18.31818      -  65.1 18730s
 32672337 10221428   19.15577   45  159          -   18.31850      -  65.1 18735s
 32685021 10222932   18.69678   36  200          -   18.31881      -  65.1 18740s
 32699267 10224687   18.93269   35  168          -   18.31915      -  65.1 18745s
 32712944 10226409   19.08730   55  153          -   18.31944      -  65.1 18750s
 32726434 10228114   20.37176   39  213          -   18.31977      -  65.1 18755s
 32740471 10229662   20.33539   39  181          -   18.32000      -  65.1 18760s
 32747107 10230497   19.04212   34  119          -   18.32000      -  65.1 18765s
 32761063 10232434   19.07785   33  180          -   18.32039      -  65.1 18770s
 32775524 10234326     cutoff   43               -   18.32073      -  65.1 18775s
 32788881 10235805   21.16011   36  259          -   18.32105      -  65.1 18780s
 32802463 10237358   19.59907   47  155          -   18.32143      -  65.1 18785s
 32815101 10238769   19.44010   34  174          -   18.32143      -  65.1 18790s
 32824312 10239999   19.48639   34  191          -   18.32166      -  65.0 18795s
 32835294 10241361   18.86298   49  212          -   18.32196      -  65.0 18800s
 32849543 10243226   18.85537   38  225          -   18.32226      -  65.0 18805s
 32863321 10244894   20.55916   38  221          -   18.32258      -  65.0 18810s
 32876688 10246461   21.25519   48  171          -   18.32288      -  65.0 18815s
 32889795 10248071   18.67228   42  211          -   18.32316      -  65.0 18820s
 32903191 10249858   21.65392   46  200          -   18.32353      -  65.0 18825s
 32910651 10250730   19.30048   39  165          -   18.32353      -  65.0 18830s
 32923471 10252298   21.33459   34  160          -   18.32385      -  65.0 18835s
 32937862 10254063   20.73913   36  153          -   18.32420      -  65.0 18840s
 32951031 10255625   19.02137   48  200          -   18.32440      -  65.0 18845s
 32964045 10257278   19.13638   37  188          -   18.32476      -  65.0 18850s
 32978150 10258700   19.33792   39  201          -   18.32500      -  65.0 18855s
 32991363 10260540   19.06094   38  199          -   18.32525      -  65.0 18862s
 32999455 10261717   19.42293   37  132          -   18.32544      -  65.0 18865s
 33013738 10263443   20.18171   34  170          -   18.32576      -  65.0 18870s
 33027285 10265020   21.28905   42  191          -   18.32609      -  65.0 18875s
 33041063 10266670   20.26458   37  192          -   18.32639      -  65.0 18880s
 33053284 10268026   19.17613   37  249          -   18.32665      -  65.0 18885s
 33067410 10269667   19.15021   41  207          -   18.32701      -  65.0 18890s
 33078843 10271163   20.07901   38  174          -   18.32727      -  65.0 18897s
 33086178 10272067   21.06753   36  162          -   18.32742      -  65.0 18900s
 33098635 10273629   19.26506   35  188          -   18.32769      -  65.0 18905s
 33111378 10275200   19.63894   40  224          -   18.32799      -  65.0 18910s
 33124904 10276761   19.36815   34  192          -   18.32831      -  65.0 18915s
 33138539 10278313   20.39380   35  186          -   18.32857      -  65.0 18920s
 33152918 10280043   18.50000   33   17          -   18.32895      -  65.0 18925s
 33166940 10281814   18.89349   44  141          -   18.32927      -  65.0 18930s
 33173870 10282725   21.45692   38  222          -   18.32942      -  65.0 18935s
 33187865 10284475   20.20885   42  207          -   18.32979      -  65.0 18940s
 33196457 10285491   18.66093   43  173          -   18.33005      -  65.0 18945s
 33205369 10286398   19.00000   32    8          -   18.33026      -  65.0 18950s
 33218374 10287934   18.60908   38  233          -   18.33056      -  65.0 18955s
 33231865 10289562   18.83089   35  216          -   18.33090      -  65.0 18960s
 33246107 10291348   20.55041   32  220          -   18.33123      -  65.0 18965s
 33252364 10292129   19.39884   39  189          -   18.33140      -  65.0 18970s
 33266562 10293949   18.53027   37  171          -   18.33179      -  65.0 18975s
 33280450 10295671   19.71748   40  198          -   18.33226      -  65.0 18980s
 33292589 10297248   19.00000   34  160          -   18.33268      -  65.0 18985s
 33306389 10298997   18.50000   45   18          -   18.33325      -  64.9 18990s
 33319477 10300217   20.48344   37  132          -   18.33333      -  64.9 18995s
 33333327 10301739   20.08854   38  159          -   18.33333      -  64.9 19000s
 33344316 10302801   20.19630   40  171          -   18.33333      -  64.9 19006s
 33354255 10303669   21.14636   35  171          -   18.33333      -  64.9 19010s
 33367924 10304897   21.26793   38  193          -   18.33333      -  64.9 19015s
 33380961 10306083   20.18208   46  154          -   18.33333      -  64.9 19020s
 33393569 10307038   20.83264   39  168          -   18.33333      -  64.9 19025s
 33407165 10308201   20.34375   35  155          -   18.33333      -  64.9 19030s
 33420026 10309150   18.77323   38  179          -   18.33333      -  64.9 19035s
 33432512 10310117   20.05556   43  158          -   18.33333      -  64.9 19040s
 33445335 10311016   19.10672   35  146          -   18.33333      -  64.9 19045s
 33458357 10312011   18.99777   36  200          -   18.33333      -  64.9 19050s
 33465687 10312584 infeasible   46               -   18.33333      -  64.9 19055s
 33476474 10313492   19.00000   44   11          -   18.33333      -  64.9 19060s
 33488715 10314351   20.47569   44  238          -   18.33333      -  64.9 19065s
 33501128 10315454 infeasible   39               -   18.33333      -  64.9 19070s
 33513453 10316363   22.45833   52   81          -   18.33333      -  64.9 19075s
 33524960 10317434   21.41376   35  205          -   18.33333      -  64.9 19080s
 33537759 10318497   20.08534   52  186          -   18.33333      -  64.9 19085s
 33550581 10319542 infeasible   40               -   18.33333      -  64.9 19090s
 33563483 10320538   20.97333   40  164          -   18.33333      -  64.9 19095s
 33576528 10321380   19.29862   43  188          -   18.33333      -  64.9 19100s
 33588772 10322319   18.82217   35  161          -   18.33333      -  64.9 19105s
 33600939 10323135   20.40725   36  150          -   18.33333      -  64.9 19112s
 33607466 10323567   21.21488   34  181          -   18.33333      -  64.9 19115s
 33619429 10324595   18.58824   41  121          -   18.33333      -  64.9 19120s
 33631883 10325574   19.65312   40  149          -   18.33333      -  64.9 19125s
 33644057 10326522   19.02137   41  117          -   18.33333      -  64.9 19130s
 33656071 10327402   18.91453   41  183          -   18.33333      -  64.9 19135s
 33668161 10328178   22.46137   38  194          -   18.33333      -  64.9 19140s
 33680099 10329035     cutoff   43               -   18.33333      -  64.9 19145s
 33692567 10329905     cutoff   41               -   18.33333      -  64.9 19150s
 33705313 10330932   18.78111   44  185          -   18.33333      -  64.9 19155s
 33719062 10331974 infeasible   35               -   18.33333      -  64.9 19160s
 33731313 10332874   19.15440   39  185          -   18.33333      -  64.9 19167s
 33738974 10333499 infeasible   56               -   18.33333      -  64.9 19170s
 33752022 10334630   18.91892   32  127          -   18.33333      -  64.9 19175s
 33765419 10335711   20.00000   50    8          -   18.33333      -  64.9 19180s
 33777681 10336715   20.29406   35  190          -   18.33333      -  64.9 19185s
 33789932 10337700   20.05479   39  205          -   18.33333      -  64.9 19190s
 33802497 10338646   19.50000   42   37          -   18.33333      -  64.9 19195s
 33815509 10339675   19.10000   44   53          -   18.33333      -  64.9 19200s
 33828027 10340737   18.87037   36  129          -   18.33333      -  64.9 19205s
 33840533 10341900   19.30645   37  105          -   18.33333      -  64.9 19210s
 33850330 10342832   19.00000   37   11          -   18.33333      -  64.9 19215s
 33861118 10343741   18.54464   40  154          -   18.33333      -  64.9 19220s
 33873443 10344824   18.80769   41   66          -   18.33333      -  64.9 19225s
 33887114 10346031   19.54065   33  179          -   18.33349      -  64.9 19230s
 33888842 10346283   20.19759   45  211          -   18.33380      -  64.9 19235s
 33888975 10346406   19.22371   49  184          -   18.33398      -  64.9 19240s
 33889484 10346587   18.73157   33  209          -   18.33419      -  64.9 19245s
 33891613 10346875   19.52607   38  165          -   18.33432      -  64.9 19251s
 33894547 10347186   18.97618   39  162          -   18.33437      -  64.9 19255s
 33900772 10347868   20.83391   32  176          -   18.33454      -  64.9 19260s
 33911816 10349009   20.87707   35  210          -   18.33486      -  64.9 19265s
 33925228 10350596   19.50000   42   19          -   18.33526      -  64.9 19270s
 33939023 10352301   18.82914   41  181          -   18.33566      -  64.9 19275s
 33946570 10353365   18.56339   47  201          -   18.33587      -  64.9 19280s
 33958701 10354875   19.27117   42  173          -   18.33613      -  64.9 19285s
 33971688 10356379   19.36757   44  192          -   18.33645      -  64.9 19290s
 33985088 10357968   20.48174   51  236          -   18.33679      -  64.9 19295s
 33999265 10359515   19.39088   38  154          -   18.33714      -  64.9 19300s
 34012538 10361068   20.20423   31  179          -   18.33748      -  64.9 19305s
 34025743 10362597   18.71143   37  176          -   18.33777      -  64.9 19310s
 34037007 10363986   18.40499   42  132          -   18.33803      -  64.9 19316s
 34047370 10365221   18.54342   33  175          -   18.33831      -  64.9 19320s
 34060775 10366883   18.80146   33  139          -   18.33869      -  64.9 19325s
 34074973 10368528   18.44884   36  196          -   18.33898      -  64.9 19330s
 34088790 10370122     cutoff   56               -   18.33929      -  64.9 19335s
 34103335 10372100   20.16347   45  168          -   18.33962      -  64.9 19340s
 34118468 10373836   21.58971   38  216          -   18.34000      -  64.8 19345s
 34126834 10374678     cutoff   42               -   18.34014      -  64.8 19350s
 34140504 10376503   21.36460   35  177          -   18.34043      -  64.8 19355s
 34154336 10378365   20.75490   45  195          -   18.34086      -  64.8 19360s
 34167457 10379884   21.84392   41  208          -   18.34108      -  64.8 19365s
 34180177 10381478   19.45805   36  169          -   18.34142      -  64.8 19370s
 34193582 10383022   22.04884   39  204          -   18.34169      -  64.8 19375s
 34206403 10384498   18.57694   43  229          -   18.34205      -  64.8 19380s
 34213546 10385368   19.87917   39  242          -   18.34211      -  64.8 19385s
 34226897 10387026   19.20690   34  113          -   18.34239      -  64.8 19390s
 34239318 10388586   20.10325   43  149          -   18.34272      -  64.8 19395s
 34252501 10390192   19.82829   44  216          -   18.34293      -  64.8 19400s
 34266336 10391819   19.06508   34  218          -   18.34328      -  64.8 19405s
 34281040 10393592   20.01729   34  185          -   18.34364      -  64.8 19410s
 34293204 10394951   19.50109   39  164          -   18.34375      -  64.8 19415s
 34304521 10396261   18.83148   47  155          -   18.34409      -  64.8 19421s
 34314342 10397432   19.69769   34  177          -   18.34434      -  64.8 19425s
 34327455 10399017   20.94180   39  192          -   18.34470      -  64.8 19430s
 34340723 10400423   20.50319   40  189          -   18.34483      -  64.8 19435s
 34354946 10402218   18.84940   34  182          -   18.34523      -  64.8 19440s
 34367285 10403596   20.50249   34  201          -   18.34552      -  64.8 19445s
 34381466 10405356   19.00000   39    6          -   18.34585      -  64.8 19450s
 34393610 10406827   19.28851   36  177          -   18.34615      -  64.8 19455s
 34400174 10407436   21.34144   44  192          -   18.34615      -  64.8 19460s
 34412530 10408768     cutoff   48               -   18.34637      -  64.8 19465s
 34426766 10410569   19.23695   37  198          -   18.34673      -  64.8 19470s
 34441025 10412197 infeasible   34               -   18.34704      -  64.8 19475s
 34454032 10413993   21.47409   36  186          -   18.34731      -  64.8 19480s
 34467674 10415663   19.37073   44  237          -   18.34769      -  64.8 19485s
 34480759 10416907   21.45325   37  194          -   18.34783      -  64.8 19490s
 34486234 10417541   18.78261   33  138          -   18.34783      -  64.8 19495s
 34499979 10419201   20.07996   48  158          -   18.34821      -  64.8 19500s
 34513580 10420896   19.46000   36  204          -   18.34852      -  64.8 19505s
 34526249 10422368   20.59484   44  155          -   18.34884      -  64.8 19510s
 34540016 10423935   19.24983   36  178          -   18.34911      -  64.8 19515s
 34553152 10425505   18.68894   36  178          -   18.34940      -  64.8 19520s
 34567529 10427424   18.96995   41  219          -   18.34973      -  64.8 19525s
 34575100 10428461   19.20825   41  249          -   18.34994      -  64.8 19530s
 34587663 10429751   21.81099   43  198          -   18.35000      -  64.8 19535s
 34601075 10430995   18.85294   44  139          -   18.35000      -  64.8 19540s
 34614483 10432800   19.46573   43  194          -   18.35022      -  64.8 19545s
 34629085 10434548   18.72983   37  215          -   18.35059      -  64.8 19550s
 34641320 10436131   19.71379   41  206          -   18.35088      -  64.8 19555s
 34655760 10437900   18.55798   34  193          -   18.35122      -  64.8 19560s
 34661516 10438584   21.87429   32  176          -   18.35135      -  64.8 19565s
 34674826 10440243   18.96959   44  200          -   18.35156      -  64.7 19570s
 34688493 10441846   19.33983   44  190          -   18.35185      -  64.7 19575s
 34701622 10443502   19.71307   40  203          -   18.35217      -  64.7 19580s
 34715767 10445124   19.59704   39  197          -   18.35252      -  64.7 19585s
 34728576 10446850   19.11615   30  189          -   18.35294      -  64.7 19590s
 34742103 10448236   19.08609   35  204          -   18.35294      -  64.7 19595s
 34748128 10448835   19.49027   42  129          -   18.35294      -  64.7 19600s
 34761486 10450184   19.70516   33  175          -   18.35314      -  64.7 19605s
 34775437 10452011   20.16893   38  179          -   18.35349      -  64.7 19610s
 34788979 10453539   20.36937   42  146          -   18.35385      -  64.7 19615s
 34802947 10455152   19.50942   40  180          -   18.35417      -  64.7 19620s
 34814623 10456634   18.85976   37  175          -   18.35452      -  64.7 19625s
 34828642 10458309   18.79815   41  211          -   18.35484      -  64.7 19630s
 34839989 10459549   20.82792   39  186          -   18.35503      -  64.7 19637s
 34848384 10460538   20.38756   37  175          -   18.35521      -  64.7 19640s
 34861669 10462115   18.50000   45  144          -   18.35553      -  64.7 19645s
 34875822 10463720   20.15399   38  191          -   18.35578      -  64.7 19650s
 34888190 10465370   18.50023   59  139          -   18.35607      -  64.7 19655s
 34901952 10467014   20.94293   41  230          -   18.35642      -  64.7 19660s
 34914929 10468637   19.14672   36  201          -   18.35680      -  64.7 19665s
 34923999 10469698   20.56054   38  244          -   18.35709      -  64.7 19670s
 34934714 10470849   19.59112   41  174          -   18.35714      -  64.7 19675s
 34948760 10472307   21.22691   35  198          -   18.35714      -  64.7 19680s
 34962632 10473576   21.63403   37  181          -   18.35714      -  64.7 19685s
 34975865 10474722   20.69697   41  118          -   18.35714      -  64.7 19690s
 34989879 10476238   20.42056   34  175          -   18.35736      -  64.7 19695s
 35004084 10477768   20.25640   34  201          -   18.35774      -  64.7 19700s
 35016396 10479414   19.81109   42  206          -   18.35805      -  64.7 19705s
 35024366 10480321   20.33333   43  103          -   18.35821      -  64.7 19710s
 35037263 10481987   19.29246   35  172          -   18.35851      -  64.7 19715s
 35050979 10483675   21.10526   37  144          -   18.35892      -  64.7 19720s
 35063829 10485023   19.22152   46  211          -   18.35921      -  64.7 19725s
 35077752 10486611   20.47577   44  134          -   18.35949      -  64.7 19730s
 35091238 10488154   20.06913   36  206          -   18.35993      -  64.7 19735s
 35103997 10489534   21.68957   38  205          -   18.36000      -  64.7 19740s
 35112344 10490508   20.69930   49  191          -   18.36022      -  64.7 19745s
 35123732 10491848   19.25254   37  197          -   18.36052      -  64.7 19750s
 35138229 10493550   19.52960   36  205          -   18.36086      -  64.7 19755s
 35151751 10495089   19.91613   42  223          -   18.36111      -  64.7 19760s
 35165418 10496694   21.69614   39  160          -   18.36134      -  64.7 19765s
 35179060 10498352   19.78936   35  171          -   18.36169      -  64.7 19770s
 35192477 10499801   18.75000   34   43          -   18.36196      -  64.7 19775s
 35200109 10500809   19.93649   34  187          -   18.36212      -  64.7 19780s
 35213218 10502293   20.80789   45  194          -   18.36242      -  64.7 19785s
 35226665 10503935 infeasible   36               -   18.36273      -  64.7 19790s
 35240847 10505567   19.11021   46  172          -   18.36313      -  64.7 19795s
 35254630 10507276   18.67561   36  169          -   18.36348      -  64.6 19800s
 35267929 10508759   19.66192   43  181          -   18.36364      -  64.6 19805s
 35280396 10509896   21.12440   38  130          -   18.36364      -  64.6 19810s
 35292884 10510924   19.21378   41  146          -   18.36364      -  64.6 19815s
 35299581 10511567   21.17857   47  140          -   18.36364      -  64.6 19820s
 35312092 10512627   21.97192   44  212          -   18.36364      -  64.6 19825s
 35325927 10514023   20.08641   40  210          -   18.36371      -  64.6 19830s
 35340128 10515766   20.16667   43  105          -   18.36410      -  64.6 19835s
 35353512 10517490   20.04999   39  197          -   18.36450      -  64.6 19840s
 35367255 10519165   20.17341   33  194          -   18.36486      -  64.6 19845s
 35380876 10520811   19.18257   40  203          -   18.36519      -  64.6 19850s
 35387753 10521625   19.57138   39  184          -   18.36538      -  64.6 19855s
 35401126 10523124   19.58289   44  205          -   18.36563      -  64.6 19860s
 35415220 10524920   19.34586   42  203          -   18.36591      -  64.6 19865s
 35428816 10526390   21.52084   45  193          -   18.36622      -  64.6 19870s
 35443126 10528256   18.47622   45  197          -   18.36658      -  64.6 19875s
 35457437 10529769   20.36111   43  105          -   18.36667      -  64.6 19880s
 35471455 10531386   20.83626   37  196          -   18.36697      -  64.6 19885s
 35478312 10532191   19.33375   32  181          -   18.36713      -  64.6 19890s
 35492795 10533834   19.75635   43  241          -   18.36743      -  64.6 19895s
 35506241 10535467   19.82229   50  189          -   18.36771      -  64.6 19900s
 35520122 10537183   21.76707   47  211          -   18.36806      -  64.6 19905s
 35534103 10538848   21.35000   42  117          -   18.36842      -  64.6 19910s
 35547134 10540211   22.00000   45   32          -   18.36842      -  64.6 19915s
 35559531 10541662   18.81500   43  155          -   18.36857      -  64.6 19922s
 35566576 10542530   19.00464   42  164          -   18.36872      -  64.6 19925s
 35579775 10544249   20.19393   29  153          -   18.36905      -  64.6 19930s
 35594217 10545921   21.32263   35  225          -   18.36937      -  64.6 19935s
 35608274 10547519   20.15663   50  222          -   18.36957      -  64.6 19940s
 35621948 10548961   19.56858   40  185          -   18.36995      -  64.6 19945s
 35634658 10550573   18.90401   36  225          -   18.37025      -  64.6 19950s
 35647628 10551999   19.34670   40  139          -   18.37037      -  64.6 19955s
 35654046 10552747   18.71618   41  204          -   18.37048      -  64.6 19960s
 35667925 10554430   18.83186   35  216          -   18.37085      -  64.6 19965s
 35681850 10556209   18.56501   43  166          -   18.37117      -  64.6 19970s
 35695072 10557820   20.79293   40  168          -   18.37143      -  64.6 19975s
 35708697 10559332   19.82502   43  169          -   18.37168      -  64.6 19980s
 35723507 10561135   18.58586   37  247          -   18.37204      -  64.6 19985s
 35735246 10562476   21.50000   43   23          -   18.37226      -  64.6 19992s
 35743676 10563579   19.56885   39  175          -   18.37247      -  64.6 19995s
 35757061 10565120   19.21524   44  195          -   18.37273      -  64.6 20000s
 35771538 10566933   21.11417   44  155          -   18.37310      -  64.6 20005s
 35785118 10568458   19.59803   30  196          -   18.37340      -  64.6 20010s
 35797793 10569906   20.10863   34  197          -   18.37373      -  64.6 20015s
 35812596 10571604   19.84151   37  214          -   18.37408      -  64.6 20020s
 35825427 10572984   20.75000   34  143          -   18.37449      -  64.6 20027s
 35832344 10573806   20.21216   40  173          -   18.37471      -  64.6 20030s
 35845301 10575133   19.99470   36  223          -   18.37500      -  64.6 20035s
 35858859 10576346   21.74016   40  194          -   18.37500      -  64.5 20040s
 35872676 10577658   18.70034   45  177          -   18.37500      -  64.5 20045s
 35885334 10578774   21.18901   38  177          -   18.37500      -  64.5 20050s
 35898446 10579954   19.96669   32  161          -   18.37500      -  64.5 20055s
 35911992 10581043   21.80420   34  185          -   18.37500      -  64.5 20060s
 35924996 10582284   19.98440   37  156          -   18.37500      -  64.5 20065s
 35931439 10582812   18.76229   43  183          -   18.37500      -  64.5 20070s
 35942770 10583786   20.00000   42   58          -   18.37500      -  64.5 20075s
 35956838 10584840   20.23907   45  158          -   18.37500      -  64.5 20080s
 35970863 10586009     cutoff   42               -   18.37500      -  64.5 20085s
 35984997 10587575   19.64267   37  190          -   18.37500      -  64.5 20090s
 35999171 10589010   20.19226   37  182          -   18.37500      -  64.5 20095s
 36012868 10590458   19.68376   37  127          -   18.37535      -  64.5 20100s
 36026663 10592343   19.53686   38  224          -   18.37572      -  64.5 20105s
 36034506 10593209   19.55632   38  167          -   18.37589      -  64.5 20110s
 36048158 10594868   19.55254   38  195          -   18.37626      -  64.5 20115s
 36062294 10596421   18.48370   38  173          -   18.37657      -  64.5 20120s
 36075052 10598026   19.23446   34  216          -   18.37691      -  64.5 20125s
 36088459 10599792   19.46728   45  178          -   18.37719      -  64.5 20130s
 36102864 10601521   20.73302   43  189          -   18.37754      -  64.5 20135s
 36116672 10602952   19.00000   36   26          -   18.37778      -  64.5 20140s
 36123405 10603659   18.89703   39  188          -   18.37799      -  64.5 20145s
 36136899 10605230   19.26586   41  205          -   18.37830      -  64.5 20150s
 36150695 10606684   19.28709   39  187          -   18.37853      -  64.5 20155s
 36165202 10608291   20.68542   35  206          -   18.37886      -  64.5 20160s
 36178677 10610075   18.72770   31  161          -   18.37918      -  64.5 20165s
 36193304 10611796   19.00780   34  186          -   18.37937      -  64.5 20170s
 36207235 10613571   19.62500   36   75          -   18.37970      -  64.5 20175s
 36214922 10614505   20.17201   37  187          -   18.37985      -  64.5 20180s
 36227945 10616105   19.26332   45  205          -   18.38014      -  64.5 20185s
 36242026 10617808   18.84661   40  201          -   18.38043      -  64.5 20190s
 36256017 10619677   19.45446   41  145          -   18.38077      -  64.5 20195s
 36269903 10621083   21.07003   43  171          -   18.38095      -  64.5 20200s
 36282726 10622375     cutoff   44               -   18.38101      -  64.5 20205s
 36294596 10623757   18.81041   33  162          -   18.38136      -  64.5 20211s
 36303785 10624754   19.42014   38  201          -   18.38158      -  64.5 20215s
 36317061 10626411   21.12290   37  170          -   18.38191      -  64.5 20220s
 36330361 10627863   20.49433   39  115          -   18.38222      -  64.5 20225s
 36344164 10629346   19.90506   39  143          -   18.38236      -  64.5 20230s
 36356500 10630711   18.65047   41  210          -   18.38272      -  64.5 20235s
 36370835 10632361   18.57851   35  160          -   18.38300      -  64.5 20240s
 36383725 10633923   18.63180   48  165          -   18.38333      -  64.5 20247s
 36392173 10634885   19.63088   35  175          -   18.38346      -  64.5 20250s
 36405128 10636482   20.13694   43  174          -   18.38383      -  64.5 20255s
 36418367 10638035   19.19648   33  192          -   18.38417      -  64.5 20260s
 36431776 10639848   19.29760   37  181          -   18.38454      -  64.5 20265s
 36445254 10641116   20.00000   46    8          -   18.38462      -  64.5 20270s
 36458716 10642364   20.76900   46  146          -   18.38462      -  64.5 20275s
 36472818 10643690   19.85728   44  131          -   18.38462      -  64.5 20280s
 36478528 10644275   18.70151   41  233          -   18.38470      -  64.4 20285s
 36492463 10646036   19.27875   39  108          -   18.38509      -  64.4 20290s
 36505710 10647617   20.13402   42   89          -   18.38542      -  64.4 20295s
 36520187 10649226   19.06813   45  201          -   18.38581      -  64.4 20300s
 36533602 10650853   20.00840   34  205          -   18.38612      -  64.4 20305s
 36547137 10652354   21.40829   41  180          -   18.38637      -  64.4 20310s
 36561096 10653818   18.78004   37  211          -   18.38674      -  64.4 20315s
 36566046 10654486   19.80922   39  241          -   18.38686      -  64.4 20320s
 36579553 10655930   19.77941   38  117          -   18.38710      -  64.4 20325s
 36591844 10657386   18.81446   40  230          -   18.38739      -  64.4 20330s
 36604984 10658959   19.46053   42  161          -   18.38769      -  64.4 20335s
 36618405 10660634   19.27963   41  212          -   18.38796      -  64.4 20340s
 36631918 10662348   21.42866   36  179          -   18.38829      -  64.4 20345s
 36646278 10664095   19.09468   35  184          -   18.38866      -  64.4 20350s
 36652739 10664800   19.82519   46  216          -   18.38885      -  64.4 20355s
 36666957 10666204   20.00000   42   10          -   18.38889      -  64.4 20360s
 36680395 10667528   21.72867   34  221          -   18.38889      -  64.4 20365s
 36693433 10668762   19.19821   38  213          -   18.38892      -  64.4 20370s
 36706639 10670511   18.50000   48   63          -   18.38929      -  64.4 20375s
 36719090 10672003   19.77320   49  191          -   18.38961      -  64.4 20380s
 36732475 10673578   20.26535   44  202          -   18.38993      -  64.4 20385s
 36741465 10674661   19.34021   39  178          -   18.39015      -  64.4 20390s
 36753333 10675962     cutoff   44               -   18.39040      -  64.4 20395s
 36766973 10677645   20.01268   49  178          -   18.39071      -  64.4 20400s
 36781022 10679151   19.81413   43  178          -   18.39108      -  64.4 20405s
 36794612 10680643   19.95772   46  163          -   18.39130      -  64.4 20410s
 36808437 10682248   20.64074   50  180          -   18.39145      -  64.4 20415s
 36821836 10683886   18.76765   41  188          -   18.39175      -  64.4 20420s
 36830906 10684911   19.64016   45  201          -   18.39196      -  64.4 20425s
 36843026 10686260   19.83977   33  186          -   18.39216      -  64.4 20430s
 36856868 10687978   19.96484   39  152          -   18.39249      -  64.4 20435s
 36871275 10689858   18.52862   31  162          -   18.39286      -  64.4 20440s
 36883535 10691182   18.93865   44  195          -   18.39286      -  64.4 20445s
 36897167 10692772     cutoff   40               -   18.39311      -  64.4 20450s
 36910221 10694273   19.35137   33  202          -   18.39344      -  64.4 20455s
 36917868 10695225   20.81059   35  189          -   18.39357      -  64.4 20460s
 36931852 10696875   18.94785   42  136          -   18.39394      -  64.4 20465s
 36945415 10698349   20.56650   44  199          -   18.39414      -  64.4 20470s
 36958774 10699973   19.58874   47  146          -   18.39442      -  64.4 20475s
 36971939 10701514   19.70898   41  171          -   18.39474      -  64.4 20480s
 36984332 10702929   19.53600   36  147          -   18.39490      -  64.4 20485s
 36997507 10704515   20.06481   35  118          -   18.39521      -  64.4 20490s
 37003637 10705151   19.98501   37  194          -   18.39535      -  64.4 20495s
 37017089 10706755     cutoff   42               -   18.39568      -  64.4 20500s
 37030194 10708284   18.50901   47  210          -   18.39583      -  64.4 20505s
 37042819 10709763   20.57631   39  190          -   18.39614      -  64.4 20510s
 37055716 10711252   20.90554   40  146          -   18.39642      -  64.4 20515s
 37069361 10712794   18.68440   47  193          -   18.39669      -  64.4 20520s
 37084064 10714411   20.76367   37  173          -   18.39703      -  64.4 20525s
 37090957 10715142   18.79904   29  220          -   18.39714      -  64.4 20530s
 37104973 10716803   20.31465   35  197          -   18.39744      -  64.4 20535s
 37119074 10718541   20.73306   43  202          -   18.39775      -  64.4 20540s
 37132487 10720107   19.11320   34  194          -   18.39806      -  64.3 20545s
 37146352 10721771   18.96780   39  202          -   18.39837      -  64.3 20550s
 37159921 10723325   19.00422   35  200          -   18.39867      -  64.3 20555s
 37173857 10725039   21.93233   35  188          -   18.39903      -  64.3 20560s
 37180531 10725779   20.07143   34  121          -   18.39921      -  64.3 20565s
 37194635 10727385   20.71073   44  181          -   18.39961      -  64.3 20570s
 37207156 10729012   20.84511   41  174          -   18.40000      -  64.3 20575s
 37221784 10730347   19.58333   36  135          -   18.40000      -  64.3 20580s
 37234793 10731563   20.09662   42  115          -   18.40000      -  64.3 20585s
 37248027 10732729   19.61111   49  184          -   18.40000      -  64.3 20590s
 37260008 10733788   20.11605   43  168          -   18.40000      -  64.3 20595s
 37273186 10734879   21.53448   47  204          -   18.40000      -  64.3 20600s
 37279879 10735483   19.84608   34  146          -   18.40000      -  64.3 20605s
 37292613 10736545   19.74748   43  187          -   18.40000      -  64.3 20610s
 37305244 10737515   20.08783   44  190          -   18.40000      -  64.3 20615s
 37317579 10738490     cutoff   44               -   18.40000      -  64.3 20620s
 37330777 10739499   19.53400   41  197          -   18.40000      -  64.3 20625s
 37343365 10740480   19.28809   52  191          -   18.40000      -  64.3 20630s
 37357283 10741620   20.34566   43  167          -   18.40000      -  64.3 20635s
 37369200 10742607   19.45128   40  173          -   18.40000      -  64.3 20640s
 37382583 10743769   19.11538   42  142          -   18.40000      -  64.3 20645s
 37389721 10744316   19.19068   41  210          -   18.40000      -  64.3 20650s
 37402903 10745378   20.43035   41  188          -   18.40000      -  64.3 20655s
 37415249 10746288   19.90888   47  188          -   18.40000      -  64.3 20660s
 37427100 10747309   20.15115   43  182          -   18.40000      -  64.3 20665s
 37440208 10748485   18.78637   34  173          -   18.40000      -  64.3 20670s
 37453881 10749740   18.75000   38   46          -   18.40000      -  64.3 20675s
 37466365 10750963   20.00000   38   85          -   18.40010      -  64.3 20680s
 37479837 10752430   19.51104   37  236          -   18.40057      -  64.3 20685s
 37492938 10753910   18.73491   46  208          -   18.40091      -  64.3 20692s
 37500590 10754819   19.26175   28  195          -   18.40112      -  64.3 20695s
 37513729 10756045   18.61180   44  177          -   18.40141      -  64.3 20700s
 37526826 10757506   19.32071   37  204          -   18.40173      -  64.3 20705s
 37540389 10759104   20.67552   34  190          -   18.40205      -  64.3 20710s
 37553743 10760698   19.15299   32  201          -   18.40236      -  64.3 20715s
 37567959 10762377   19.60007   36  178          -   18.40272      -  64.3 20720s
 37577892 10763562   19.19598   38  201          -   18.40288      -  64.3 20726s
 37586825 10764543   19.86957   42   96          -   18.40309      -  64.3 20730s
 37600081 10766049   18.95612   37  178          -   18.40334      -  64.3 20735s
 37613245 10767412   20.62812   51  144          -   18.40366      -  64.3 20740s
 37626678 10768807   18.85722   39  224          -   18.40387      -  64.3 20745s
 37640364 10770475   19.86893   42  171          -   18.40420      -  64.3 20750s
 37654339 10771946   20.34248   36  166          -   18.40449      -  64.3 20755s
 37668412 10773384     cutoff   38               -   18.40476      -  64.3 20760s
 37676757 10774317   20.03580   37  180          -   18.40493      -  64.3 20765s
 37691577 10776083   19.45557   32  225          -   18.40529      -  64.3 20770s
 37705312 10777533   19.47731   42  197          -   18.40555      -  64.3 20775s
 37719081 10779155   18.75349   44  161          -   18.40588      -  64.3 20780s
 37733798 10780854   19.20930   36  144          -   18.40625      -  64.3 20785s
 37747067 10782386   20.68114   41  173          -   18.40639      -  64.3 20790s
 37757838 10783515   20.63629   32  122          -   18.40667      -  64.3 20796s
 37766505 10784550   18.76782   34  180          -   18.40685      -  64.3 20800s
 37780780 10786251   18.86635   41  235          -   18.40722      -  64.3 20805s
 37794286 10787557   20.83442   38  135          -   18.40741      -  64.3 20810s
 37806562 10788857   19.77451   39  158          -   18.40763      -  64.3 20815s
 37819447 10790290   19.37246   44  178          -   18.40789      -  64.3 20820s
 37833867 10791783   21.60827   44  159          -   18.40827      -  64.3 20825s
 37846520 10793288   19.14852   33  202          -   18.40857      -  64.3 20832s
 37853826 10794158   20.80006   42  214          -   18.40876      -  64.3 20835s
 37868098 10795786   21.76451   40  213          -   18.40909      -  64.3 20840s
 37881621 10797016   20.14027   43  176          -   18.40909      -  64.3 20845s
 37896080 10798571   19.38072   43  226          -   18.40922      -  64.3 20850s
 37909301 10800003   21.14631   40  136          -   18.40958      -  64.3 20855s
 37923018 10801443   19.09774   34  174          -   18.40987      -  64.2 20860s
 37937448 10803180   19.65074   38  212          -   18.41023      -  64.2 20867s
 37944035 10803821   19.81568   39  173          -   18.41026      -  64.2 20870s
 37957514 10805348   20.37937   47  162          -   18.41058      -  64.2 20875s
 37971927 10806983   19.61930   35  189          -   18.41087      -  64.2 20880s
 37985923 10808596   18.66937   38  209          -   18.41118      -  64.2 20885s
 38000116 10810199   19.83120   36  137          -   18.41152      -  64.2 20890s
 38013403 10811771 infeasible   52               -   18.41176      -  64.2 20895s
 38020846 10812476   19.92533   37  180          -   18.41176      -  64.2 20900s
 38032136 10813498   20.66809   42  206          -   18.41176      -  64.2 20905s
 38046025 10815089   19.21176   38  144          -   18.41210      -  64.2 20910s
 38060033 10816819   19.77052   42  190          -   18.41245      -  64.2 20915s
 38073592 10818357   20.70163   45  183          -   18.41277      -  64.2 20920s
 38087425 10819961   20.43776   41  169          -   18.41304      -  64.2 20925s
 38101551 10821502   19.23804   39  212          -   18.41332      -  64.2 20930s
 38107923 10822221   19.15819   41  223          -   18.41346      -  64.2 20935s
 38121371 10823651   20.00000   41  131          -   18.41379      -  64.2 20940s
 38134599 10824898   19.02041   38  113          -   18.41393      -  64.2 20945s
 38148631 10826601   18.82210   43  231          -   18.41429      -  64.2 20950s
 38162857 10828103   20.53984   44  190          -   18.41463      -  64.2 20955s
 38176337 10829624   19.69856   37  188          -   18.41485      -  64.2 20960s
 38190014 10831253   19.16667   37   90          -   18.41512      -  64.2 20965s
 38196099 10832039   18.84374   52  207          -   18.41526      -  64.2 20970s
 38209412 10833539   20.70180   32  231          -   18.41558      -  64.2 20975s
 38223340 10835285   20.04456   40  187          -   18.41589      -  64.2 20980s
 38237135 10836773   18.90158   37  252          -   18.41626      -  64.2 20985s
 38251374 10838288   19.85714   37   99          -   18.41667      -  64.2 20990s
 38265173 10839528   19.31823   35  174          -   18.41667      -  64.2 20995s
 38279013 10840788   20.67454   30  204          -   18.41667      -  64.2 21000s
 38284843 10841209   22.21984   35  211          -   18.41667      -  64.2 21005s
 38296816 10842187   19.00000   54   11          -   18.41667      -  64.2 21010s
 38310670 10843248   18.81805   33  201          -   18.41667      -  64.2 21015s
 38324283 10844389   20.71443   40  144          -   18.41667      -  64.2 21020s
 38337227 10845578   21.27530   33  143          -   18.41667      -  64.2 21025s
 38350333 10847053   20.00058   44  195          -   18.41708      -  64.2 21030s
 38363919 10848642   21.00225   34  202          -   18.41742      -  64.2 21035s
 38375539 10850034   21.61414   41  144          -   18.41772      -  64.2 21042s
 38382960 10850895   21.47112   37  160          -   18.41791      -  64.2 21045s
 38397316 10852440   19.16539   33  188          -   18.41818      -  64.2 21050s
 38411884 10853944   18.87675   43  188          -   18.41851      -  64.2 21055s
 38425697 10855527   19.30864   35  179          -   18.41880      -  64.2 21060s
 38439418 10857148   19.99357   44  197          -   18.41912      -  64.2 21065s
 38452641 10858415   21.00000   46  137          -   18.41935      -  64.2 21070s
 38463730 10859551   20.32957   39  189          -   18.41954      -  64.2 21076s
 38472585 10860580   18.64731   39  158          -   18.41975      -  64.2 21080s
 38486008 10862158   20.19306   36  166          -   18.42000      -  64.2 21085s
 38499098 10863675   19.19600   35  153          -   18.42029      -  64.2 21090s
 38513086 10865257   20.16667   42   49          -   18.42064      -  64.2 21095s
 38525854 10866657   18.79033   35  197          -   18.42097      -  64.2 21100s
 38539402 10867921   20.29021   38  162          -   18.42105      -  64.2 21105s
 38546891 10868627   21.78194   40  195          -   18.42105      -  64.2 21110s
 38559472 10870056   20.40456   42  168          -   18.42132      -  64.2 21115s
 38572787 10871591   20.13030   38  183          -   18.42164      -  64.2 21120s
 38586016 10873118   18.50000   36   54          -   18.42188      -  64.2 21125s
 38600031 10874607   20.35389   39  144          -   18.42222      -  64.2 21130s
 38613145 10876281   19.12481   46  200          -   18.42253      -  64.2 21135s
 38626946 10877800   19.08071   33  217          -   18.42282      -  64.2 21140s
 38633696 10878464   20.51880   46  140          -   18.42307      -  64.2 21145s
 38647971 10879700   20.66389   51  176          -   18.42308      -  64.2 21150s
 38660911 10881143   19.16561   46  106          -   18.42329      -  64.2 21155s
 38675085 10882862   20.09325   38  218          -   18.42364      -  64.2 21160s
 38688574 10884410   19.90979   36  193          -   18.42391      -  64.2 21165s
 38702753 10886046   18.79725   43  238          -   18.42424      -  64.1 21170s
 38714358 10887369   19.27314   34  193          -   18.42431      -  64.1 21177s
 38722192 10888275   19.18605   40  166          -   18.42447      -  64.1 21180s
 38736051 10889812   19.82630   45  203          -   18.42478      -  64.1 21185s
 38749219 10891417   20.32794   44  156          -   18.42500      -  64.1 21190s
 38763242 10893172   19.74704   37  217          -   18.42526      -  64.1 21195s
 38777536 10894942     cutoff   42               -   18.42553      -  64.1 21200s
 38791210 10896581   18.90442   46  197          -   18.42588      -  64.1 21205s
 38796635 10897105   19.08091   50  239          -   18.42596      -  64.1 21210s
 38810193 10898621   18.59956   40  229          -   18.42627      -  64.1 21215s
 38823485 10900183   19.76102   55  206          -   18.42657      -  64.1 21220s
 38837402 10901617   18.76988   35  228          -   18.42684      -  64.1 21225s
 38850919 10903149   18.88198   43  172          -   18.42716      -  64.1 21230s
 38864954 10904811   18.85493   34  201          -   18.42751      -  64.1 21235s
 38872320 10905678   20.89306   35  207          -   18.42772      -  64.1 21240s
 38883395 10907045   19.07000   37  181          -   18.42804      -  64.1 21245s
 38897035 10908678   21.66815   44  186          -   18.42845      -  64.1 21250s
 38910548 10910038   21.59503   42  205          -   18.42857      -  64.1 21255s
 38923505 10911227   20.01664   36  174          -   18.42857      -  64.1 21260s
 38936023 10912199   19.00000   41   32          -   18.42857      -  64.1 21265s
 38948512 10913262   19.16175   38  193          -   18.42857      -  64.1 21270s
 38961214 10914276   21.48851   38  186          -   18.42857      -  64.1 21275s
 38966840 10914807   20.34667   34  102          -   18.42857      -  64.1 21280s
 38980016 10915719   19.25576   34  207          -   18.42857      -  64.1 21285s
 38992890 10916806   18.76778   45  124          -   18.42857      -  64.1 21290s
 38997148 10917178   19.25000   44   46          -   18.42857      -  64.1 21295s
 39008475 10918034   19.44481   35  179          -   18.42857      -  64.1 21300s
 39020665 10918854   18.53488   32  213          -   18.42857      -  64.1 21305s
 39033138 10919908   21.28130   50  202          -   18.42857      -  64.1 21310s
 39046954 10921317   19.80769   38  132          -   18.42879      -  64.1 21315s
 39061070 10922983   18.63968   37  139          -   18.42923      -  64.1 21320s
 39067405 10923691   20.59228   37  185          -   18.42938      -  64.1 21325s
 39080817 10925405   20.95011   40  220          -   18.42971      -  64.1 21330s
 39094999 10926922   19.08797   39  203          -   18.43004      -  64.1 21335s
 39107519 10928435   19.16680   49  233          -   18.43034      -  64.1 21340s
 39120891 10929850   19.48533   36  199          -   18.43060      -  64.1 21345s
 39133598 10931233   20.17960   50  181          -   18.43091      -  64.1 21350s
 39147092 10932746   20.32543   43  195          -   18.43118      -  64.1 21357s
 39153629 10933460   19.30798   39  195          -   18.43134      -  64.1 21360s
 39167262 10934986   20.04878   37  119          -   18.43163      -  64.1 21365s
 39181019 10936378   20.38901   35  189          -   18.43186      -  64.1 21370s
 39194709 10938177   18.57942   34  146          -   18.43220      -  64.1 21375s
 39208968 10939612   20.35311   44  177          -   18.43243      -  64.1 21380s
 39221740 10941163   19.66761   44  199          -   18.43279      -  64.1 21385s
 39228510 10941855   19.62500   46   75          -   18.43293      -  64.1 21390s
 39242839 10943691   19.17035   32  187          -   18.43330      -  64.1 21395s
 39256462 10945036   19.72308   42  132          -   18.43333      -  64.1 21400s
 39269730 10946570   18.99823   31  219          -   18.43364      -  64.1 21405s
 39283913 10948004   19.72518   39  211          -   18.43396      -  64.1 21410s
 39297873 10949542   19.43662   43  135          -   18.43425      -  64.1 21415s
 39310627 10950882   19.41077   35  219          -   18.43456      -  64.1 21420s
 39317419 10951610   19.77182   38  219          -   18.43478      -  64.1 21425s
 39331154 10952944     cutoff   37               -   18.43478      -  64.1 21430s
 39344277 10954350   19.46967   41  172          -   18.43507      -  64.1 21435s
 39357999 10955969   18.81640   30  193          -   18.43541      -  64.1 21440s
 39370999 10957377   20.26491   44  192          -   18.43564      -  64.1 21445s
 39384806 10958921   18.58968   38  203          -   18.43590      -  64.1 21450s
 39396744 10960234   20.28470   37  231          -   18.43619      -  64.1 21457s
 39405165 10961163   20.35000   43   81          -   18.43636      -  64.1 21460s
 39418092 10962713   19.51537   51  198          -   18.43667      -  64.1 21465s
 39431318 10964292   21.19182   38  218          -   18.43697      -  64.1 21470s
 39445072 10965977   18.81152   33  214          -   18.43733      -  64.1 21475s
 39458690 10967285   18.88571   40  139          -   18.43750      -  64.1 21480s
 39471456 10968578   19.78081   33  179          -   18.43750      -  64.1 21485s
 39477833 10969241   19.91283   35  238          -   18.43750      -  64.1 21490s
 39490567 10970375   21.16667   38   51          -   18.43750      -  64.1 21495s
 39504824 10971836   20.24225   45  199          -   18.43767      -  64.1 21500s
 39517113 10973322   20.46667   45   67          -   18.43801      -  64.1 21505s
 39530440 10975051   19.37500   42  177          -   18.43830      -  64.1 21510s
 39545056 10976605   21.41952   38  221          -   18.43860      -  64.1 21515s
 39558380 10978209   18.68415   35  137          -   18.43893      -  64.0 21520s
 39564713 10978875   19.72165   44  113          -   18.43902      -  64.0 21525s
 39578071 10980376   19.04570   37  196          -   18.43929      -  64.0 21530s
 39591618 10981937   20.41309   45  154          -   18.43957      -  64.0 21535s
 39604136 10983283   19.00000   38    1          -   18.43992      -  64.0 21540s
 39617582 10984617   18.74477   35  143          -   18.44000      -  64.0 21545s
 39630568 10985955   19.78219   47  172          -   18.44028      -  64.0 21550s
 39643517 10987358   18.68966   38  154          -   18.44056      -  64.0 21555s
 39649652 10988052   21.88718   45  175          -   18.44068      -  64.0 21560s
 39662730 10989596   21.50072   38  206          -   18.44095      -  64.0 21565s
 39676491 10991072   21.04908   29  153          -   18.44118      -  64.0 21570s
 39689298 10992557   19.45938   38  203          -   18.44144      -  64.0 21575s
 39702469 10993942   19.49365   42  172          -   18.44172      -  64.0 21580s
 39715838 10995483   18.72299   42  197          -   18.44198      -  64.0 21585s
 39728877 10996794   19.84874   45  233          -   18.44227      -  64.0 21590s
 39734907 10997509   20.34615   41  136          -   18.44233      -  64.0 21595s
 39748976 10998876   20.64786   45  214          -   18.44262      -  64.0 21600s
 39762812 11000661   18.88575   38  192          -   18.44293      -  64.0 21605s
 39776266 11002171   19.52206   39  148          -   18.44329      -  64.0 21610s
 39790776 11003808   19.50000   44   22          -   18.44357      -  64.0 21615s
 39804356 11005344   20.42341   39  223          -   18.44388      -  64.0 21620s
 39816151 11006705   21.10089   44  166          -   18.44419      -  64.0 21627s
 39823635 11007529   21.62329   43  167          -   18.44444      -  64.0 21630s
 39838288 11008719   20.08548   39  217          -   18.44444      -  64.0 21635s
 39851903 11009776   19.25000   42   56          -   18.44444      -  64.0 21640s
 39864655 11010840     cutoff   41               -   18.44444      -  64.0 21645s
 39878265 11012019   19.00000   42   28          -   18.44444      -  64.0 21650s
 39891912 11013271   20.00000   36    9          -   18.44444      -  64.0 21655s
 39904917 11014524   20.09352   46  177          -   18.44444      -  64.0 21660s
 39916248 11015674   20.05412   45  196          -   18.44444      -  64.0 21666s
 39926725 11016584   18.77396   38  187          -   18.44444      -  64.0 21670s
 39940634 11018308   18.81548   43  220          -   18.44482      -  64.0 21675s
 39954934 11019950   20.30659   38  174          -   18.44521      -  64.0 21680s
 39968331 11021515   20.34937   53  183          -   18.44555      -  64.0 21685s
 39981319 11022936   20.01161   43  199          -   18.44586      -  64.0 21690s
 39993719 11024283   18.94790   39  201          -   18.44615      -  64.0 21695s
 40002761 11025188   19.00000   39   47          -   18.44643      -  64.0 21700s
 40002888 11025300     cutoff   42               -   18.44650      -  64.0 21705s
 40002990 11025392   19.62208   35  202          -   18.44663      -  64.0 21710s
 40003097 11025493   21.89333   48  131          -   18.44676      -  64.0 21715s
 40003597 11025579   21.48632   35  148          -   18.44681      -  64.0 21720s
 40008481 11026050   19.37624   44  204          -   18.44685      -  64.0 21725s
 40016862 11026740   20.04992   32  210          -   18.44706      -  64.0 21730s
 40028565 11027899   18.82614   35  171          -   18.44737      -  64.0 21735s
 40040528 11029133   21.75384   35  167          -   18.44746      -  64.0 21740s
 40053316 11030449   19.56523   33  172          -   18.44776      -  64.0 21745s
 40067077 11031672   19.81328   36  198          -   18.44814      -  64.0 21750s
 40080695 11033202   18.70265   45  229          -   18.44828      -  64.0 21755s
 40091573 11034539   19.91295   40  207          -   18.44856      -  64.0 21762s
 40099673 11035598   19.20402   36  240          -   18.44873      -  64.0 21765s
 40113430 11037109   19.32428   34  169          -   18.44903      -  64.0 21770s
 40127023 11038724   20.15654   35  187          -   18.44931      -  64.0 21775s
 40140171 11040159   19.69384   37  177          -   18.44964      -  64.0 21780s
 40153119 11041669   20.35000   29  104          -   18.45000      -  64.0 21785s
 40167040 11042938   21.33668   37  227          -   18.45000      -  64.0 21790s
 40178089 11044036   19.81788   43  159          -   18.45000      -  64.0 21797s
 40185702 11044892   19.21064   37  160          -   18.45011      -  64.0 21800s
 40199360 11046454   18.92559   32  190          -   18.45045      -  64.0 21805s
 40213949 11048022   19.69176   38  203          -   18.45078      -  64.0 21810s
 40227824 11049436   19.90785   51  208          -   18.45107      -  64.0 21815s
 40241757 11051116   19.55726   53  209          -   18.45144      -  64.0 21820s
 40254949 11052461   19.92500   40  107          -   18.45161      -  64.0 21825s
 40264293 11053522   18.89291   34  167          -   18.45186      -  64.0 21831s
 40274779 11054593   20.06525   32  217          -   18.45208      -  64.0 21835s
 40288596 11056303   19.32056   40  176          -   18.45238      -  64.0 21840s
 40302346 11057874   20.67512   44  179          -   18.45257      -  64.0 21845s
 40315557 11059261   19.15125   34  182          -   18.45285      -  64.0 21850s
 40329227 11060929   20.14389   35  189          -   18.45313      -  64.0 21855s
 40342603 11062489   18.76167   38  180          -   18.45349      -  64.0 21860s
 40346717 11063041   18.89388   46  182          -   18.45354      -  64.0 21865s
 40358715 11064376   18.73066   34  217          -   18.45382      -  64.0 21870s
 40372242 11065906   19.31250   39  106          -   18.45411      -  64.0 21875s
 40385101 11067342   18.89393   37  138          -   18.45448      -  64.0 21880s
 40398129 11068485   19.52330   42  209          -   18.45455      -  64.0 21885s
 40410953 11069609     cutoff   45               -   18.45455      -  64.0 21890s
 40424603 11070631   19.65517   36   98          -   18.45455      -  64.0 21895s
 40437536 11071706   20.60054   40  139          -   18.45455      -  63.9 21900s
 40446909 11072614   19.48096   42  167          -   18.45455      -  63.9 21906s
 40456321 11073786   19.84894   41  228          -   18.45477      -  63.9 21910s
 40469415 11075243   19.38078   43  216          -   18.45515      -  63.9 21915s
 40482908 11076777   19.70588   41   90          -   18.45545      -  63.9 21920s
 40496118 11078146   19.20600   43  203          -   18.45575      -  63.9 21925s
 40509190 11079603   19.23550   34  199          -   18.45607      -  63.9 21930s
 40521354 11080959   19.28271   32  185          -   18.45633      -  63.9 21935s
 40534237 11082418   20.41072   42  223          -   18.45652      -  63.9 21942s
 40542204 11083384   19.30314   37  178          -   18.45674      -  63.9 21945s
 40555040 11084879   19.59183   35  226          -   18.45702      -  63.9 21950s
 40568243 11086392   19.73617   41  166          -   18.45722      -  63.9 21955s
 40581196 11087970   20.34184   34  221          -   18.45757      -  63.9 21960s
 40594607 11089658   19.35711   43  190          -   18.45784      -  63.9 21965s
 40607982 11091106   18.79015   39  182          -   18.45821      -  63.9 21970s
 40617289 11092197   20.50000   34   19          -   18.45833      -  63.9 21976s
 40627138 11092980   19.63058   33  216          -   18.45833      -  63.9 21980s
 40640213 11094416   19.36839   42  236          -   18.45849      -  63.9 21985s
 40654115 11095992   19.60040   43  205          -   18.45882      -  63.9 21990s
 40666956 11097385   19.18031   47  247          -   18.45917      -  63.9 21995s
 40680887 11098986   18.95261   38  191          -   18.45946      -  63.9 22000s
 40693874 11100432   19.12676   38  144          -   18.45974      -  63.9 22005s
 40704124 11101667   21.79838   37  162          -   18.45999      -  63.9 22011s
 40714870 11102805   20.01177   55  214          -   18.46014      -  63.9 22015s
 40728810 11104433   18.75000   41   73          -   18.46047      -  63.9 22020s
 40742226 11106050   21.10602   47  171          -   18.46078      -  63.9 22025s
 40756137 11107585   21.19929   45  224          -   18.46115      -  63.9 22030s
 40769453 11109170   19.41379   43  139          -   18.46153      -  63.9 22035s
 40782681 11110277   20.43900   42  214          -   18.46154      -  63.9 22040s
 40793709 11111299   19.44528   48  172          -   18.46154      -  63.9 22046s
 40803134 11112184 infeasible   36               -   18.46154      -  63.9 22050s
 40815994 11113297   19.21077   41  195          -   18.46154      -  63.9 22055s
 40828676 11114703   19.72908   42  135          -   18.46178      -  63.9 22060s
 40841752 11116141   18.67528   38  228          -   18.46215      -  63.9 22065s
 40854959 11117603   19.11822   39  194          -   18.46243      -  63.9 22070s
 40867923 11118941   20.63586   31  199          -   18.46269      -  63.9 22075s
 40881071 11120426   18.74066   45  227          -   18.46296      -  63.9 22080s
 40888557 11121201   20.77485   38  186          -   18.46310      -  63.9 22085s
 40899487 11122334   19.97609   43  197          -   18.46336      -  63.9 22090s
 40911840 11123567   19.94932   39  196          -   18.46354      -  63.9 22095s
 40925557 11125240   19.53049   37  164          -   18.46386      -  63.9 22100s
 40938922 11126918   18.92192   38  178          -   18.46419      -  63.9 22105s
 40952384 11128209   18.59471   37  130          -   18.46429      -  63.9 22110s
 40965633 11129604   20.00000   32   10          -   18.46442      -  63.9 22115s
 40978620 11131098   20.81068   40  162          -   18.46473      -  63.9 22122s
 40986385 11132081   19.93952   41  182          -   18.46491      -  63.9 22125s
 41000615 11133585     cutoff   50               -   18.46520      -  63.9 22130s
 41013844 11135090   19.13333   36  128          -   18.46550      -  63.9 22135s
 41028014 11136859   19.55367   35  160          -   18.46575      -  63.9 22140s
 41041176 11138210   21.61989   38  185          -   18.46608      -  63.9 22145s
 41055217 11139770   19.94852   32  247          -   18.46640      -  63.9 22150s
 41063356 11140738   19.12700   38  228          -   18.46665      -  63.9 22155s
 41074789 11141849   20.43128   41  171          -   18.46667      -  63.9 22160s
 41088721 11143043   19.87457   38  178          -   18.46667      -  63.9 22165s
 41101735 11143985   20.51394   35  219          -   18.46667      -  63.9 22170s
 41115095 11145563   19.18480   32  199          -   18.46704      -  63.9 22175s
 41128477 11147028   21.30193   34  180          -   18.46739      -  63.9 22180s
 41142324 11148566   19.11345   53  129          -   18.46769      -  63.9 22185s
 41156609 11150193   20.21989   33  163          -   18.46798      -  63.9 22190s
 41165106 11151134   21.18653   43  159          -   18.46809      -  63.9 22195s
 41179436 11152662   20.48685   41  231          -   18.46845      -  63.9 22200s
 41192827 11154188   18.90736   47  182          -   18.46875      -  63.9 22205s
 41206311 11155501   19.61178   35  212          -   18.46880      -  63.9 22210s
 41219539 11157048     cutoff   43               -   18.46914      -  63.9 22215s
 41232663 11158544   20.60940   44  187          -   18.46939      -  63.9 22220s
 41245364 11160209     cutoff   53               -   18.46970      -  63.9 22225s
 41252579 11160968   18.73796   51  217          -   18.46983      -  63.9 22230s
 41266373 11162516   19.12125   34  176          -   18.47015      -  63.9 22235s
 41280059 11164138   19.16132   38  232          -   18.47050      -  63.9 22240s
 41293728 11165349     cutoff   60               -   18.47059      -  63.9 22245s
 41305340 11166422 infeasible   44               -   18.47059      -  63.9 22250s
 41319129 11167977   19.50182   37  197          -   18.47078      -  63.8 22255s
 41332996 11169702   19.93463   32  223          -   18.47109      -  63.8 22260s
 41339611 11170503   19.07650   35  178          -   18.47123      -  63.8 22265s
 41352199 11171933   19.47386   29  184          -   18.47149      -  63.8 22270s
 41365514 11173379   19.28698   36  152          -   18.47177      -  63.8 22275s
 41379447 11174715   21.50485   40  169          -   18.47212      -  63.8 22280s
 41392683 11176115   18.83333   38   66          -   18.47222      -  63.8 22285s
 41407101 11177890   19.61071   40  212          -   18.47253      -  63.8 22290s
 41419737 11179323   20.37185   44  204          -   18.47282      -  63.8 22295s
 41426074 11180027   19.23217   39  217          -   18.47295      -  63.8 22300s
 41438805 11181450   19.87432   46  210          -   18.47321      -  63.8 22305s
 41452847 11183057   19.85608   42  201          -   18.47351      -  63.8 22310s
 41465961 11184376   19.19079   42  141          -   18.47368      -  63.8 22315s
 41478303 11185485   18.68769   39  123          -   18.47368      -  63.8 22320s
 41491725 11186815   20.63930   36  155          -   18.47393      -  63.8 22325s
 41505356 11188270   18.98701   35  172          -   18.47423      -  63.8 22330s
 41518671 11189740   20.24953   47  205          -   18.47450      -  63.8 22337s
 41524404 11190420   19.06736   38  219          -   18.47462      -  63.8 22340s
 41538045 11191828   20.44228   35  198          -   18.47493      -  63.8 22345s
 41550583 11193058   18.89260   38  254          -   18.47506      -  63.8 22350s
 41564161 11194632   20.51746   54  176          -   18.47541      -  63.8 22355s
 41577271 11196098   21.14917   50  156          -   18.47566      -  63.8 22360s
 41591224 11197861   19.50000   42   21          -   18.47600      -  63.8 22365s
 41604358 11199171   18.98460   33  244          -   18.47619      -  63.8 22370s
 41611205 11199781   21.04832   39  210          -   18.47619      -  63.8 22375s
 41624196 11201164   21.85713   39  187          -   18.47632      -  63.8 22380s
 41637589 11202667   20.57006   44  135          -   18.47664      -  63.8 22385s
 41652224 11204296   20.50602   51  169          -   18.47698      -  63.8 22390s
 41665309 11205672   19.63605   37  157          -   18.47727      -  63.8 22395s
 41678837 11207117   19.14674   46  226          -   18.47752      -  63.8 22400s
 41691901 11208557   20.09193   48  186          -   18.47778      -  63.8 22405s
 41698533 11209336   19.50000   36   25          -   18.47792      -  63.8 22410s
 41710864 11210754   21.68467   49  195          -   18.47821      -  63.8 22415s
 41725491 11212131   19.68000   45  177          -   18.47826      -  63.8 22420s
 41738374 11213532   18.98193   46  204          -   18.47849      -  63.8 22425s
 41752304 11215002   19.79940   36  155          -   18.47879      -  63.8 22430s
 41765506 11216524   19.59199   38  199          -   18.47909      -  63.8 22435s
 41779549 11217803   18.74419   37  205          -   18.47934      -  63.8 22443s
 41784741 11218238   19.41118   38  209          -   18.47948      -  63.8 22445s
 41798346 11219728   19.95289   44  201          -   18.47980      -  63.8 22450s
 41812239 11221194   20.14565   39  191          -   18.48000      -  63.8 22455s
 41824812 11222386   19.85097   40  217          -   18.48007      -  63.8 22460s
 41838091 11223908   21.61213   34  199          -   18.48039      -  63.8 22465s
 41850790 11225216   19.11058   44  240          -   18.48064      -  63.8 22470s
 41863730 11226523   21.54668   36  232          -   18.48084      -  63.8 22475s
 41870124 11227373   20.25153   33  197          -   18.48100      -  63.8 22480s
 41884478 11229009   19.62355   34  164          -   18.48134      -  63.8 22485s
 41897560 11230271   20.08584   48  196          -   18.48148      -  63.8 22490s
 41909953 11231441   20.00872   48  213          -   18.48168      -  63.8 22495s
 41921532 11232706   19.98890   38  160          -   18.48193      -  63.8 22500s
 41935976 11234375   21.33084   41  191          -   18.48214      -  63.8 22505s
 41948461 11235780   19.15476   49  187          -   18.48246      -  63.8 22510s
 41958811 11237018   21.30686   37  197          -   18.48272      -  63.8 22517s
 41967591 11237847   21.94723   40  157          -   18.48276      -  63.8 22520s
 41979803 11239103   19.41305   28  182          -   18.48298      -  63.8 22525s
 41993159 11240638   19.03445   42  200          -   18.48327      -  63.8 22530s
 42007124 11242001   18.54494   35  154          -   18.48354      -  63.8 22535s
 42020685 11243584     cutoff   40               -   18.48387      -  63.8 22540s
 42033739 11245066   19.21063   40  225          -   18.48404      -  63.8 22545s
 42043525 11246199   22.00000   43   50          -   18.48427      -  63.8 22551s
 42054445 11247432   21.39830   35  154          -   18.48449      -  63.8 22555s
 42068750 11249273   19.55863   38  222          -   18.48485      -  63.8 22560s
 42081545 11250615   20.68291   34  197          -   18.48502      -  63.8 22565s
 42095224 11252142   21.58969   43  193          -   18.48529      -  63.8 22570s
 42108060 11253475   19.27432   40  206          -   18.48555      -  63.8 22575s
 42122103 11254867   20.06988   43  148          -   18.48576      -  63.8 22580s
 42129065 11255770   19.50000   42   77          -   18.48592      -  63.8 22585s
 42141484 11257030   18.96954   49  204          -   18.48619      -  63.8 22590s
 42154601 11258552   19.43327   31  246          -   18.48649      -  63.8 22595s
 42167738 11259936   20.59989   43  170          -   18.48667      -  63.8 22600s
 42182166 11261462   21.02142   39  163          -   18.48696      -  63.8 22605s
 42195848 11263022   20.65016   40  178          -   18.48718      -  63.8 22610s
 42209948 11264612   19.72022   44  165          -   18.48750      -  63.8 22615s
 42216159 11265357   20.17503   40  194          -   18.48768      -  63.8 22620s
 42229452 11266688   19.36066   35  139          -   18.48789      -  63.8 22625s
 42242460 11268104   20.18115   42  229          -   18.48821      -  63.8 22630s
 42255255 11269461     cutoff   42               -   18.48837      -  63.8 22635s
 42269932 11271256   19.33703   32  203          -   18.48870      -  63.8 22640s
 42282498 11272663   19.25862   43  181          -   18.48891      -  63.8 22645s
 42296070 11274202   20.18399   39  214          -   18.48922      -  63.7 22650s
 42303188 11274925   20.00000   36   42          -   18.48936      -  63.7 22655s
 42316465 11276385   19.18066   37  212          -   18.48964      -  63.7 22660s
 42330410 11277924   21.64010   35  152          -   18.48993      -  63.7 22665s
 42344016 11279411   19.03314   34  173          -   18.49020      -  63.7 22670s
 42357579 11280898   19.88409   40  141          -   18.49048      -  63.7 22675s
 42371941 11282520   20.98287   44  228          -   18.49076      -  63.7 22680s
 42384534 11283799   18.90428   40  243          -   18.49106      -  63.7 22685s
 42390513 11284376   20.22987   49  172          -   18.49119      -  63.7 22690s
 42403478 11285877   20.51793   43  166          -   18.49150      -  63.7 22695s
 42416191 11287331   18.94172   43  190          -   18.49178      -  63.7 22700s
 42429492 11288843     cutoff   46               -   18.49205      -  63.7 22705s
 42442618 11290210   20.63324   38  202          -   18.49231      -  63.7 22710s
 42455767 11291667   20.72254   39  182          -   18.49260      -  63.7 22715s
 42469042 11293177   18.71530   42  150          -   18.49288      -  63.7 22720s
 42475752 11293879   19.00085   35  122          -   18.49303      -  63.7 22725s
 42488547 11295413   19.07478   40  207          -   18.49332      -  63.7 22730s
 42502169 11296788   21.35572   34  168          -   18.49359      -  63.7 22735s
 42515125 11298252   19.86915   38  218          -   18.49388      -  63.7 22740s
 42528398 11299607   19.82152   35  194          -   18.49419      -  63.7 22745s
 42541969 11301033   19.19586   49  219          -   18.49446      -  63.7 22750s
 42555279 11302372   19.58671   38  211          -   18.49477      -  63.7 22755s
 42563574 11303312   18.69464   37  171          -   18.49495      -  63.7 22760s
 42576031 11304852   19.63899   40  212          -   18.49519      -  63.7 22765s
 42589354 11306336   18.92799   36  178          -   18.49551      -  63.7 22770s
 42602739 11307855   19.06563   37  242          -   18.49578      -  63.7 22775s
 42616039 11309306   20.39326   33  190          -   18.49606      -  63.7 22780s
 42628813 11310730   19.18086   35  249          -   18.49640      -  63.7 22785s
 42642587 11312187   19.47723   32  196          -   18.49673      -  63.7 22790s
 42648363 11312792   21.02985   39  163          -   18.49688      -  63.7 22795s
 42660362 11314111   18.76856   28  187          -   18.49719      -  63.7 22800s
 42674122 11315577     cutoff   40               -   18.49753      -  63.7 22805s
 42688185 11317118   20.07521   43  146          -   18.49793      -  63.7 22810s
 42700960 11318445   19.59201   37  151          -   18.49829      -  63.7 22815s
 42714547 11319963   20.62586   45  188          -   18.49869      -  63.7 22820s
 42726890 11321360   20.75910   40  124          -   18.49906      -  63.7 22825s
 42732714 11322097   20.13264   41  181          -   18.49923      -  63.7 22830s
 42745082 11323484   20.65073   36  187          -   18.49971      -  63.7 22835s
 42758056 11324684   19.44385   39  182          -   18.50000      -  63.7 22840s
 42771219 11325760   19.83333   59   83          -   18.50000      -  63.7 22845s
 42784227 11326973   20.98735   45  196          -   18.50000      -  63.7 22850s
 42796898 11328086   20.60300   36  183          -   18.50000      -  63.7 22855s
 42809935 11329260   19.00000   42    7          -   18.50000      -  63.7 22860s
 42822752 11330269   19.00000   39    1          -   18.50000      -  63.7 22865s
 42835561 11331231   19.00000   38   37          -   18.50000      -  63.7 22870s
 42841664 11331688   20.89766   41  159          -   18.50000      -  63.7 22875s
 42855333 11332713   19.52551   42  119          -   18.50000      -  63.7 22880s
 42867869 11333728     cutoff   34               -   18.50000      -  63.7 22885s
 42880253 11334632   21.07349   43  182          -   18.50000      -  63.7 22890s
 42892392 11335455   19.84677   50  142          -   18.50000      -  63.7 22895s
 42905373 11336350   19.80645   36  144          -   18.50000      -  63.7 22900s
 42917965 11337153   19.71013   38  142          -   18.50000      -  63.7 22905s
 42931111 11338072   20.58798   37  188          -   18.50000      -  63.7 22910s
 42943815 11338957   19.86742   31  204          -   18.50000      -  63.7 22915s
 42956325 11339669   19.24242   41  159          -   18.50000      -  63.7 22920s
 42965306 11340377   20.00000   45   20          -   18.50000      -  63.7 22926s
 42974903 11341133   20.48307   37  171          -   18.50000      -  63.7 22930s
 42987612 11342187   21.25095   36  176          -   18.50000      -  63.7 22935s
 43000061 11343129   19.50000   39   14          -   18.50000      -  63.7 22940s
 43013705 11344234   21.91317   48  177          -   18.50000      -  63.7 22945s
 43026243 11345116   19.50000   41   21          -   18.50000      -  63.7 22950s
 43038853 11346093     cutoff   39               -   18.50000      -  63.7 22955s
 43051811 11347121   21.01075   41  103          -   18.50000      -  63.7 22960s
 43063410 11347847 infeasible   49               -   18.50000      -  63.7 22965s
 43076213 11348612     cutoff   31               -   18.50000      -  63.7 22970s
 43087863 11349157     cutoff   38               -   18.50000      -  63.7 22977s
 43093301 11349497   20.02540   37  180          -   18.50000      -  63.7 22980s
 43105722 11350122   19.92105   39  138          -   18.50000      -  63.7 22985s
 43117003 11350716   20.28054   31  191          -   18.50000      -  63.7 22990s
 43127776 11351267   20.50000   43   49          -   18.50000      -  63.7 22995s
 43140037 11351915 infeasible   41               -   18.50000      -  63.7 23000s
 43152178 11352503   21.13750   43  170          -   18.50000      -  63.7 23005s
 43163860 11353025   19.87500   39  156          -   18.50000      -  63.7 23010s
 43176272 11353650   21.04583   39  189          -   18.50000      -  63.7 23015s
 43187229 11354138   19.95455   43  103          -   18.50000      -  63.7 23020s
 43199677 11354690   20.00000   36    8          -   18.50000      -  63.7 23025s
 43211150 11355370   19.56328   35  175          -   18.50000      -  63.7 23030s
 43222469 11355874   19.73042   37  183          -   18.50000      -  63.7 23035s
 43235202 11356506   21.63318   35  230          -   18.50000      -  63.7 23040s
 43242298 11356892   19.90123   43  166          -   18.50000      -  63.7 23045s
 43252111 11357292   20.97538   58  183          -   18.50000      -  63.7 23050s
 43262845 11357747   21.70921   38  195          -   18.50000      -  63.7 23055s
 43275478 11358494 infeasible   36               -   18.50000      -  63.7 23060s
 43286374 11358918   18.92982   52   91          -   18.50000      -  63.7 23065s
 43298577 11359514   21.68600   42  183          -   18.50000      -  63.7 23070s
 43309972 11360001   19.00000   47    6          -   18.50000      -  63.7 23075s
 43320843 11360449 infeasible   37               -   18.50000      -  63.7 23080s
 43333049 11361003   21.46341   45  121          -   18.50000      -  63.7 23085s
 43344679 11361545   20.05220   41  151          -   18.50000      -  63.7 23090s
 43357012 11362193   20.75000   55   65          -   18.50000      -  63.7 23095s
 43368945 11362925   19.25000   35   84          -   18.50000      -  63.7 23100s
 43381000 11363484     cutoff   36               -   18.50000      -  63.7 23105s
 43392932 11364072     cutoff   36               -   18.50000      -  63.7 23110s
 43404687 11364730 infeasible   43               -   18.50000      -  63.7 23115s
 43409633 11365006     cutoff   55               -   18.50000      -  63.7 23120s
 43420860 11365579   20.69581   35  151          -   18.50000      -  63.7 23125s
 43433686 11366344   21.20174   46  221          -   18.50000      -  63.7 23130s
 43445965 11366954   19.99685   41  166          -   18.50000      -  63.7 23135s
 43457968 11367484   21.10809   36  192          -   18.50000      -  63.7 23140s
 43469315 11368127   21.36066   34  139          -   18.50000      -  63.7 23145s
 43480298 11368642   22.28391   41  181          -   18.50000      -  63.7 23150s
 43492028 11369162   21.07953   42  175          -   18.50000      -  63.7 23155s
 43503039 11369680   19.05087   45  212          -   18.50000      -  63.7 23160s
 43515713 11370277   20.28123   40  196          -   18.50000      -  63.7 23165s
 43527876 11370823   18.75000   36   47          -   18.50000      -  63.7 23170s
 43539643 11371463   20.00000   39   22          -   18.50000      -  63.7 23175s
 43552061 11372093   21.37500   47  104          -   18.50000      -  63.7 23180s
 43563167 11372827   19.07555   46  166          -   18.50000      -  63.7 23185s
 43574677 11373373     cutoff   40               -   18.50000      -  63.7 23190s
 43580365 11373551   21.12958   39  171          -   18.50000      -  63.7 23195s
 43592622 11374157   19.74642   41  176          -   18.50000      -  63.7 23200s
 43603490 11374661 infeasible   40               -   18.50000      -  63.7 23205s
 43615643 11375194   20.13333   38  116          -   18.50000      -  63.7 23210s
 43626801 11375617   18.64165   46  140          -   18.50000      -  63.7 23215s
 43638113 11376048   20.00000   42   74          -   18.50000      -  63.7 23220s
 43650723 11376645   20.50000   48   84          -   18.50000      -  63.7 23225s
 43662569 11377229   20.50000   31   19          -   18.50000      -  63.7 23230s
 43673656 11377648   21.42308   45  133          -   18.50000      -  63.7 23235s
 43685149 11378213   20.97202   39  147          -   18.50000      -  63.7 23240s
 43697405 11378899   20.56505   39  140          -   18.50000      -  63.7 23245s
 43708819 11379632   20.81347   47  157          -   18.50000      -  63.7 23250s
 43721868 11380287   19.61179   39  199          -   18.50000      -  63.7 23255s
 43732927 11380876   21.58666   38  166          -   18.50000      -  63.7 23260s
 43744493 11381374   21.21633   46  182          -   18.50000      -  63.7 23265s
 43747862 11381581   19.87331   43  174          -   18.50000      -  63.7 23270s
 43759813 11382228     cutoff   33               -   18.50000      -  63.7 23275s
 43772070 11382910   19.96486   38  187          -   18.50000      -  63.7 23280s
 43783607 11383416   19.18775   42  156          -   18.50000      -  63.7 23285s
 43796012 11384041   19.75880   38  200          -   18.50000      -  63.7 23290s
 43806542 11384670     cutoff   52               -   18.50000      -  63.7 23295s
 43819099 11385325   18.85722   46  153          -   18.50000      -  63.7 23300s
 43830487 11385861   20.65491   43  163          -   18.50000      -  63.7 23305s
 43842369 11386407   20.39431   38  132          -   18.50000      -  63.7 23310s
 43853793 11386939   20.08621   40   88          -   18.50000      -  63.7 23315s
 43865777 11387457   19.75000   36   63          -   18.50000      -  63.7 23320s
 43877315 11388124   21.03659   42  154          -   18.50000      -  63.7 23325s
 43888890 11388769   18.88241   40  188          -   18.50000      -  63.7 23330s
 43900892 11389393   22.23956   36  194          -   18.50000      -  63.7 23335s
 43908312 11389797   20.26195   35  176          -   18.50000      -  63.7 23342s
 43915909 11390218   19.37915   40  228          -   18.50000      -  63.7 23345s
 43928136 11390998     cutoff   40               -   18.50000      -  63.7 23350s
 43941564 11391815   20.16879   37  157          -   18.50000      -  63.7 23355s
 43954188 11392477   19.54300   39  210          -   18.50000      -  63.7 23360s
 43966037 11393203     cutoff   42               -   18.50000      -  63.7 23365s
 43979071 11394190     cutoff   48               -   18.50000      -  63.7 23370s
 43992395 11395112   19.50000   44   32          -   18.50000      -  63.7 23375s
 44004939 11396035   19.34333   35  166          -   18.50000      -  63.7 23380s
 44017746 11397067   19.00000   37   10          -   18.50000      -  63.7 23385s
 44030797 11397952   19.57035   44  197          -   18.50000      -  63.7 23390s
 44043220 11398931   21.37500   46  112          -   18.50000      -  63.7 23397s
 44046280 11399232 infeasible   44               -   18.50000      -  63.7 23418s
 44050888 11399476   20.80769   46  118          -   18.50000      -  63.7 23421s
 44065902 11399999     cutoff   43               -   18.50000      -  63.7 23425s
 44078303 11400793 infeasible   46               -   18.50000      -  63.7 23430s
 44090518 11401693     cutoff   51               -   18.50000      -  63.7 23435s
 44103577 11402627     cutoff   46               -   18.50000      -  63.7 23440s
 44115599 11403388   19.00000   39   31          -   18.50000      -  63.7 23445s
 44129087 11404416   21.23616   42  152          -   18.50000      -  63.7 23450s
 44141132 11405489   20.69875   40  167          -   18.50000      -  63.7 23455s
 44154836 11406363   19.64979   42  208          -   18.50000      -  63.7 23460s
 44167952 11407253   19.75000   42   70          -   18.50000      -  63.7 23465s
 44178212 11408027     cutoff   52               -   18.50000      -  63.7 23472s
 44185374 11408600   19.08072   40  179          -   18.50000      -  63.7 23475s
 44197018 11409363   19.00000   37   10          -   18.50000      -  63.7 23480s
 44209107 11410540   18.81297   43  185          -   18.50023      -  63.7 23485s
 44222250 11411953   19.23618   46  216          -   18.50073      -  63.7 23490s
 44235503 11413244   18.85478   47  186          -   18.50114      -  63.7 23495s
 44248316 11414613   18.81818   41  111          -   18.50151      -  63.7 23500s
 44261505 11416060   21.69421   40  211          -   18.50189      -  63.7 23505s
 44274455 11417350     cutoff   41               -   18.50224      -  63.7 23513s
 44279434 11417803   21.54336   37  201          -   18.50237      -  63.7 23515s
 44292760 11419227   19.47933   40  210          -   18.50274      -  63.7 23520s
 44305406 11420584   20.95466   40  207          -   18.50305      -  63.7 23525s
 44319222 11422069   21.09200   42  160          -   18.50340      -  63.7 23530s
 44331963 11423423   19.32591   30  177          -   18.50370      -  63.7 23535s
 44345027 11424899   19.78278   41  214          -   18.50406      -  63.7 23540s
 44357953 11426485     cutoff   48               -   18.50433      -  63.7 23545s
 44364456 11427202     cutoff   49               -   18.50447      -  63.7 23550s
 44377487 11428464   18.70168   44  148          -   18.50482      -  63.7 23555s
 44390865 11429844   20.19101   42  176          -   18.50513      -  63.7 23560s
 44403745 11431209   19.22691   39  197          -   18.50543      -  63.7 23565s
 44417779 11432716   21.26695   41  123          -   18.50575      -  63.7 23570s
 44431479 11434075   20.89503   37  151          -   18.50610      -  63.7 23575s
 44443891 11435341   19.81864   36  185          -   18.50635      -  63.7 23580s
 44453398 11436399   19.84340   38  131          -   18.50658      -  63.7 23585s
 44464162 11437400   18.70538   50  174          -   18.50685      -  63.7 23590s
 44477221 11438846   18.96831   35  217          -   18.50713      -  63.7 23595s
 44491919 11440303     cutoff   49               -   18.50746      -  63.7 23600s
 44506013 11441776   19.50059   38  189          -   18.50779      -  63.7 23605s
 44520422 11443278   21.47222   39  151          -   18.50811      -  63.7 23610s
 44535678 11444858   20.03491   38  217          -   18.50844      -  63.7 23615s
 44546347 11445954   19.66544   35  212          -   18.50867      -  63.7 23621s
 44558160 11447223   20.42672   34  199          -   18.50895      -  63.7 23625s
 44571537 11448710   19.56903   36  203          -   18.50926      -  63.7 23630s
 44586320 11450127   20.39940   49  181          -   18.50957      -  63.7 23635s
 44598971 11451380   21.10616   46  165          -   18.50980      -  63.7 23640s
 44612276 11452751 infeasible   36               -   18.51014      -  63.7 23645s
 44625768 11454105   21.26047   42  204          -   18.51042      -  63.7 23650s
 44639298 11455479   21.12287   41  216          -   18.51064      -  63.7 23655s
 44644444 11455980   20.22882   42  188          -   18.51079      -  63.7 23660s
 44651245 11456773   19.88341   41  138          -   18.51099      -  63.7 23665s
 44665410 11458118   19.35371   37  162          -   18.51124      -  63.7 23670s
 44678301 11459532   18.87141   38  256          -   18.51155      -  63.7 23675s
 44691612 11461017   19.66321   37  231          -   18.51180      -  63.7 23680s
 44705297 11462530   20.54058   46  209          -   18.51208      -  63.7 23685s
 44718851 11464067   19.92988   41  197          -   18.51240      -  63.7 23690s
 44729053 11465236   18.86650   31  138          -   18.51264      -  63.7 23696s
 44738260 11466169   19.63147   38  224          -   18.51282      -  63.7 23700s
 44750901 11467504   19.50857   41  234          -   18.51303      -  63.7 23705s
 44764718 11469038   21.20693   33  202          -   18.51333      -  63.7 23710s
 44777826 11470442   18.87776   39  200          -   18.51354      -  63.7 23715s
 44790916 11472003   19.39030   41  212          -   18.51388      -  63.7 23720s
 44803453 11473373   20.15095   39  190          -   18.51420      -  63.7 23725s
 44814578 11474624   19.99523   33  187          -   18.51433      -  63.7 23732s
 44823051 11475470   18.93464   40  134          -   18.51453      -  63.7 23735s
 44836243 11477029     cutoff   40               -   18.51481      -  63.7 23740s
 44849286 11478468   20.93846   40  180          -   18.51515      -  63.7 23745s
 44862119 11479763   20.36008   37  158          -   18.51531      -  63.7 23750s
 44875401 11481168   21.42456   45  192          -   18.51563      -  63.7 23755s
 44889293 11482626   20.61016   38  175          -   18.51594      -  63.7 23760s
 44902211 11483821   21.38177   45  119          -   18.51613      -  63.7 23765s
 44908541 11484554   18.96098   41  233          -   18.51626      -  63.7 23770s
 44922355 11486158   19.23748   34  170          -   18.51660      -  63.7 23775s
 44935172 11487534   20.21440   43  217          -   18.51686      -  63.7 23780s
 44947706 11488819   19.29153   34  153          -   18.51722      -  63.7 23785s
 44961179 11490067   19.20096   40  209          -   18.51733      -  63.7 23790s
 44974995 11491454   19.39506   41  176          -   18.51769      -  63.7 23795s
 44987983 11493059   20.16548   31  204          -   18.51795      -  63.7 23800s
 44994421 11493767   19.70074   42  212          -   18.51807      -  63.7 23805s
 45007384 11495218   20.22535   43  116          -   18.51845      -  63.7 23810s
 45019892 11496248 infeasible   39               -   18.51852      -  63.7 23815s
 45033019 11497644   19.35294   39  162          -   18.51885      -  63.7 23820s
 45046142 11499158   19.18099   40  169          -   18.51918      -  63.7 23825s
 45059361 11500481   19.71434   42  212          -   18.51944      -  63.7 23830s
 45072773 11502009   19.51234   51  181          -   18.51975      -  63.7 23835s
 45085800 11503177   19.44545   39  147          -   18.52000      -  63.7 23840s
 45091722 11503609   18.79517   39  146          -   18.52000      -  63.7 23845s
 45104723 11504933   19.39341   37  193          -   18.52033      -  63.7 23850s
 45117886 11506483   19.39492   32  203          -   18.52056      -  63.7 23855s
 45130945 11507895   20.17769   47  190          -   18.52083      -  63.7 23860s
 45144814 11509316   20.66667   38   38          -   18.52110      -  63.7 23865s
 45158526 11510785   20.77286   45  156          -   18.52137      -  63.6 23870s
 45172558 11512389   18.98401   40  220          -   18.52174      -  63.6 23875s
 45178517 11512909   19.47255   44  168          -   18.52174      -  63.6 23880s
 45191243 11514200   19.30102   41  198          -   18.52188      -  63.6 23885s
 45201496 11515259   19.38462   38  103          -   18.52220      -  63.6 23890s
 45201629 11515382   19.13707   38  199          -   18.52233      -  63.6 23895s
 45202915 11515670   21.84062   44  197          -   18.52246      -  63.6 23900s
 45206281 11515955   19.27090   45  196          -   18.52252      -  63.6 23905s
 45210779 11516347   18.74044   39  168          -   18.52262      -  63.6 23910s
 45218118 11516723   19.90227   37  182          -   18.52273      -  63.6 23915s
 45230763 11517979   20.21869   31  229          -   18.52308      -  63.6 23920s
 45245004 11519391   19.36376   31  207          -   18.52339      -  63.6 23925s
 45257804 11520661   18.97658   34  188          -   18.52375      -  63.6 23930s
 45270273 11521882   20.88826   44  180          -   18.52381      -  63.6 23935s
 45276627 11522385   19.39277   43  202          -   18.52381      -  63.6 23940s
 45290652 11523828   19.90672   46  182          -   18.52419      -  63.6 23945s
 45303951 11525166   19.86207   33  161          -   18.52454      -  63.6 23950s
 45316719 11526557 infeasible   35               -   18.52482      -  63.6 23955s
 45329683 11527947   20.66285   31  207          -   18.52500      -  63.6 23960s
 45342944 11529248   21.47969   41  191          -   18.52537      -  63.6 23965s
 45356378 11530758   21.19847   46  205          -   18.52564      -  63.6 23970s
 45369051 11532056   20.43655   32  195          -   18.52593      -  63.6 23977s
 45376326 11532871   19.44072   37  194          -   18.52611      -  63.6 23980s
 45388868 11534102     cutoff   51               -   18.52632      -  63.6 23985s
 45401746 11534956   21.35138   44  195          -   18.52632      -  63.6 23990s
 45415123 11536512   20.98885   33  252          -   18.52656      -  63.6 23995s
 45428534 11538070   18.62323   44  130          -   18.52688      -  63.6 24000s
 45441646 11539522   19.46967   46  129          -   18.52717      -  63.6 24005s
 45455911 11540957   19.74831   43  169          -   18.52743      -  63.6 24010s
 45461370 11541587   20.28321   35  196          -   18.52755      -  63.6 24015s
 45474970 11543032   19.94993   43  189          -   18.52778      -  63.6 24020s
 45487065 11544352   21.50797   41  211          -   18.52795      -  63.6 24025s
 45500937 11545973   19.20016   36  145          -   18.52824      -  63.6 24030s
 45513721 11547422   20.98340   45  204          -   18.52853      -  63.6 24035s
 45526821 11548746   19.08803   31  214          -   18.52884      -  63.6 24040s
 45538813 11550225   19.90972   42  139          -   18.52910      -  63.6 24045s
 45545390 11551088   20.64192   44  189          -   18.52926      -  63.6 24050s
 45560050 11552453   18.97000   39  206          -   18.52941      -  63.6 24055s
 45573054 11553661   19.38256   36  210          -   18.52941      -  63.6 24060s
 45585756 11554819   19.82274   35  172          -   18.52956      -  63.6 24065s
 45599159 11556154   20.30705   54  192          -   18.52986      -  63.6 24070s
 45612346 11557467 infeasible   45               -   18.53012      -  63.6 24075s
 45624483 11558652   19.25659   35  187          -   18.53042      -  63.6 24080s
 45637749 11559951   18.89253   38  160          -   18.53068      -  63.6 24085s
 45644874 11560685   20.47169   36  223          -   18.53086      -  63.6 24090s
 45659230 11562186   19.75691   36  194          -   18.53125      -  63.6 24095s
 45671807 11563309   19.04076   41  242          -   18.53128      -  63.6 24100s
 45685266 11564600   18.76889   64  141          -   18.53165      -  63.6 24105s
 45699131 11566071   20.07050   40  209          -   18.53191      -  63.6 24110s
 45713201 11567510   21.15328   51  155          -   18.53226      -  63.6 24115s
 45726705 11568922   18.73686   35  196          -   18.53254      -  63.6 24120s
 45738473 11570146   19.18158   47  182          -   18.53282      -  63.6 24128s
 45743601 11570539   21.07068   36  236          -   18.53296      -  63.6 24130s
 45757149 11572024   20.25558   35  180          -   18.53333      -  63.6 24135s
 45769651 11573034   19.60187   50  171          -   18.53333      -  63.6 24140s
 45782193 11573863   19.66343   44  187          -   18.53333      -  63.6 24145s
 45795781 11575112   20.50000   36   22          -   18.53344      -  63.6 24150s
 45808720 11576411   18.92395   35  198          -   18.53379      -  63.6 24155s
 45822282 11577892   18.84659   36  171          -   18.53409      -  63.6 24160s
 45834823 11579254   18.85401   33  228          -   18.53439      -  63.6 24165s
 45840780 11579809   19.34386   36  213          -   18.53448      -  63.6 24170s
 45854385 11581204   19.53186   40  177          -   18.53475      -  63.6 24175s
 45867546 11582526   18.76471   50  103          -   18.53498      -  63.6 24180s
 45881512 11584011   19.51242   38  173          -   18.53528      -  63.6 24185s
 45894254 11585385   18.65649   52  190          -   18.53561      -  63.6 24190s
 45907786 11586662   20.50000   38   45          -   18.53571      -  63.6 24195s
 45921232 11588108   18.92910   36  153          -   18.53595      -  63.6 24200s
 45928761 11589098   19.09936   41  217          -   18.53611      -  63.6 24205s
 45940433 11590332   19.48259   38  142          -   18.53636      -  63.6 24210s
 45953878 11591820   19.00000   41    9          -   18.53659      -  63.6 24215s
 45966664 11593204   20.31385   32  202          -   18.53689      -  63.6 24220s
 45979799 11594483   19.34094   38  241          -   18.53714      -  63.6 24225s
 45992326 11595643   20.53543   37  218          -   18.53746      -  63.6 24230s
 46005870 11597143   20.15597   34  163          -   18.53774      -  63.6 24235s
 46018539 11598639   18.53968   38  158          -   18.53801      -  63.6 24242s
 46025579 11599302   19.64286   38  135          -   18.53820      -  63.6 24245s
 46037756 11600603   20.55895   37  160          -   18.53846      -  63.6 24250s
 46049985 11601689   20.40121   41  118          -   18.53846      -  63.6 24255s
 46063579 11602787   19.16945   42  210          -   18.53846      -  63.6 24260s
 46076320 11603871   20.62403   40  163          -   18.53846      -  63.6 24265s
 46089118 11605102   20.02594   40  170          -   18.53878      -  63.6 24270s
 46102409 11606591   18.70134   39  198          -   18.53912      -  63.6 24275s
 46114388 11607972   20.12519   40  208          -   18.53939      -  63.6 24282s
 46120768 11608702   20.15969   36  129          -   18.53951      -  63.6 24285s
 46133646 11610219   19.50310   30  153          -   18.53975      -  63.6 24290s
 46146122 11611501     cutoff   37               -   18.54000      -  63.6 24295s
 46158747 11612927   20.98831   46  158          -   18.54026      -  63.6 24300s
 46171913 11614355   20.36634   44  146          -   18.54054      -  63.6 24305s
 46185522 11615844   20.34543   47  222          -   18.54080      -  63.6 24310s
 46198935 11617287     cutoff   50               -   18.54105      -  63.6 24315s
 46204567 11617963   21.11636   39  165          -   18.54118      -  63.6 24320s
 46218098 11619460   20.30552   37  219          -   18.54147      -  63.6 24325s
 46231212 11620742   20.24255   47  194          -   18.54167      -  63.6 24330s
 46244067 11621817   20.67116   41  184          -   18.54167      -  63.6 24335s
 46256503 11623130   19.19472   38  176          -   18.54200      -  63.6 24340s
 46269899 11624594   19.92577   30  182          -   18.54229      -  63.6 24345s
 46282998 11626174   19.49724   40  130          -   18.54255      -  63.6 24350s
 46291498 11627166   19.29922   34  167          -   18.54278      -  63.6 24355s
 46302936 11628149   19.75096   40  157          -   18.54296      -  63.5 24360s
 46316331 11629568   19.18717   39  199          -   18.54328      -  63.5 24365s
 46329137 11630916   18.77823   46  176          -   18.54348      -  63.5 24370s
 46343018 11632489   20.14787   36  195          -   18.54382      -  63.5 24375s
 46356257 11633853   20.58106   48  200          -   18.54406      -  63.5 24380s
 46368603 11635154   19.00000   37    8          -   18.54430      -  63.5 24385s
 46379601 11636396   20.09122   34  192          -   18.54452      -  63.5 24391s
 46388169 11637307   20.28674   48  160          -   18.54470      -  63.5 24395s
 46402464 11638791   19.12070   36  187          -   18.54505      -  63.5 24400s
 46414288 11640100   19.63878   35  165          -   18.54538      -  63.5 24405s
 46429318 11641236   19.58229   45  151          -   18.54545      -  63.5 24410s
 46442182 11642187   20.87599   36  134          -   18.54545      -  63.5 24415s
 46455129 11643178   21.83216   38  205          -   18.54545      -  63.5 24420s
 46467140 11644003   20.39612   40  183          -   18.54545      -  63.5 24425s
 46480400 11645292   20.28079   37  179          -   18.54561      -  63.5 24430s
 46485430 11645923   18.94698   38  160          -   18.54574      -  63.5 24435s
 46499508 11647419   19.86251   44  170          -   18.54610      -  63.5 24440s
 46512954 11648833   20.10870   38  114          -   18.54639      -  63.5 24445s
 46525226 11650305   20.95931   40  184          -   18.54667      -  63.5 24450s
 46538271 11651786   19.59132   41  208          -   18.54693      -  63.5 24455s
 46551275 11653122   19.95455   44  128          -   18.54717      -  63.5 24460s
 46562503 11654335   19.43908   37  190          -   18.54741      -  63.5 24465s
 46569335 11655141   18.80665   36  199          -   18.54760      -  63.5 24470s
 46582551 11656386   19.01810   36  156          -   18.54778      -  63.5 24475s
 46595617 11657689   19.50818   42  188          -   18.54808      -  63.5 24480s
 46609076 11659155   20.03209   53  159          -   18.54839      -  63.5 24485s
 46622416 11660548   20.29825   30  173          -   18.54851      -  63.5 24490s
 46635493 11662025   18.95418   39  210          -   18.54881      -  63.5 24495s
 46649116 11663403   19.00000   42   39          -   18.54908      -  63.5 24500s
 46662269 11664720   19.21287   38  198          -   18.54938      -  63.5 24505s
 46668264 11665532   19.00993   31  213          -   18.54952      -  63.5 24510s
 46681682 11666953   20.21788   43  130          -   18.54984      -  63.5 24515s
 46694676 11668295   18.94030   41  116          -   18.55000      -  63.5 24520s
 46708610 11669468   21.74693   34  217          -   18.55000      -  63.5 24525s
 46720234 11670660   19.48941   31  198          -   18.55013      -  63.5 24530s
 46733740 11672021   19.38015   31  183          -   18.55049      -  63.5 24535s
 46747200 11673373   20.61091   38  173          -   18.55077      -  63.5 24540s
 46755274 11674208   20.36836   35  160          -   18.55094      -  63.5 24545s
 46765438 11675206   18.64464   40  229          -   18.55117      -  63.5 24550s
 46779521 11676744   19.54140   42  215          -   18.55152      -  63.5 24555s
 46792842 11678133   21.47384   39  141          -   18.55172      -  63.5 24560s
 46805813 11679506   21.27786   41  203          -   18.55197      -  63.5 24565s
 46819437 11680875   20.94286   35  150          -   18.55227      -  63.5 24570s
 46832353 11682323   18.79876   34  176          -   18.55258      -  63.5 24575s
 46846147 11683539   20.71429   47   93          -   18.55275      -  63.5 24580s
 46852691 11684361   20.00000   46    7          -   18.55292      -  63.5 24585s
 46865472 11685540     cutoff   42               -   18.55319      -  63.5 24590s
 46878892 11687017   21.84059   42  184          -   18.55341      -  63.5 24595s
 46891612 11688305   19.81713   49  198          -   18.55367      -  63.5 24600s
 46905428 11689704   19.78852   46  240          -   18.55395      -  63.5 24605s
 46919167 11691067   21.78125   47  132          -   18.55422      -  63.5 24610s
 46931270 11692358   19.35976   32  214          -   18.55451      -  63.5 24615s
 46938926 11693267   20.88476   37  173          -   18.55469      -  63.5 24620s
 46950382 11694515   20.21972   40  173          -   18.55493      -  63.5 24625s
 46963633 11695822   19.42473   46  130          -   18.55526      -  63.5 24630s
 46976594 11697282   21.66667   41   71          -   18.55556      -  63.5 24635s
 46990132 11698437   21.07627   38  171          -   18.55556      -  63.5 24640s
 47002165 11699367   21.93263   41  155          -   18.55556      -  63.5 24645s
 47014463 11700296   19.47745   36  185          -   18.55556      -  63.5 24650s
 47028773 11701452     cutoff   43               -   18.55556      -  63.5 24655s
 47041417 11702468   20.01515   53  115          -   18.55556      -  63.5 24660s
 47047571 11702924   19.95582   38  208          -   18.55556      -  63.5 24665s
 47060004 11703867   20.62933   42  151          -   18.55556      -  63.5 24670s
 47073688 11705155   19.16433   40  206          -   18.55574      -  63.5 24675s
 47087449 11706698   18.82824   45  229          -   18.55612      -  63.5 24680s
 47100597 11708193   19.97447   34  187          -   18.55645      -  63.5 24685s
 47114508 11709723   19.79936   35  230          -   18.55677      -  63.5 24690s
 47128396 11711198   18.79480   42  203          -   18.55705      -  63.5 24695s
 47140862 11712572   19.73558   43  169          -   18.55734      -  63.5 24702s
 47147819 11713396   19.78619   34  159          -   18.55748      -  63.5 24705s
 47161233 11714709   18.92374   33  176          -   18.55769      -  63.5 24710s
 47174191 11716307   19.26045   44  182          -   18.55804      -  63.5 24715s
 47186420 11717571   20.05951   36  212          -   18.55829      -  63.5 24720s
 47199002 11718872   20.17840   41  184          -   18.55855      -  63.5 24725s
 47212467 11720285 infeasible   38               -   18.55882      -  63.5 24730s
 47225008 11721414   20.40462   40  181          -   18.55891      -  63.5 24735s
 47231119 11722015   19.58539   38  186          -   18.55906      -  63.5 24740s
 47243381 11723356   20.26415   34  128          -   18.55932      -  63.5 24745s
 47256644 11724798   21.59387   41  174          -   18.55963      -  63.5 24750s
 47269157 11726052   20.87578   45  194          -   18.55993      -  63.5 24755s
 47282968 11727213   20.11100   40  195          -   18.56000      -  63.5 24760s
 47295055 11728371   20.48792   34  140          -   18.56028      -  63.5 24765s
 47308668 11729796   19.57731   42  240          -   18.56061      -  63.5 24770s
 47321061 11731178   19.33513   43  202          -   18.56083      -  63.5 24775s
 47326962 11731759   19.28638   44  224          -   18.56097      -  63.5 24780s
 47340995 11733261   21.79285   42  178          -   18.56121      -  63.5 24785s
 47353894 11734722   18.79541   46  175          -   18.56147      -  63.5 24790s
 47367584 11736250   19.34994   36  180          -   18.56176      -  63.5 24795s
 47382703 11737691   19.02947   44  230          -   18.56204      -  63.5 24800s
 47395549 11739009   18.70635   43  152          -   18.56244      -  63.5 24805s
 47409025 11740193   19.12625   33  206          -   18.56250      -  63.5 24810s
 47417500 11740902   20.33441   35  179          -   18.56250      -  63.5 24816s
 47427735 11741888   19.00000   42   11          -   18.56250      -  63.5 24820s
 47441965 11743144   19.37500   34   74          -   18.56250      -  63.5 24825s
 47455314 11744551   20.70692   38  212          -   18.56278      -  63.5 24830s
 47468323 11745947   20.12351   34  147          -   18.56311      -  63.5 24835s
 47482115 11747480   21.36851   42  197          -   18.56338      -  63.5 24840s
 47496099 11748884   19.52656   41  200          -   18.56371      -  63.5 24845s
 47509941 11750357   21.80165   36  195          -   18.56407      -  63.5 24850s
 47516727 11751001   18.79334   35  152          -   18.56410      -  63.4 24855s
 47529220 11752308   19.42348   43  204          -   18.56438      -  63.4 24860s
 47543082 11753714   18.91820   35  157          -   18.56465      -  63.4 24865s
 47556084 11755204   19.68332   34  165          -   18.56491      -  63.4 24870s
 47569147 11756655   20.10022   38  146          -   18.56522      -  63.4 24875s
 47582373 11757773   20.03790   38  168          -   18.56522      -  63.4 24880s
 47596525 11759412   20.28083   37  179          -   18.56550      -  63.4 24885s
 47602546 11760135   19.95399   39  171          -   18.56561      -  63.4 24890s
 47615483 11761554   18.97360   34  225          -   18.56589      -  63.4 24895s
 47628498 11762820   20.24194   41  207          -   18.56618      -  63.4 24900s
 47641171 11764137   21.34056   42  184          -   18.56644      -  63.4 24905s
 47654779 11765498   20.12356   32  179          -   18.56667      -  63.4 24910s
 47667203 11766519   18.83333   34   59          -   18.56677      -  63.4 24915s
 47680381 11767899   19.52554   35  214          -   18.56707      -  63.4 24920s
 47693275 11769084   18.86162   40  124          -   18.56729      -  63.4 24925s
 47699539 11769888   18.66667   36  122          -   18.56742      -  63.4 24930s
 47712501 11771171   20.36003   39  197          -   18.56762      -  63.4 24935s
 47725954 11772655   19.35185   36  193          -   18.56798      -  63.4 24940s
 47739031 11773819   19.54188   34  205          -   18.56818      -  63.4 24945s
 47751574 11774986   20.33622   31  188          -   18.56849      -  63.4 24950s
 47764553 11776181   20.72079   45  199          -   18.56874      -  63.4 24955s
 47777670 11777328   20.31193   37  217          -   18.56897      -  63.4 24960s
 47790875 11778789   20.24796   39  148          -   18.56930      -  63.4 24965s
 47796191 11779326   22.05889   31  212          -   18.56944      -  63.4 24970s
 47808510 11780552   18.81408   35  211          -   18.56969      -  63.4 24975s
 47820645 11782106   19.50211   38  195          -   18.56997      -  63.4 24980s
 47834160 11783537   19.14139   34  141          -   18.57025      -  63.4 24985s
 47846366 11784773   20.93333   53   97          -   18.57051      -  63.4 24990s
 47858768 11786099   19.68503   35  190          -   18.57085      -  63.4 24995s
 47872545 11787543   19.32958   33  202          -   18.57118      -  63.4 25000s
 47879522 11788284   20.25282   33  139          -   18.57137      -  63.4 25005s
 47890953 11789422   21.11091   33  210          -   18.57143      -  63.4 25010s
 47904176 11790585 infeasible   44               -   18.57143      -  63.4 25015s
 47917823 11791727   19.56883   37  203          -   18.57143      -  63.4 25020s
 47930878 11792776     cutoff   43               -   18.57143      -  63.4 25025s
 47943952 11793708   20.43676   41  190          -   18.57143      -  63.4 25030s
 47958573 11794797   21.19920   39  166          -   18.57143      -  63.4 25035s
 47971322 11795695   19.02630   40  170          -   18.57143      -  63.4 25040s
 47984954 11796664   20.39556   46  184          -   18.57143      -  63.4 25045s
 47993852 11797243   20.07012   28  186          -   18.57143      -  63.4 25050s
 48006082 11798255   20.66667   47   72          -   18.57143      -  63.4 25055s
 48019495 11799258   20.21440   47  196          -   18.57143      -  63.4 25060s
 48032432 11800280   20.46407   34  194          -   18.57143      -  63.4 25065s
 48046030 11801749   19.94783   37  126          -   18.57181      -  63.4 25070s
 48058795 11803059   20.03409   47  155          -   18.57214      -  63.4 25075s
 48071360 11804415   19.12538   34  216          -   18.57243      -  63.4 25080s
 48084451 11805844   20.99889   39  132          -   18.57271      -  63.4 25085s
 48092622 11806726 infeasible   44               -   18.57289      -  63.4 25091s
 48101869 11807600   20.64040   34  176          -   18.57304      -  63.4 25095s
 48115531 11809169 infeasible   45               -   18.57333      -  63.4 25100s
 48128580 11810543   19.30956   35  174          -   18.57361      -  63.4 25105s
 48141400 11811863   20.42370   40  180          -   18.57389      -  63.4 25110s
 48153655 11813184   19.91536   47  175          -   18.57411      -  63.4 25115s
 48166698 11814525   19.97672   32  188          -   18.57440      -  63.4 25120s
 48179827 11815815   20.21783   37  165          -   18.57466      -  63.4 25125s
 48185794 11816444     cutoff   44               -   18.57480      -  63.4 25130s
 48198204 11817641   19.30676   50  187          -   18.57500      -  63.4 25135s
 48210478 11819103   19.55230   48  175          -   18.57522      -  63.4 25140s
 48223021 11820424   18.81145   39  208          -   18.57551      -  63.4 25145s
 48236268 11821719   19.37806   39  193          -   18.57576      -  63.4 25150s
 48248316 11822898   19.66450   51  179          -   18.57595      -  63.4 25155s
 48261405 11824169   20.32804   36  160          -   18.57627      -  63.4 25160s
 48273900 11825480   20.17450   35  174          -   18.57648      -  63.4 25165s
 48279888 11826102   21.90000   45  159          -   18.57662      -  63.4 25170s
 48291454 11827361   19.14761   38  217          -   18.57690      -  63.4 25175s
 48304661 11828457   20.91575   39  172          -   18.57692      -  63.4 25180s
 48318051 11829819   20.19512   41  141          -   18.57710      -  63.4 25185s
 48331723 11831169   21.50000   47   17          -   18.57741      -  63.4 25190s
 48344520 11832469   19.76224   39  100          -   18.57771      -  63.4 25195s
 48356964 11833793   19.05111   35  191          -   18.57792      -  63.4 25200s
 48369413 11835029   19.14087   36  185          -   18.57814      -  63.4 25205s
 48377135 11835733   19.12387   36  172          -   18.57831      -  63.4 25210s
 48388709 11837052   20.11916   39  167          -   18.57857      -  63.4 25215s
 48399829 11838281   19.60403   40  187          -   18.57885      -  63.4 25220s
 48412263 11839382   19.53048   45  192          -   18.57895      -  63.4 25225s
 48424667 11840466   20.00000   40   44          -   18.57895      -  63.4 25230s
 48436462 11841658   20.90913   42  186          -   18.57927      -  63.4 25235s
 48450088 11843101   20.04911   47  226          -   18.57956      -  63.4 25240s
 48461924 11844304   20.28189   37  207          -   18.57983      -  63.4 25245s
 48471915 11845168   20.69476   40  201          -   18.58000      -  63.4 25251s
 48480339 11846086   19.42185   33  179          -   18.58019      -  63.4 25255s
 48494548 11847609   19.10773   36  205          -   18.58048      -  63.4 25260s
 48508967 11849105   20.76384   49  159          -   18.58065      -  63.4 25265s
 48521421 11850324   19.44428   31  178          -   18.58092      -  63.4 25270s
 48535605 11851786   21.20793   33  208          -   18.58120      -  63.4 25275s
 48549503 11853258   21.01312   41  190          -   18.58145      -  63.4 25280s
 48560968 11854310   19.00396   47  201          -   18.58174      -  63.4 25285s
 48568136 11854948   21.00360   43  246          -   18.58186      -  63.4 25290s
 48579506 11856245   21.01989   48  189          -   18.58209      -  63.4 25295s
 48592682 11857719     cutoff   38               -   18.58236      -  63.4 25300s
 48605142 11859285   19.07642   39  193          -   18.58265      -  63.4 25305s
 48618347 11860701   20.02508   39  134          -   18.58294      -  63.4 25310s
 48630058 11862016   19.54574   32  181          -   18.58329      -  63.4 25315s
 48642843 11863035   20.98071   47  152          -   18.58333      -  63.4 25320s
 48655912 11864029   21.03403   42  223          -   18.58333      -  63.4 25327s
 48662159 11864508   19.51637   51  162          -   18.58333      -  63.4 25330s
 48673862 11865257   20.95020   41  175          -   18.58333      -  63.4 25335s
 48685391 11866041   21.72143   47  150          -   18.58333      -  63.4 25340s
 48697824 11867095   20.12533   34  166          -   18.58333      -  63.4 25345s
 48709961 11868209   21.12007   38  172          -   18.58333      -  63.4 25350s
 48722713 11869457   19.57622   34  193          -   18.58363      -  63.4 25355s
 48735666 11870744   19.12827   33  156          -   18.58390      -  63.4 25360s
 48748665 11872084   19.45570   40  150          -   18.58422      -  63.4 25365s
 48758686 11873213   19.00000   45   10          -   18.58442      -  63.4 25371s
 48767860 11874174   21.61064   43  214          -   18.58462      -  63.4 25375s
 48780476 11875602 infeasible   46               -   18.58491      -  63.4 25380s
 48793702 11876989   21.07471   41  147          -   18.58515      -  63.4 25385s
 48807071 11878283   19.96563   42  147          -   18.58537      -  63.4 25390s
 48819797 11879587   19.08443   33  180          -   18.58561      -  63.4 25395s
 48832554 11881040   21.68750   50  146          -   18.58586      -  63.4 25400s
 48845145 11882412   20.75882   34  192          -   18.58612      -  63.4 25405s
 48851257 11882964   19.70420   39  196          -   18.58621      -  63.4 25410s
 48864057 11884181   19.26125   39  216          -   18.58636      -  63.4 25415s
 48877233 11885483   19.32258   47  148          -   18.58667      -  63.4 25420s
 48890314 11886712   20.18519   37  131          -   18.58696      -  63.4 25425s
 48903628 11887909   19.50000   45   30          -   18.58715      -  63.4 25430s
 48916493 11889181   21.23452   44  189          -   18.58743      -  63.4 25435s
 48930474 11890688   19.00000   42   41          -   18.58772      -  63.3 25440s
 48943274 11892064   21.05220   31  207          -   18.58803      -  63.3 25448s
 48947124 11892416   19.57318   36  178          -   18.58817      -  63.3 25450s
 48960509 11893548   21.38788   39  168          -   18.58824      -  63.3 25455s
 48971672 11894505   20.84973   36  204          -   18.58824      -  63.3 25460s
 48974197 11894837   19.07232   37  215          -   18.58824      -  63.3 25465s
 48985771 11895906   20.63353   36  224          -   18.58855      -  63.3 25470s
 48997991 11897150   19.29623   34  184          -   18.58884      -  63.3 25475s
 49008925 11898508   19.82734   37  178          -   18.58909      -  63.3 25480s
 49022143 11899768   20.64474   33  152          -   18.58929      -  63.3 25485s
 49035864 11901304   19.13852   31  183          -   18.58963      -  63.3 25490s
 49041123 11901764   19.25000   45   59          -   18.58974      -  63.3 25495s
 49053560 11903135   19.17821   44  194          -   18.58995      -  63.3 25500s
 49065593 11904291   19.83518   35  227          -   18.59017      -  63.3 25505s
 49077991 11905705     cutoff   38               -   18.59048      -  63.3 25510s
 49089920 11906970   20.28283   45  168          -   18.59078      -  63.3 25515s
 49102671 11908170   19.00000   40   10          -   18.59091      -  63.3 25520s
 49115121 11909341   20.51240   40  127          -   18.59091      -  63.3 25525s
 49128258 11910631   20.28638   34  206          -   18.59110      -  63.3 25530s
 49135233 11911308   19.67501   44  179          -   18.59125      -  63.3 25536s
 49146340 11912536   19.54534   38  219          -   18.59149      -  63.3 25540s
 49158377 11913846   19.25144   43  208          -   18.59174      -  63.3 25545s
 49171279 11915239   19.61950   37  149          -   18.59198      -  63.3 25550s
 49184230 11916698   20.18855   34  193          -   18.59225      -  63.3 25555s
 49196579 11917848   20.22478   34  207          -   18.59253      -  63.3 25560s
 49209629 11918927   19.92338   38  197          -   18.59259      -  63.3 25565s
 49223180 11920328   21.35265   40  192          -   18.59286      -  63.3 25570s
 49226710 11920703   19.79577   40  149          -   18.59292      -  63.3 25575s
 49238890 11921982 infeasible   38               -   18.59319      -  63.3 25580s
 49251318 11923208   20.50000   54   24          -   18.59342      -  63.3 25585s
 49263317 11924568   18.83499   34  193          -   18.59370      -  63.3 25590s
 49275679 11925648   20.31531   39  161          -   18.59375      -  63.3 25595s
 49287766 11926873   19.16167   41  160          -   18.59400      -  63.3 25600s
 49300108 11928136   19.40578   35  195          -   18.59423      -  63.3 25605s
 49313383 11929550   21.05497   44  182          -   18.59449      -  63.3 25610s
 49319589 11930171 infeasible   41               -   18.59459      -  63.3 25616s
 49328989 11931002   19.15171   34  181          -   18.59471      -  63.3 25620s
 49341784 11932367   21.08376   36  192          -   18.59496      -  63.3 25625s
 49354627 11933662   19.52217   34  172          -   18.59524      -  63.3 25630s
 49367396 11934984   20.77718   42  203          -   18.59537      -  63.3 25635s
 49379882 11936257   21.24138   36  138          -   18.59562      -  63.3 25640s
 49392256 11937500   20.36968   42  192          -   18.59585      -  63.3 25645s
 49404419 11938785   21.52913   34  157          -   18.59612      -  63.3 25650s
 49411751 11939518   20.40545   37  181          -   18.59616      -  63.3 25656s
 49421634 11940616   19.29770   48  239          -   18.59641      -  63.3 25660s
 49435129 11941810   19.60000   45   42          -   18.59668      -  63.3 25665s
 49446170 11942916   19.84443   29  184          -   18.59690      -  63.3 25670s
 49459562 11944351   21.30675   38  209          -   18.59720      -  63.3 25675s
 49470850 11945417   20.61387   45  200          -   18.59744      -  63.3 25680s
 49483493 11946737   19.26198   36  149          -   18.59768      -  63.3 25685s
 49496090 11948056     cutoff   57               -   18.59795      -  63.3 25690s
 49506095 11949053   19.05327   36  196          -   18.59816      -  63.3 25697s
 49513868 11949813   20.61393   40  196          -   18.59833      -  63.3 25700s
 49527198 11951101   20.45496   46  172          -   18.59864      -  63.3 25705s
 49539545 11952568   19.27771   44  223          -   18.59890      -  63.3 25710s
 49553107 11953987   18.84441   38  217          -   18.59922      -  63.3 25715s
 49566892 11955522   19.23516   32  201          -   18.59962      -  63.3 25720s
 49579164 11956670   20.00000   38   13          -   18.60000      -  63.3 25725s
 49592048 11957794   20.62095   42  149          -   18.60000      -  63.3 25730s
 49604484 11958675   19.50000   43   23          -   18.60000      -  63.3 25737s
 49611728 11959233   19.81818   39  126          -   18.60000      -  63.3 25740s
 49624090 11960242   21.57486   28  182          -   18.60000      -  63.3 25745s
 49636001 11960984   20.89853   32  198          -   18.60000      -  63.3 25750s
 49648829 11962024   20.81737   44  180          -   18.60000      -  63.3 25755s
 49661361 11962731   21.99276   52  153          -   18.60000      -  63.3 25760s
 49672246 11963404     cutoff   43               -   18.60000      -  63.3 25765s
 49684423 11964202   19.06218   38  174          -   18.60000      -  63.3 25770s
 49696476 11964884   21.52104   41  173          -   18.60000      -  63.3 25775s
 49708226 11965629   18.88132   40  176          -   18.60000      -  63.3 25780s
 49720728 11966396   20.82154   32  148          -   18.60000      -  63.3 25785s
 49732231 11967141   20.51033   41  159          -   18.60000      -  63.3 25792s
 49737969 11967497   21.00483   40  133          -   18.60000      -  63.3 25795s
 49750331 11968170   21.11086   38  191          -   18.60000      -  63.3 25800s
 49762505 11968889   19.75776   44  127          -   18.60000      -  63.3 25805s
 49775115 11969721   20.90101   38  199          -   18.60000      -  63.3 25810s
 49786345 11970379   21.30273   43  189          -   18.60000      -  63.3 25815s
 49799414 11971181   19.54508   38  156          -   18.60000      -  63.3 25820s
 49811871 11972129   21.00228   46  150          -   18.60000      -  63.3 25825s
 49823979 11973045   20.66667   41   83          -   18.60000      -  63.3 25830s
 49828379 11973447   19.91371   36  152          -   18.60000      -  63.3 25835s
 49828518 11973550   21.52634   37  169          -   18.60000      -  63.3 25840s
 49828653 11973654   18.74196   42  139          -   18.60000      -  63.3 25845s
 49828730 11973722   20.49541   47  162          -   18.60001      -  63.3 25850s
 49829027 11973812   21.53077   41  174          -   18.60016      -  63.3 25855s
 49831855 11974071   19.36175   34  197          -   18.60030      -  63.3 25860s
 49836962 11974466   19.35975   41  159          -   18.60045      -  63.3 25865s
 49847444 11975396   19.03656   38  168          -   18.60075      -  63.3 25870s
 49857492 11976361   19.21957   37  143          -   18.60101      -  63.3 25877s
 49863228 11976908   19.34397   43  145          -   18.60115      -  63.3 25880s
 49875755 11978210   19.08940   44  189          -   18.60140      -  63.3 25885s
 49888387 11979538   19.52754   41  218          -   18.60169      -  63.3 25890s
 49900681 11980846   19.35627   35  182          -   18.60191      -  63.3 25895s
 49912270 11982087   19.25224   37  177          -   18.60216      -  63.3 25900s
 49925796 11983451   19.92523   45  153          -   18.60243      -  63.3 25905s
 49939437 11984846   21.81735   37  165          -   18.60274      -  63.3 25910s
 49950823 11985865   20.12590   45  164          -   18.60294      -  63.3 25918s
 49955710 11986276   19.96852   38  167          -   18.60307      -  63.3 25920s
 49968369 11987515   20.50000   42   37          -   18.60332      -  63.3 25925s
 49981199 11988780   19.33427   42  170          -   18.60355      -  63.3 25930s
 49993793 11990018   19.78084   35  242          -   18.60377      -  63.3 25935s
 50006827 11991428   20.82627   37  130          -   18.60407      -  63.3 25940s
 50019562 11992614   18.96956   36  214          -   18.60426      -  63.3 25945s
 50032615 11993954   20.90076   38  190          -   18.60458      -  63.3 25950s
 50045151 11995155   20.78164   46  217          -   18.60482      -  63.3 25955s
 50049597 11995596   19.55939   44  218          -   18.60490      -  63.3 25960s
 50062553 11996988   19.42920   41  168          -   18.60521      -  63.3 25965s
 50074799 11997955   21.24960   43  170          -   18.60529      -  63.3 25970s
 50087508 11999241   21.31681   42  192          -   18.60559      -  63.3 25975s
 50100630 12000546   19.00000   33   27          -   18.60588      -  63.3 25980s
 50113679 12001833   19.93784   37  170          -   18.60606      -  63.3 25985s
 50126687 12003090   19.73973   49  122          -   18.60630      -  63.3 25990s
 50139812 12004421   20.82083   48  149          -   18.60658      -  63.3 25995s
 50144586 12004949   19.49236   35  196          -   18.60667      -  63.3 26000s
 50157846 12006347   20.36656   39  193          -   18.60694      -  63.3 26005s
 50170245 12007508   20.14668   36  160          -   18.60714      -  63.3 26010s
 50182555 12008552   20.06875   43  133          -   18.60715      -  63.3 26015s
 50196260 12010022   20.93248   40  195          -   18.60749      -  63.3 26020s
 50209073 12011384   20.01998   35  179          -   18.60773      -  63.3 26025s
 50222226 12012538   21.11371   54  226          -   18.60798      -  63.3 26030s
 50233919 12013865   22.00000   38    1          -   18.60822      -  63.3 26037s
 50239596 12014385   20.00107   37  174          -   18.60833      -  63.3 26040s
 50251888 12015690   19.86979   40  135          -   18.60862      -  63.3 26045s
 50264911 12016890   19.36090   37  153          -   18.60870      -  63.3 26050s
 50277022 12017831   19.22817   46  217          -   18.60889      -  63.3 26055s
 50289869 12019089   19.23924   43  206          -   18.60919      -  63.3 26060s
 50301911 12020244   20.46191   35  198          -   18.60938      -  63.3 26065s
 50314251 12021360   19.71449   38  195          -   18.60969      -  63.3 26070s
 50327289 12022682   20.55294   36  179          -   18.60992      -  63.3 26075s
 50337106 12023695   19.87595   35  166          -   18.61012      -  63.3 26082s
 50343732 12024314   19.26558   37  154          -   18.61024      -  63.3 26085s
 50356710 12025723 infeasible   42               -   18.61053      -  63.3 26090s
 50369666 12027199   18.96342   35  189          -   18.61081      -  63.3 26095s
 50383261 12028480   20.89290   44  197          -   18.61111      -  63.3 26100s
 50395937 12029475   20.56618   40  180          -   18.61111      -  63.3 26105s
 50408398 12030514   18.77488   51  177          -   18.61111      -  63.3 26110s
 50421996 12031604   19.54545   36  133          -   18.61111      -  63.3 26115s
 50435850 12032931   19.12020   44  186          -   18.61149      -  63.3 26120s
 50442203 12033598   20.79797   43  219          -   18.61164      -  63.3 26125s
 50453757 12034794   19.82493   38  188          -   18.61187      -  63.3 26130s
 50465659 12036080   21.27703   46  161          -   18.61212      -  63.3 26135s
 50478349 12037271   20.07143   42  158          -   18.61237      -  63.3 26140s
 50491294 12038643   18.82620   38  221          -   18.61266      -  63.3 26145s
 50503360 12039773   19.10800   39  169          -   18.61290      -  63.3 26150s
 50516155 12041143   21.93136   36  177          -   18.61310      -  63.3 26155s
 50528569 12042352   20.29145   43  184          -   18.61337      -  63.3 26160s
 50534443 12042995   20.99137   38  188          -   18.61351      -  63.3 26165s
 50547513 12044215   19.58299   40  201          -   18.61368      -  63.3 26170s
 50560308 12045506   20.41770   43  211          -   18.61396      -  63.3 26175s
 50573046 12046801   19.39286   36  172          -   18.61419      -  63.3 26180s
 50585922 12048145   19.28227   37  207          -   18.61446      -  63.3 26185s
 50600096 12049564   20.08772   43  132          -   18.61474      -  63.3 26190s
 50612604 12050864   19.38485   37  162          -   18.61500      -  63.3 26195s
 50623800 12051918   20.62647   47  176          -   18.61533      -  63.3 26200s
 50629101 12052421   20.15093   34  166          -   18.61538      -  63.3 26205s
 50641974 12053329   19.04472   44  173          -   18.61538      -  63.3 26210s
 50654323 12054359   19.77273   35  112          -   18.61538      -  63.3 26215s
 50667102 12055313   19.59727   34  198          -   18.61538      -  63.3 26220s
 50679948 12056277   19.30332   51  238          -   18.61554      -  63.3 26225s
 50693779 12057796   19.16667   46   91          -   18.61584      -  63.3 26230s
 50705571 12058988   19.91190   49  201          -   18.61607      -  63.3 26235s
 50718662 12060303   19.77050   38  185          -   18.61635      -  63.3 26240s
 50727186 12061351   19.70391   29  157          -   18.61651      -  63.3 26246s
 50736304 12062141   19.92937   44  176          -   18.61667      -  63.3 26250s
 50749022 12063499   19.03658   36  212          -   18.61695      -  63.3 26255s
 50761316 12064681   19.57426   45  182          -   18.61717      -  63.2 26260s
 50773209 12065881     cutoff   41               -   18.61743      -  63.2 26265s
 50786490 12067140   19.27369   38  168          -   18.61765      -  63.2 26270s
 50799508 12068471   20.84571   38  162          -   18.61783      -  63.2 26275s
 50812997 12069761   20.44444   36   87          -   18.61814      -  63.2 26280s
 50825238 12071038   18.87261   41  239          -   18.61837      -  63.2 26285s
 50832158 12071668   20.33447   47  190          -   18.61849      -  63.2 26290s
 50843962 12072829   20.65789   40  102          -   18.61877      -  63.2 26295s
 50857347 12074076   19.58063   36  187          -   18.61905      -  63.2 26300s
 50871122 12075225   21.75229   43  131          -   18.61905      -  63.2 26305s
 50883128 12076477   19.37209   39  131          -   18.61920      -  63.2 26310s
 50895721 12077789   20.25595   42  229          -   18.61950      -  63.2 26315s
 50908973 12079150   19.13920   35  215          -   18.61977      -  63.2 26320s
 50921595 12080514   20.30931   31  218          -   18.62003      -  63.2 26325s
 50928822 12081147   19.89836   33  151          -   18.62019      -  63.2 26330s
 50941765 12082421   19.03590   36  205          -   18.62048      -  63.2 26335s
 50953227 12083443   18.89186   54  194          -   18.62069      -  63.2 26340s
 50966211 12084560   19.73201   44  186          -   18.62087      -  63.2 26345s
 50978582 12085775   20.06356   37  182          -   18.62115      -  63.2 26350s
 50992964 12087159   18.92506   45  167          -   18.62142      -  63.2 26355s
 51005455 12088387   20.47887   37  162          -   18.62162      -  63.2 26360s
 51018474 12089851   18.90762   45  231          -   18.62192      -  63.2 26365s
 51023947 12090482   21.19584   44  215          -   18.62200      -  63.2 26370s
 51036039 12091609     cutoff   48               -   18.62222      -  63.2 26375s
 51049247 12093040   18.81919   36  208          -   18.62248      -  63.2 26380s
 51061822 12094481   21.04563   41  187          -   18.62272      -  63.2 26385s
 51075453 12095847   19.09222   35  193          -   18.62302      -  63.2 26390s
 51087625 12097103   19.99684   42  183          -   18.62327      -  63.2 26395s
 51100826 12098415   20.24160   40  241          -   18.62353      -  63.2 26400s
 51111260 12099461   20.79787   41  155          -   18.62376      -  63.2 26406s
 51119610 12100220   20.65909   48  129          -   18.62396      -  63.2 26410s
 51132786 12101567   19.00832   48  207          -   18.62427      -  63.2 26415s
 51145077 12103065   19.89798   45  183          -   18.62458      -  63.2 26420s
 51157352 12104189   21.86491   37  169          -   18.62500      -  63.2 26425s
 51170069 12105237   20.64146   40  186          -   18.62500      -  63.2 26430s
 51182502 12106185   19.85128   39  153          -   18.62500      -  63.2 26435s
 51195399 12107130 infeasible   38               -   18.62500      -  63.2 26440s
 51207917 12107943 infeasible   40               -   18.62500      -  63.2 26445s
 51219582 12108652   20.80667   37  190          -   18.62500      -  63.2 26453s
 51224391 12108917   20.27516   39  158          -   18.62500      -  63.2 26455s
 51235448 12109645 infeasible   56               -   18.62500      -  63.2 26460s
 51246348 12110355   20.48562   34  174          -   18.62500      -  63.2 26465s
 51257883 12111172 infeasible   41               -   18.62500      -  63.2 26470s
 51269885 12112041   19.85319   42  195          -   18.62500      -  63.2 26475s
 51282023 12112735   18.93493   42  137          -   18.62500      -  63.2 26480s
 51295238 12113604   20.46558   43  202          -   18.62500      -  63.2 26485s
 51308195 12114557   20.10124   44  161          -   18.62500      -  63.2 26490s
 51321276 12115581   18.81915   38  127          -   18.62500      -  63.2 26495s
 51333678 12116423   20.73006   37  186          -   18.62500      -  63.2 26500s
 51346891 12117596   21.39192   40  166          -   18.62534      -  63.2 26508s
 51352035 12118068   20.86224   38  193          -   18.62550      -  63.2 26510s
 51365191 12119261   19.15102   44  203          -   18.62585      -  63.2 26515s
 51378671 12120566   19.50193   36  252          -   18.62615      -  63.2 26520s
 51391623 12121961   20.68663   48  183          -   18.62645      -  63.2 26525s
 51403648 12123227   20.44222   41  226          -   18.62671      -  63.2 26530s
 51416658 12124581   20.38544   41  199          -   18.62696      -  63.2 26535s
 51428778 12125701   18.75114   34  205          -   18.62722      -  63.2 26540s
 51441295 12126820   18.70833   33  115          -   18.62745      -  63.2 26545s
 51447104 12127399   19.20736   35  191          -   18.62756      -  63.2 26550s
 51459374 12128508     cutoff   54               -   18.62786      -  63.2 26555s
 51472106 12129737   21.74197   50  168          -   18.62804      -  63.2 26560s
 51485522 12131175   21.89306   33  142          -   18.62832      -  63.2 26565s
 51497225 12132182   20.70779   36  163          -   18.62857      -  63.2 26570s
 51509843 12133437   19.13145   51  196          -   18.62876      -  63.2 26575s
 51522666 12134604   18.95082   37  160          -   18.62903      -  63.2 26580s
 51535189 12135776   20.35973   37  194          -   18.62927      -  63.2 26585s
 51543459 12136631   20.91976   34  205          -   18.62947      -  63.2 26590s
 51554245 12137625   19.48220   36  164          -   18.62963      -  63.2 26595s
 51567504 12138915   19.34190   47  191          -   18.62980      -  63.2 26600s
 51580223 12140309   18.77551   49  229          -   18.63007      -  63.2 26605s
 51594279 12141737   21.15298   46  219          -   18.63037      -  63.2 26610s
 51606456 12142723     cutoff   39               -   18.63058      -  63.2 26615s
 51619790 12144185   19.93731   33  177          -   18.63084      -  63.2 26620s
 51631903 12145393   21.55891   35  224          -   18.63107      -  63.2 26625s
 51643973 12146578   19.07127   34  177          -   18.63139      -  63.2 26632s
 51651277 12147200   19.16013   34  197          -   18.63158      -  63.2 26635s
 51664447 12148250   20.77151   38  209          -   18.63158      -  63.2 26640s
 51676112 12149299   19.64878   44  179          -   18.63167      -  63.2 26645s
 51688635 12150566   18.97464   42  233          -   18.63199      -  63.2 26650s
 51700920 12151660   20.14314   37  197          -   18.63226      -  63.2 26655s
 51714011 12152916   20.54094   38  206          -   18.63248      -  63.2 26660s
 51728185 12154357   19.18963   37  214          -   18.63270      -  63.2 26665s
 51742504 12155818     cutoff   47               -   18.63298      -  63.2 26670s
 51747901 12156398   20.63274   37  130          -   18.63309      -  63.2 26675s
 51760003 12157519   21.12774   40  167          -   18.63333      -  63.2 26680s
 51773601 12158442   20.67677   43  153          -   18.63339      -  63.2 26685s
 51786172 12159480   20.41727   48  185          -   18.63367      -  63.2 26690s
 51798412 12160701   19.29695   37  183          -   18.63392      -  63.2 26695s
 51811333 12161899     cutoff   45               -   18.63415      -  63.2 26700s
 51823941 12163127   19.72694   39  210          -   18.63437      -  63.2 26705s
 51837883 12164409   20.47007   50  181          -   18.63462      -  63.2 26710s
 51849589 12165393   19.72532   35  159          -   18.63487      -  63.2 26715s
 51854591 12165868   21.05300   39  183          -   18.63492      -  63.2 26720s
 51867248 12167102   19.91786   41  202          -   18.63522      -  63.2 26725s
 51879572 12168232   19.85577   43  159          -   18.63548      -  63.2 26730s
 51892362 12169435   20.53820   40  201          -   18.63579      -  63.2 26735s
 51904004 12170575   18.88465   39  171          -   18.63610      -  63.2 26740s
 51917338 12171825   19.74671   36  167          -   18.63636      -  63.2 26745s
 51929954 12172759   21.00000   48   61          -   18.63636      -  63.2 26750s
 51942249 12173695   20.47436   36  142          -   18.63636      -  63.2 26755s
 51955151 12174709   20.55369   40  128          -   18.63636      -  63.2 26760s
 51959714 12175030     cutoff   43               -   18.63636      -  63.2 26765s
 51972748 12176073 infeasible   45               -   18.63636      -  63.2 26770s
 51985155 12177152   20.48718   42  144          -   18.63646      -  63.2 26775s
 51998330 12178412   19.38835   39  203          -   18.63682      -  63.2 26780s
 52010701 12179564   18.89706   36  195          -   18.63713      -  63.2 26785s
 52022781 12180984   19.61702   40  119          -   18.63736      -  63.2 26790s
 52034875 12182136   20.78593   41  159          -   18.63762      -  63.2 26795s
 52048309 12183447   20.53332   37  160          -   18.63793      -  63.2 26800s
 52058615 12184283   20.85440   38  224          -   18.63813      -  63.2 26806s
 52067356 12185056   20.25403   38  159          -   18.63830      -  63.2 26810s
 52081631 12186407   20.00000   49   12          -   18.63855      -  63.2 26815s
 52095768 12187800   19.95655   35  188          -   18.63889      -  63.2 26820s
 52109171 12188967   20.10727   40  166          -   18.63900      -  63.2 26825s
 52122617 12190228   20.23716   36  225          -   18.63930      -  63.2 26830s
 52135272 12191375   18.92442   43  193          -   18.63953      -  63.2 26835s
 52148466 12192738   20.06377   34  198          -   18.63978      -  63.2 26840s
 52160487 12193922   21.02560   33  163          -   18.64000      -  63.2 26847s
 52165969 12194290   18.77344   41  120          -   18.64000      -  63.2 26850s
 52178622 12195550   19.74261   46  181          -   18.64024      -  63.2 26855s
 52191705 12196786   20.09927   30  141          -   18.64051      -  63.2 26860s
 52204585 12198010   19.16316   40  190          -   18.64074      -  63.2 26865s
 52217499 12199388 infeasible   45               -   18.64103      -  63.2 26870s
 52231144 12200776   19.35148   42  185          -   18.64120      -  63.2 26875s
 52244074 12202035   20.67784   44  179          -   18.64146      -  63.2 26880s
 52257888 12203359 infeasible   44               -   18.64172      -  63.2 26885s
 52263777 12203889   19.68889   42  119          -   18.64185      -  63.2 26890s
 52277070 12205164   20.21582   36  163          -   18.64209      -  63.2 26895s
 52289735 12206534   21.77250   41  202          -   18.64241      -  63.2 26900s
 52301942 12207793     cutoff   43               -   18.64270      -  63.2 26905s
 52314749 12208920   20.10874   45  158          -   18.64286      -  63.2 26910s
 52329059 12210140   19.14000   37  110          -   18.64286      -  63.2 26915s
 52340882 12211173   19.99558   42  242          -   18.64286      -  63.2 26920s
 52353136 12212111   20.40538   37  139          -   18.64286      -  63.2 26925s
 52366592 12212989   21.11162   34  161          -   18.64286      -  63.2 26930s
 52373331 12213615   19.29764   36  201          -   18.64293      -  63.2 26935s
 52386255 12215108   21.05493   40  242          -   18.64328      -  63.2 26940s
 52398709 12216250   20.77083   43  151          -   18.64350      -  63.2 26945s
 52412009 12217753   19.99170   47  216          -   18.64378      -  63.2 26950s
 52425774 12219209   21.70614   39  172          -   18.64407      -  63.2 26955s
 52437960 12220470   19.64516   37  116          -   18.64430      -  63.2 26960s
 52449758 12221530   19.06295   41  233          -   18.64450      -  63.2 26965s
 52462985 12222865   19.65941   42  182          -   18.64475      -  63.2 26972s
 52469277 12223453   20.23433   42  203          -   18.64490      -  63.2 26975s
 52482629 12224872   20.62683   40  215          -   18.64516      -  63.2 26980s
 52496683 12226095   20.35357   40  179          -   18.64530      -  63.2 26985s
 52509250 12227350   19.52137   36  176          -   18.64559      -  63.2 26990s
 52522600 12228584   20.15199   39  216          -   18.64583      -  63.2 26995s
 52535450 12229791   19.11896   39  187          -   18.64604      -  63.2 27000s
 52548914 12231111   20.50923   35  187          -   18.64631      -  63.2 27005s
 52560731 12232188 infeasible   41               -   18.64655      -  63.2 27011s
 52569466 12233182   19.04481   44  196          -   18.64674      -  63.2 27015s
 52583417 12234728 infeasible   39               -   18.64706      -  63.2 27020s
 52597362 12235605     cutoff   50               -   18.64706      -  63.2 27025s
 52597461 12235684 infeasible   40               -   18.64706      -  63.2 27030s
 52597536 12235738   18.83333   37   68          -   18.64706      -  63.2 27035s
 52597600 12235786   19.36685   36  197          -   18.64706      -  63.2 27041s
 52597647 12235818   20.78375   36  174          -   18.64706      -  63.2 27045s
 52597664 12235831   19.69621   35  184          -   18.64706      -  63.2 27050s
 52597729 12235881   21.88014   38  196          -   18.64706      -  63.2 27055s
 52597773 12235917   19.44716   31  188          -   18.64706      -  63.2 27060s
 52597801 12235935   19.22554   48  192          -   18.64706      -  63.2 27067s
 52597819 12235951   19.33742   37  234          -   18.64706      -  63.2 27070s
 52597851 12236287   20.06074   40  189          -   18.64706      -  63.2 27097s
 52611614 12236868   19.98933   47  159          -   18.64726      -  63.2 27100s
 52626742 12238046   19.28940   34  155          -   18.64767      -  63.2 27105s
 52640098 12239437   21.38077   41  170          -   18.64794      -  63.2 27110s
 52654391 12240757   19.97437   37  185          -   18.64815      -  63.1 27115s
 52661847 12241389   20.02510   38  193          -   18.64835      -  63.1 27120s
 52675431 12242748   18.90262   36  189          -   18.64865      -  63.1 27125s
 52690178 12244215   19.45587   41  167          -   18.64885      -  63.1 27130s
 52703653 12245602   20.84291   45  180          -   18.64912      -  63.1 27135s
 52717379 12246824   21.75862   44  171          -   18.64941      -  63.1 27140s
 52731017 12248160   19.18700   36  243          -   18.64973      -  63.1 27145s
 52744825 12249384   18.94091   40  155          -   18.65000      -  63.1 27150s
 52760062 12250504   19.35484   34  100          -   18.65000      -  63.1 27155s
 52767569 12250978   19.50000   47   20          -   18.65000      -  63.1 27160s
 52780607 12252212   20.17220   37  173          -   18.65018      -  63.1 27165s
 52794433 12253684   20.43522   54  183          -   18.65049      -  63.1 27170s
 52808913 12254977   20.66545   33  178          -   18.65079      -  63.1 27175s
 52822150 12256374   20.02892   33  199          -   18.65104      -  63.1 27180s
 52836486 12257602   20.79632   41  225          -   18.65127      -  63.1 27185s
 52850191 12258859   20.15215   40  234          -   18.65154      -  63.1 27190s
 52864313 12260271   19.11176   52  222          -   18.65184      -  63.1 27195s
 52872421 12261006   19.47495   43  230          -   18.65202      -  63.1 27200s
 52886155 12262316   19.79535   38  183          -   18.65217      -  63.1 27205s
 52900583 12263514   19.27163   33  236          -   18.65226      -  63.1 27210s
 52914246 12264834   20.17422   34  235          -   18.65255      -  63.1 27215s
 52928673 12266118   19.77740   40  156          -   18.65282      -  63.1 27220s
 52942106 12267367   20.60156   45  189          -   18.65306      -  63.1 27225s
 52955923 12268627   19.63179   38  164          -   18.65333      -  63.1 27230s
 52968753 12269838   20.12887   43  213          -   18.65363      -  63.1 27237s
 52977163 12270588     cutoff   40               -   18.65385      -  63.1 27240s
 52991436 12271689   18.87669   42  209          -   18.65385      -  63.1 27245s
 53005948 12273043   21.21351   38  191          -   18.65410      -  63.1 27250s
 53019631 12274336   20.31569   35  140          -   18.65440      -  63.1 27255s
 53033437 12275698   21.70988   32  133          -   18.65470      -  63.1 27260s
 53047406 12277058   19.85000   38  106          -   18.65497      -  63.1 27265s
 53061567 12278461   22.30815   43  164          -   18.65517      -  63.1 27270s
 53071313 12279264   19.38687   38  190          -   18.65532      -  63.1 27276s
 53082782 12280392   21.28125   38  158          -   18.65557      -  63.1 27280s
 53095946 12281722   20.15385   43  105          -   18.65584      -  63.1 27285s
 53110246 12283059   20.24182   42  183          -   18.65617      -  63.1 27290s
 53124072 12284163   20.00577   42  184          -   18.65625      -  63.1 27295s
 53139719 12285924   19.05472   39  197          -   18.65657      -  63.1 27300s
 53152952 12287101   19.17435   40  213          -   18.65680      -  63.1 27305s
 53167263 12288487   20.67200   43  214          -   18.65712      -  63.1 27310s
 53174189 12289149   19.13027   37  179          -   18.65714      -  63.1 27315s
 53188619 12290610   19.15990   53  181          -   18.65744      -  63.1 27320s
 53202925 12292118   21.05652   40  196          -   18.65773      -  63.1 27325s
 53217378 12293361   19.93007   33  148          -   18.65789      -  63.1 27330s
 53230004 12294591   20.58889   42  191          -   18.65820      -  63.1 27335s
 53244286 12296063   20.60384   35  160          -   18.65850      -  63.1 27340s
 53258272 12297369   20.35211   42  160          -   18.65870      -  63.1 27345s
 53265542 12298134   20.49195   44  218          -   18.65883      -  63.1 27350s
 53280203 12299485   18.99896   48  176          -   18.65909      -  63.1 27355s
 53294474 12300802   19.09227   38  210          -   18.65936      -  63.1 27360s
 53308796 12302237     cutoff   35               -   18.65963      -  63.1 27365s
 53323091 12303752   19.90512   49  180          -   18.65995      -  63.1 27370s
 53337051 12304942   19.02128   42  179          -   18.66019      -  63.1 27375s
 53351181 12306251   18.81918   41  181          -   18.66048      -  63.1 27380s
 53364347 12307362   19.14098   53  215          -   18.66071      -  63.1 27386s
 53374992 12308400   19.54884   33  199          -   18.66095      -  63.1 27390s
 53389259 12309751   19.10909   44  160          -   18.66125      -  63.1 27395s
 53403676 12311054   19.37639   47  186          -   18.66150      -  63.1 27400s
 53417178 12312331   19.00000   43   18          -   18.66176      -  63.1 27405s
 53431442 12313782     cutoff   48               -   18.66201      -  63.1 27410s
 53445405 12315150   21.16043   46  203          -   18.66228      -  63.1 27415s
 53458852 12316423   20.63769   44  175          -   18.66250      -  63.1 27420s
 53465189 12317012   20.87500   41  149          -   18.66265      -  63.1 27425s
 53479178 12318346   19.47886   41  212          -   18.66289      -  63.1 27430s
 53493168 12319689   19.40516   42  194          -   18.66319      -  63.1 27435s
 53506436 12320877   18.86401   38  157          -   18.66348      -  63.1 27440s
 53520912 12322294   19.94221   38  243          -   18.66379      -  63.1 27445s
 53535166 12323710   20.61786   41  151          -   18.66410      -  63.1 27450s
 53549105 12325313   19.13608   36  155          -   18.66439      -  63.1 27455s
 53559363 12326356   20.13115   40  176          -   18.66461      -  63.1 27460s
 53570505 12327455   21.31301   34  213          -   18.66486      -  63.1 27465s
 53584173 12328932   20.03211   41  187          -   18.66521      -  63.1 27470s
 53598226 12330273   19.23313   42  160          -   18.66556      -  63.1 27475s
 53612297 12331691   20.38060   38  144          -   18.66595      -  63.1 27480s
 53626365 12333033   19.75896   39  188          -   18.66630      -  63.1 27485s
 53641044 12334393   20.53380   27  166          -   18.66667      -  63.1 27490s
 53654494 12335384   20.36842   43  136          -   18.66667      -  63.1 27495s
 53662850 12336057   20.95211   49  183          -   18.66667      -  63.1 27500s
 53677054 12337040   19.35637   38  172          -   18.66667      -  63.1 27505s
 53689447 12337734   20.43720   37  183          -   18.66667      -  63.1 27510s
 53702996 12338593 infeasible   45               -   18.66667      -  63.1 27515s
 53716257 12339332   19.98990   42  167          -   18.66667      -  63.1 27520s
 53729843 12340280   20.41392   35  186          -   18.66667      -  63.1 27525s
 53743811 12341220   18.99736   35  164          -   18.66667      -  63.1 27530s
 53757365 12342149   20.87717   34  125          -   18.66667      -  63.1 27535s
 53770962 12343022   21.13115   36  146          -   18.66667      -  63.1 27540s
 53783862 12343611   21.27207   56  166          -   18.66667      -  63.1 27545s
 53796593 12344158   18.80000   44   82          -   18.66667      -  63.1 27550s
 53803803 12344441   21.61753   37  188          -   18.66667      -  63.1 27555s
 53816850 12345023 infeasible   41               -   18.66667      -  63.1 27560s
 53829140 12345573   21.18071   46  202          -   18.66667      -  63.1 27565s
 53841944 12346164   20.87755   43  104          -   18.66667      -  63.1 27570s
 53854994 12346900     cutoff   41               -   18.66667      -  63.1 27575s
 53867957 12347565   20.53047   41  161          -   18.66667      -  63.1 27580s
 53880611 12348093   20.76297   43  173          -   18.66667      -  63.1 27585s
 53894356 12348810     cutoff   44               -   18.66667      -  63.1 27590s
 53906718 12349328   19.69172   44  195          -   18.66667      -  63.1 27595s
 53920509 12350038   21.31329   53  177          -   18.66667      -  63.1 27600s
 53933251 12350642   20.80422   45  194          -   18.66667      -  63.1 27605s
 53946850 12351330   21.94249   40  170          -   18.66667      -  63.1 27610s
 53959249 12351892   20.92391   36  123          -   18.66667      -  63.1 27615s
 53969527 12352363     cutoff   37               -   18.66667      -  63.1 27621s
 53980115 12352803     cutoff   46               -   18.66667      -  63.1 27625s
 53992507 12353312     cutoff   34               -   18.66667      -  63.1 27630s
 54005041 12353889   22.16678   48  172          -   18.66667      -  63.1 27635s
 54018474 12354511   20.61360   36  182          -   18.66667      -  63.1 27640s
 54031413 12355100   19.51332   37  201          -   18.66667      -  63.1 27645s
 54043777 12355411 infeasible   42               -   18.66667      -  63.1 27650s
 54056354 12355883     cutoff   48               -   18.66667      -  63.1 27655s
 54069062 12356604   19.12135   45  167          -   18.66667      -  63.1 27660s
 54081967 12357283   21.33972   39  139          -   18.66667      -  63.1 27665s
 54094605 12357944     cutoff   51               -   18.66667      -  63.1 27670s
 54108224 12358629     cutoff   49               -   18.66667      -  63.1 27675s
 54120330 12359166   21.23715   43  218          -   18.66667      -  63.1 27680s
 54133913 12359822   19.00000   45   11          -   18.66667      -  63.1 27685s
 54145943 12360417   19.64706   46  142          -   18.66667      -  63.1 27691s
 54155477 12360881     cutoff   55               -   18.66667      -  63.1 27695s
 54167301 12361377   18.84286   44  135          -   18.66667      -  63.1 27700s
 54180112 12361964   21.43387   40  178          -   18.66667      -  63.1 27705s
 54192511 12362492     cutoff   42               -   18.66667      -  63.1 27710s
 54205175 12363162   22.50000   39   44          -   18.66667      -  63.1 27715s
 54218439 12363865     cutoff   44               -   18.66667      -  63.1 27720s
 54230960 12364542   19.86379   43  195          -   18.66667      -  63.1 27725s
 54243906 12365379 infeasible   46               -   18.66667      -  63.1 27730s
 54257154 12366195   20.39474   39  131          -   18.66667      -  63.1 27735s
 54270753 12367001   19.21445   37  194          -   18.66667      -  63.1 27740s
 54284577 12367898   20.33512   37  181          -   18.66667      -  63.1 27745s
 54298071 12368811   20.60687   40  169          -   18.66667      -  63.1 27750s
 54306942 12369471   19.49001   37  206          -   18.66667      -  63.1 27755s
 54319977 12370287   20.70160   48  176          -   18.66667      -  63.1 27760s
 54334588 12371682   20.33056   44  222          -   18.66700      -  63.1 27765s
 54348089 12373144   19.56980   36  188          -   18.66741      -  63.1 27770s
 54361958 12374497   19.17007   42  140          -   18.66778      -  63.1 27775s
 54376737 12375900   19.16114   38  234          -   18.66812      -  63.1 27780s
 54390414 12377093   20.12276   41  225          -   18.66845      -  63.1 27785s
 54404320 12378404   19.27389   36  184          -   18.66875      -  63.1 27790s
 54413441 12379292   19.05439   41  145          -   18.66897      -  63.1 27795s
 54426746 12380601   20.59100   30  211          -   18.66925      -  63.1 27800s
 54440417 12381987   19.22596   42  189          -   18.66956      -  63.1 27805s
 54454297 12383349   21.58079   47  172          -   18.66983      -  63.1 27810s
 54468598 12384632   20.86631   33  206          -   18.67016      -  63.1 27815s
 54482150 12385891   18.99755   42  192          -   18.67045      -  63.1 27820s
 54496104 12387167   18.76801   39  203          -   18.67073      -  63.1 27825s
 54507090 12388199   18.82756   36  193          -   18.67095      -  63.1 27830s
 54520052 12389483   20.49001   40  211          -   18.67119      -  63.1 27835s
 54534022 12390772   19.64796   30  207          -   18.67143      -  63.1 27840s
 54548167 12392370   18.82972   34  161          -   18.67172      -  63.1 27845s
 54561482 12393669   19.56558   39  261          -   18.67195      -  63.1 27850s
 54575564 12395002   21.65109   36  221          -   18.67222      -  63.1 27855s
 54589456 12396189   21.16438   51  128          -   18.67246      -  63.1 27860s
 54602541 12397436   19.00000   38   13          -   18.67273      -  63.1 27865s
 54611496 12398290   19.34864   41  247          -   18.67292      -  63.1 27870s
 54624550 12399449   20.10359   42  185          -   18.67318      -  63.1 27875s
 54638196 12400644   19.62019   38  180          -   18.67347      -  63.1 27880s
 54651832 12401882   19.45158   36  173          -   18.67372      -  63.1 27885s
 54664644 12403026   21.00000   39   14          -   18.67391      -  63.1 27890s
 54678170 12404365   19.75694   40  139          -   18.67419      -  63.1 27895s
 54692170 12405627 infeasible   38               -   18.67442      -  63.1 27900s
 54704716 12406985   20.91871   39  188          -   18.67470      -  63.1 27906s
 54715001 12407938   19.74963   38  209          -   18.67493      -  63.1 27910s
 54729059 12409084   20.98192   49  170          -   18.67509      -  63.1 27915s
 54743131 12410460   19.68624   41  178          -   18.67540      -  63.1 27920s
 54757039 12411657 infeasible   39               -   18.67568      -  63.1 27925s
 54771248 12412991   19.43105   39  165          -   18.67593      -  63.1 27930s
 54785848 12414373   19.05319   34  175          -   18.67624      -  63.1 27935s
 54799474 12415693   20.10235   43  146          -   18.67647      -  63.1 27940s
 54809454 12416436   19.93747   37  214          -   18.67655      -  63.1 27946s
 54820457 12417540   19.94732   42  177          -   18.67681      -  63.1 27950s
 54834249 12418867   20.48481   37  188          -   18.67705      -  63.1 27955s
 54848915 12420298   19.56611   40  177          -   18.67736      -  63.1 27960s
 54862575 12421514   19.27005   38  201          -   18.67745      -  63.1 27965s
 54876532 12422938   21.55437   46  191          -   18.67776      -  63.1 27970s
 54890256 12424284   18.95560   36  228          -   18.67797      -  63.1 27975s
 54896291 12424793   19.65922   33  214          -   18.67816      -  63.1 27980s
 54907612 12425845   18.94913   45  199          -   18.67845      -  63.1 27987s
 54914360 12426301   19.39603   44  194          -   18.67857      -  63.1 27990s
 54927631 12427218   19.00000   40   30          -   18.67857      -  63.1 27995s
 54941996 12428640   19.45388   43  166          -   18.67890      -  63.1 28000s
 54956349 12430035   19.51198   40  178          -   18.67920      -  63.1 28005s
 54970230 12431297   20.61698   50  196          -   18.67946      -  63.1 28010s
 54985013 12432698   20.37671   39  200          -   18.67976      -  63.1 28015s
 54998947 12433912   20.05697   54  204          -   18.68000      -  63.1 28020s
 55012468 12435046   19.08062   32  234          -   18.68007      -  63.1 28025s
 55022328 12436005   19.36693   36  171          -   18.68031      -  63.1 28030s
 55036230 12437215   20.74996   37  188          -   18.68056      -  63.1 28035s
 55050253 12438601   20.50000   40   24          -   18.68085      -  63.1 28040s
 55063378 12439898   19.38867   33  178          -   18.68116      -  63.1 28045s
 55077772 12441240   19.56936   47  224          -   18.68142      -  63.1 28050s
 55092220 12442623   20.02006   43  200          -   18.68179      -  63.1 28055s
 55105925 12443795   19.88816   45  166          -   18.68182      -  63.1 28060s
 55118132 12444659   20.30818   40  161          -   18.68182      -  63.1 28066s
 55127342 12445457   19.13559   44  131          -   18.68197      -  63.1 28070s
 55141714 12446835   19.86286   37  153          -   18.68229      -  63.1 28075s
 55155322 12448210   20.33007   41  163          -   18.68254      -  63.1 28080s
 55169655 12449685   20.54535   48  209          -   18.68285      -  63.1 28085s
 55183170 12450977   20.00222   41  198          -   18.68305      -  63.1 28090s
 55198251 12452501   19.36766   40  134          -   18.68333      -  63.1 28095s
 55212548 12453812   20.77643   37  212          -   18.68362      -  63.1 28100s
 55220950 12454506   20.22222   54   89          -   18.68378      -  63.1 28105s
 55235347 12455988   19.36765   38  250          -   18.68408      -  63.1 28110s
 55248754 12457082   20.80929   45  170          -   18.68421      -  63.1 28115s
 55262579 12458018   21.43720   34  198          -   18.68421      -  63.1 28120s
 55277911 12459529   21.59177   43  147          -   18.68452      -  63.1 28125s
 55293011 12460985   19.13064   42  246          -   18.68482      -  63.1 28130s
 55307565 12462451   19.58664   44  186          -   18.68512      -  63.1 28135s
 55318066 12463509   20.62930   42  198          -   18.68527      -  63.1 28140s
 55332261 12464761   20.15058   38  239          -   18.68563      -  63.1 28145s
 55347022 12465965   19.56819   38  196          -   18.68585      -  63.1 28150s
 55360873 12467214   20.04397   37  186          -   18.68618      -  63.1 28155s
 55375169 12468532   19.57547   37  113          -   18.68644      -  63.1 28160s
 55389756 12470137   19.21723   41  158          -   18.68673      -  63.1 28165s
 55404308 12471564   18.99064   36  195          -   18.68704      -  63.1 28170s
 55416984 12472834   20.95586   38  205          -   18.68735      -  63.1 28176s
 55427607 12473656     cutoff   52               -   18.68750      -  63.1 28180s
 55442636 12474778   21.00000   36   28          -   18.68750      -  63.1 28185s
 55457599 12475930   19.95725   40  190          -   18.68750      -  63.1 28190s
 55472155 12477087   20.09103   47  191          -   18.68750      -  63.1 28195s
 55487757 12478671   19.42085   42  186          -   18.68787      -  63.1 28200s
 55502306 12479942   20.49133   38  147          -   18.68817      -  63.1 28205s
 55518101 12481329   19.81111   37  111          -   18.68852      -  63.1 28210s
 55531361 12482606   21.35590   44  229          -   18.68876      -  63.1 28215s
 55546831 12483893   19.87500   40  124          -   18.68908      -  63.1 28220s
 55562319 12485301   19.56471   41  186          -   18.68939      -  63.1 28225s
 55578449 12486746   21.12947   33  174          -   18.68966      -  63.1 28230s
 55595388 12488111   19.82832   40  198          -   18.68995      -  63.1 28235s
 55613859 12489686   21.28813   38  200          -   18.69032      -  63.1 28240s
 55632650 12491551     cutoff   45               -   18.69061      -  63.1 28245s
 55646450 12492815   19.48125   48  147          -   18.69091      -  63.1 28250s
 55665787 12494679   20.69162   41  209          -   18.69124      -  63.1 28255s
 55686153 12496760   19.21342   37  218          -   18.69167      -  63.1 28260s
 55707207 12498921   19.36023   41  187          -   18.69212      -  63.1 28265s
 55727882 12500471   18.83413   47  172          -   18.69231      -  63.1 28270s
 55746155 12501821   21.37665   41  158          -   18.69231      -  63.1 28275s
 55765858 12503193   20.22453   45  158          -   18.69232      -  63.1 28280s
 55776558 12504248     cutoff   39               -   18.69272      -  63.1 28285s
 55779226 12504704   20.35043   34  200          -   18.69289      -  63.1 28290s
 55793188 12505720   19.59169   37  157          -   18.69318      -  63.1 28295s
 55812189 12507338   19.27138   39  160          -   18.69355      -  63.1 28300s
 55832577 12509204   19.37467   44  123          -   18.69388      -  63.1 28305s
 55842359 12510244   20.75000   41   46          -   18.69408      -  63.1 28310s
 55855610 12511537   20.55226   46  179          -   18.69440      -  63.1 28315s
 55868499 12512569   19.69057   32  178          -   18.69448      -  63.1 28320s
 55882452 12513970   19.11367   49  160          -   18.69481      -  63.1 28325s
 55895652 12515227   19.66612   37  171          -   18.69504      -  63.1 28330s
 55909329 12516685   20.28402   46  209          -   18.69531      -  63.1 28335s
 55922110 12517960   21.39437   36  197          -   18.69564      -  63.1 28340s
 55935955 12518927   20.63487   36  194          -   18.69565      -  63.1 28345s
 55945182 12519622   20.92186   42  217          -   18.69582      -  63.1 28350s
 55957281 12520860   19.05071   31  171          -   18.69608      -  63.1 28355s
 55970639 12521959   20.45012   40  150          -   18.69634      -  63.1 28360s
 55983694 12523272   19.48407   40  174          -   18.69654      -  63.1 28365s
 55997403 12524714   20.30021   45  194          -   18.69684      -  63.1 28370s
 56011029 12526005   21.14681   42  151          -   18.69697      -  63.1 28375s
 56024438 12527319   19.42306   40  165          -   18.69731      -  63.1 28380s
 56037841 12528547   20.56225   39  187          -   18.69755      -  63.0 28385s
 56044389 12529178   21.23782   37  177          -   18.69767      -  63.0 28390s
 56058377 12530493   19.08333   42  113          -   18.69792      -  63.0 28395s
 56071489 12531736   20.92521   45  169          -   18.69816      -  63.0 28400s
 56085398 12533261   20.37613   47  208          -   18.69841      -  63.0 28405s
 56098530 12534596   20.52135   38  175          -   18.69867      -  63.0 28410s
 56111977 12535922   20.20685   50  235          -   18.69896      -  63.0 28415s
 56124975 12537027   19.06607   33  201          -   18.69925      -  63.0 28420s
 56139034 12538275   20.12030   34  147          -   18.69958      -  63.0 28425s
 56147084 12539104   19.26611   49  202          -   18.69978      -  63.0 28430s
 56161350 12540259   19.88716   43  167          -   18.70000      -  63.0 28435s
 56175532 12541121   20.34222   46  158          -   18.70000      -  63.0 28440s
 56188571 12542033   19.99588   42  144          -   18.70000      -  63.0 28445s
 56202205 12542808   19.81938   35  171          -   18.70000      -  63.0 28450s
 56215272 12543659   19.86238   46  176          -   18.70000      -  63.0 28455s
 56228359 12544524   21.10058   42  177          -   18.70000      -  63.0 28460s
 56242041 12545436   19.50000   38   25          -   18.70000      -  63.0 28465s
 56254857 12546367   19.20439   36  187          -   18.70000      -  63.0 28470s
 56268669 12547284   19.33333   39  106          -   18.70000      -  63.0 28477s
 56275720 12547853   20.32697   39  205          -   18.70000      -  63.0 28480s
 56288128 12548922   20.21290   48  175          -   18.70011      -  63.0 28485s
 56302791 12550434   21.43764   32  207          -   18.70047      -  63.0 28490s
 56316081 12551692   19.86211   38  170          -   18.70076      -  63.0 28495s
 56329059 12552889   21.42551   38  175          -   18.70103      -  63.0 28500s
 56343045 12554327   20.23589   42  205          -   18.70135      -  63.0 28505s
 56355701 12555505   19.48954   35  112          -   18.70159      -  63.0 28510s
 56369366 12556669   20.37260   40  148          -   18.70184      -  63.0 28515s
 56376887 12557285   18.98909   36  153          -   18.70196      -  63.0 28520s
 56389345 12558471   20.30804   41  178          -   18.70215      -  63.0 28525s
 56403447 12559739   19.58488   38  170          -   18.70242      -  63.0 28530s
 56416766 12560979   19.96259   34  151          -   18.70270      -  63.0 28535s
 56429960 12562168   18.98152   38  216          -   18.70291      -  63.0 28540s
 56443633 12563460   20.82658   37  188          -   18.70313      -  63.0 28545s
 56457605 12564807     cutoff   33               -   18.70340      -  63.0 28550s
 56471556 12566066   20.61872   39  155          -   18.70370      -  63.0 28555s
 56480642 12566771   19.66667   34   50          -   18.70370      -  63.0 28560s
 56493658 12567945   18.90381   33  199          -   18.70396      -  63.0 28565s
 56507289 12569192   21.38462   34   69          -   18.70423      -  63.0 28570s
 56521532 12570543   19.71429   36  157          -   18.70451      -  63.0 28575s
 56535041 12571948   19.07671   32  169          -   18.70465      -  63.0 28580s
 56548825 12573316   20.29585   39  156          -   18.70492      -  63.0 28585s
 56562915 12574666   20.15310   36  178          -   18.70521      -  63.0 28590s
 56572648 12575583   19.34247   34  159          -   18.70539      -  63.0 28596s
 56583633 12576556   20.29311   33  177          -   18.70565      -  63.0 28600s
 56597603 12577793 infeasible   53               -   18.70588      -  63.0 28605s
 56610486 12578659   21.15537   39  177          -   18.70588      -  63.0 28610s
 56624109 12579700   19.00000   44    8          -   18.70594      -  63.0 28615s
 56638473 12580947   19.77457   30  172          -   18.70631      -  63.0 28620s
 56651857 12582295   20.96443   40  230          -   18.70662      -  63.0 28625s
 56665774 12583586     cutoff   42               -   18.70690      -  63.0 28630s
 56680191 12584844   19.23937   45  219          -   18.70721      -  63.0 28637s
 56686942 12585355   20.91461   45  186          -   18.70732      -  63.0 28640s
 56701678 12586601   21.16162   38  226          -   18.70759      -  63.0 28645s
 56714900 12587922   21.43106   34  159          -   18.70788      -  63.0 28650s
 56728297 12589201   21.10500   37  219          -   18.70821      -  63.0 28655s
 56742801 12590365   19.71727   41  136          -   18.70833      -  63.0 28660s
 56756316 12591238   19.97278   40  227          -   18.70833      -  63.0 28665s
 56769605 12592443   20.66488   40  178          -   18.70859      -  63.0 28670s
 56782958 12593664   19.26998   37  184          -   18.70888      -  63.0 28675s
 56793130 12594438   19.85106   32  128          -   18.70909      -  63.0 28680s
 56807321 12595721   19.30798   47  216          -   18.70935      -  63.0 28685s
 56821332 12596961   20.57143   40   53          -   18.70968      -  63.0 28690s
 56834702 12598087   19.16797   38  225          -   18.70981      -  63.0 28695s
 56849427 12599534   19.14896   31  226          -   18.71011      -  63.0 28700s
 56863028 12600952   18.88669   33  226          -   18.71037      -  63.0 28705s
 56877261 12602191   21.18462   42  159          -   18.71053      -  63.0 28710s
 56890962 12603450   20.63166   40  145          -   18.71078      -  63.0 28715s
 56899237 12604259   19.65360   34  188          -   18.71094      -  63.0 28720s
 56912261 12605501   19.71094   30  189          -   18.71115      -  63.0 28725s
 56925088 12606650   19.49542   35  189          -   18.71151      -  63.0 28730s
 56938341 12607844   20.66094   39  171          -   18.71170      -  63.0 28735s
 56952501 12609010   21.72653   41  152          -   18.71199      -  63.0 28740s
 56965134 12609946   19.66804   47  209          -   18.71222      -  63.0 28745s
 56978542 12611242   19.27769   34  234          -   18.71250      -  63.0 28750s
 56992795 12612460   19.44901   43  172          -   18.71273      -  63.0 28755s
 57000598 12613252   20.48817   41  133          -   18.71287      -  63.0 28760s
 57013837 12614437   20.13551   36  155          -   18.71316      -  63.0 28765s
 57026536 12615682   19.10456   34  241          -   18.71343      -  63.0 28770s
 57041043 12617019   20.69539   44  199          -   18.71375      -  63.0 28775s
 57055127 12618457   21.47188   41  153          -   18.71412      -  63.0 28780s
 57068803 12619624   21.40259   32  165          -   18.71429      -  63.0 28785s
 57082218 12620555   20.41927   50  137          -   18.71429      -  63.0 28790s
 57095727 12621486     cutoff   34               -   18.71429      -  63.0 28795s
 57106517 12622257   19.63019   36  202          -   18.71429      -  63.0 28801s
 57116424 12622863   20.70701   28  220          -   18.71429      -  63.0 28805s
 57128455 12623532   19.36089   49  158          -   18.71429      -  63.0 28810s
 57141026 12624282   20.92108   40  194          -   18.71429      -  63.0 28815s
 57154358 12624999   19.25000   49   73          -   18.71429      -  63.0 28820s
 57167190 12625629     cutoff   36               -   18.71429      -  63.0 28825s
 57180377 12626407     cutoff   55               -   18.71429      -  63.0 28830s
 57192728 12627237   19.15000   56  117          -   18.71429      -  63.0 28835s
 57205820 12628049   21.33987   40  132          -   18.71429      -  63.0 28840s
 57218507 12628863   18.95349   45  136          -   18.71429      -  63.0 28845s
 57232174 12630205   21.37134   42  197          -   18.71447      -  63.0 28850s
 57241354 12631000   19.58125   43  210          -   18.71474      -  63.0 28855s
 57253042 12632160   19.37380   40  187          -   18.71500      -  63.0 28860s
 57266696 12633344   20.08333   36  144          -   18.71530      -  63.0 28865s
 57280758 12634635   20.93802   40  202          -   18.71560      -  63.0 28870s
 57293950 12635866   18.75000   47   33          -   18.71587      -  63.0 28875s
 57308191 12637180   20.14415   38  146          -   18.71615      -  63.0 28880s
 57322322 12638401   18.90792   43  218          -   18.71642      -  63.0 28885s
 57335936 12639750   19.59722   43  148          -   18.71667      -  63.0 28890s
 57344527 12640630   19.71162   35  197          -   18.71682      -  63.0 28895s
 57356926 12641618   21.02356   38  208          -   18.71705      -  63.0 28900s
 57371019 12642957   20.89595   38  191          -   18.71734      -  63.0 28905s
 57385319 12644132   20.00000   45   32          -   18.71755      -  63.0 28910s
 57398767 12645285   19.25954   32  176          -   18.71783      -  63.0 28915s
 57412564 12646341   20.30367   37  166          -   18.71807      -  63.0 28920s
 57425135 12647573   19.47646   40  176          -   18.71838      -  63.0 28925s
 57438508 12648986   19.82723   33  177          -   18.71869      -  63.0 28930s
 57449004 12649800   20.48452   42  166          -   18.71875      -  63.0 28936s
 57459920 12650692   19.08346   32  223          -   18.71881      -  63.0 28940s
 57473252 12651833 infeasible   42               -   18.71916      -  63.0 28945s
 57487636 12653119   20.58458   37  139          -   18.71941      -  63.0 28950s
 57500879 12654370   19.19072   37  110          -   18.71968      -  63.0 28955s
 57514399 12655633   19.13936   39  205          -   18.71998      -  63.0 28960s
 57527235 12656598   20.72840   43  124          -   18.72000      -  63.0 28965s
 57541834 12657787   19.83640   36  199          -   18.72028      -  63.0 28970s
 57554882 12658950   19.75000   52   40          -   18.72057      -  63.0 28977s
 57562288 12659622   20.06712   37  204          -   18.72068      -  63.0 28980s
 57575459 12660733   20.28431   46  134          -   18.72093      -  63.0 28985s
 57588285 12661990   19.38115   40  203          -   18.72124      -  63.0 28990s
 57602192 12663280     cutoff   44               -   18.72149      -  63.0 28995s
 57616055 12664586   19.19538   44  179          -   18.72174      -  63.0 29000s
 57630621 12665926   20.09095   38  183          -   18.72206      -  63.0 29005s
 57643980 12667033   20.34626   47  176          -   18.72222      -  63.0 29010s
 57657801 12667967   19.67225   35  186          -   18.72222      -  63.0 29015s
 57665031 12668510   20.18323   32  161          -   18.72222      -  63.0 29020s
 57678619 12669358   19.81633   42  159          -   18.72222      -  63.0 29025s
 57691991 12670733   19.16996   33  183          -   18.72255      -  63.0 29030s
 57705776 12672011   21.74280   35  158          -   18.72283      -  63.0 29035s
 57719438 12673261   19.19880   35  194          -   18.72308      -  63.0 29040s
 57733086 12674507   19.44080   35  159          -   18.72337      -  63.0 29045s
 57746486 12675781   20.19734   45  193          -   18.72358      -  63.0 29050s
 57759993 12677099   21.50000   49   43          -   18.72382      -  63.0 29055s
 57767002 12677714   19.31195   34  199          -   18.72399      -  63.0 29060s
 57780703 12678797   21.88701   42  213          -   18.72414      -  63.0 29065s
 57793842 12679945   20.41173   37  205          -   18.72444      -  63.0 29070s
 57807655 12681132   19.19333   33  178          -   18.72472      -  63.0 29075s
 57821084 12682508   20.83333   37   70          -   18.72500      -  63.0 29080s
 57834993 12683780   19.15575   38  220          -   18.72513      -  63.0 29085s
 57848767 12685040   20.06927   34  251          -   18.72541      -  63.0 29090s
 57862218 12686311   20.32206   47  220          -   18.72566      -  63.0 29095s
 57869010 12686906   20.76347   46  200          -   18.72581      -  63.0 29100s
 57882430 12688229   19.63406   42  214          -   18.72603      -  63.0 29105s
 57895935 12689444   18.99193   33  209          -   18.72628      -  63.0 29110s
 57909805 12690934   21.93853   40  147          -   18.72656      -  63.0 29115s
 57924263 12692294   19.92634   34  168          -   18.72685      -  63.0 29120s
 57937287 12693629   21.66667   34  132          -   18.72720      -  63.0 29125s
 57950705 12694460     cutoff   39               -   18.72727      -  63.0 29130s
 57963496 12695311     cutoff   40               -   18.72727      -  63.0 29135s
 57971296 12695809   20.48062   42  182          -   18.72727      -  63.0 29140s
 57984326 12696646   19.00000   51    7          -   18.72727      -  63.0 29145s
 57998350 12697481     cutoff   46               -   18.72727      -  63.0 29150s
 58011338 12698434   20.27846   40  172          -   18.72733      -  63.0 29155s
 58025316 12699843   19.20812   47  185          -   18.72773      -  63.0 29160s
 58039708 12701301   20.59810   45  176          -   18.72803      -  63.0 29165s
 58053857 12702663   21.71616   38  176          -   18.72828      -  63.0 29170s
 58066772 12703732   19.76000   36  219          -   18.72857      -  63.0 29175s
 58077776 12704829   19.38844   36  238          -   18.72876      -  63.0 29181s
 58088477 12705761   19.50912   42  208          -   18.72897      -  63.0 29185s
 58102461 12707012   20.62992   36  148          -   18.72917      -  63.0 29190s
 58115415 12708238   20.48567   39  185          -   18.72941      -  63.0 29195s
 58128234 12709442   20.28406   43  193          -   18.72963      -  63.0 29200s
 58141727 12710597   21.95190   35  167          -   18.72976      -  63.0 29205s
 58155037 12711946   20.58503   41  205          -   18.73004      -  63.0 29210s
 58168529 12713175   21.38765   43  227          -   18.73030      -  63.0 29215s
 58178380 12714061   20.36520   36  187          -   18.73047      -  63.0 29221s
 58189507 12715105     cutoff   50               -   18.73072      -  63.0 29225s
 58202244 12716045   20.21652   35  220          -   18.73077      -  63.0 29230s
 58216188 12717101   18.84109   41  219          -   18.73089      -  63.0 29235s
 58229650 12718513   19.90775   38  200          -   18.73120      -  63.0 29240s
 58242821 12719657   19.54888   42  163          -   18.73143      -  63.0 29245s
 58256375 12720901     cutoff   44               -   18.73171      -  63.0 29250s
 58269593 12722263   19.87313   39  176          -   18.73191      -  63.0 29255s
 58282387 12723283   20.32421   38  196          -   18.73214      -  63.0 29262s
 58290417 12724002   19.84677   40  117          -   18.73228      -  63.0 29265s
 58304633 12725346   21.20777   31  149          -   18.73256      -  63.0 29270s
 58318487 12726655   20.43021   43  206          -   18.73282      -  63.0 29275s
 58332400 12727957   19.68095   44  213          -   18.73313      -  63.0 29280s
 58346393 12729050   22.09712   38  190          -   18.73333      -  63.0 29285s
 58359955 12730040   21.90421   36  177          -   18.73333      -  63.0 29290s
 58373730 12731158   19.62435   40  188          -   18.73333      -  63.0 29295s
 58387009 12732217   19.30901   34  179          -   18.73341      -  63.0 29300s
 58394341 12732968   20.51448   41  183          -   18.73357      -  63.0 29305s
 58407640 12734226   20.58267   42  224          -   18.73388      -  63.0 29310s
 58421078 12735447   21.03819   42  211          -   18.73411      -  63.0 29315s
 58434238 12736635   19.88012   37  170          -   18.73437      -  63.0 29320s
 58448079 12737796   21.00000   44    9          -   18.73462      -  63.0 29325s
 58460991 12739080   20.96365   33  169          -   18.73485      -  63.0 29330s
 58469077 12739901   19.50957   35  177          -   18.73508      -  63.0 29335s
 58474623 12740462   20.30631   37  118          -   18.73523      -  63.0 29340s
 58486701 12741229   21.66071   42  118          -   18.73529      -  63.0 29345s
 58496848 12742145   19.74737   37  146          -   18.73545      -  63.0 29351s
 58506891 12743044   19.41025   35  177          -   18.73565      -  63.0 29355s
 58520106 12744327   19.49086   48  164          -   18.73588      -  63.0 29360s
 58533705 12745604   19.03750   33  239          -   18.73616      -  63.0 29365s
 58547733 12746819   21.24900   41  178          -   18.73648      -  63.0 29370s
 58561197 12748039   19.59019   37  171          -   18.73676      -  63.0 29375s
 58574087 12748893   21.30818   47  132          -   18.73684      -  63.0 29380s
 58587288 12749766   21.50680   43  186          -   18.73684      -  63.0 29385s
 58600856 12751185   19.27957   42  109          -   18.73715      -  63.0 29390s
 58610062 12751958   19.52626   38  183          -   18.73737      -  63.0 29395s
 58623343 12753332   19.52870   41  225          -   18.73765      -  63.0 29400s
 58637820 12754869   19.62080   35  209          -   18.73795      -  63.0 29405s
 58651938 12756008   18.83278   50  240          -   18.73811      -  63.0 29410s
 58665698 12757320   19.78477   47  179          -   18.73844      -  63.0 29415s
 58678919 12758381   20.88686   45  213          -   18.73867      -  63.0 29420s
 58692896 12759484   20.36044   43  211          -   18.73898      -  63.0 29425s
 58706665 12760686   19.25499   44  190          -   18.73913      -  63.0 29430s
 58714417 12761284   19.80249   37  189          -   18.73913      -  63.0 29435s
 58728004 12762491     cutoff   56               -   18.73941      -  63.0 29440s
 58741132 12763741   19.58966   38  172          -   18.73968      -  63.0 29445s
 58754917 12764937   20.91124   33  195          -   18.73993      -  63.0 29450s
 58768766 12766104   19.50000   44   22          -   18.74013      -  63.0 29455s
 58783076 12767314   21.57051   43  177          -   18.74042      -  63.0 29460s
 58797239 12768658   20.11310   38  155          -   18.74074      -  63.0 29465s
 58810286 12769580   19.54137   44  162          -   18.74074      -  63.0 29470s
 58823990 12770895   19.33573   42  216          -   18.74105      -  63.0 29475s
 58831787 12771670   19.52200   45  209          -   18.74118      -  63.0 29480s
 58845985 12772886   21.46954   43  144          -   18.74141      -  63.0 29485s
 58859683 12774193   20.64965   41  183          -   18.74169      -  63.0 29490s
 58872868 12775221   20.24443   44  221          -   18.74194      -  63.0 29495s
 58885977 12776419   19.67336   40  161          -   18.74211      -  63.0 29500s
 58899925 12777653   20.24831   38  150          -   18.74242      -  63.0 29505s
 58913140 12778865   19.20346   43  146          -   18.74265      -  63.0 29510s
 58927024 12780096   19.35722   42  185          -   18.74286      -  63.0 29515s
 58935269 12780839   19.89111   38  191          -   18.74302      -  63.0 29520s
 58947091 12781693   19.46203   42  148          -   18.74324      -  63.0 29525s
 58960472 12782967   20.30979   34  215          -   18.74353      -  63.0 29530s
 58974452 12784121   20.66774   43  165          -   18.74372      -  63.0 29535s
 58987528 12785417   20.29347   44  202          -   18.74400      -  63.0 29540s
 59001136 12786597   19.70575   32  193          -   18.74419      -  63.0 29545s
 59015171 12787874   19.32505   40  241          -   18.74447      -  63.0 29550s
 59028558 12788942     cutoff   46               -   18.74468      -  63.0 29555s
 59041541 12790185   20.38309   50  137          -   18.74499      -  63.0 29560s
 59048439 12790803   19.04403   35  193          -   18.74511      -  63.0 29565s
 59061527 12791970   19.21013   41  191          -   18.74542      -  63.0 29570s
 59075241 12793078   19.75676   38  149          -   18.74562      -  63.0 29575s
 59088270 12794102   20.34447   38  182          -   18.74592      -  63.0 29580s
 59102216 12795304   19.63462   34  136          -   18.74622      -  63.0 29585s
 59116069 12796511   19.15733   45  172          -   18.74648      -  63.0 29590s
 59129526 12797716   19.50746   42  186          -   18.74675      -  63.0 29595s
 59142515 12798821   19.38094   38  175          -   18.74703      -  63.0 29600s
 59156555 12800030   19.68026   39  183          -   18.74729      -  63.0 29605s
 59164368 12800791   21.41164   37  202          -   18.74744      -  63.0 29610s
 59178545 12802056 infeasible   39               -   18.74775      -  63.0 29615s
 59191978 12803148   19.20422   43  202          -   18.74804      -  63.0 29620s
 59205889 12804396   19.50000   41   22          -   18.74838      -  63.0 29625s
 59219281 12805575   20.65994   48  198          -   18.74872      -  63.0 29630s
 59233725 12806732   20.78592   41  170          -   18.74905      -  63.0 29635s
 59248196 12808128   20.87882   38  201          -   18.74940      -  63.0 29640s
 59259333 12809427   20.85082   36  190          -   18.74975      -  63.0 29646s
 59268015 12810196   19.09073   47  156          -   18.75000      -  63.0 29650s
 59281459 12811016     cutoff   35               -   18.75000      -  63.0 29655s
 59295919 12811934   20.75990   35  150          -   18.75000      -  63.0 29660s
 59309772 12812885   19.00000   36   12          -   18.75000      -  63.0 29665s
 59322668 12813527   21.18380   40  198          -   18.75000      -  63.0 29670s
 59336670 12814236 infeasible   35               -   18.75000      -  63.0 29675s
 59349520 12814947   19.19315   34  188          -   18.75000      -  63.0 29680s
 59363419 12815752   19.35681   39  148          -   18.75000      -  63.0 29685s
 59377232 12816573   20.36676   43  162          -   18.75000      -  63.0 29690s
 59389467 12817096   20.00000   56    9          -   18.75000      -  63.0 29695s
 59402369 12817768   19.00000   39    9          -   18.75000      -  63.0 29700s
 59409572 12818139   19.61987   41  161          -   18.75000      -  63.0 29705s
 59422321 12818765   19.03555   37  163          -   18.75000      -  63.0 29710s
 59435749 12819420     cutoff   38               -   18.75000      -  63.0 29715s
 59447822 12819868   19.01460   45  169          -   18.75000      -  63.0 29720s
 59460275 12820282   20.94293   40  149          -   18.75000      -  63.0 29725s
 59472393 12820715   19.98086   43  148          -   18.75000      -  63.0 29730s
 59474271 12820854   20.86618   37  186          -   18.75000      -  63.0 29735s
 59475846 12820964 infeasible   39               -   18.75000      -  63.0 29740s
 59479761 12821111     cutoff   42               -   18.75000      -  63.0 29745s
 59488950 12821323     cutoff   51               -   18.75000      -  63.0 29750s
 59501382 12821719     cutoff   42               -   18.75000      -  63.0 29755s
 59513388 12822210   19.83021   42  188          -   18.75000      -  63.0 29760s
 59526217 12822702   18.80000   35   74          -   18.75000      -  63.0 29765s
 59538328 12823225   22.13355   35  171          -   18.75000      -  63.0 29770s
 59550655 12823632   21.15502   38  163          -   18.75000      -  63.0 29775s
 59562351 12824111 infeasible   35               -   18.75000      -  63.0 29780s
 59575019 12824610     cutoff   41               -   18.75000      -  63.0 29785s
 59587847 12825121   19.68552   40  183          -   18.75000      -  63.0 29790s
 59597277 12825563   20.70377   43  173          -   18.75000      -  63.0 29795s
 59609696 12826111   20.77356   52  207          -   18.75000      -  63.0 29800s
 59622699 12826606     cutoff   39               -   18.75000      -  63.0 29805s
 59634306 12826943   20.11738   43  161          -   18.75000      -  63.0 29810s
 59647276 12827482   21.67927   37  183          -   18.75000      -  63.0 29815s
 59658980 12828123   21.07496   47  136          -   18.75000      -  63.0 29820s
 59672159 12828849 infeasible   44               -   18.75000      -  63.0 29825s
 59685145 12829431   21.04444   50  117          -   18.75000      -  63.0 29830s
 59696938 12829869     cutoff   46               -   18.75000      -  63.0 29835s
 59710307 12830447   20.75000   38   50          -   18.75000      -  63.0 29840s
 59723213 12831076   20.65360   56  180          -   18.75000      -  63.0 29845s
 59736618 12831829   20.87692   40  140          -   18.75000      -  63.0 29850s
 59748918 12832430   20.33256   44  149          -   18.75000      -  63.0 29855s
 59761981 12833175 infeasible   53               -   18.75000      -  63.0 29860s
 59771198 12833767   19.30968   42  142          -   18.75000      -  63.0 29865s
 59784475 12834589   18.84726   49  154          -   18.75000      -  63.0 29870s
 59797566 12835286     cutoff   50               -   18.75000      -  63.0 29875s
 59810551 12836064   19.16318   60  171          -   18.75000      -  63.0 29880s
 59824254 12836958   20.96168   45  147          -   18.75000      -  63.0 29885s
 59837885 12837878     cutoff   39               -   18.75000      -  63.0 29890s
 59851615 12838693   19.25000   50   82          -   18.75000      -  63.0 29895s
 59865940 12839677   20.75308   44  212          -   18.75007      -  63.0 29900s
 59879525 12840980   20.53425   41  218          -   18.75054      -  63.0 29905s
 59892821 12842252   19.43137   39  205          -   18.75088      -  63.0 29910s
 59901080 12843016   20.32406   42  206          -   18.75107      -  63.0 29915s
 59914703 12844266   22.03743   46  211          -   18.75139      -  63.0 29920s
 59927551 12845340   21.18358   42  225          -   18.75167      -  63.0 29925s
 59942129 12846657   19.43025   39  201          -   18.75203      -  63.0 29930s
 59955259 12847974   19.91946   53  243          -   18.75233      -  63.0 29935s
 59969227 12849364   21.76616   35  183          -   18.75261      -  63.0 29940s
 59981848 12850510   20.67663   45  157          -   18.75287      -  63.0 29945s
 59996176 12851796   20.54156   42  210          -   18.75316      -  63.0 29950s
 60003514 12852371   19.44113   40  204          -   18.75330      -  63.0 29955s
 60016900 12853526   20.34932   40  174          -   18.75353      -  63.0 29960s
 60030403 12854795   19.20755   44  180          -   18.75380      -  63.0 29965s
 60043317 12855892   20.05404   42  184          -   18.75407      -  63.0 29970s
 60056207 12857121   19.43429   42  192          -   18.75432      -  63.0 29975s
 60070610 12858475   21.34806   48  214          -   18.75458      -  63.0 29980s
 60084275 12859604   21.57084   36  173          -   18.75481      -  63.0 29985s
 60097489 12860724   20.01834   33  159          -   18.75510      -  63.0 29990s
 60110994 12861845   19.83148   42  198          -   18.75532      -  63.0 29997s
 60117954 12862606   19.97392   44  197          -   18.75546      -  63.0 30000s
 60131491 12863673   20.08824   31  145          -   18.75568      -  63.0 30005s
 60145165 12864740   21.61516   42  183          -   18.75595      -  63.0 30010s
 60158853 12865984   19.79150   38  216          -   18.75612      -  63.0 30015s
 60172076 12867220   19.50000   44   24          -   18.75641      -  63.0 30020s
 60185567 12868491   20.56473   36  222          -   18.75663      -  63.0 30025s
 60198553 12869490   19.73832   30  175          -   18.75682      -  63.0 30030s
 60212278 12870778   20.42292   40  161          -   18.75711      -  63.0 30035s
 60218063 12871301   21.29723   32  221          -   18.75720      -  63.0 30040s
 60231822 12872508   19.51098   40  195          -   18.75749      -  63.0 30045s
 60244675 12873357   19.99186   40  185          -   18.75758      -  63.0 30050s
 60257694 12874516   21.28949   35  213          -   18.75789      -  63.0 30055s
 60270154 12875741   20.95763   41  185          -   18.75810      -  63.0 30060s
 60283748 12877036   19.99275   39  201          -   18.75836      -  63.0 30065s
 60296833 12878224     cutoff   51               -   18.75862      -  63.0 30070s
 60311136 12879478   22.04596   40  205          -   18.75870      -  63.0 30075s
 60320637 12880341   19.50000   43   19          -   18.75893      -  63.0 30081s
 60331067 12881265   20.09539   39  153          -   18.75915      -  63.0 30085s
 60344094 12882329   20.15495   42  183          -   18.75933      -  63.0 30090s
 60357781 12883566   21.84160   40  219          -   18.75962      -  63.0 30095s
 60370861 12884873   19.28930   32  190          -   18.75985      -  63.0 30100s
 60383756 12885741   20.00000   37   13          -   18.76000      -  63.0 30105s
 60397830 12886959   21.46736   47  202          -   18.76019      -  63.0 30110s
 60410763 12888100   20.44282   39  196          -   18.76045      -  63.0 30115s
 60423761 12889251   19.84286   36  191          -   18.76072      -  63.0 30120s
 60432462 12889959   20.44893   36  203          -   18.76087      -  63.0 30125s
 60444852 12891116   19.28271   33  150          -   18.76109      -  63.0 30130s
 60458057 12892234   20.92982   36  174          -   18.76136      -  63.0 30135s
 60471935 12893477   19.57850   39  180          -   18.76160      -  63.0 30140s
 60484408 12894455   20.66046   34  222          -   18.76190      -  63.0 30145s
 60497817 12895292   21.11401   39  215          -   18.76190      -  63.0 30150s
 60511144 12896328   19.71036   39  194          -   18.76204      -  63.0 30155s
 60524991 12897694 infeasible   37               -   18.76236      -  63.0 30160s
 60537555 12898662   21.14186   42  165          -   18.76259      -  63.0 30165s
 60545193 12899330   20.81634   34  176          -   18.76271      -  63.0 30170s
 60558382 12900476   19.44791   35  233          -   18.76301      -  63.0 30175s
 60571910 12901661   20.80000   43  107          -   18.76316      -  63.0 30180s
 60584703 12902801   19.17973   57  149          -   18.76344      -  63.0 30185s
 60598676 12904204   21.18972   37  205          -   18.76369      -  63.0 30190s
 60612626 12905452   19.32910   37  200          -   18.76390      -  63.0 30195s
 60625403 12906617   20.12917   41  233          -   18.76415      -  63.0 30200s
 60639298 12907985   19.41740   38  154          -   18.76444      -  63.0 30205s
 60646858 12908649   19.37034   38  187          -   18.76462      -  63.0 30210s
 60659742 12909680   19.88291   35  151          -   18.76471      -  63.0 30215s
 60672469 12910411   19.21478   46  186          -   18.76471      -  63.0 30220s
 60685504 12911542     cutoff   45               -   18.76485      -  63.0 30225s
 60698861 12912770   19.99237   41  189          -   18.76515      -  63.0 30230s
 60712739 12914090   19.09380   44  161          -   18.76541      -  63.0 30235s
 60725971 12915380   19.29260   42  176          -   18.76563      -  63.0 30240s
 60739425 12916657   20.06926   49  175          -   18.76587      -  63.0 30245s
 60752546 12917728   20.04498   35  175          -   18.76610      -  63.0 30252s
 60760823 12918432   21.33094   49  153          -   18.76623      -  63.0 30255s
 60773704 12919564   20.76625   46  185          -   18.76657      -  63.0 30260s
 60787161 12920477   21.01724   41  175          -   18.76667      -  63.0 30265s
 60800089 12921570   20.17381   38  239          -   18.76689      -  63.0 30270s
 60813734 12922723   19.65602   38  179          -   18.76716      -  63.0 30275s
 60827080 12923903   19.21608   34  235          -   18.76744      -  63.0 30280s
 60840020 12924872   20.58212   31  164          -   18.76763      -  63.0 30285s
 60853993 12926029   19.39575   39  165          -   18.76786      -  63.0 30290s
 60861056 12926707   20.45817   39  185          -   18.76800      -  63.0 30295s
 60874834 12927922   20.53082   45  195          -   18.76829      -  63.0 30300s
 60888623 12929210   19.88851   54  206          -   18.76852      -  63.0 30305s
 60902498 12930441   21.15434   46  154          -   18.76882      -  63.0 30310s
 60916427 12931711   21.74185   49  196          -   18.76914      -  63.0 30315s
 60929236 12932665   20.40567   39  210          -   18.76923      -  63.0 30320s
 60943190 12933609   19.99916   32  174          -   18.76923      -  63.0 30325s
 60956186 12934534   20.50119   39  149          -   18.76923      -  63.0 30330s
 60968541 12935344   20.00000   37   46          -   18.76923      -  63.0 30335s
 60980262 12936337   19.70110   41  198          -   18.76940      -  63.0 30342s
 60988235 12936999   19.76738   36  166          -   18.76959      -  63.0 30345s
 61001549 12938127   19.12739   39  157          -   18.76988      -  63.0 30350s
 61014360 12939449   21.52344   50  224          -   18.77011      -  63.0 30355s
 61027160 12940599   19.83630   37  181          -   18.77035      -  63.0 30360s
 61040862 12941926     cutoff   41               -   18.77059      -  63.0 30365s
 61053035 12942996   20.18452   41  128          -   18.77083      -  63.0 30370s
 61066221 12944057   20.50906   35  216          -   18.77101      -  63.0 30375s
 61079821 12945294   19.15257   45  220          -   18.77131      -  63.0 30380s
 61087633 12945805   20.08164   35  181          -   18.77143      -  63.0 30385s
 61099997 12946876   21.73541   51  177          -   18.77164      -  63.0 30390s
 61113724 12948010   19.49142   41  156          -   18.77191      -  63.0 30395s
 61127688 12949097   20.28632   37  167          -   18.77215      -  63.0 30400s
 61141911 12950418   20.49740   37  211          -   18.77241      -  63.0 30405s
 61155046 12951640   21.84586   37  198          -   18.77273      -  63.0 30410s
 61167592 12952455   20.91280   39  218          -   18.77273      -  63.0 30415s
 61180820 12953294     cutoff   38               -   18.77273      -  63.0 30420s
 61194837 12954575   21.17349   42  206          -   18.77300      -  63.0 30425s
 61201652 12955227   20.90951   41  188          -   18.77315      -  63.0 30430s
 61215219 12956639   19.00367   40  196          -   18.77340      -  63.0 30435s
 61228440 12957898   19.90204   38  185          -   18.77361      -  63.0 30440s
 61242035 12958987     cutoff   48               -   18.77388      -  63.0 30445s
 61255964 12960125   19.88095   39   81          -   18.77419      -  63.0 30450s
 61269728 12961303   19.94118   39   87          -   18.77431      -  63.0 30455s
 61283254 12962474   20.13393   45  140          -   18.77457      -  63.0 30460s
 61296593 12963601   19.33176   34  179          -   18.77483      -  63.0 30465s
 61304771 12964407   19.60354   30  213          -   18.77499      -  63.0 30470s
 61319156 12965491   20.18021   35  189          -   18.77507      -  62.9 30475s
 61331791 12966585   19.12354   43  124          -   18.77535      -  62.9 30480s
 61345622 12967708   20.12601   42  205          -   18.77563      -  62.9 30485s
 61358771 12968815   20.24419   54  203          -   18.77586      -  62.9 30490s
 61372514 12970074   19.11681   37  199          -   18.77615      -  62.9 30495s
 61385933 12971266   19.63120   46  146          -   18.77638      -  62.9 30500s
 61399528 12972617   20.53007   42  213          -   18.77660      -  62.9 30505s
 61410990 12973662   19.22005   40  168          -   18.77686      -  62.9 30511s
 61421000 12974569   21.65918   38  161          -   18.77707      -  62.9 30515s
 61434690 12975878   20.50493   42  143          -   18.77743      -  62.9 30520s
 61447902 12977031   20.83333   37   93          -   18.77778      -  62.9 30525s
 61461650 12977722   19.64929   42  193          -   18.77778      -  62.9 30530s
 61475338 12978506   20.30769   41  107          -   18.77778      -  62.9 30535s
 61488062 12979256   19.00000   45    9          -   18.77778      -  62.9 30540s
 61501200 12979943   21.09110   51  157          -   18.77778      -  62.9 30545s
 61515599 12980752   20.16667   44   52          -   18.77778      -  62.9 30550s
 61530018 12981609   18.94447   44  196          -   18.77778      -  62.9 30555s
 61543854 12982449   20.00000   43   29          -   18.77778      -  62.9 30561s
 61555566 12983191   20.73040   39  189          -   18.77778      -  62.9 30565s
 61569813 12984426   19.75586   36  190          -   18.77812      -  62.9 30570s
 61584034 12985729   19.24011   39  195          -   18.77846      -  62.9 30575s
 61599196 12987217   19.89597   41  131          -   18.77877      -  62.9 30580s
 61615438 12988653   19.73727   35  172          -   18.77907      -  62.9 30585s
 61630969 12990119     cutoff   40               -   18.77941      -  62.9 30590s
 61647744 12991637   20.41632   45  172          -   18.77967      -  62.9 30595s
 61660260 12992730   19.22073   40  190          -   18.77996      -  62.9 30600s
 61675775 12994064   20.78954   30  145          -   18.78017      -  62.9 30605s
 61695571 12995819   19.86056   38  219          -   18.78049      -  62.9 30610s
 61715658 12997674   19.20006   35  170          -   18.78088      -  62.9 30615s
 61735661 12999411   19.14997   40  174          -   18.78125      -  62.9 30620s
 61756716 13001081   19.96667   38  128          -   18.78148      -  62.9 30625s
 61773861 13002654   19.01943   41  137          -   18.78182      -  62.9 30630s
 61794582 13004476   19.74137   33  163          -   18.78216      -  62.9 30635s
 61814226 13006191   20.08803   39  122          -   18.78261      -  62.9 30640s
 61834240 13007761   20.59130   41  192          -   18.78271      -  62.9 30645s
 61854645 13009599   19.71734   39  203          -   18.78316      -  62.9 30650s
 61873117 13011161   20.41959   37  214          -   18.78348      -  62.9 30655s
 61892979 13012757   21.04751   39  167          -   18.78378      -  62.9 30660s
 61913522 13014626   19.05719   35  190          -   18.78418      -  62.9 30665s
 61934578 13016357   21.33113   38  176          -   18.78454      -  62.9 30670s
 61945029 13017183   19.08839   45  205          -   18.78480      -  62.9 30675s
 61964095 13018683   19.00000   41   39          -   18.78516      -  62.9 30680s
 61981506 13020368   19.62773   42  186          -   18.78557      -  62.9 30685s
 62002582 13021866   19.85185   44  204          -   18.78571      -  62.9 30690s
 62015401 13022749   21.65335   47  204          -   18.78571      -  62.9 30695s
 62028749 13023731   20.07562   41  195          -   18.78571      -  62.9 30700s
 62041806 13024560   20.91504   39  180          -   18.78571      -  62.9 30705s
 62055624 13025382   20.51613   37  150          -   18.78571      -  62.9 30710s
 62069232 13026667   20.18935   30  160          -   18.78602      -  62.9 30715s
 62083358 13028040   20.74994   45  162          -   18.78632      -  62.9 30720s
 62096722 13029330   19.89720   37  185          -   18.78659      -  62.9 30725s
 62104446 13029998   18.88820   42  206          -   18.78673      -  62.9 30730s
 62117647 13031139     cutoff   48               -   18.78699      -  62.9 30735s
 62130510 13032286   21.45851   39  170          -   18.78723      -  62.9 30740s
 62143388 13033503     cutoff   40               -   18.78750      -  62.9 30745s
 62157386 13034907   19.15015   45  173          -   18.78777      -  62.9 30750s
 62169931 13035776 infeasible   38               -   18.78788      -  62.9 30755s
 62183742 13037078   21.00834   37  166          -   18.78818      -  62.9 30760s
 62197980 13038476   19.94983   47  228          -   18.78846      -  62.9 30765s
 62205406 13038923 infeasible   40               -   18.78853      -  62.9 30770s
 62219253 13040165   19.43554   34  209          -   18.78881      -  62.9 30775s
 62232211 13041336   19.93293   36  207          -   18.78909      -  62.9 30780s
 62246020 13042556   19.63879   35  195          -   18.78947      -  62.9 30785s
 62259658 13043431   21.53724   40  182          -   18.78947      -  62.9 30790s
 62272190 13044333   19.15610   37  188          -   18.78947      -  62.9 30795s
 62286844 13045755   20.56844   37  197          -   18.78980      -  62.9 30800s
 62299562 13046923   21.08688   40  192          -   18.79007      -  62.9 30805s
 62310366 13047842   20.72648   40  177          -   18.79028      -  62.9 30811s
 62320172 13048762   21.03872   47  187          -   18.79044      -  62.9 30815s
 62333327 13049842   20.63077   37  166          -   18.79070      -  62.9 30820s
 62346958 13050973   21.54810   49  197          -   18.79095      -  62.9 30825s
 62360671 13052229   19.96172   36  180          -   18.79121      -  62.9 30830s
 62374322 13053469   19.17020   47  191          -   18.79152      -  62.9 30835s
 62388146 13054597   20.06561   43  135          -   18.79167      -  62.9 30840s
 62401346 13055520   20.14362   38  134          -   18.79167      -  62.9 30845s
 62415181 13056731   19.22327   36  192          -   18.79185      -  62.9 30850s
 62422828 13057427   21.69593   36  199          -   18.79200      -  62.9 30855s
 62435376 13058506   19.88480   40  211          -   18.79226      -  62.9 30860s
 62449287 13059643     cutoff   45               -   18.79252      -  62.9 30865s
 62463235 13060833   22.02959   50  196          -   18.79277      -  62.9 30870s
 62476811 13062098   20.81795   38  146          -   18.79307      -  62.9 30875s
 62489791 13062947   21.34375   40  112          -   18.79310      -  62.9 30880s
 62502787 13064208   20.14820   40  163          -   18.79341      -  62.9 30885s
 62515600 13065179   20.67611   38  187          -   18.79368      -  62.9 30890s
 62527915 13066267   19.38227   34  164          -   18.79395      -  62.9 30896s
 62538434 13067080   20.46486   45  181          -   18.79412      -  62.9 30900s
 62551708 13068278     cutoff   38               -   18.79427      -  62.9 30905s
 62565186 13069527   20.86860   43  193          -   18.79452      -  62.9 30910s
 62578596 13070666   19.36864   39  190          -   18.79478      -  62.9 30915s
 62591748 13071634   20.77862   39  215          -   18.79497      -  62.9 30920s
 62604648 13072796   19.66117   38  209          -   18.79521      -  62.9 30925s
 62618980 13073985   19.78669   40  151          -   18.79545      -  62.9 30930s
 62631818 13075079   19.14770   36  167          -   18.79561      -  62.9 30935s
 62640146 13075718   19.40000   37  106          -   18.79577      -  62.9 30940s
 62653162 13076894   19.45891   44  172          -   18.79598      -  62.9 30945s
 62666417 13077956   20.66078   34  172          -   18.79629      -  62.9 30950s
 62678700 13079054   20.29931   39  137          -   18.79644      -  62.9 30955s
 62692375 13080355     cutoff   53               -   18.79672      -  62.9 30960s
 62705333 13081347   20.52320   31  181          -   18.79691      -  62.9 30965s
 62719426 13082565   20.30740   39  174          -   18.79718      -  62.9 30970s
 62731686 13083590   19.65809   40  177          -   18.79740      -  62.9 30975s
 62745729 13084776   21.24485   35  180          -   18.79764      -  62.9 30980s
 62751928 13085395   19.19808   45  196          -   18.79778      -  62.9 30985s
 62765560 13086651   19.46757   44  210          -   18.79803      -  62.9 30990s
 62778628 13087755   21.34337   41  182          -   18.79828      -  62.9 30995s
 62790401 13088732     cutoff   33               -   18.79854      -  62.9 31000s
 62790539 13088850     cutoff   37               -   18.79866      -  62.9 31005s
 62790667 13088963   20.78987   45  214          -   18.79876      -  62.9 31010s
 62791675 13089174   19.71026   37  249          -   18.79885      -  62.9 31016s
 62793294 13089256   19.93982   38  178          -   18.79887      -  62.9 31020s
 62796810 13089479   20.97214   40  169          -   18.79890      -  62.9 31025s
 62807063 13089998   20.10013   39  183          -   18.79913      -  62.9 31030s
 62819781 13091094   19.16096   35  230          -   18.79943      -  62.9 31035s
 62832676 13092135   19.34466   38  131          -   18.79976      -  62.9 31040s
 62846093 13093151   20.41357   43  177          -   18.80000      -  62.9 31045s
 62859251 13094011   19.27717   38  196          -   18.80000      -  62.9 31050s
 62865896 13094393   20.00000   43   10          -   18.80000      -  62.9 31055s
 62878350 13094962 infeasible   39               -   18.80000      -  62.9 31060s
 62891436 13095645   19.30451   45  139          -   18.80000      -  62.9 31065s
 62904287 13096328   19.34533   41  152          -   18.80000      -  62.9 31070s
 62917049 13096843   19.00000   41   12          -   18.80000      -  62.9 31075s
 62929194 13097244   19.00000   57    9          -   18.80000      -  62.9 31080s
 62941519 13097860     cutoff   33               -   18.80000      -  62.9 31085s
 62953814 13098248   20.82586   34  165          -   18.80000      -  62.9 31090s
 62966343 13098749   19.24701   45  231          -   18.80000      -  62.9 31095s
 62978327 13099226   21.01163   45  164          -   18.80000      -  62.9 31100s
 62990514 13099800   19.74700   48  181          -   18.80000      -  62.9 31105s
 63002212 13100345   20.55144   46  184          -   18.80000      -  62.9 31110s
 63014603 13100826     cutoff   40               -   18.80000      -  62.9 31115s
 63027025 13101329   21.41181   36  188          -   18.80000      -  62.9 31120s
 63038110 13101716   21.45656   39  173          -   18.80000      -  62.9 31125s
 63046712 13102095   19.00000   44   11          -   18.80000      -  62.9 31130s
 63056957 13102462   20.77848   45  134          -   18.80000      -  62.9 31135s
 63068839 13102980   19.00000   38    9          -   18.80000      -  62.9 31140s
 63081276 13103492   19.88987   41  174          -   18.80000      -  62.9 31145s
 63093431 13104001   20.59456   38  187          -   18.80000      -  62.9 31150s
 63105615 13104544   19.84755   39  189          -   18.80000      -  62.9 31155s
 63117662 13105156   20.46429   37  117          -   18.80000      -  62.9 31160s
 63130402 13105842   20.50000   43   19          -   18.80000      -  62.9 31165s
 63141763 13106474     cutoff   46               -   18.80000      -  62.9 31170s
 63155340 13107654   20.73561   41  216          -   18.80027      -  62.9 31175s
 63169174 13108942   19.05063   43  118          -   18.80062      -  62.9 31180s
 63181993 13109895   19.26601   50  181          -   18.80090      -  62.9 31185s
 63193668 13110940   20.35515   31  202          -   18.80114      -  62.9 31191s
 63202858 13111815   19.28101   36  184          -   18.80133      -  62.9 31195s
 63216107 13112973   19.02245   38  220          -   18.80163      -  62.9 31200s
 63230477 13114190   20.38932   38  218          -   18.80190      -  62.9 31205s
 63244390 13115523   19.26220   39  185          -   18.80214      -  62.9 31210s
 63257881 13116559   20.78047   38  206          -   18.80240      -  62.9 31215s
 63271153 13117474   20.93147   41  225          -   18.80263      -  62.9 31220s
 63284540 13118664   19.43123   37  200          -   18.80293      -  62.9 31225s
 63298593 13119709   21.08112   28  191          -   18.80314      -  62.9 31230s
 63308517 13120445     cutoff   43               -   18.80330      -  62.9 31236s
 63319149 13121420   18.99352   39  202          -   18.80354      -  62.9 31240s
 63332111 13122558   22.11584   47  213          -   18.80377      -  62.9 31245s
 63345555 13123629   21.79002   45  215          -   18.80402      -  62.9 31250s
 63358427 13124810   20.76050   36  208          -   18.80430      -  62.9 31255s
 63371241 13125625   19.01280   40  226          -   18.80445      -  62.9 31260s
 63384851 13126707   20.59551   32   91          -   18.80472      -  62.9 31265s
 63398887 13127844   21.00000   45    1          -   18.80490      -  62.9 31270s
 63411876 13129023   20.97857   39  218          -   18.80516      -  62.9 31275s
 63420913 13129728   19.07356   44  170          -   18.80533      -  62.9 31280s
 63433187 13130787   21.69951   36  128          -   18.80556      -  62.9 31285s
 63445886 13131736 infeasible   44               -   18.80566      -  62.9 31290s
 63459554 13132955   19.94576   39  195          -   18.80597      -  62.9 31295s
 63473985 13134297   20.16231   35  195          -   18.80623      -  62.9 31300s
 63487055 13135381   19.49100   42  140          -   18.80645      -  62.9 31305s
 63500374 13136400   19.53061   40  132          -   18.80659      -  62.9 31310s
 63514337 13137638   19.14541   39  202          -   18.80687      -  62.9 31315s
 63528002 13138921   20.35419   36  249          -   18.80713      -  62.9 31320s
 63534463 13139425   20.43388   51  193          -   18.80723      -  62.9 31325s
 63548227 13140710   21.57874   39  188          -   18.80752      -  62.9 31330s
 63562545 13141985   21.15785   39  170          -   18.80769      -  62.9 31335s
 63575895 13142858   19.31073   38  177          -   18.80769      -  62.9 31340s
 63588990 13143990   21.51352   43  181          -   18.80790      -  62.9 31345s
 63602574 13145069   20.56015   40  186          -   18.80822      -  62.9 31350s
 63615965 13146317   21.22464   36  122          -   18.80847      -  62.9 31355s
 63630271 13147447   20.70000   39   68          -   18.80870      -  62.9 31360s
 63639997 13148285   19.28447   44  225          -   18.80885      -  62.9 31366s
 63650808 13149150     cutoff   45               -   18.80906      -  62.9 31370s
 63665176 13150506   19.83830   35  204          -   18.80935      -  62.9 31375s
 63679503 13151541   19.91489   42  103          -   18.80952      -  62.9 31380s
 63693327 13152376   21.10267   35  156          -   18.80952      -  62.9 31385s
 63706432 13153530   19.69892   43  221          -   18.80978      -  62.9 31390s
 63720563 13154733   19.39436   39  228          -   18.81004      -  62.9 31395s
 63733410 13155845   18.96296   44  180          -   18.81034      -  62.9 31400s
 63746615 13156950   20.77055   36  183          -   18.81054      -  62.9 31405s
 63754058 13157547   20.22867   34  184          -   18.81073      -  62.9 31410s
 63767528 13158629   21.61051   44  199          -   18.81089      -  62.9 31415s
 63780834 13159779     cutoff   37               -   18.81117      -  62.9 31420s
 63795102 13160912   19.51075   36  114          -   18.81142      -  62.9 31425s
 63809994 13162251   20.19116   30  135          -   18.81169      -  62.9 31430s
 63823533 13163440   21.39138   41  176          -   18.81193      -  62.9 31435s
 63837436 13164561     cutoff   38               -   18.81227      -  62.9 31440s
 63851566 13165544   21.92288   34  189          -   18.81250      -  62.9 31445s
 63864920 13166275   20.58030   39  206          -   18.81250      -  62.9 31450s
 63872801 13166783   19.00000   43   13          -   18.81250      -  62.9 31455s
 63885699 13167693   19.00000   44   29          -   18.81250      -  62.9 31460s
 63899170 13168540     cutoff   46               -   18.81250      -  62.9 31465s
 63912886 13169725   20.60674   41  204          -   18.81284      -  62.9 31470s
 63925847 13170767   19.03810   38  153          -   18.81313      -  62.9 31475s
 63939274 13171803   20.37859   36  229          -   18.81337      -  62.9 31480s
 63952670 13173009   19.28651   33  217          -   18.81362      -  62.9 31485s
 63966217 13174184   19.00755   42  179          -   18.81387      -  62.9 31490s
 63978995 13175322   20.82114   46  197          -   18.81407      -  62.9 31495s
 63987280 13176043   19.36782   48  177          -   18.81422      -  62.9 31500s
 64000417 13177156   19.75020   32  195          -   18.81449      -  62.9 31505s
 64014296 13178441   20.97336   33  189          -   18.81478      -  62.9 31510s
 64027866 13179349   19.53637   37  135          -   18.81481      -  62.9 31515s
 64040963 13180419   20.38101   43  208          -   18.81505      -  62.9 31520s
 64054721 13181661   20.30946   34  187          -   18.81532      -  62.9 31525s
 64068693 13182852   19.68571   38  166          -   18.81560      -  62.9 31530s
 64081879 13184074   20.54167   29  131          -   18.81579      -  62.9 31535s
 64095334 13185250   19.80584   39  211          -   18.81599      -  62.9 31540s
 64104011 13185943   21.23043   40  214          -   18.81614      -  62.9 31545s
 64117797 13187252     cutoff   46               -   18.81634      -  62.9 31550s
 64131545 13188569     cutoff   46               -   18.81663      -  62.9 31555s
 64144462 13189576   19.80082   46  212          -   18.81685      -  62.9 31560s
 64156679 13190636   20.49012   37  201          -   18.81707      -  62.9 31565s
 64170279 13191800   20.24943   40  172          -   18.81731      -  62.9 31570s
 64183322 13192918   21.46571   41  138          -   18.81757      -  62.9 31575s
 64197275 13194270   21.11168   42  169          -   18.81786      -  62.9 31580s
 64205780 13194996   20.14335   35  213          -   18.81804      -  62.9 31585s
 64216617 13195780   19.67003   51  136          -   18.81818      -  62.9 31590s
 64229461 13196518   20.81809   38  181          -   18.81818      -  62.9 31595s
 64241368 13197125   19.62127   42  182          -   18.81818      -  62.9 31600s
 64254834 13197957   20.16453   41  201          -   18.81818      -  62.9 31605s
 64266737 13198585   21.00000   39   11          -   18.81818      -  62.9 31610s
 64279824 13199339   19.00000   36   10          -   18.81818      -  62.9 31615s
 64292982 13200497   19.82194   37  214          -   18.81844      -  62.9 31620s
 64307106 13201694   21.53376   45  170          -   18.81879      -  62.9 31625s
 64319850 13202758   20.40881   42  169          -   18.81903      -  62.9 31630s
 64332797 13203824   21.46067   39  207          -   18.81928      -  62.9 31635s
 64342735 13204797   20.36750   46  226          -   18.81944      -  62.9 31640s
 64356241 13205935   20.69968   34  200          -   18.81967      -  62.9 31645s
 64369306 13207028   19.65574   36  185          -   18.81993      -  62.9 31650s
 64382518 13208159   19.95820   47  244          -   18.82014      -  62.9 31655s
 64396805 13209480     cutoff   42               -   18.82046      -  62.9 31660s
 64410396 13210539   19.43182   39  127          -   18.82061      -  62.9 31665s
 64423627 13211654   20.91149   41  190          -   18.82090      -  62.9 31670s
 64437017 13212857     cutoff   45               -   18.82111      -  62.9 31675s
 64446179 13213665   21.53711   37  187          -   18.82129      -  62.9 31680s
 64458368 13214645   19.24809   40  194          -   18.82143      -  62.9 31685s
 64472368 13215632   20.34064   39  176          -   18.82143      -  62.9 31690s
 64486186 13216669   19.13356   38  229          -   18.82177      -  62.9 31695s
 64499952 13217823   19.08482   35  207          -   18.82203      -  62.9 31700s
 64513816 13218955   20.34240   34  162          -   18.82222      -  62.9 31705s
 64527633 13220227   19.72422   38  187          -   18.82249      -  62.9 31710s
 64541386 13221317   19.30465   42  200          -   18.82270      -  62.9 31715s
 64555862 13222491   19.38884   39  156          -   18.82295      -  62.9 31720s
 64565226 13223253   20.47198   47  153          -   18.82313      -  62.9 31725s
 64577982 13224379   19.55400   43  222          -   18.82340      -  62.9 31730s
 64591485 13225289   21.60000   44   78          -   18.82353      -  62.9 31735s
 64604622 13226156     cutoff   37               -   18.82353      -  62.9 31740s
 64617570 13226869   20.03244   36  155          -   18.82353      -  62.9 31745s
 64631470 13228104   20.67490   34  211          -   18.82386      -  62.9 31750s
 64643903 13229264   19.90860   42  182          -   18.82413      -  62.9 31755s
 64657282 13230313   19.81348   41  162          -   18.82436      -  62.9 31760s
 64670556 13231398   21.93773   37  174          -   18.82458      -  62.9 31765s
 64679767 13232209     cutoff   46               -   18.82479      -  62.9 31770s
 64693314 13233310     cutoff   46               -   18.82500      -  62.9 31775s
 64707389 13234630   21.19681   37  152          -   18.82517      -  62.9 31780s
 64719872 13235722   20.64046   54  199          -   18.82541      -  62.9 31785s
 64732982 13236755   19.02341   37  184          -   18.82567      -  62.9 31790s
 64746925 13237885   20.05833   45  140          -   18.82592      -  62.9 31795s
 64759878 13238866   21.43966   34  219          -   18.82609      -  62.9 31800s
 64772823 13239773   20.83458   31  171          -   18.82614      -  62.9 31805s
 64785881 13240987   20.57166   55  185          -   18.82643      -  62.9 31810s
 64795027 13241633   19.18912   44  200          -   18.82661      -  62.9 31815s
 64807081 13242732 infeasible   39               -   18.82689      -  62.9 31820s
 64819749 13243831   19.57211   38  167          -   18.82709      -  62.9 31825s
 64833741 13244976   20.37815   43  197          -   18.82738      -  62.9 31830s
 64847077 13246117   20.64903   37  190          -   18.82759      -  62.9 31835s
 64860228 13247102   19.45300   30  177          -   18.82766      -  62.9 31840s
 64873589 13248144   20.48855   39  170          -   18.82793      -  62.9 31845s
 64887213 13249336   19.07953   48  207          -   18.82814      -  62.9 31850s
 64900388 13250466   19.58587   33  177          -   18.82843      -  62.9 31856s
 64909540 13251154   20.36054   38  169          -   18.82857      -  62.9 31860s
 64922155 13252045   20.54529   37  186          -   18.82873      -  62.9 31865s
 64935699 13253068   20.84199   35  160          -   18.82895      -  62.9 31870s
 64948339 13254283   20.41982   41  183          -   18.82925      -  62.9 31875s
 64961677 13255345   20.00097   41  151          -   18.82942      -  62.9 31880s
 64974860 13256321   21.29179   47  178          -   18.82966      -  62.9 31885s
 64988490 13257491   19.60340   49  211          -   18.82990      -  62.9 31890s
 65002015 13258760   20.78978   32  180          -   18.83015      -  62.9 31895s
 65014571 13259768   19.93008   40  213          -   18.83040      -  62.9 31902s
 65022848 13260407   20.38484   41  211          -   18.83054      -  62.9 31905s
 65036364 13261492   21.56294   43  134          -   18.83077      -  62.9 31910s
 65049494 13262895   21.53283   41  166          -   18.83099      -  62.9 31915s
 65062163 13263969   20.96028   41  168          -   18.83126      -  62.9 31920s
 65075772 13265102   21.59295   48  192          -   18.83153      -  62.9 31925s
 65088742 13266058   20.23321   41  189          -   18.83177      -  62.9 31930s
 65101971 13267331   20.78109   42  136          -   18.83201      -  62.9 31935s
 65115337 13268318   20.58087   44  228          -   18.83229      -  62.9 31940s
 65125103 13269203     cutoff   49               -   18.83252      -  62.9 31946s
 65135346 13270102   19.98347   32  147          -   18.83275      -  62.9 31950s
 65148533 13271222   19.84375   34  153          -   18.83307      -  62.9 31955s
 65161640 13272273   21.88165   39  201          -   18.83333      -  62.9 31960s
 65174128 13272942   21.66667   45   58          -   18.83333      -  62.9 31965s
 65187125 13273801   19.50000   42   23          -   18.83333      -  62.9 31970s
 65199138 13274362 infeasible   40               -   18.83333      -  62.9 31975s
 65211507 13274933   20.03326   39  166          -   18.83333      -  62.9 31980s
 65224621 13275594   21.37618   39  184          -   18.83333      -  62.9 31985s
 65236885 13276161   20.55000   41  174          -   18.83333      -  62.9 31990s
 65248732 13276626   21.73073   40  221          -   18.83333      -  62.9 31995s
 65261722 13277089   20.33621   47  132          -   18.83333      -  62.9 32000s
 65274251 13277586   20.08121   40  170          -   18.83333      -  62.9 32005s
 65282189 13277930   19.15215   40  174          -   18.83333      -  62.9 32010s
 65292249 13278282   19.64827   40  192          -   18.83333      -  62.9 32015s
 65304393 13278704   21.15600   41  193          -   18.83333      -  62.9 32020s
 65316324 13279248     cutoff   45               -   18.83333      -  62.9 32025s
 65329085 13279811   20.15002   43  185          -   18.83333      -  62.9 32030s
 65342040 13280464   21.51676   33  194          -   18.83333      -  62.9 32035s
 65354104 13280966 infeasible   54               -   18.83333      -  62.9 32040s
 65366660 13281442     cutoff   39               -   18.83333      -  62.9 32045s
 65378318 13281861     cutoff   42               -   18.83333      -  62.9 32050s
 65390416 13282347   21.46154   42  109          -   18.83333      -  62.9 32055s
 65402603 13282870   19.75526   33  172          -   18.83333      -  62.9 32060s
 65414758 13283413     cutoff   41               -   18.83333      -  62.9 32065s
 65427188 13283912   19.50000   47   20          -   18.83333      -  62.9 32070s
 65439398 13284588   20.14604   39  154          -   18.83333      -  62.9 32075s
 65452482 13285197   19.56522   32   74          -   18.83333      -  62.9 32080s
 65461564 13285760 infeasible   50               -   18.83333      -  62.9 32086s
 65472305 13286320   20.69642   43  208          -   18.83333      -  62.9 32090s
 65484690 13287035   20.19722   41  135          -   18.83333      -  62.9 32095s
 65498660 13288331   20.72258   46  155          -   18.83375      -  62.9 32100s
 65512704 13289547   20.61214   48  181          -   18.83407      -  62.9 32105s
 65526632 13290698   19.76741   36  197          -   18.83439      -  62.9 32110s
 65539927 13291765   21.41009   40  200          -   18.83469      -  62.9 32115s
 65553451 13292808   19.31298   37  177          -   18.83495      -  62.9 32120s
 65567578 13294034   20.46411   44  192          -   18.83523      -  62.9 32125s
 65580926 13295140   20.67742   38  139          -   18.83550      -  62.9 32132s
 65587903 13295785 infeasible   52               -   18.83562      -  62.9 32135s
 65601458 13297054   19.64180   34  150          -   18.83590      -  62.9 32140s
 65615213 13298320   21.11458   44  209          -   18.83617      -  62.9 32145s
 65628332 13299464   21.09028   35  209          -   18.83640      -  62.9 32150s
 65642495 13300799   19.30420   37  183          -   18.83667      -  62.9 32155s
 65656318 13301972   19.70981   33  164          -   18.83689      -  62.9 32160s
 65669187 13303167   20.03193   36  171          -   18.83712      -  62.9 32165s
 65681743 13304166   19.41562   33  205          -   18.83732      -  62.9 32170s
 65690341 13304809   19.02857   39  150          -   18.83750      -  62.9 32175s
 65702568 13305794   20.18458   37  198          -   18.83771      -  62.9 32180s
 65717396 13307041   20.16504   32  192          -   18.83787      -  62.9 32185s
 65729870 13308226   20.13089   36  169          -   18.83814      -  62.9 32190s
 65744310 13309424   20.68706   37  211          -   18.83841      -  62.9 32195s
 65758002 13310699   20.12422   34  187          -   18.83871      -  62.9 32200s
 65771489 13311689   20.69144   43  199          -   18.83878      -  62.9 32205s
 65784503 13312782   20.33760   38  179          -   18.83907      -  62.9 32210s
 65794688 13313618   19.09062   40  186          -   18.83929      -  62.9 32215s
 65806839 13314545   19.03048   39  186          -   18.83944      -  62.9 32220s
 65820653 13315498   19.27470   50  166          -   18.83975      -  62.9 32225s
 65833694 13316441   19.38477   37  184          -   18.84000      -  62.9 32230s
 65846791 13317322   19.10729   42  166          -   18.84000      -  62.9 32235s
 65861054 13318510   20.12170   37  189          -   18.84034      -  62.9 32240s
 65874713 13319572   20.31245   31  185          -   18.84058      -  62.9 32245s
 65888382 13320602   19.23665   34  203          -   18.84086      -  62.9 32250s
 65902615 13321820   19.42437   42  217          -   18.84099      -  62.9 32255s
 65915197 13322940   21.06716   45  137          -   18.84127      -  62.9 32260s
 65923999 13323659   19.68467   41  176          -   18.84140      -  62.9 32265s
 65937516 13324878   18.96781   38  232          -   18.84167      -  62.9 32270s
 65950425 13326036   20.91729   46  178          -   18.84195      -  62.9 32275s
 65963712 13326792   20.54751   36  189          -   18.84211      -  62.9 32280s
 65976800 13327629   20.60000   47   78          -   18.84211      -  62.9 32285s
 65989656 13328605   21.54263   41  189          -   18.84226      -  62.9 32290s
 66003105 13329825     cutoff   39               -   18.84254      -  62.9 32295s
 66016687 13330949   19.34016   47  223          -   18.84281      -  62.9 32300s
 66029520 13331921   19.45506   40  102          -   18.84303      -  62.9 32305s
 66038181 13332796   20.12240   40  187          -   18.84316      -  62.9 32310s
 66051579 13333901   20.08116   47  213          -   18.84345      -  62.9 32315s
 66065194 13335073   19.98000   46  164          -   18.84375      -  62.9 32320s
 66077851 13335942   19.31226   44  183          -   18.84375      -  62.9 32325s
 66090973 13337052   19.83627   40  175          -   18.84401      -  62.9 32330s
 66104114 13338228   19.31865   37  212          -   18.84426      -  62.9 32335s
 66117384 13339278   19.77864   35  206          -   18.84447      -  62.9 32340s
 66130578 13340454   20.14701   35  227          -   18.84474      -  62.9 32345s
 66144099 13341593   21.02936   40  157          -   18.84497      -  62.9 32352s
 66151909 13342145   19.02100   39  174          -   18.84507      -  62.9 32355s
 66164609 13343250   20.35606   33  208          -   18.84530      -  62.9 32360s
 66178307 13344466   19.32149   47  192          -   18.84555      -  62.9 32365s
 66191899 13345442   19.36708   38  239          -   18.84582      -  62.9 32370s
 66204143 13346648   19.37248   31  106          -   18.84611      -  62.9 32375s
 66217999 13347538   21.48155   48  198          -   18.84615      -  62.9 32380s
 66230226 13348166   19.18344   35  171          -   18.84615      -  62.9 32385s
 66242968 13348979   19.31460   42  211          -   18.84615      -  62.9 32390s
 66256651 13349717   20.18599   37  179          -   18.84615      -  62.9 32395s
 66268694 13350580   19.48108   34  186          -   18.84628      -  62.9 32401s
 66276251 13351207   19.38877   29  187          -   18.84649      -  62.9 32405s
 66290126 13352298   21.03892   42  198          -   18.84674      -  62.9 32410s
 66303006 13353321   19.00000   42    4          -   18.84699      -  62.9 32415s
 66315159 13354273   19.84615   39   65          -   18.84722      -  62.9 32420s
 66328416 13355325   20.29600   42  199          -   18.84746      -  62.9 32425s
 66340974 13356294   20.73587   33  170          -   18.84770      -  62.9 32430s
 66355330 13357250   21.55925   41  176          -   18.84783      -  62.9 32435s
 66367353 13358206   20.76304   38  157          -   18.84810      -  62.9 32440s
 66380808 13359303   19.26995   36  231          -   18.84838      -  62.9 32445s
 66390117 13359959   19.33333   40   56          -   18.84848      -  62.9 32450s
 66401437 13360777   19.93918   43  210          -   18.84864      -  62.9 32455s
 66415268 13361890   19.62170   32  205          -   18.84891      -  62.9 32460s
 66428388 13362921   21.43720   38  206          -   18.84916      -  62.9 32465s
 66441835 13364006   20.28801   37  197          -   18.84937      -  62.9 32470s
 66455937 13365205   19.65299   49  183          -   18.84965      -  62.9 32475s
 66469428 13366398   19.37096   42  233          -   18.84995      -  62.9 32480s
 66483306 13367279   20.25527   43  138          -   18.85000      -  62.9 32485s
 66496380 13367996   21.22363   37  224          -   18.85000      -  62.9 32490s
 66510255 13368730   19.70387   36  199          -   18.85000      -  62.9 32495s
 66517489 13369372   19.63367   40  229          -   18.85020      -  62.9 32500s
 66531335 13370654   20.13717   40  156          -   18.85047      -  62.9 32505s
 66543272 13371751   19.76574   44  164          -   18.85075      -  62.9 32510s
 66556678 13372954   19.58535   39  171          -   18.85097      -  62.9 32515s
 66568991 13373969   19.79174   37  184          -   18.85119      -  62.9 32520s
 66583110 13375110   20.78503   40  179          -   18.85143      -  62.9 32525s
 66595617 13376240   20.69058   44  164          -   18.85169      -  62.9 32530s
 66608049 13377180   19.49715   45  203          -   18.85185      -  62.9 32535s
 66622166 13378148   19.52592   41  234          -   18.85197      -  62.9 32542s
 66630453 13378912 infeasible   41               -   18.85214      -  62.9 32545s
 66643065 13379997   19.53754   42  211          -   18.85240      -  62.9 32550s
 66656817 13381090   20.86812   38  188          -   18.85263      -  62.9 32555s
 66669871 13382242   19.41088   37  167          -   18.85288      -  62.9 32560s
 66684023 13383332   19.92576   38  159          -   18.85294      -  62.9 32565s
 66697207 13384516   19.91397   34  211          -   18.85319      -  62.9 32570s
 66710775 13385686   20.48193   37  175          -   18.85347      -  62.9 32575s
 66722992 13386672   19.27911   38  147          -   18.85366      -  62.9 32580s
 66732679 13387463   19.58360   35  240          -   18.85380      -  62.9 32585s
 66744352 13388316   20.78131   31  182          -   18.85400      -  62.9 32590s
 66756475 13389274   19.15176   38  113          -   18.85417      -  62.9 32595s
 66770215 13390425   19.56642   38  208          -   18.85438      -  62.9 32600s
 66784469 13391708   19.82070   45  211          -   18.85465      -  62.9 32605s
 66797430 13392699   19.65323   38  161          -   18.85484      -  62.9 32610s
 66811728 13393871   20.04579   37  209          -   18.85508      -  62.9 32615s
 66824708 13394910   19.59479   32  225          -   18.85529      -  62.9 32620s
 66838114 13395903   21.83120   35  184          -   18.85556      -  62.9 32625s
 66847680 13396608   19.40937   45  217          -   18.85575      -  62.9 32631s
 66858430 13397444   20.60000   33   40          -   18.85594      -  62.9 32635s
 66871469 13398519   19.76887   36  167          -   18.85621      -  62.9 32640s
 66883776 13399629 infeasible   50               -   18.85648      -  62.9 32645s
 66897638 13400712   20.83552   36  198          -   18.85678      -  62.9 32650s
 66910643 13401764   19.94993   51  180          -   18.85714      -  62.9 32655s
 66923938 13402519   21.65761   39  136          -   18.85714      -  62.9 32660s
 66936926 13403207   19.92500   47   85          -   18.85714      -  62.9 32665s
 66950415 13403918   20.12778   44  152          -   18.85714      -  62.9 32670s
 66962557 13404319   19.97684   40  181          -   18.85714      -  62.9 32675s
 66975505 13404973   21.19162   42  126          -   18.85714      -  62.9 32680s
 66985988 13405430   19.71200   32  142          -   18.85714      -  62.9 32686s
 66994960 13405867   20.16263   56  130          -   18.85714      -  62.9 32690s
 67007672 13406336   19.00000   43   36          -   18.85714      -  62.9 32695s
 67019548 13406737   21.84866   40  210          -   18.85714      -  62.9 32700s
 67031766 13407321   19.14815   36  101          -   18.85714      -  62.9 32705s
 67044154 13407869   20.58050   43  148          -   18.85714      -  62.9 32710s
 67056336 13408381   20.95769   38  150          -   18.85714      -  62.9 32715s
 67068386 13409061   19.69012   41  244          -   18.85714      -  62.9 32720s
 67080848 13409831   21.08333   41  112          -   18.85714      -  62.9 32725s
 67094083 13410883   20.89075   42  146          -   18.85740      -  62.9 32730s
 67107389 13412047   19.94792   36  201          -   18.85771      -  62.9 32735s
 67120256 13413091   20.19978   33  214          -   18.85798      -  62.9 32740s
 67134284 13414290   20.62050   40  168          -   18.85825      -  62.9 32747s
 67141352 13414904   19.58047   46  177          -   18.85841      -  62.9 32750s
 67154370 13416009   19.92308   40  126          -   18.85864      -  62.9 32755s
 67168241 13417180   19.64286   40   93          -   18.85891      -  62.9 32760s
 67181543 13418256   20.57902   37  231          -   18.85912      -  62.9 32765s
 67194841 13419343   21.24442   40  203          -   18.85937      -  62.9 32770s
 67207987 13420395   19.76837   36  184          -   18.85962      -  62.9 32775s
 67221331 13421404   21.33760   33  179          -   18.85988      -  62.9 32780s
 67233866 13422199   21.75240   43  186          -   18.86004      -  62.9 32785s
 67247301 13423274   21.05288   38  192          -   18.86034      -  62.9 32790s
 67254920 13423817   19.75535   31  229          -   18.86047      -  62.9 32795s
 67267953 13424988   19.79715   44  168          -   18.86066      -  62.9 32800s
 67281843 13426177   20.27335   46  194          -   18.86093      -  62.9 32805s
 67296002 13427314   19.92879   48  203          -   18.86111      -  62.9 32810s
 67308675 13428304   19.75106   46  230          -   18.86126      -  62.9 32815s
 67321953 13429449   19.35975   44  171          -   18.86152      -  62.9 32820s
 67335535 13430527   20.68680   37  247          -   18.86176      -  62.9 32825s
 67349250 13431649   20.17040   40  134          -   18.86207      -  62.9 32830s
 67362634 13432522   20.98210   36  153          -   18.86208      -  62.9 32835s
 67369962 13433261   20.50240   42  181          -   18.86224      -  62.9 32840s
 67382519 13434264   20.43919   43  162          -   18.86250      -  62.9 32845s
 67397376 13435561   20.16082   41  187          -   18.86275      -  62.9 32850s
 67411050 13436896   20.38085   36  162          -   18.86297      -  62.9 32855s
 67424263 13437902   20.17504   53  188          -   18.86321      -  62.9 32860s
 67427976 13438257     cutoff   35               -   18.86337      -  62.9 32865s
 67437573 13438985   20.32195   40  232          -   18.86363      -  62.9 32870s
 67450710 13439633   20.82295   39  175          -   18.86364      -  62.9 32875s
 67464513 13440408   19.78371   37  169          -   18.86364      -  62.9 32880s
 67477912 13441442   19.90645   38  187          -   18.86389      -  62.9 32885s
 67485640 13442064   19.94241   39  210          -   18.86405      -  62.9 32890s
 67498044 13443104     cutoff   40               -   18.86429      -  62.9 32895s
 67511820 13444240   21.62215   46  203          -   18.86457      -  62.9 32900s
 67524889 13445376   20.56361   52  173          -   18.86485      -  62.9 32905s
 67538406 13446481   19.11074   36  173          -   18.86498      -  62.9 32910s
 67552122 13447575   20.00623   47  210          -   18.86527      -  62.9 32915s
 67567060 13448675   20.62884   36  214          -   18.86548      -  62.9 32920s
 67581705 13449805   19.63285   38  168          -   18.86577      -  62.9 32925s
 67596246 13450930   19.33029   50  184          -   18.86604      -  62.9 32930s
 67607258 13451847   20.76070   48  192          -   18.86626      -  62.9 32935s
 67620860 13453171   21.09743   49  185          -   18.86657      -  62.9 32940s
 67634869 13454022   21.44444   39  126          -   18.86667      -  62.9 32945s
 67648590 13454665   20.00000   57   11          -   18.86667      -  62.9 32950s
 67663471 13455484   18.94574   46  150          -   18.86667      -  62.9 32955s
 67677521 13456422   21.91066   51  174          -   18.86685      -  62.9 32960s
 67692884 13457787   21.00000   57   31          -   18.86715      -  62.9 32965s
 67707772 13458991   19.18430   44  198          -   18.86744      -  62.9 32970s
 67722645 13460084   21.50000   47   25          -   18.86770      -  62.9 32975s
 67734500 13460979   19.23485   36  210          -   18.86792      -  62.9 32980s
 67749336 13462197   19.43200   31  180          -   18.86818      -  62.9 32985s
 67762924 13463244   19.87755   36  185          -   18.86842      -  62.9 32990s
 67781012 13464624   19.58076   35  119          -   18.86869      -  62.9 32995s
 67800726 13466280   21.02057   51  155          -   18.86905      -  62.9 33000s
 67821070 13468076   19.09027   41  182          -   18.86943      -  62.9 33005s
 67840574 13469573   20.51491   41  218          -   18.86957      -  62.9 33010s
 67857463 13470816   19.23006   38  193          -   18.86982      -  62.9 33015s
 67877962 13472473   19.44300   36  211          -   18.87024      -  62.9 33020s
 67898797 13474089   20.47763   38  142          -   18.87056      -  62.9 33025s
 67911295 13475184   20.86235   41  204          -   18.87080      -  62.9 33030s
 67925022 13476175   19.48001   40  184          -   18.87097      -  62.9 33035s
 67939364 13477243   20.60217   41  200          -   18.87121      -  62.9 33040s
 67952702 13478363   20.78344   46  148          -   18.87143      -  62.9 33045s
 67961971 13479186   20.66667   39   84          -   18.87162      -  62.9 33050s
 67975886 13480170   19.29911   39  254          -   18.87181      -  62.9 33055s
 67989916 13481438 infeasible   35               -   18.87209      -  62.9 33060s
 68003344 13482567   21.31723   46  154          -   18.87234      -  62.9 33065s
 68015782 13483469   19.83785   38  204          -   18.87255      -  62.9 33070s
 68030277 13484606   20.53567   37  214          -   18.87282      -  62.9 33075s
 68043091 13485690   19.50173   35  181          -   18.87304      -  62.9 33080s
 68056524 13486771   20.57609   36  141          -   18.87330      -  62.9 33085s
 68069374 13487803   20.57274   36  216          -   18.87355      -  62.9 33090s
 68078579 13488594   20.19631   42  197          -   18.87369      -  62.9 33095s
 68090824 13489490   19.37985   35  200          -   18.87395      -  62.9 33100s
 68104554 13490629   20.04686   43  183          -   18.87423      -  62.9 33105s
 68117294 13491669   20.35474   38  194          -   18.87452      -  62.9 33110s
 68130230 13492805   20.00000   41   45          -   18.87482      -  62.9 33115s
 68143972 13493761   20.58478   41  161          -   18.87500      -  62.9 33120s
 68156893 13494495   20.43846   42  147          -   18.87500      -  62.9 33125s
 68169159 13495120   19.98663   45  150          -   18.87500      -  62.9 33130s
 68181050 13495773   20.45000   38  135          -   18.87500      -  62.9 33135s
 68193588 13496302     cutoff   40               -   18.87500      -  62.9 33140s
 68204919 13496795     cutoff   41               -   18.87500      -  62.9 33145s
 68213880 13497147     cutoff   33               -   18.87500      -  62.9 33150s
 68226497 13497642   20.76021   39  104          -   18.87500      -  62.9 33155s
 68238845 13498193     cutoff   39               -   18.87500      -  62.9 33160s
 68251007 13498710   21.45000   51  108          -   18.87500      -  62.9 33165s
 68264276 13499253     cutoff   40               -   18.87500      -  62.9 33170s
 68277167 13499752   21.20201   36  173          -   18.87500      -  62.9 33175s
 68288839 13500309   20.84122   50  161          -   18.87500      -  62.9 33180s
 68301827 13501055   21.64000   43  115          -   18.87500      -  62.9 33185s
 68314793 13501635   20.25000   38   38          -   18.87500      -  62.9 33190s
 68327065 13502349     cutoff   34               -   18.87500      -  62.9 33195s
 68340614 13503113   19.16439   52  210          -   18.87500      -  62.9 33200s
 68354430 13504112   20.16238   34  223          -   18.87524      -  62.9 33205s
 68367183 13505118     cutoff   41               -   18.87554      -  62.9 33210s
 68374867 13505662   21.28438   36  180          -   18.87569      -  62.9 33215s
 68388007 13506607   19.80857   41  169          -   18.87600      -  62.9 33220s
 68400877 13507582   19.51316   32  173          -   18.87625      -  62.9 33225s
 68415012 13508728   20.42099   42  211          -   18.87652      -  62.9 33230s
 68425152 13509442   19.48258   37  204          -   18.87673      -  62.9 33235s
 68425931 13509576   19.60563   39  193          -   18.87682      -  62.9 33240s
 68428082 13509722   21.09010   45  203          -   18.87687      -  62.9 33245s
 68435599 13510193   20.22965   35  173          -   18.87698      -  62.9 33250s
 68447550 13510975   19.97487   42  162          -   18.87719      -  62.9 33255s
 68460539 13512117     cutoff   34               -   18.87742      -  62.9 33260s
 68473864 13513180   20.11689   35  231          -   18.87762      -  62.9 33265s
 68487188 13514220   20.01111   33  169          -   18.87786      -  62.9 33270s
 68495613 13514954   19.90869   39  191          -   18.87804      -  62.9 33275s
 68507188 13515791   20.40741   52   98          -   18.87817      -  62.9 33280s
 68520748 13516809   19.58763   35  198          -   18.87843      -  62.9 33285s
 68534297 13517968 infeasible   54               -   18.87867      -  62.9 33290s
 68547160 13518957   19.50595   39  139          -   18.87879      -  62.9 33295s
 68561219 13520152   20.26781   41  141          -   18.87906      -  62.9 33300s
 68573928 13521085   19.41690   49  173          -   18.87931      -  62.9 33305s
 68586966 13521917   21.47623   37  146          -   18.87952      -  62.9 33310s
 68600438 13522989   19.87769   35  192          -   18.87977      -  62.9 33315s
 68613559 13524011   20.01120   46  179          -   18.88000      -  62.9 33320s
 68619958 13524313   21.47029   41  230          -   18.88000      -  62.9 33325s
 68633623 13525352   19.89876   39  158          -   18.88020      -  62.9 33330s
 68647621 13526549     cutoff   47               -   18.88043      -  62.9 33335s
 68660467 13527561   20.10559   38  176          -   18.88070      -  62.9 33340s
 68673792 13528556   20.50000   46   21          -   18.88095      -  62.9 33345s
 68687193 13529531   19.23176   35  198          -   18.88114      -  62.9 33350s
 68700020 13530543   21.72358   37  182          -   18.88136      -  62.9 33355s
 68713462 13531570   19.12847   30  217          -   18.88163      -  62.9 33360s
 68726739 13532743   19.80936   41  189          -   18.88186      -  62.9 33365s
 68736722 13533504   20.57310   40  172          -   18.88208      -  62.9 33370s
 68750383 13534520   21.35091   45  136          -   18.88235      -  62.9 33375s
 68763444 13535330   19.29207   40  144          -   18.88235      -  62.9 33380s
 68776950 13536071   20.60504   52  137          -   18.88235      -  62.9 33385s
 68789603 13536888   21.67650   40  198          -   18.88253      -  62.9 33390s
 68803398 13537895   19.45221   39  216          -   18.88284      -  62.9 33395s
 68816979 13538973   21.59849   45  219          -   18.88310      -  62.9 33400s
 68830687 13540127   21.76036   41  200          -   18.88333      -  62.9 33405s
 68843576 13541056   19.57737   32  221          -   18.88353      -  62.9 33410s
 68856897 13542087   19.77491   38  182          -   18.88375      -  62.9 33415s
 68867078 13542900   20.29128   39  215          -   18.88394      -  62.9 33420s
 68879813 13543892   19.26684   37  231          -   18.88419      -  62.9 33425s
 68892894 13544926   21.66839   39  179          -   18.88449      -  62.9 33430s
 68906075 13545761   20.21429   43  119          -   18.88462      -  62.9 33435s
 68919411 13546590   19.16913   40  158          -   18.88462      -  62.9 33440s
 68932612 13547692   18.94998   38  219          -   18.88483      -  62.9 33445s
 68946208 13548719   19.96048   37  146          -   18.88509      -  62.9 33450s
 68959467 13549704   19.06189   42  147          -   18.88531      -  62.9 33455s
 68972863 13550624   20.38386   40  188          -   18.88558      -  62.9 33460s
 68985705 13551540 infeasible   38               -   18.88571      -  62.9 33465s
 68992869 13552157   19.23664   50  227          -   18.88588      -  62.9 33470s
 69006570 13553264 infeasible   48               -   18.88611      -  62.9 33475s
 69018836 13554162   21.01375   33  192          -   18.88636      -  62.9 33480s
 69032081 13555112   19.57583   40  152          -   18.88652      -  62.9 33485s
 69046346 13556309   19.31333   34  194          -   18.88679      -  62.9 33490s
 69059943 13557459   20.50339   41  177          -   18.88705      -  62.9 33495s
 69073531 13558449   19.79736   36  207          -   18.88726      -  62.9 33500s
 69086892 13559601   21.89624   34  155          -   18.88750      -  62.9 33505s
 69100023 13560755   19.41471   46  170          -   18.88772      -  62.9 33510s
 69108098 13561476   21.22131   40  155          -   18.88785      -  62.9 33515s
 69121382 13562512   19.80464   31  225          -   18.88809      -  62.9 33520s
 69134432 13563629   19.52191   36  205          -   18.88837      -  62.9 33525s
 69146825 13564680   19.48188   39  175          -   18.88865      -  62.9 33530s
 69160510 13565757   20.74176   40  151          -   18.88889      -  62.9 33535s
 69172903 13566405     cutoff   48               -   18.88889      -  62.9 33540s
 69186069 13567056 infeasible   38               -   18.88889      -  62.9 33545s
 69198480 13567553   21.11093   45  196          -   18.88889      -  62.9 33550s
 69211050 13568147     cutoff   59               -   18.88889      -  62.9 33555s
 69224007 13568808   20.93100   40  146          -   18.88889      -  62.9 33560s
 69235423 13569215   20.37251   40  177          -   18.88889      -  62.9 33565s
 69243536 13569632   20.67730   41  182          -   18.88889      -  62.9 33570s
 69255636 13570182     cutoff   43               -   18.88889      -  62.9 33575s
 69268116 13570776     cutoff   41               -   18.88889      -  62.9 33580s
 69281272 13571654   19.00000   49   76          -   18.88909      -  62.9 33585s
 69294990 13572909   20.33333   45   93          -   18.88938      -  62.9 33590s
 69307919 13574000   20.53846   49   98          -   18.88968      -  62.9 33595s
 69321543 13575126   20.44944   48  220          -   18.88998      -  62.9 33600s
 69334619 13576098   20.47113   40  150          -   18.89023      -  62.9 33605s
 69347075 13577074   19.58397   35  207          -   18.89041      -  62.9 33610s
 69360358 13578197   19.46495   35  173          -   18.89063      -  62.9 33615s
 69367165 13578779   19.60831   38  199          -   18.89078      -  62.9 33620s
 69380670 13579720   19.99931   41  205          -   18.89102      -  62.9 33625s
 69392885 13580707   19.31250   32   57          -   18.89129      -  62.9 33630s
 69406186 13581714   20.78987   32  181          -   18.89143      -  62.9 33635s
 69419328 13582673   20.61875   35  183          -   18.89167      -  62.9 33640s
 69432399 13583615   20.85849   38  118          -   18.89189      -  62.9 33645s
 69445290 13584696   19.83516   48  204          -   18.89208      -  62.9 33650s
 69459521 13585729   20.41738   39  192          -   18.89231      -  62.9 33655s
 69472480 13586696   20.56084   40  233          -   18.89256      -  62.9 33660s
 69485397 13587623   20.86604   41  189          -   18.89286      -  62.9 33665s
 69492313 13588003   22.42713   49  200          -   18.89286      -  62.9 33670s
 69506081 13588996   19.74348   37  240          -   18.89288      -  62.9 33675s
 69518659 13590029   20.92401   35  201          -   18.89314      -  62.9 33680s
 69531897 13591107   19.93221   37  189          -   18.89337      -  62.9 33685s
 69544586 13592046   21.27245   41  164          -   18.89362      -  62.9 33690s
 69557248 13593010   21.16698   37  209          -   18.89383      -  62.9 33695s
 69570070 13593877   20.97930   35  191          -   18.89404      -  62.9 33700s
 69582765 13594946   20.23306   46  223          -   18.89426      -  62.9 33705s
 69596556 13596117   19.65521   33  178          -   18.89452      -  62.9 33710s
 69609104 13597110   19.62987   46  163          -   18.89474      -  62.9 33715s
 69617025 13597590   19.72943   42  182          -   18.89474      -  62.9 33720s
 69629764 13598254     cutoff   50               -   18.89474      -  62.9 33725s
 69643480 13599244   20.41782   38  158          -   18.89500      -  62.9 33730s
 69656547 13600304   19.36066   42  187          -   18.89524      -  62.9 33735s
 69670496 13601484   20.25000   45   45          -   18.89551      -  62.9 33740s
 69682976 13602447   20.48004   36  149          -   18.89573      -  62.9 33745s
 69696076 13603382   20.78156   33  189          -   18.89588      -  62.9 33750s
 69709423 13604431   19.47177   41  172          -   18.89614      -  62.9 33755s
 69723868 13605752   19.78723   38   97          -   18.89643      -  62.9 33760s
 69732801 13606451     cutoff   41               -   18.89655      -  62.9 33765s
 69745475 13607254   19.88692   41  192          -   18.89664      -  62.9 33770s
 69758192 13608206   20.44180   34  171          -   18.89691      -  62.9 33775s
 69771386 13609136   19.32948   38  188          -   18.89716      -  62.9 33780s
 69783717 13610136   20.45064   38  146          -   18.89744      -  62.9 33785s
 69797082 13611117   19.45962   41  186          -   18.89756      -  62.9 33790s
 69809754 13612160   19.55443   36  190          -   18.89776      -  62.9 33795s
 69821888 13612969   20.51042   41  140          -   18.89796      -  62.9 33800s
 69835167 13614124   19.59329   40  184          -   18.89817      -  62.9 33805s
 69848937 13615285   19.58971   40  211          -   18.89841      -  62.9 33810s
 69855379 13615814     cutoff   35               -   18.89854      -  62.9 33815s
 69868242 13616840   20.11240   42  207          -   18.89877      -  62.9 33820s
 69881881 13617924   21.01317   36  212          -   18.89903      -  62.9 33825s
 69894999 13619076   20.35016   36  151          -   18.89932      -  62.9 33830s
 69907403 13620087   20.33235   42  160          -   18.89961      -  62.9 33835s
 69920173 13621177   20.11438   40  150          -   18.89996      -  62.9 33840s
 69933119 13621863   20.65473   39  176          -   18.90000      -  62.9 33845s
 69945256 13622390   20.04308   42  171          -   18.90000      -  62.9 33850s
 69957730 13623109   20.03176   34  194          -   18.90000      -  62.9 33855s
 69969566 13623725   20.01735   42  183          -   18.90000      -  62.9 33860s
 69981653 13624218   20.45238   41  139          -   18.90000      -  62.9 33865s
 69990640 13624578   20.74785   41  192          -   18.90000      -  62.9 33870s
 70002129 13625176 infeasible   39               -   18.90000      -  62.9 33875s
 70014339 13625751   19.73039   42  166          -   18.90000      -  62.9 33880s
 70026393 13626201   20.69496   37  222          -   18.90000      -  62.9 33885s
 70038885 13626822   20.76116   43  200          -   18.90000      -  62.9 33890s
 70051909 13627406   20.06944   37  112          -   18.90000      -  62.9 33895s
 70063927 13628006   19.66059   42  193          -   18.90010      -  62.9 33900s
 70076641 13629049     cutoff   42               -   18.90043      -  62.9 33905s
 70089531 13630077   21.71459   48  193          -   18.90074      -  62.9 33910s
 70102496 13631081   20.16721   38  187          -   18.90099      -  62.9 33915s
 70115365 13631977   20.87519   47  139          -   18.90123      -  62.9 33920s
 70128076 13632995   20.63588   46  174          -   18.90145      -  62.9 33925s
 70135476 13633573   20.72973   44  130          -   18.90161      -  62.9 33930s
 70148904 13634790   19.49275   38  147          -   18.90184      -  62.9 33935s
 70161254 13635702   19.88023   38  170          -   18.90204      -  62.9 33940s
 70174119 13636789   20.09543   40  250          -   18.90228      -  62.9 33945s
 70186660 13637686 infeasible   47               -   18.90244      -  62.9 33950s
 70200080 13638763   19.51400   37  151          -   18.90276      -  62.9 33955s
 70213279 13639801   20.24123   40  177          -   18.90299      -  62.9 33960s
 70225895 13640776   20.89063   45  203          -   18.90323      -  62.9 33965s
 70238247 13641650   20.10640   36  149          -   18.90331      -  62.9 33970s
 70251522 13642612   21.33382   48  214          -   18.90361      -  62.9 33975s
 70257700 13643086   21.04560   37  200          -   18.90372      -  62.9 33980s
 70271660 13643992   22.27401   41  166          -   18.90391      -  62.9 33985s
 70284468 13645047   19.58558   52  181          -   18.90416      -  62.9 33990s
 70297497 13646050   19.19007   55  166          -   18.90441      -  62.9 33995s
 70310396 13646977   20.33333   42   56          -   18.90470      -  62.9 34000s
 70323543 13647978   20.60121   41  134          -   18.90476      -  62.9 34005s
 70336808 13648776   21.54760   36  199          -   18.90476      -  62.9 34010s
 70350065 13649872   20.10058   39  194          -   18.90505      -  62.9 34015s
 70363645 13650891   20.53654   37  180          -   18.90530      -  62.9 34020s
 70375502 13651803     cutoff   39               -   18.90551      -  62.9 34026s
 70383799 13652446   20.84444   35  102          -   18.90566      -  62.9 34030s
 70397139 13653544   19.56662   31  209          -   18.90589      -  62.9 34035s
 70410168 13654730   20.92625   44  181          -   18.90617      -  62.9 34040s
 70422513 13655388     cutoff   42               -   18.90625      -  62.9 34045s
 70436314 13656380     cutoff   38               -   18.90639      -  62.9 34050s
 70450314 13657561     cutoff   39               -   18.90667      -  62.9 34055s
 70463293 13658712   22.04516   40  133          -   18.90691      -  62.9 34060s
 70476376 13659782   21.05557   38  229          -   18.90707      -  62.9 34065s
 70488805 13660713   19.18843   38  232          -   18.90734      -  62.9 34070s
 70499447 13661566   20.95789   39  131          -   18.90744      -  62.9 34075s
 70512480 13662601   20.37501   43  215          -   18.90769      -  62.9 34080s
 70525757 13663692   19.92555   41  165          -   18.90794      -  62.9 34085s
 70539977 13664745   19.50128   43  210          -   18.90820      -  62.9 34090s
 70552757 13665675   19.92325   31  153          -   18.90850      -  62.9 34095s
 70566730 13666819   20.04523   39  197          -   18.90879      -  62.9 34100s
 70580546 13667928   19.16272   42  184          -   18.90909      -  62.9 34105s
 70593157 13668747   19.30357   44  163          -   18.90909      -  62.9 34110s
 70606146 13669259   19.25283   37  221          -   18.90909      -  62.9 34115s
 70617725 13669895   21.06182   33  165          -   18.90909      -  62.9 34121s
 70625498 13670134   20.00000   36   30          -   18.90909      -  62.9 34125s
 70637643 13670766   20.15637   39  192          -   18.90909      -  62.9 34130s
 70650180 13671369     cutoff   46               -   18.90909      -  62.9 34135s
 70662967 13672076   19.66667   37  102          -   18.90909      -  62.9 34140s
 70676310 13673251   21.34598   43  191          -   18.90943      -  62.9 34145s
 70689117 13674265   20.25565   40  186          -   18.90969      -  62.9 34150s
 70702571 13675252   20.88002   42  181          -   18.90994      -  62.9 34155s
 70715134 13676123   19.78655   40  181          -   18.91019      -  62.9 34160s
 70728144 13677079     cutoff   47               -   18.91045      -  62.9 34165s
 70741759 13678274   21.74626   33  185          -   18.91067      -  62.9 34170s
 70751841 13678889   20.78891   46  187          -   18.91080      -  62.9 34176s
 70762723 13679809   19.57487   29  186          -   18.91099      -  62.9 34180s
 70775626 13680795   20.02807   40  178          -   18.91120      -  62.9 34185s
 70789282 13681884   19.71521   40  176          -   18.91145      -  62.9 34190s
 70802039 13682969   21.69672   44  146          -   18.91176      -  62.9 34195s
 70814719 13683803   20.16667   43   50          -   18.91176      -  62.9 34200s
 70825753 13684794   19.28515   40  206          -   18.91202      -  62.9 34205s
 70837033 13685700   19.17339   38  197          -   18.91223      -  62.9 34210s
 70849700 13686590   21.63951   41  200          -   18.91247      -  62.9 34215s
 70863098 13687477   19.28289   35  235          -   18.91267      -  62.9 34220s
 70874638 13688373   19.55089   43  196          -   18.91291      -  62.9 34225s
 70886356 13689275   20.64867   39  179          -   18.91304      -  62.9 34230s
 70899396 13690043   20.63006   38  167          -   18.91304      -  62.9 34235s
 70912704 13691128 infeasible   34               -   18.91329      -  62.9 34240s
 70926145 13692130   20.61544   36  182          -   18.91355      -  62.9 34245s
 70939317 13693059   20.39307   36  120          -   18.91379      -  62.9 34250s
 70952670 13694114 infeasible   36               -   18.91402      -  62.9 34255s
 70966619 13695093   19.77531   39  188          -   18.91429      -  62.9 34260s
 70979428 13696119   18.99683   36  132          -   18.91444      -  62.9 34265s
 70992930 13697123   19.73094   36  180          -   18.91467      -  62.9 34270s
 71000004 13697675   19.00269   44  237          -   18.91481      -  62.9 34275s
 71012615 13698668   20.02822   40  208          -   18.91500      -  62.9 34280s
 71025460 13699706   20.33762   40  213          -   18.91522      -  62.9 34285s
 71038678 13700716   19.41527   45  241          -   18.91546      -  62.9 34290s
 71051810 13701708 infeasible   41               -   18.91567      -  62.9 34295s
 71064725 13702695   19.62515   36  199          -   18.91595      -  62.9 34300s
 71077856 13703698   19.62500   37  149          -   18.91622      -  62.9 34305s
 71090862 13704856   19.69228   42  193          -   18.91655      -  62.9 34310s
 71096818 13705290   20.82139   36  157          -   18.91667      -  62.9 34315s
 71096903 13705349   19.38596   36  138          -   18.91667      -  62.9 34320s
 71096961 13705385   19.10000   42   87          -   18.91667      -  62.9 34325s
 71097018 13705424   21.60181   42  119          -   18.91667      -  62.9 34331s
 71097045 13705445   19.35772   42  158          -   18.91667      -  62.9 34335s
 71097094 13705475   19.71468   38  153          -   18.91667      -  62.9 34340s
 71097169 13705530   21.78271   46  172          -   18.91667      -  62.9 34346s
 71097206 13705554     cutoff   34               -   18.91667      -  62.9 34351s
 71097256 13705586   20.50079   37  141          -   18.91667      -  62.9 34356s
 71097297 13705609   19.92897   40  175          -   18.91667      -  62.9 34362s
 71097318 13705622   21.08239   47  167          -   18.91667      -  62.9 34366s
 71097345 13705642   20.37643   36  203          -   18.91667      -  62.9 34371s
 71097366 13705653   19.49760   44  165          -   18.91667      -  62.9 34375s
 71097392 13705674   19.54470   38  156          -   18.91667      -  62.9 34387s
 71097412 13705684     cutoff   44               -   18.91667      -  62.9 34390s
 71097476 13705716 infeasible   52               -   18.91667      -  62.9 34396s
 71097496 13705731   19.91667   35  112          -   18.91667      -  62.9 34400s
 71097505 13705739   21.22151   36  118          -   18.91667      -  62.9 34405s
 71097534 13705758   20.56667   41  127          -   18.91667      -  62.9 34411s
 71097542 13705773   19.81818   42   77          -   18.91667      -  62.9 34422s
 71097987 13705778     cutoff   48               -   18.91667      -  62.9 34425s
 71100017 13705849   19.50000   36   19          -   18.91667      -  62.9 34430s
 71107212 13706049   19.61880   47  155          -   18.91667      -  62.9 34435s
 71109892 13706136   20.14065   36  192          -   18.91667      -  62.9 34448s
 71114259 13706279 infeasible   41               -   18.91667      -  62.9 34450s
 71122486 13706558   19.70905   41  152          -   18.91667      -  62.9 34460s
 71128734 13706788 infeasible   34               -   18.91667      -  62.9 34465s
 71141270 13707307     cutoff   41               -   18.91667      -  62.9 34470s
 71153204 13707887   19.25000   42   41          -   18.91667      -  62.9 34475s
 71165022 13708412   20.21695   47  143          -   18.91667      -  62.9 34480s
 71178407 13709274   19.64803   44  128          -   18.91667      -  62.9 34485s
 71191678 13710284   19.46114   32  185          -   18.91693      -  62.9 34490s
 71204303 13711239   20.54457   47  133          -   18.91720      -  62.9 34495s
 71217815 13712300   20.93703   35  175          -   18.91744      -  62.9 34500s
 71231152 13713335   19.58367   38  218          -   18.91769      -  62.9 34505s
 71244893 13714411   19.19070   43  212          -   18.91793      -  62.9 34510s
 71258187 13715366   20.17762   37  182          -   18.91818      -  62.9 34515s
 71265666 13715912   21.57835   50  151          -   18.91830      -  62.9 34520s
 71278329 13716876   20.47649   43  168          -   18.91852      -  62.9 34525s
 71284877 13717384   19.22086   43  241          -   18.91870      -  62.9 34530s
 71285364 13717516   21.58218   39  198          -   18.91877      -  62.9 34535s
 71287560 13717686   20.00000   40  174          -   18.91885      -  62.9 34540s
 71291535 13717911   19.00000   44   12          -   18.91892      -  62.9 34545s
 71300970 13718397   19.00000   45   28          -   18.91896      -  62.9 34550s
 71314450 13719308   20.61824   45  206          -   18.91923      -  62.9 34555s
 71327360 13720144   19.50000   41   26          -   18.91945      -  62.9 34560s
 71339350 13721125   19.82787   38  143          -   18.91966      -  62.9 34565s
 71352626 13722177   20.01975   36  167          -   18.91994      -  62.9 34570s
 71364844 13722926     cutoff   44               -   18.92000      -  62.9 34575s
 71377260 13723838   20.78479   36  203          -   18.92014      -  62.9 34580s
 71388787 13724780   20.74772   35  185          -   18.92035      -  62.9 34586s
 71398414 13725601   19.09821   41  182          -   18.92056      -  62.9 34590s
 71410960 13726623   20.61268   41  107          -   18.92075      -  62.9 34595s
 71423388 13727590   19.47854   42  191          -   18.92101      -  62.9 34600s
 71435521 13728345   20.61711   49  231          -   18.92105      -  62.9 34605s
 71448761 13729496   20.24507   52  187          -   18.92131      -  62.9 34610s
 71461535 13730593   19.27554   41  153          -   18.92155      -  62.9 34615s
 71474517 13731480   21.01773   38  181          -   18.92176      -  62.9 34620s
 71486503 13732310     cutoff   37               -   18.92195      -  62.9 34625s
 71499162 13733211   19.41285   37  209          -   18.92220      -  62.9 34630s
 71511259 13734045   19.74906   38  183          -   18.92246      -  62.9 34637s
 71518431 13734679   20.45637   38  194          -   18.92260      -  62.9 34640s
 71531785 13735774   19.33760   34  227          -   18.92290      -  62.9 34645s
 71544356 13736580   21.58497   43  163          -   18.92308      -  62.9 34650s
 71555820 13737005   21.27551   40  127          -   18.92308      -  62.9 34655s
 71568703 13737474   21.81333   43  161          -   18.92308      -  62.9 34660s
 71580946 13738068   20.71951   40  171          -   18.92308      -  62.9 34665s
 71593361 13738775   21.07407   52  112          -   18.92308      -  62.9 34670s
 71607013 13739854   19.15799   42  172          -   18.92325      -  62.9 34675s
 71619160 13740866   20.99293   37  189          -   18.92352      -  62.9 34680s
 71633055 13741918   20.48450   40  178          -   18.92377      -  62.9 34685s
 71645040 13742814   21.35373   35  174          -   18.92397      -  62.9 34692s
 71653244 13743392   19.78922   36  174          -   18.92412      -  62.9 34695s
 71665932 13744326   19.57172   45  191          -   18.92432      -  62.9 34700s
 71679088 13745263   20.42156   43  181          -   18.92453      -  62.9 34705s
 71692275 13746273   21.92089   43  209          -   18.92478      -  62.9 34710s
 71704472 13747048   19.35395   44  155          -   18.92500      -  62.9 34715s
 71718156 13747876   19.57028   35  125          -   18.92511      -  62.9 34720s
 71731291 13748972   20.38175   33  218          -   18.92537      -  62.9 34725s
 71744149 13750096   19.24561   46  123          -   18.92558      -  62.9 34730s
 71756331 13751046   19.74085   36  149          -   18.92586      -  62.9 34735s
 71768877 13751924   19.96855   40  174          -   18.92593      -  62.9 34740s
 71776361 13752443   20.86791   43  169          -   18.92597      -  62.9 34745s
 71789510 13753438   19.58423   43  174          -   18.92624      -  62.9 34750s
 71802571 13754432   19.50000   39   23          -   18.92647      -  62.9 34755s
 71814614 13755261 infeasible   37               -   18.92668      -  62.9 34760s
 71827286 13756169   19.34406   38  208          -   18.92685      -  62.9 34765s
 71840654 13757204   20.60847   45  177          -   18.92715      -  62.9 34770s
 71853317 13758169   19.85632   37  162          -   18.92736      -  62.9 34775s
 71866103 13759072   19.92547   50  165          -   18.92760      -  62.9 34780s
 71879006 13760024   19.81754   37  146          -   18.92784      -  62.9 34785s
 71892413 13761155   21.95238   35  163          -   18.92807      -  62.9 34790s
 71899725 13761657   19.68739   52  211          -   18.92822      -  62.9 34795s
 71913138 13762702   20.15036   38  256          -   18.92851      -  62.9 34800s
 71925417 13763358   20.22755   38  171          -   18.92857      -  62.9 34805s
 71938663 13764036   21.55138   45  132          -   18.92857      -  62.9 34810s
 71951188 13764773   19.66254   38  211          -   18.92857      -  62.9 34815s
 71962922 13765234   19.59808   36  175          -   18.92857      -  62.9 34820s
 71975067 13765752   20.74926   43  174          -   18.92857      -  62.9 34825s
 71987709 13766266   20.00000   30   43          -   18.92857      -  62.9 34830s
 72000916 13767304   20.28615   44  178          -   18.92886      -  62.9 34835s
 72014195 13768346   20.71824   35  166          -   18.92913      -  62.9 34840s
 72026917 13769258   19.77442   35  216          -   18.92939      -  63.0 34845s
 72035672 13769909   20.38939   37  217          -   18.92956      -  63.0 34851s
 72046604 13770611   21.49320   39  190          -   18.92973      -  63.0 34855s
 72059706 13771572   19.77916   47  178          -   18.92998      -  63.0 34860s
 72072845 13772575   21.84332   40  184          -   18.93023      -  63.0 34865s
 72086224 13773506   21.04738   40  190          -   18.93038      -  63.0 34870s
 72099536 13774573     cutoff   37               -   18.93056      -  63.0 34875s
 72113311 13775710   21.41558   39  196          -   18.93082      -  62.9 34880s
 72126344 13776628   19.28913   43  219          -   18.93103      -  62.9 34885s
 72139277 13777490   21.23818   43  166          -   18.93115      -  62.9 34890s
 72152734 13778593   19.55082   43  165          -   18.93143      -  62.9 34895s
 72160342 13779140   19.96961   38  123          -   18.93158      -  63.0 34900s
 72171695 13779909   19.36783   36  219          -   18.93182      -  63.0 34905s
 72185553 13780860   20.62010   39  181          -   18.93195      -  63.0 34910s
 72198014 13781799   20.83256   36  179          -   18.93220      -  63.0 34915s
 72211204 13782760   19.15008   42  222          -   18.93243      -  63.0 34920s
 72224675 13783758   20.94848   39  214          -   18.93269      -  63.0 34925s
 72236821 13784684   19.90385   46  231          -   18.93294      -  63.0 34930s
 72250320 13785785   21.12108   34  189          -   18.93322      -  63.0 34935s
 72263677 13786480   20.16667   32   67          -   18.93333      -  63.0 34940s
 72276594 13787244   21.25422   43  159          -   18.93333      -  63.0 34945s
 72289814 13787917   19.50000   42   42          -   18.93333      -  63.0 34950s
 72297492 13788252   19.77300   38  136          -   18.93333      -  63.0 34955s
 72309704 13789088   20.35901   36  185          -   18.93342      -  63.0 34960s
 72322558 13790003   21.30000   47  106          -   18.93369      -  63.0 34965s
 72335216 13790996   20.00000   37   11          -   18.93392      -  63.0 34970s
 72348252 13792028   19.54878   34  131          -   18.93416      -  63.0 34975s
 72361181 13793007   19.76082   41  210          -   18.93439      -  63.0 34980s
 72374925 13794094   20.41395   42  203          -   18.93460      -  63.0 34985s
 72386900 13794920   20.35701   35  189          -   18.93478      -  63.0 34990s
 72400149 13795888   19.60406   42  195          -   18.93500      -  63.0 34995s
 72412869 13796916   21.03226   45  169          -   18.93523      -  63.0 35000s
 72419930 13797511   19.17411   40  165          -   18.93538      -  63.0 35005s
 72433141 13798375   20.72250   37  194          -   18.93548      -  63.0 35010s
 72446117 13799399   19.44903   51  216          -   18.93571      -  63.0 35015s
 72458226 13800380   19.90667   42  146          -   18.93594      -  63.0 35020s
 72471105 13801271   19.41071   41  128          -   18.93617      -  63.0 35025s
 72483308 13802213   20.00000   50    5          -   18.93636      -  63.0 35030s
 72496570 13803263 infeasible   46               -   18.93660      -  63.0 35035s
 72509316 13804137   19.20181   38  196          -   18.93684      -  63.0 35040s
 72522078 13805156   19.32962   40  221          -   18.93709      -  63.0 35045s
 72534991 13806073     cutoff   45               -   18.93738      -  63.0 35050s
 72543016 13806493   20.00000   50    8          -   18.93750      -  63.0 35055s
 72554174 13807033   22.00000   45   45          -   18.93750      -  63.0 35060s
 72566855 13807631   19.57176   38  167          -   18.93750      -  63.0 35065s
 72579587 13808271   19.15732   38  183          -   18.93750      -  63.0 35070s
 72591896 13808914   19.40909   40  133          -   18.93750      -  63.0 35075s
 72605227 13810008   19.40863   39  203          -   18.93768      -  63.0 35080s
 72617837 13811101   21.50755   36  183          -   18.93794      -  63.0 35085s
 72630792 13812128   19.82424   40  199          -   18.93815      -  63.0 35090s
 72644096 13813227   21.12018   36  209          -   18.93841      -  63.0 35095s
 72657340 13814163   19.83871   38  145          -   18.93863      -  63.0 35100s
 72669743 13815196     cutoff   43               -   18.93880      -  63.0 35105s
 72675721 13815574   20.50000   37   27          -   18.93893      -  63.0 35110s
 72688119 13816570   19.52725   38  223          -   18.93918      -  63.0 35115s
 72700929 13817423     cutoff   43               -   18.93939      -  63.0 35120s
 72714386 13818206   20.83303   36  147          -   18.93953      -  63.0 35125s
 72727288 13819209   19.62346   41  222          -   18.93981      -  63.0 35130s
 72740383 13820182   20.56780   45  182          -   18.94000      -  63.0 35135s
 72752525 13821121   20.41171   37  242          -   18.94022      -  63.0 35140s
 72765964 13822204   20.03728   47  229          -   18.94045      -  63.0 35145s
 72779177 13823233     cutoff   39               -   18.94068      -  63.0 35150s
 72792404 13824302   19.28000   39  148          -   18.94095      -  63.0 35155s
 72798756 13824841   19.84898   35  188          -   18.94109      -  63.0 35160s
 72811828 13825610 infeasible   44               -   18.94118      -  63.0 35165s
 72823462 13826159   19.47446   40  210          -   18.94118      -  63.0 35170s
 72836325 13826853   19.92760   37  197          -   18.94118      -  63.0 35175s
 72849088 13827891   19.53949   35  183          -   18.94146      -  63.0 35180s
 72861967 13828789   21.27299   43  182          -   18.94170      -  63.0 35185s
 72875368 13829792   20.86808   39  193          -   18.94194      -  63.0 35190s
 72887820 13830723   19.45885   38  203          -   18.94216      -  63.0 35195s
 72900979 13831616   19.12184   36  161          -   18.94232      -  63.0 35200s
 72913806 13832446   19.71841   35  167          -   18.94262      -  63.0 35205s
 72926303 13833326   19.02525   42  141          -   18.94286      -  63.0 35210s
 72934239 13833766   21.51945   37  196          -   18.94288      -  63.0 35215s
 72947397 13834889   20.78148   49  149          -   18.94317      -  63.0 35220s
 72960887 13835830   19.95184   41  217          -   18.94340      -  63.0 35225s
 72974366 13836853   19.45690   36  137          -   18.94359      -  63.0 35230s
 72987553 13837947   21.60606   48  212          -   18.94382      -  63.0 35235s
 73000871 13838977   21.88475   50  244          -   18.94407      -  63.0 35240s
 73014754 13840059   19.81939   41  184          -   18.94438      -  63.0 35245s
 73027317 13840769   19.10000   38   79          -   18.94444      -  63.0 35250s
 73039978 13841491   21.68905   40  197          -   18.94444      -  63.0 35255s
 73053046 13842100   20.68738   48  142          -   18.94444      -  63.0 35260s
 73061445 13842541   21.46291   43  154          -   18.94444      -  63.0 35265s
 73075243 13843605   19.54054   38  128          -   18.94468      -  63.0 35270s
 73089276 13844663   20.39729   35  200          -   18.94497      -  63.0 35275s
 73104217 13845696   19.56977   42  182          -   18.94527      -  63.0 35280s
 73118381 13846695   20.13889   38   72          -   18.94550      -  63.0 35285s
 73132806 13847806   20.00000   37   60          -   18.94576      -  63.0 35290s
 73148090 13848834   19.49038   43  154          -   18.94595      -  63.0 35295s
 73162581 13850102   20.04393   33  221          -   18.94622      -  63.0 35300s
 73178364 13851104   20.86195   38  210          -   18.94647      -  63.0 35305s
 73190280 13851935   21.74333   37  159          -   18.94671      -  63.0 35310s
 73205011 13852987   21.17234   38  190          -   18.94697      -  63.0 35315s
 73220245 13854083   20.72803   41  197          -   18.94732      -  63.0 35320s
 73235348 13854989   20.80625   35  187          -   18.94737      -  63.0 35325s
 73253755 13856008   21.15111   39  195          -   18.94744      -  63.0 35330s
 73273350 13857303   19.60000   41   94          -   18.94792      -  63.0 35335s
 73292414 13858909   19.78624   40  196          -   18.94828      -  63.0 35340s
 73312244 13860561   19.72282   43  189          -   18.94860      -  63.0 35345s
 73328937 13861678   20.03271   37  161          -   18.94879      -  63.0 35350s
 73349763 13863332   19.78528   40  135          -   18.94915      -  63.0 35355s
 73368728 13864739   19.14715   34  214          -   18.94949      -  63.0 35360s
 73388862 13866357   21.66667   50  174          -   18.94984      -  63.0 35365s
 73407990 13867480   19.19321   41  214          -   18.95000      -  63.0 35370s
 73427741 13868639   20.03812   44  219          -   18.95000      -  63.0 35375s
 73447128 13870004     cutoff   46               -   18.95028      -  63.0 35380s
 73462099 13871298   19.39295   38  181          -   18.95057      -  63.0 35385s
 73476027 13872290   19.62500   35  127          -   18.95082      -  63.0 35390s
 73489065 13873206   21.06822   38  219          -   18.95100      -  63.0 35395s
 73503028 13874241   21.26316   45  126          -   18.95122      -  63.0 35400s
 73515631 13875192   19.27377   37  235          -   18.95146      -  63.0 35405s
 73528990 13876192   19.94390   39  206          -   18.95166      -  63.0 35410s
 73541492 13877266   19.72997   36  163          -   18.95189      -  63.0 35415s
 73553983 13878170   19.68753   43  202          -   18.95210      -  63.0 35420s
 73567653 13879189   19.70000   42   77          -   18.95238      -  63.0 35425s
 73574543 13879593   20.31135   42  186          -   18.95238      -  63.0 35430s
 73586688 13880315   19.44444   39  173          -   18.95238      -  63.0 35435s
 73599973 13881184   20.52758   39  161          -   18.95250      -  63.0 35440s
 73612511 13882342   19.87500   46   64          -   18.95276      -  63.0 35445s
 73625561 13883394   20.43511   30  215          -   18.95297      -  63.0 35450s
 73638328 13884482   19.29068   35  186          -   18.95318      -  63.0 35455s
 73651084 13885577   19.83072   45  232          -   18.95344      -  63.0 35460s
 73664705 13886515   19.36473   40  184          -   18.95363      -  63.0 35465s
 73677612 13887553   21.01746   39  158          -   18.95387      -  63.0 35470s
 73688858 13888375   20.58054   39  195          -   18.95409      -  63.0 35476s
 73697480 13888988   21.93136   36  181          -   18.95425      -  63.0 35480s
 73711658 13890146     cutoff   48               -   18.95455      -  63.0 35485s
 73724183 13890845   19.71559   41  182          -   18.95455      -  63.0 35490s
 73736319 13891381   21.21292   33  220          -   18.95455      -  63.0 35495s
 73749655 13892381   20.43177   42  184          -   18.95471      -  63.0 35500s
 73762874 13893363   20.48616   38  187          -   18.95498      -  63.0 35505s
 73776242 13894436   19.26718   32  159          -   18.95522      -  63.0 35510s
 73790244 13895614   19.61435   34  149          -   18.95550      -  63.0 35515s
 73803131 13896398   21.43471   40  209          -   18.95565      -  63.0 35520s
 73815412 13897283   20.87013   45  176          -   18.95588      -  63.0 35525s
 73823152 13897929   19.88220   37  162          -   18.95597      -  63.0 35530s
 73835627 13898753   20.55107   42  162          -   18.95623      -  63.0 35535s
 73848910 13899654   20.83621   55  110          -   18.95652      -  63.0 35540s
 73861943 13900270   20.94310   37  203          -   18.95652      -  63.0 35545s
 73874854 13901095   19.43418   39  155          -   18.95667      -  63.0 35550s
 73888744 13902352   19.45095   38  207          -   18.95694      -  63.0 35555s
 73901063 13903229   20.19929   45  176          -   18.95714      -  63.0 35560s
 73914229 13904296   19.62904   45  210          -   18.95735      -  63.0 35565s
 73927053 13905154   20.43496   45  209          -   18.95755      -  63.0 35570s
 73940419 13906072   19.90107   36  210          -   18.95779      -  63.0 35575s
 73947537 13906546   19.31768   36  186          -   18.95794      -  63.0 35580s
 73960353 13907513   19.47380   35  194          -   18.95822      -  63.0 35585s
 73973178 13908330 infeasible   42               -   18.95833      -  63.0 35590s
 73986044 13908865 infeasible   37               -   18.95833      -  63.0 35595s
 73999581 13909643   19.82299   40  175          -   18.95844      -  63.0 35600s
 74012255 13910530   20.25154   32  207          -   18.95876      -  63.0 35605s
 74024694 13911479   19.91725   51  189          -   18.95896      -  63.0 35610s
 74038136 13912551   22.15279   41  191          -   18.95918      -  63.0 35615s
 74050385 13913501   21.00739   36  207          -   18.95944      -  63.0 35620s
 74063578 13914451   21.12467   37  214          -   18.95965      -  63.0 35625s
 74069300 13914966   19.72292   41  186          -   18.95979      -  63.0 35630s
 74078736 13915539   20.84068   37  178          -   18.96000      -  63.0 35635s
 74086099 13915932   20.66477   47  136          -   18.96000      -  63.0 35640s
 74099515 13916815   21.31653   31  233          -   18.96008      -  63.0 35645s
 74112009 13917841   20.79037   31  193          -   18.96033      -  63.0 35650s
 74125734 13918826   21.34000   42  150          -   18.96053      -  63.0 35655s
 74138849 13919785   19.00000   46   10          -   18.96078      -  63.0 35660s
 74151237 13920693   19.25138   38  216          -   18.96100      -  63.0 35665s
 74163665 13921629   19.62775   40  200          -   18.96123      -  63.0 35670s
 74176143 13922738   19.98527   49  156          -   18.96150      -  63.0 35675s
 74189137 13923370   20.47675   42  156          -   18.96154      -  63.0 35680s
 74201571 13923973   19.97203   34  203          -   18.96157      -  63.0 35685s
 74208855 13924562   19.37185   39  166          -   18.96175      -  63.0 35690s
 74221277 13925436   20.84183   36  233          -   18.96199      -  63.0 35695s
 74234208 13926580   19.17190   40  183          -   18.96222      -  63.0 35700s
 74247198 13927435   21.38936   37  174          -   18.96241      -  63.0 35705s
 74259933 13928405   20.00000   47   12          -   18.96262      -  63.0 35710s
 74273415 13929594     cutoff   41               -   18.96286      -  63.0 35715s
 74286598 13930466 infeasible   47               -   18.96296      -  63.0 35720s
 74298906 13931270   19.19968   40  194          -   18.96304      -  63.0 35725s
 74311251 13932112   21.20354   38  193          -   18.96330      -  63.0 35730s
 74324626 13933183     cutoff   43               -   18.96353      -  63.0 35735s
 74331091 13933595   21.28099   38  195          -   18.96364      -  63.0 35740s
 74344652 13934556   20.93628   38  185          -   18.96387      -  63.0 35745s
 74357051 13935595   19.81638   38  188          -   18.96412      -  63.0 35750s
 74369903 13936425   21.43400   44  201          -   18.96429      -  63.0 35755s
 74382167 13937114   21.14667   46  152          -   18.96429      -  63.0 35760s
 74394909 13938019   20.26453   37  209          -   18.96449      -  63.0 35765s
 74407689 13938924   21.03501   38  158          -   18.96471      -  63.0 35770s
 74420225 13939801   19.96777   40  144          -   18.96491      -  63.0 35775s
 74432693 13940764   20.19083   37  226          -   18.96514      -  63.0 35780s
 74444579 13941646   19.88484   37  180          -   18.96540      -  63.0 35785s
 74458150 13942431   21.62755   47  119          -   18.96552      -  63.0 35790s
 74464889 13942740   19.91186   44  205          -   18.96553      -  63.0 35795s
 74478552 13943894   19.56450   32  214          -   18.96581      -  63.0 35800s
 74491720 13944937   19.47911   38  182          -   18.96601      -  63.0 35805s
 74505393 13945954   21.59684   33  204          -   18.96622      -  63.0 35810s
 74517841 13946843   19.50457   42  230          -   18.96645      -  63.0 35815s
 74530906 13947690   19.97917   47  141          -   18.96667      -  63.0 35820s
 74543122 13948340   19.85294   41  131          -   18.96667      -  63.0 35825s
 74556031 13949277   19.96086   32  192          -   18.96689      -  63.0 35830s
 74568747 13950256     cutoff   43               -   18.96714      -  63.0 35835s
 74581365 13951259   19.60553   41  205          -   18.96736      -  63.0 35840s
 74589467 13951952   21.52249   43  220          -   18.96748      -  63.0 35845s
 74602065 13952923   19.46140   43  220          -   18.96774      -  63.0 35850s
 74614201 13953493   20.14107   48  195          -   18.96779      -  63.0 35855s
 74627404 13954542   21.37578   49  206          -   18.96805      -  63.0 35860s
 74640576 13955565   20.59376   41  175          -   18.96828      -  63.0 35865s
 74653522 13956520   19.84000   37  163          -   18.96854      -  63.0 35870s
 74666955 13957411   20.34043   39  196          -   18.96875      -  63.0 35875s
 74679523 13957993   20.56780   44  192          -   18.96875      -  63.0 35880s
 74692182 13958964   20.44136   33  215          -   18.96899      -  63.0 35885s
 74704344 13959931   19.55552   38  186          -   18.96920      -  63.0 35890s
 74717530 13960835   19.48583   41  184          -   18.96940      -  63.0 35896s
 74726766 13961470   20.85859   48  181          -   18.96961      -  63.0 35900s
 74739835 13962293   19.50201   37  121          -   18.96970      -  63.0 35905s
 74753555 13963346   19.12068   40  191          -   18.96998      -  63.0 35910s
 74766303 13964099   21.01138   40  232          -   18.97017      -  63.0 35915s
 74767993 13964276   19.41537   55  227          -   18.97030      -  63.0 35920s
 74768121 13964387   20.72058   40  199          -   18.97037      -  63.0 35925s
 74768242 13964491   19.42264   45  240          -   18.97046      -  63.0 35930s
 74769747 13964678   19.76087   38   90          -   18.97059      -  63.0 35936s
 74775239 13964828   20.88602   37  222          -   18.97059      -  63.0 35940s
 74781879 13965003   20.97561   39  191          -   18.97059      -  63.0 35945s
 74790558 13965512   19.94557   40  175          -   18.97070      -  63.0 35950s
 74802641 13966371   20.16601   45  195          -   18.97097      -  63.0 35955s
 74815318 13967143   20.99577   44  167          -   18.97119      -  63.0 35960s
 74827938 13967968   19.00000   41    9          -   18.97143      -  63.0 35965s
 74840035 13968644   21.95049   45  214          -   18.97156      -  63.0 35970s
 74853191 13969644   20.18919   44  105          -   18.97183      -  63.0 35975s
 74858804 13970108   19.79169   45  191          -   18.97191      -  63.0 35980s
 74871598 13971083   21.67307   47  190          -   18.97216      -  63.0 35985s
 74883931 13971639   21.56410   39  156          -   18.97222      -  63.0 35990s
 74896644 13972605   20.29590   34  194          -   18.97245      -  63.0 35995s
 74909820 13973529   20.14800   34  170          -   18.97267      -  63.0 36000s
 74922973 13974467   21.36094   41  174          -   18.97295      -  63.0 36005s
 74935901 13975292   21.49267   48  157          -   18.97307      -  63.0 36010s
 74949055 13976321   21.45579   36  207          -   18.97333      -  63.0 36015s
 74961739 13977287   19.29054   39  131          -   18.97358      -  63.0 36020s
 74974910 13978218   20.94828   46  135          -   18.97368      -  63.0 36025s
 74984579 13978946   19.71872   41  244          -   18.97383      -  63.0 36031s
 74993905 13979622   21.20523   40  164          -   18.97403      -  63.0 36035s
 75007297 13980603   20.86581   37  157          -   18.97427      -  63.0 36040s
 75020689 13981412   21.87608   37  180          -   18.97439      -  63.0 36045s
 75033775 13982416   20.09340   35  198          -   18.97465      -  63.0 36050s
 75046708 13983396   20.73336   42  218          -   18.97487      -  63.0 36055s
 75060766 13984293   21.73808   41  166          -   18.97500      -  63.0 36060s
 75073440 13985091   21.29022   36  220          -   18.97523      -  63.0 36065s
 75086434 13986064   19.99883   44  159          -   18.97546      -  63.0 36070s
 75100139 13986993   21.39480   38  195          -   18.97563      -  63.0 36075s
 75113145 13987987   20.36667   37  159          -   18.97590      -  63.0 36080s
 75120372 13988629   20.56856   38  163          -   18.97602      -  63.0 36085s
 75133782 13989627   20.11111   44  118          -   18.97619      -  63.0 36090s
 75147436 13990698   19.38462   41  104          -   18.97636      -  63.0 36095s
 75159866 13991619   19.84718   38  200          -   18.97658      -  63.0 36100s
 75172558 13992438   21.86372   37  169          -   18.97674      -  63.0 36105s
 75186122 13993572   21.04499   37  158          -   18.97700      -  63.0 36110s
 75198348 13994541   19.71449   37  194          -   18.97724      -  63.0 36115s
 75210675 13995351     cutoff   51               -   18.97734      -  63.0 36120s
 75222856 13996193   20.53616   44  179          -   18.97758      -  63.0 36125s
 75232286 13996973   20.50987   41  206          -   18.97777      -  63.0 36130s
 75243977 13997730   19.53947   39  176          -   18.97790      -  63.0 36135s
 75257245 13998833   19.12481   46  193          -   18.97816      -  63.0 36140s
 75270395 13999608 infeasible   42               -   18.97826      -  63.0 36145s
 75283556 14000473   19.45876   41  173          -   18.97853      -  63.0 36150s
 75297261 14001532   19.56772   38  204          -   18.97872      -  63.0 36155s
 75310701 14002510   19.05385   45  125          -   18.97895      -  63.0 36160s
 75323948 14003279   19.78450   39  142          -   18.97917      -  63.0 36165s
 75336994 14004138   20.04028   40  159          -   18.97937      -  63.0 36170s
 75350099 14005061   19.87229   44  183          -   18.97959      -  63.0 36175s
 75363215 14005989   20.59298   38  131          -   18.97980      -  63.0 36180s
 75369836 14006426   20.41162   44  240          -   18.97994      -  63.0 36185s
 75382999 14007157   19.60409   36  217          -   18.98012      -  63.0 36190s
 75395284 14007983   20.81783   40  189          -   18.98036      -  63.0 36195s
 75409292 14008955   22.07200   42  202          -   18.98054      -  63.0 36200s
 75422519 14009969   20.78668   37  203          -   18.98077      -  63.0 36205s
 75434810 14010809   21.81585   42  233          -   18.98096      -  63.0 36210s
 75448167 14011818   20.73740   43  146          -   18.98115      -  63.0 36215s
 75461291 14012862   19.09275   40  155          -   18.98142      -  63.0 36220s
 75474612 14013740   19.14198   46  232          -   18.98159      -  63.0 36225s
 75486922 14014569   19.46692   38  175          -   18.98182      -  63.0 36230s
 75498657 14015432   19.99581   37  179          -   18.98198      -  63.0 36236s
 75507914 14016068   21.13830   38  182          -   18.98214      -  63.0 36240s
 75521097 14016977   19.80357   49  199          -   18.98237      -  63.0 36245s
 75533465 14017844   19.23521   41  178          -   18.98261      -  63.0 36250s
 75547855 14018821   19.68514   42  215          -   18.98280      -  63.0 36255s
 75560389 14019727     cutoff   38               -   18.98305      -  63.0 36260s
 75573246 14020610   19.95244   47  159          -   18.98330      -  63.0 36265s
 75587272 14021640   19.72691   35  190          -   18.98347      -  63.0 36270s
 75599886 14022500   20.02337   44  207          -   18.98370      -  63.0 36275s
 75612669 14023606   21.39368   38  142          -   18.98387      -  63.0 36280s
 75625177 14024488   21.52183   47  216          -   18.98413      -  63.0 36286s
 75634947 14025273   19.12513   41  182          -   18.98429      -  63.0 36290s
 75648420 14026174   20.88736   38  230          -   18.98451      -  63.0 36295s
 75661313 14027157   20.94780   34  147          -   18.98474      -  63.0 36300s
 75674845 14028046   20.98600   40  160          -   18.98496      -  63.0 36305s
 75687519 14029095   20.87783   47  158          -   18.98517      -  63.0 36310s
 75700796 14030125   19.93114   41  206          -   18.98538      -  63.0 36315s
 75713922 14031196   19.41948   42  182          -   18.98561      -  63.0 36320s
 75726432 14032070   19.80000   43  122          -   18.98583      -  63.0 36325s
 75739719 14032908   21.09184   39  157          -   18.98611      -  63.0 36330s
 75749717 14033675   20.53294   40  223          -   18.98625      -  63.0 36335s
 75761946 14034670   20.11765   39  101          -   18.98647      -  63.0 36340s
 75774264 14035467     cutoff   42               -   18.98667      -  63.0 36345s
 75788316 14036423   20.41195   43  142          -   18.98693      -  63.0 36350s
 75801359 14037223   19.00000   59   31          -   18.98718      -  63.0 36355s
 75813616 14038099   19.82095   43  215          -   18.98742      -  63.0 36360s
 75827566 14039124   19.78788   38  235          -   18.98765      -  63.0 36365s
 75840118 14040165   20.10619   50  210          -   18.98785      -  63.0 36370s
 75853600 14041140   20.06070   32  203          -   18.98810      -  63.0 36375s
 75865853 14042024   19.25813   43  166          -   18.98829      -  63.0 36380s
 75875687 14042747   19.71061   37  218          -   18.98847      -  63.0 36386s
 75885369 14043406   20.91960   43  185          -   18.98864      -  63.0 36390s
 75898669 14044256   21.38606   35  208          -   18.98889      -  63.0 36395s
 75910617 14045024   20.96052   36  197          -   18.98906      -  63.0 36400s
 75924607 14046295   19.80930   36  193          -   18.98928      -  63.0 36405s
 75939047 14047244   19.79028   42  205          -   18.98953      -  63.0 36410s
 75952152 14048232   19.59375   45  197          -   18.98975      -  63.0 36415s
 75966090 14049252   19.97630   38  197          -   18.98999      -  63.0 36420s
 75979310 14050100   19.86868   34  179          -   18.99020      -  63.0 36425s
 75991815 14050954   21.04141   43  180          -   18.99040      -  63.0 36430s
 76002822 14051864   20.16033   37  206          -   18.99057      -  63.0 36436s
 76013717 14052747   21.56739   36  236          -   18.99075      -  63.0 36440s
 76026666 14053698   21.41723   50  143          -   18.99101      -  63.0 36445s
 76039841 14054621   19.19601   43  227          -   18.99124      -  63.0 36450s
 76053656 14055564   21.57602   42  185          -   18.99149      -  63.0 36455s
 76066695 14056607   21.00095   39  213          -   18.99174      -  63.0 36460s
 76079783 14057471   19.45808   36  192          -   18.99197      -  63.0 36465s
 76092739 14058368   19.43416   43  162          -   18.99219      -  63.0 36470s
 76105302 14059198   20.04494   46  233          -   18.99242      -  63.0 36475s
 76117714 14060010   21.64726   40  126          -   18.99265      -  63.0 36480s
 76131131 14060972   21.49239   47  139          -   18.99286      -  63.0 36485s
 76139914 14061655   20.72222   40  167          -   18.99301      -  63.0 36490s
 76153882 14062727   19.17640   37  200          -   18.99324      -  63.0 36495s
 76166524 14063605   21.90058   40  199          -   18.99346      -  63.0 36500s
 76179364 14064430   19.59383   38  181          -   18.99375      -  63.0 36505s
 76192065 14065299     cutoff   41               -   18.99400      -  63.0 36510s
 76205045 14066270   20.36229   50  167          -   18.99425      -  63.0 36515s
 76217892 14067252   20.42222   43  143          -   18.99448      -  63.0 36520s
 76231343 14068198   20.81728   43  177          -   18.99474      -  63.0 36525s
 76244531 14069208 infeasible   40               -   18.99497      -  63.0 36530s
 76256528 14070149   19.23181   35  228          -   18.99523      -  63.0 36537s
 76263920 14070877   19.93529   38  191          -   18.99535      -  63.0 36540s
 76277395 14071846   20.54000   42  136          -   18.99563      -  63.0 36545s
 76290697 14072742   21.82585   39  229          -   18.99590      -  63.0 36550s
 76303582 14073688   19.13625   33  171          -   18.99617      -  63.0 36555s
 76315836 14074512   19.77043   40  167          -   18.99645      -  63.0 36560s
 76328403 14075389   20.36095   40  175          -   18.99672      -  63.0 36565s
 76341558 14076451   20.21678   44  155          -   18.99699      -  63.0 36570s
 76354169 14077343   20.36018   34  195          -   18.99727      -  63.0 36575s
 76366727 14078446   19.34015   40  222          -   18.99754      -  63.0 36580s
 76379201 14079379   20.74824   39  211          -   18.99782      -  63.0 36586s
 76388617 14080038   19.32143   35  138          -   18.99806      -  63.0 36590s
 76401869 14081062   20.82051   47  121          -   18.99837      -  63.0 36595s
 76414233 14082011   20.72523   48  187          -   18.99869      -  63.0 36600s
 76427077 14082939   20.21471   37  184          -   18.99904      -  63.0 36605s
 76439369 14083862     cutoff   44               -   18.99936      -  63.0 36610s
 76452641 14084959   19.79894   33  201          -   18.99991      -  63.0 36615s
 76463844 14085675   19.93191   36  152          -   19.00000      -  63.0 36620s
 76475151 14086008 infeasible   41               -   19.00000      -  63.0 36625s
 76487169 14086450   19.26467   51  211          -   19.00000      -  63.0 36630s
 76499889 14086978   20.11570   38  137          -   19.00000      -  63.0 36635s
 76511808 14087478   20.36608   38  173          -   19.00000      -  63.0 36640s
 76524032 14087942   19.32898   43  175          -   19.00000      -  63.0 36645s
 76530411 14088233   20.82339   42  169          -   19.00000      -  63.0 36650s
 76542825 14088867 infeasible   41               -   19.00000      -  63.0 36655s
 76555148 14089298     cutoff   54               -   19.00000      -  63.0 36660s
 76567197 14089691     cutoff   35               -   19.00000      -  63.0 36665s
 76578876 14090065   20.92437   38  115          -   19.00000      -  63.0 36670s
 76590407 14090435   19.50000   37   21          -   19.00000      -  63.0 36675s
 76602924 14090880   19.50000   44   23          -   19.00000      -  63.0 36680s
 76614500 14091214   21.02040   48  152          -   19.00000      -  63.0 36685s
 76626020 14091653   20.24277   40  175          -   19.00000      -  63.0 36690s
 76638093 14091987   20.52372   55  140          -   19.00000      -  63.0 36695s
 76650415 14092507   19.23611   36  172          -   19.00000      -  63.0 36700s
 76662101 14092825   21.45405   40  180          -   19.00000      -  63.0 36705s
 76674565 14093303   20.78361   49  130          -   19.00000      -  63.0 36710s
 76686384 14093720   21.33333   49   47          -   19.00000      -  63.0 36715s
 76699181 14094345   19.99394   45  178          -   19.00000      -  63.0 36720s
 76711245 14094781 infeasible   47               -   19.00000      -  63.0 36725s
 76722931 14095278   19.23102   48  146          -   19.00000      -  63.0 36730s
 76732245 14095725   21.00000   41   52          -   19.00000      -  63.0 36735s
 76743514 14096039   19.40909   49  119          -   19.00000      -  63.0 36740s
 76755839 14096419   20.74229   37  144          -   19.00000      -  63.0 36745s
 76767567 14096550   20.34763   57  188          -   19.00000      -  63.0 36750s
 76779415 14096852   20.00000   41   27          -   19.00000      -  63.0 36755s
 76790718 14097177   20.85170   36  181          -   19.00000      -  63.0 36760s
 76803061 14097379   21.50115   42  159          -   19.00000      -  63.0 36765s
 76814076 14097540   19.98082   42  178          -   19.00000      -  63.0 36770s
 76826381 14097691     cutoff   50               -   19.00000      -  63.0 36775s
 76838027 14098165   19.44608   34  181          -   19.00000      -  63.0 36780s
 76849031 14098389   21.05134   41  199          -   19.00000      -  63.0 36785s
 76861263 14098738   21.16667   38   69          -   19.00000      -  63.0 36790s
 76872600 14098812 infeasible   35               -   19.00000      -  63.0 36795s
 76883930 14099002   21.15395   43  198          -   19.00000      -  63.0 36800s
 76894813 14099165     cutoff   37               -   19.00000      -  63.0 36805s
 76906565 14099421   21.32421   43  189          -   19.00000      -  63.0 36810s
 76918485 14099608   20.76055   40  196          -   19.00000      -  63.0 36815s
 76930068 14099785     cutoff   45               -   19.00000      -  63.0 36820s
 76941504 14100042     cutoff   40               -   19.00000      -  63.0 36825s
 76952775 14100229     cutoff   38               -   19.00000      -  63.0 36830s
 76964376 14100516   20.80364   38  185          -   19.00000      -  63.0 36835s
 76976288 14100697   20.02051   43  173          -   19.00000      -  63.0 36840s
 76987361 14100888     cutoff   57               -   19.00000      -  63.0 36845s
 76999295 14101262   20.87500   50   45          -   19.00000      -  63.0 36850s
 77010661 14101518   21.00000   46   29          -   19.00000      -  63.0 36857s
 77017869 14101710   20.45542   47  166          -   19.00000      -  63.0 36860s
 77029526 14101975     cutoff   48               -   19.00000      -  63.0 36865s
 77041004 14102165   20.88000   42   93          -   19.00000      -  63.0 36870s
 77053718 14102375     cutoff   48               -   19.00000      -  63.0 36875s
 77065831 14102660   20.90196   43  178          -   19.00000      -  63.0 36880s
 77077149 14102956   21.32916   42  180          -   19.00000      -  63.0 36885s
 77089292 14103399   20.81564   43  135          -   19.00000      -  63.0 36890s
 77101563 14103848   21.41010   38  153          -   19.00000      -  63.0 36895s
 77112881 14104234   19.41013   41  172          -   19.00000      -  63.0 36900s
 77125193 14104514   20.72447   44  190          -   19.00000      -  63.0 36905s
 77137152 14104604   21.00000   42   23          -   19.00000      -  63.0 36910s
 77147597 14104478   21.00971   48  119          -   19.00000      -  63.0 36915s
 77159069 14104346   19.30779   41  214          -   19.00000      -  63.0 36920s
 77169233 14104258   20.98936   35  122          -   19.00000      -  63.0 36925s
 77180714 14104297   19.68396   37  178          -   19.00000      -  63.0 36930s
 77191703 14104148   21.38350   48  143          -   19.00000      -  63.0 36935s
 77203122 14104041     cutoff   41               -   19.00000      -  63.0 36940s
 77213923 14103890   21.00000   42   80          -   19.00000      -  63.1 36945s
 77225125 14103731     cutoff   57               -   19.00000      -  63.1 36950s
 77236104 14103790     cutoff   49               -   19.00000      -  63.1 36955s
 77247343 14103664   21.58797   50  198          -   19.00000      -  63.1 36960s
 77258157 14103561     cutoff   39               -   19.00000      -  63.1 36965s
 77269218 14103350     cutoff   45               -   19.00000      -  63.1 36970s
 77279290 14103166   19.34667   45  133          -   19.00000      -  63.1 36975s
 77290221 14102946   21.75000   54   74          -   19.00000      -  63.1 36980s
 77301066 14102833 infeasible   47               -   19.00000      -  63.1 36985s
 77311455 14102621     cutoff   39               -   19.00000      -  63.1 36990s
 77323125 14102448   21.76512   36  188          -   19.00000      -  63.1 36995s
 77333603 14102282   20.40419   41  141          -   19.00000      -  63.1 37000s
 77344212 14102109   20.78082   38  184          -   19.00000      -  63.1 37005s
 77355592 14102025 infeasible   35               -   19.00000      -  63.1 37010s
 77365516 14101949     cutoff   42               -   19.00000      -  63.1 37015s
 77376870 14101813   20.44591   35  190          -   19.00000      -  63.1 37020s
 77387040 14101638   21.53179   47  172          -   19.00000      -  63.1 37025s
 77397764 14101422   21.00000   45    1          -   19.00000      -  63.1 37030s
 77409124 14101329 infeasible   39               -   19.00000      -  63.1 37035s
 77419535 14101349 infeasible   54               -   19.00000      -  63.1 37040s
 77430250 14101128   21.10098   48  174          -   19.00000      -  63.1 37045s
 77441004 14100884 infeasible   44               -   19.00000      -  63.1 37050s
 77452179 14100672     cutoff   38               -   19.00000      -  63.1 37055s
 77462760 14100536   19.86762   40  238          -   19.00000      -  63.1 37060s
 77473360 14100324     cutoff   41               -   19.00000      -  63.1 37065s
 77484881 14100266   19.69185   48  232          -   19.00000      -  63.1 37070s
 77496298 14100143     cutoff   46               -   19.00000      -  63.1 37075s
 77507621 14100173 infeasible   41               -   19.00000      -  63.1 37080s
 77518186 14100006   20.00000   45  113          -   19.00000      -  63.1 37085s
 77529382 14099782   20.86554   39  177          -   19.00000      -  63.1 37090s
 77540249 14099682   21.60504   36  151          -   19.00000      -  63.1 37095s
 77550725 14099634   21.62140   41  183          -   19.00000      -  63.1 37100s
 77562277 14099583   19.40909   39   88          -   19.00000      -  63.1 37105s
 77572017 14099337     cutoff   44               -   19.00000      -  63.1 37110s
 77582880 14099174   20.00000   49   23          -   19.00000      -  63.1 37115s
 77593393 14099002   20.83811   42  160          -   19.00000      -  63.1 37120s
 77603024 14098825   21.50750   36  189          -   19.00000      -  63.1 37125s
 77614102 14098603 infeasible   39               -   19.00000      -  63.1 37130s
 77624893 14098448   20.00000   42  163          -   19.00000      -  63.1 37135s
 77636086 14098376   19.00000   45    8          -   19.00000      -  63.1 37140s
 77646552 14098265   21.25092   40  170          -   19.00000      -  63.1 37145s
 77656979 14098039     cutoff   48               -   19.00000      -  63.1 37150s
 77668010 14097786   20.56025   37  174          -   19.00000      -  63.1 37155s
 77678665 14097601     cutoff   45               -   19.00000      -  63.1 37160s
 77688078 14097360     cutoff   40               -   19.00000      -  63.1 37165s
 77698804 14097046     cutoff   53               -   19.00000      -  63.1 37170s
 77710019 14096953   20.74583   45  148          -   19.00000      -  63.1 37175s
 77721833 14096824   21.00000   44    1          -   19.00000      -  63.1 37180s
 77728825 14096790   21.50218   43  185          -   19.00000      -  63.1 37185s
 77737625 14096792     cutoff   37               -   19.00000      -  63.1 37190s
 77748518 14096672     cutoff   45               -   19.00000      -  63.1 37195s
 77759279 14096547 infeasible   40               -   19.00000      -  63.1 37200s
 77770001 14096444   19.50000   46   23          -   19.00000      -  63.1 37205s
 77780723 14096234 infeasible   45               -   19.00000      -  63.1 37210s
 77791899 14096054 infeasible   53               -   19.00000      -  63.1 37215s
 77802261 14095770   19.67015   41  194          -   19.00000      -  63.1 37220s
 77812842 14095655   21.74056   39  172          -   19.00000      -  63.1 37225s
 77824557 14095515     cutoff   46               -   19.00000      -  63.1 37230s
 77834870 14095198     cutoff   41               -   19.00000      -  63.1 37235s
 77845337 14095017   20.96667   44  195          -   19.00000      -  63.1 37240s
 77856039 14094807   19.36290   47  128          -   19.00000      -  63.1 37245s
 77865627 14094562   21.56781   40  219          -   19.00000      -  63.1 37250s
 77876641 14094315   21.10926   48  133          -   19.00000      -  63.1 37255s
 77886617 14094167   21.39437   40  159          -   19.00000      -  63.1 37260s
 77897080 14093983     cutoff   39               -   19.00000      -  63.1 37265s
 77907721 14093806 infeasible   46               -   19.00000      -  63.1 37270s
 77919021 14093630   20.53571   43   82          -   19.00000      -  63.1 37275s
 77930077 14093466     cutoff   45               -   19.00000      -  63.1 37280s
 77940100 14093293   20.94332   43  198          -   19.00000      -  63.1 37285s
 77950329 14092980 infeasible   49               -   19.00000      -  63.1 37290s
 77960598 14092783   21.09082   41  201          -   19.00000      -  63.1 37295s
 77971077 14092523   20.58079   36  176          -   19.00000      -  63.1 37300s
 77981699 14092257   20.00000   37    8          -   19.00000      -  63.2 37305s
 77992124 14092088     cutoff   45               -   19.00000      -  63.2 37310s
 78002101 14091816   21.68421   44  115          -   19.00000      -  63.2 37315s
 78011886 14091452     cutoff   46               -   19.00000      -  63.2 37320s
 78022550 14091171     cutoff   44               -   19.00000      -  63.2 37325s
 78032286 14090984 infeasible   48               -   19.00000      -  63.2 37330s
 78042858 14090721   22.00000   47   10          -   19.00000      -  63.2 37335s
 78052596 14090527     cutoff   44               -   19.00000      -  63.2 37340s
 78063188 14090197   21.00000   55    1          -   19.00000      -  63.2 37345s
 78073863 14089866 infeasible   45               -   19.00000      -  63.2 37350s
 78083510 14089498   19.00000   34   10          -   19.00000      -  63.2 37355s
 78094388 14089231   21.36543   37  189          -   19.00000      -  63.2 37360s
 78104662 14088820   19.58675   38  171          -   19.00000      -  63.2 37365s
 78115398 14088561     cutoff   42               -   19.00000      -  63.2 37370s
 78125558 14088272   20.44230   41  191          -   19.00000      -  63.2 37375s
 78137124 14088003     cutoff   49               -   19.00000      -  63.2 37380s
 78146961 14087871   21.41435   44  212          -   19.00000      -  63.2 37385s
 78158849 14087903   21.41330   43  180          -   19.00000      -  63.2 37390s
 78170616 14087919     cutoff   37               -   19.00000      -  63.2 37395s
 78180963 14087856   21.00000   42   19          -   19.00000      -  63.2 37400s
 78191334 14087635   19.00000   56    9          -   19.00000      -  63.2 37405s
 78202123 14087407   20.00000   38    7          -   19.00000      -  63.2 37410s
 78212988 14087329   20.03409   35  154          -   19.00000      -  63.2 37415s
 78223881 14087096   20.15138   39  126          -   19.00000      -  63.2 37420s
 78234975 14086848   19.96774   42   63          -   19.00000      -  63.2 37425s
 78245885 14086696   20.78946   36  169          -   19.00000      -  63.2 37430s
 78256309 14086496     cutoff   42               -   19.00000      -  63.2 37435s
 78266150 14086322 infeasible   48               -   19.00000      -  63.2 37440s
 78276760 14085989 infeasible   38               -   19.00000      -  63.2 37445s
 78286476 14085682     cutoff   35               -   19.00000      -  63.2 37450s
 78297300 14085510   20.28288   43  147          -   19.00000      -  63.2 37455s
 78307764 14085356   20.53238   40  220          -   19.00000      -  63.2 37460s
 78318101 14085240   21.00000   42    1          -   19.00000      -  63.2 37465s
 78327896 14084960   19.80038   34  148          -   19.00000      -  63.2 37470s
 78338685 14084792   19.41297   44  177          -   19.00000      -  63.2 37475s
 78349024 14084642   20.75000   43   55          -   19.00000      -  63.2 37480s
 78359315 14084495   20.33696   43  130          -   19.00000      -  63.2 37485s
 78369966 14084308     cutoff   46               -   19.00000      -  63.2 37490s
 78380068 14084170   22.00000   49    9          -   19.00000      -  63.2 37495s
 78390407 14084249   20.93920   60  158          -   19.00000      -  63.2 37500s
 78401471 14084308 infeasible   42               -   19.00000      -  63.2 37505s
 78412753 14084167   21.56250   53  156          -   19.00000      -  63.2 37510s
 78423920 14084124   21.00000   38    9          -   19.00000      -  63.2 37515s
 78434842 14084038   19.62914   41  166          -   19.00000      -  63.2 37520s
 78444869 14083985 infeasible   34               -   19.00000      -  63.2 37525s
 78455362 14083806   20.48193   46  147          -   19.00000      -  63.2 37530s
 78467298 14083895 infeasible   46               -   19.00000      -  63.2 37535s
 78478629 14083839     cutoff   41               -   19.00000      -  63.2 37540s
 78490542 14083823   21.37467   41  197          -   19.00000      -  63.2 37545s
 78500301 14083683 infeasible   39               -   19.00000      -  63.2 37550s
 78511502 14083674   20.55941   64  137          -   19.00000      -  63.2 37555s
 78522856 14083665   21.25224   49  142          -   19.00000      -  63.2 37560s
 78534093 14083623   20.46341   41  140          -   19.00000      -  63.2 37565s
 78545761 14083486 infeasible   43               -   19.00000      -  63.2 37570s
 78557255 14083502     cutoff   53               -   19.00000      -  63.2 37575s
 78569362 14083492 infeasible   46               -   19.00000      -  63.2 37580s
 78581659 14083774   20.59155   34  194          -   19.00000      -  63.2 37585s
 78594685 14084141   20.60699   39  164          -   19.00000      -  63.2 37590s
 78607485 14084526 infeasible   51               -   19.00000      -  63.2 37595s
 78620083 14084801   19.02993   42  157          -   19.00000      -  63.2 37600s
 78633570 14085073     cutoff   48               -   19.00000      -  63.2 37605s
 78646699 14085379   21.39074   39  210          -   19.00000      -  63.2 37610s
 78658983 14085654   19.88235   41   98          -   19.00000      -  63.2 37615s
 78672225 14085877     cutoff   46               -   19.00000      -  63.2 37620s
 78685387 14086139     cutoff   33               -   19.00000      -  63.2 37625s
 78697824 14086356   21.06538   47  156          -   19.00000      -  63.2 37630s
 78710184 14086596   20.50000   39   21          -   19.00000      -  63.2 37635s
 78722105 14086835     cutoff   47               -   19.00000      -  63.2 37640s
 78734680 14086916   20.00000   45   37          -   19.00000      -  63.2 37645s
 78746429 14086932     cutoff   40               -   19.00000      -  63.2 37650s
 78757785 14087091   21.00537   42  164          -   19.00000      -  63.2 37655s
 78767776 14087294     cutoff   36               -   19.00000      -  63.2 37660s
 78779731 14087525   20.11600   45  119          -   19.00000      -  63.2 37665s
 78792176 14087709   19.75000   40   38          -   19.00000      -  63.2 37670s
 78804232 14087989   19.50000   37   34          -   19.00000      -  63.2 37675s
 78818253 14088243   21.72122   34  160          -   19.00000      -  63.2 37680s
 78830710 14088370     cutoff   35               -   19.00000      -  63.2 37685s
 78844560 14088714     cutoff   47               -   19.00000      -  63.2 37690s
 78861118 14089049   20.36364   46   82          -   19.00000      -  63.2 37695s
 78878235 14089648     cutoff   49               -   19.00000      -  63.2 37700s
 78896186 14090273   21.50000   45   22          -   19.00000      -  63.2 37705s
 78913590 14090694     cutoff   49               -   19.00000      -  63.2 37710s
 78930593 14091004     cutoff   47               -   19.00000      -  63.2 37715s
 78947510 14091461   19.61486   29  186          -   19.00000      -  63.3 37720s
 78962133 14091903   21.46602   48  133          -   19.00000      -  63.3 37725s
 78976653 14092029   19.00000   38    9          -   19.00000      -  63.3 37730s
 78993346 14092467   19.90114   49  187          -   19.00000      -  63.3 37735s
 79010819 14093005   19.66667   37   29          -   19.00000      -  63.3 37740s
 79029264 14093583 infeasible   46               -   19.00000      -  63.3 37745s
 79047413 14094308 infeasible   47               -   19.00000      -  63.3 37750s
 79066748 14094832     cutoff   41               -   19.00000      -  63.3 37755s
 79082661 14095511   21.70000   42   50          -   19.00000      -  63.3 37760s
 79099431 14095974   20.86540   41  186          -   19.00000      -  63.3 37765s
 79110556 14096130   22.00550   40  227          -   19.00000      -  63.3 37770s
 79121933 14096438   21.50000   44   34          -   19.00000      -  63.3 37775s
 79134592 14096827   21.88101   57  179          -   19.00000      -  63.3 37780s
 79145952 14097559   19.90567   31  222          -   19.00025      -  63.3 37785s
 79158827 14098605   19.10257   44  155          -   19.00064      -  63.3 37790s
 79171584 14099530   19.62110   44  219          -   19.00099      -  63.3 37795s
 79184239 14100465   20.88309   43  219          -   19.00134      -  63.3 37800s
 79197447 14101611     cutoff   38               -   19.00166      -  63.3 37805s
 79210324 14102519   19.26846   43  208          -   19.00200      -  63.3 37810s
 79223249 14103532   20.32586   45  212          -   19.00236      -  63.3 37815s
 79235802 14104551     cutoff   52               -   19.00266      -  63.3 37820s
 79248385 14105549   19.16070   44  191          -   19.00299      -  63.3 37825s
 79256722 14106191   20.03457   38  178          -   19.00318      -  63.3 37830s
 79268812 14107045   20.15317   41  191          -   19.00349      -  63.3 37835s
 79281556 14107970   20.34054   39  245          -   19.00377      -  63.3 37840s
 79294853 14108931   19.95739   43  182          -   19.00408      -  63.3 37845s
 79307262 14109881   19.78265   38  130          -   19.00435      -  63.3 37850s
 79320237 14110856     cutoff   39               -   19.00465      -  63.3 37855s
 79333636 14111956   19.46494   32  199          -   19.00494      -  63.3 37860s
 79346350 14112729   19.21904   48  200          -   19.00522      -  63.3 37865s
 79359312 14113696     cutoff   39               -   19.00549      -  63.3 37870s
 79372299 14114670 infeasible   40               -   19.00577      -  63.3 37875s
 79384188 14115530   19.35733   38  141          -   19.00602      -  63.3 37880s
 79386169 14115682   20.10787   41  211          -   19.00613      -  63.3 37885s
 79388780 14115881   20.57569   39  182          -   19.00620      -  63.3 37890s
 79396240 14116272   19.24510   46  166          -   19.00637      -  63.3 37895s
 79404449 14116740   19.96234   38  172          -   19.00654      -  63.3 37900s
 79417894 14117735   20.09664   38  126          -   19.00680      -  63.3 37905s
 79431483 14118779   20.24495   43  202          -   19.00713      -  63.3 37910s
 79444387 14119830   21.83172   43  196          -   19.00741      -  63.3 37915s
 79457585 14120658   20.77533   42  162          -   19.00770      -  63.3 37920s
 79471002 14121697   19.30811   38  216          -   19.00799      -  63.3 37925s
 79484945 14122815   20.00000   45   12          -   19.00829      -  63.3 37930s
 79497950 14123753   21.64359   37  170          -   19.00857      -  63.3 37935s
 79510635 14124688   19.81621   35  210          -   19.00882      -  63.3 37940s
 79523790 14125658   20.56531   38  179          -   19.00909      -  63.3 37945s
 79533133 14126372   20.28479   43  171          -   19.00928      -  63.3 37950s
 79545750 14127345   19.78400   34  214          -   19.00954      -  63.3 37955s
 79558735 14128266   20.95333   35  161          -   19.00980      -  63.3 37960s
 79571414 14129285   20.74338   44  194          -   19.01002      -  63.3 37965s
 79585229 14130368   20.20348   49  206          -   19.01031      -  63.3 37970s
 79598706 14131217   20.42676   43  151          -   19.01058      -  63.3 37975s
 79611863 14132238     cutoff   46               -   19.01084      -  63.3 37980s
 79623781 14133044   19.57597   45  205          -   19.01107      -  63.3 37985s
 79637389 14134001   20.08193   42  199          -   19.01136      -  63.3 37990s
 79650957 14134893   19.34455   45  182          -   19.01161      -  63.3 37995s
 79663587 14135751   20.75318   40  180          -   19.01187      -  63.3 38000s
 79671323 14136281   20.43027   41  164          -   19.01203      -  63.3 38005s
 79684849 14137347   20.02721   36  204          -   19.01227      -  63.3 38010s
 79697390 14138270   19.16413   46  172          -   19.01250      -  63.3 38015s
 79710408 14139145   20.47166   37  152          -   19.01273      -  63.3 38020s
 79722904 14139917   20.57452   38  188          -   19.01298      -  63.3 38025s
 79735762 14140807   20.85019   37  222          -   19.01323      -  63.3 38030s
 79748461 14141936   21.39645   40  215          -   19.01346      -  63.3 38035s
 79761244 14142943   20.57133   36  172          -   19.01373      -  63.3 38040s
 79773914 14143883   21.23284   43  204          -   19.01397      -  63.3 38045s
 79787266 14144809   19.98122   46  190          -   19.01421      -  63.3 38050s
 79795489 14145330   20.07947   38  216          -   19.01437      -  63.3 38055s
 79808909 14146315   19.10852   39  240          -   19.01463      -  63.3 38060s
 79822060 14147300   20.30120   45  162          -   19.01487      -  63.3 38065s
 79835513 14148228   19.97068   32  213          -   19.01515      -  63.3 38070s
 79849250 14149164   20.75942   38  188          -   19.01538      -  63.3 38075s
 79861806 14149988   19.24011   47  172          -   19.01562      -  63.3 38080s
 79874297 14150970   20.24876   39  177          -   19.01586      -  63.3 38085s
 79886961 14151890   21.47970   44  156          -   19.01609      -  63.3 38090s
 79899895 14152764   21.01042   35  172          -   19.01633      -  63.3 38095s
 79912839 14153672   19.81299   42  210          -   19.01659      -  63.3 38100s
 79926132 14154612   20.19274   39  201          -   19.01680      -  63.3 38105s
 79932574 14155135   19.37666   36  168          -   19.01695      -  63.3 38110s
 79944315 14156034   19.36610   34  141          -   19.01715      -  63.3 38115s
 79957561 14156951   20.17313   40  211          -   19.01739      -  63.3 38120s
 79971368 14157713     cutoff   44               -   19.01768      -  63.3 38125s
 79984041 14158513   20.06152   38  181          -   19.01791      -  63.3 38130s
 79997941 14159469   21.12986   36  121          -   19.01818      -  63.3 38135s
 80010745 14160362   20.61939   40  180          -   19.01843      -  63.3 38140s
 80024029 14161253   20.18394   39  204          -   19.01863      -  63.3 38145s
 80036687 14162099   20.12580   38  212          -   19.01888      -  63.3 38150s
 80050175 14163038   20.59487   49  219          -   19.01915      -  63.3 38155s
 80061628 14163795   19.41360   39  233          -   19.01930      -  63.3 38160s
 80073401 14164739   20.13047   32  171          -   19.01955      -  63.3 38165s
 80086159 14165539   19.95506   40  173          -   19.01978      -  63.3 38170s
 80099278 14166345   19.44887   41  174          -   19.02000      -  63.3 38175s
 80111683 14167167   19.43727   36  235          -   19.02023      -  63.3 38180s
 80125485 14168249   19.40405   40  166          -   19.02051      -  63.3 38185s
 80137785 14169111   20.30521   38  231          -   19.02081      -  63.3 38190s
 80150656 14169771   19.57837   37  257          -   19.02099      -  63.3 38195s
 80162957 14170583   20.50965   49  225          -   19.02122      -  63.3 38200s
 80176260 14171446   19.43527   42  234          -   19.02143      -  63.3 38205s
 80188625 14172341   20.24199   38  226          -   19.02168      -  63.3 38210s
 80200137 14173103   20.26864   39  234          -   19.02183      -  63.3 38216s
 80208976 14173806   20.07951   41  175          -   19.02200      -  63.3 38220s
 80222046 14174652   20.96491   47  106          -   19.02222      -  63.3 38225s
 80234437 14175604   19.67765   40  203          -   19.02250      -  63.3 38230s
 80247956 14176523   19.64452   37  174          -   19.02273      -  63.3 38235s
 80261152 14177394   19.81359   37  202          -   19.02295      -  63.3 38240s
 80273927 14178327   19.77497   43  229          -   19.02319      -  63.3 38245s
 80287151 14179165   19.81575   40  216          -   19.02339      -  63.3 38250s
 80299573 14180019   21.72887   33  209          -   19.02364      -  63.3 38255s
 80312113 14180817   20.09268   41  155          -   19.02381      -  63.3 38260s
 80325503 14181823   20.44675   40  177          -   19.02406      -  63.3 38265s
 80335209 14182584   20.86581   39  210          -   19.02422      -  63.3 38270s
 80347645 14183334   19.49329   35  192          -   19.02442      -  63.3 38275s
 80361204 14184307   21.06550   42  155          -   19.02471      -  63.3 38280s
 80374255 14185423     cutoff   42               -   19.02497      -  63.3 38285s
 80387312 14186230   20.95162   37  196          -   19.02511      -  63.3 38290s
 80399181 14187111   20.70105   34  210          -   19.02536      -  63.3 38295s
 80412028 14187890   20.18430   40  172          -   19.02563      -  63.3 38300s
 80424443 14188753   19.95255   38  146          -   19.02578      -  63.3 38305s
 80437495 14189751   21.09478   43  179          -   19.02601      -  63.3 38310s
 80449793 14190664   20.21942   31  215          -   19.02628      -  63.3 38315s
 80463035 14191408   19.77754   36  190          -   19.02641      -  63.3 38320s
 80472324 14192090   19.61714   42  206          -   19.02664      -  63.3 38325s
 80485531 14192974   19.89672   34  197          -   19.02687      -  63.3 38330s
 80498357 14193926   21.33789   45  193          -   19.02703      -  63.3 38335s
 80512157 14194860   21.73646   40  155          -   19.02730      -  63.3 38340s
 80524999 14195788   21.48429   47  182          -   19.02755      -  63.3 38345s
 80538273 14196619     cutoff   47               -   19.02778      -  63.3 38350s
 80551995 14197494   21.18882   47  199          -   19.02793      -  63.3 38355s
 80564947 14198353   20.12754   42  209          -   19.02817      -  63.3 38360s
 80577499 14199160   20.33595   43  181          -   19.02844      -  63.3 38365s
 80590809 14200049   21.42183   45  174          -   19.02857      -  63.3 38370s
 80601423 14200857   19.97704   36  198          -   19.02881      -  63.3 38376s
 80611654 14201429   20.47335   51  205          -   19.02899      -  63.3 38380s
 80624112 14202365   19.43589   41  203          -   19.02925      -  63.3 38385s
 80637871 14203242   21.70068   40  183          -   19.02941      -  63.3 38390s
 80651132 14204081   21.26671   43  168          -   19.02959      -  63.3 38395s
 80664231 14204969   20.85158   39  152          -   19.02983      -  63.3 38400s
 80676862 14205720   21.14103   45  118          -   19.03005      -  63.3 38405s
 80691411 14206779   21.71249   40  231          -   19.03030      -  63.3 38410s
 80704880 14207675 infeasible   51               -   19.03052      -  63.3 38415s
 80717792 14208579   20.21552   42  140          -   19.03077      -  63.3 38420s
 80731029 14209506   19.26746   37  135          -   19.03102      -  63.3 38425s
 80739408 14210176   19.22795   37  214          -   19.03119      -  63.3 38430s
 80752308 14210891   20.04862   47  213          -   19.03125      -  63.3 38435s
 80765406 14211873     cutoff   43               -   19.03150      -  63.3 38440s
 80777853 14212765   20.98427   40  208          -   19.03176      -  63.3 38445s
 80790788 14213650   19.72559   38  186          -   19.03205      -  63.3 38450s
 80804626 14214486     cutoff   39               -   19.03226      -  63.3 38455s
 80817860 14215431   20.41702   40  171          -   19.03245      -  63.3 38460s
 80830758 14216387   20.51729   37  236          -   19.03270      -  63.3 38465s
 80843611 14217263   21.48858   37  171          -   19.03292      -  63.3 38470s
 80856917 14218269   19.98109   38  182          -   19.03320      -  63.3 38475s
 80869650 14218987   20.58824   44  136          -   19.03333      -  63.3 38480s
 80877433 14219346   19.36708   37  156          -   19.03337      -  63.3 38485s
 80890012 14220204   20.24767   40  224          -   19.03367      -  63.3 38490s
 80903503 14221050   20.88268   38  198          -   19.03391      -  63.3 38495s
 80916884 14222101   19.48908   36  201          -   19.03418      -  63.3 38500s
 80930133 14223090   20.72185   38  159          -   19.03448      -  63.3 38505s
 80943110 14223840 infeasible   46               -   19.03456      -  63.3 38510s
 80955987 14224771   20.46099   48  183          -   19.03484      -  63.3 38515s
 80969315 14225764   19.26977   41  149          -   19.03509      -  63.3 38520s
 80981838 14226631   20.33616   34  217          -   19.03534      -  63.3 38525s
 80995275 14227531   20.50737   36  202          -   19.03560      -  63.3 38530s
 81006389 14228286   19.63156   51  207          -   19.03571      -  63.3 38536s
 81016713 14228846   20.50000   50   18          -   19.03571      -  63.3 38540s
 81029454 14229736   19.97857   39  139          -   19.03601      -  63.3 38545s
 81043390 14230858   21.33777   38  185          -   19.03628      -  63.3 38550s
 81056706 14231731     cutoff   42               -   19.03651      -  63.3 38555s
 81069383 14232639   21.09499   45  176          -   19.03675      -  63.3 38560s
 81082889 14233574   20.09351   42  156          -   19.03704      -  63.3 38565s
 81096103 14234254   20.80130   37  153          -   19.03710      -  63.3 38570s
 81109675 14235140   20.67840   42  180          -   19.03740      -  63.3 38575s
 81123186 14236150   20.76638   47  229          -   19.03763      -  63.3 38580s
 81136981 14237140   19.75000   44   49          -   19.03788      -  63.3 38585s
 81145069 14237790   19.45238   38  214          -   19.03801      -  63.3 38590s
 81158643 14238891   21.16568   36  181          -   19.03827      -  63.3 38595s
 81171055 14239715   19.50986   47  209          -   19.03846      -  63.3 38600s
 81184999 14240430   20.70131   33  193          -   19.03849      -  63.3 38605s
 81198409 14241425   21.59371   35  215          -   19.03877      -  63.3 38610s
 81211314 14242315 infeasible   40               -   19.03902      -  63.3 38615s
 81225274 14243335   19.65757   43  214          -   19.03925      -  63.3 38620s
 81238385 14244165   19.11688   56  115          -   19.03947      -  63.3 38625s
 81251529 14245071   21.30207   38  201          -   19.03973      -  63.3 38630s
 81264387 14245986     cutoff   36               -   19.04000      -  63.3 38635s
 81272747 14246369     cutoff   42               -   19.04000      -  63.3 38640s
 81285974 14247304   19.35777   46  189          -   19.04023      -  63.3 38645s
 81299382 14248271   19.77229   41  202          -   19.04047      -  63.3 38650s
 81312848 14249217   19.49189   36  217          -   19.04072      -  63.3 38655s
 81326362 14250193   20.70655   38  173          -   19.04096      -  63.3 38660s
 81339069 14251088   19.44829   37  204          -   19.04118      -  63.3 38665s
 81352740 14251977   19.55849   41  230          -   19.04147      -  63.3 38670s
 81365529 14252706   21.38310   37  163          -   19.04167      -  63.3 38675s
 81378622 14253376   20.79290   43  183          -   19.04167      -  63.3 38680s
 81391490 14254320   21.31934   45  188          -   19.04186      -  63.3 38685s
 81403875 14255238   20.11075   36  192          -   19.04211      -  63.3 38690s
 81411057 14255748   20.02678   33  172          -   19.04225      -  63.3 38695s
 81423901 14256676     cutoff   41               -   19.04254      -  63.3 38700s
 81437486 14257543   19.80268   39  131          -   19.04276      -  63.3 38705s
 81449795 14258346   19.21916   43  222          -   19.04300      -  63.3 38710s
 81462119 14259123   20.23855   44  159          -   19.04324      -  63.3 38715s
 81475781 14260038   20.52508   40  179          -   19.04348      -  63.3 38720s
 81488885 14260686   20.16642   37  225          -   19.04348      -  63.3 38725s
 81501662 14261633   20.94050   35  186          -   19.04375      -  63.3 38730s
 81514974 14262598   20.42322   35  127          -   19.04403      -  63.3 38735s
 81527984 14263463   19.44099   36  148          -   19.04427      -  63.3 38740s
 81540543 14264434   19.30092   40  182          -   19.04447      -  63.3 38745s
 81548579 14265080   20.06481   37  201          -   19.04464      -  63.3 38750s
 81560365 14266019   19.37738   38  169          -   19.04489      -  63.3 38755s
 81573201 14266922   21.27528   40  209          -   19.04514      -  63.3 38760s
 81585342 14267792   21.51021   42  208          -   19.04542      -  63.3 38765s
 81598890 14268397   19.84275   37  199          -   19.04545      -  63.3 38770s
 81611087 14269011   19.90909   37  184          -   19.04545      -  63.3 38775s
 81623940 14269957   20.58213   34  183          -   19.04567      -  63.3 38780s
 81636646 14270927 infeasible   32               -   19.04592      -  63.3 38785s
 81649649 14271831   20.27781   46  161          -   19.04615      -  63.3 38790s
 81655907 14272295   19.55459   41  230          -   19.04630      -  63.3 38795s
 81665588 14272930   19.41372   40  188          -   19.04651      -  63.3 38800s
 81677302 14273724   22.01352   45  213          -   19.04669      -  63.3 38807s
 81682727 14274112   19.54007   39  151          -   19.04680      -  63.3 38810s
 81694941 14274852   20.38832   36  193          -   19.04701      -  63.3 38815s
 81708486 14275779   20.15674   35  248          -   19.04724      -  63.3 38820s
 81721799 14276735   20.31852   37  167          -   19.04755      -  63.3 38825s
 81735001 14277393   19.44792   42  106          -   19.04762      -  63.3 38830s
 81748509 14278197   19.58354   42  180          -   19.04772      -  63.3 38835s
 81761220 14279159   21.59441   41  182          -   19.04801      -  63.3 38840s
 81774323 14280121   20.88120   39  180          -   19.04828      -  63.3 38845s
 81787939 14281153   19.55574   45  185          -   19.04848      -  63.3 38850s
 81801269 14282073   19.90362   41  192          -   19.04878      -  63.3 38855s
 81810646 14282697   21.11538   57  114          -   19.04887      -  63.3 38861s
 81819483 14283319   20.36627   35  176          -   19.04903      -  63.3 38865s
 81832757 14284221   20.38534   35  219          -   19.04927      -  63.3 38870s
 81844955 14285136   20.94035   39  159          -   19.04950      -  63.3 38875s
 81857574 14286043     cutoff   41               -   19.04980      -  63.3 38880s
 81869808 14286751   20.15000   35   89          -   19.05000      -  63.3 38885s
 81882470 14287359   21.11816   48  178          -   19.05000      -  63.3 38890s
 81895567 14288032   20.26597   36  151          -   19.05000      -  63.3 38895s
 81907800 14288890   19.31847   38  196          -   19.05019      -  63.3 38900s
 81920436 14289715   20.80579   44  228          -   19.05044      -  63.3 38905s
 81932847 14290629   20.96606   34  207          -   19.05066      -  63.3 38910s
 81945911 14291572   19.88636   38  113          -   19.05088      -  63.3 38917s
 81952826 14292032   19.83690   34  181          -   19.05102      -  63.3 38920s
 81964887 14292959   20.81482   49  223          -   19.05127      -  63.3 38925s
 81977375 14293688   20.67227   37  191          -   19.05140      -  63.3 38930s
 81990241 14294523   19.49418   38  176          -   19.05166      -  63.3 38935s
 82002706 14295267   20.56531   41  186          -   19.05184      -  63.3 38940s
 82015546 14296130   20.66243   41  188          -   19.05207      -  63.3 38945s
 82028422 14297039   19.26349   33  181          -   19.05230      -  63.3 38950s
 82040477 14297912   21.56072   43  218          -   19.05258      -  63.3 38955s
 82053628 14298507   20.47379   50  169          -   19.05263      -  63.3 38960s
 82066216 14299237   20.42461   36  176          -   19.05271      -  63.3 38965s
 82079070 14300181   20.63514   44  130          -   19.05301      -  63.3 38970s
 82085331 14300610   19.43023   39  147          -   19.05313      -  63.3 38975s
 82097644 14301483   19.55694   40  194          -   19.05333      -  63.3 38980s
 82110338 14302287   19.72260   36  170          -   19.05357      -  63.3 38985s
 82122742 14303239   20.16688   36  236          -   19.05382      -  63.3 38990s
 82135745 14303994   20.16254   30  168          -   19.05405      -  63.3 38995s
 82148475 14304802   19.37369   44  208          -   19.05423      -  63.3 39000s
 82161428 14305741   20.17796   39  200          -   19.05446      -  63.3 39005s
 82173622 14306560   19.78250   35  174          -   19.05468      -  63.3 39010s
 82186702 14307561   20.02325   41  183          -   19.05491      -  63.3 39015s
 82199044 14308395   19.20487   39  215          -   19.05515      -  63.3 39020s
 82211663 14309280     cutoff   39               -   19.05542      -  63.3 39025s
 82219477 14309768   20.67754   37  186          -   19.05556      -  63.3 39031s
 82230460 14310296   20.60637   37  238          -   19.05556      -  63.3 39035s
 82243527 14310954   20.25000   49   48          -   19.05556      -  63.3 39040s
 82255996 14311562   20.68539   37  158          -   19.05556      -  63.3 39045s
 82269424 14312479   19.79278   38  189          -   19.05587      -  63.3 39050s
 82282491 14313525   19.51332   39  124          -   19.05612      -  63.3 39055s
 82295178 14314465   20.38029   38  212          -   19.05634      -  63.3 39060s
 82307740 14315299 infeasible   49               -   19.05657      -  63.3 39065s
 82319401 14316059   19.45096   38  150          -   19.05679      -  63.3 39070s
 82332451 14316931   20.85068   36  186          -   19.05703      -  63.3 39075s
 82345451 14317705   19.72638   37  204          -   19.05716      -  63.3 39080s
 82356281 14318587   19.98217   36  186          -   19.05739      -  63.3 39087s
 82364061 14319069     cutoff   42               -   19.05752      -  63.3 39090s
 82376297 14319933   20.76697   45  187          -   19.05769      -  63.3 39095s
 82388336 14320816   20.68484   35  239          -   19.05796      -  63.3 39100s
 82401217 14321664   20.49798   46  169          -   19.05816      -  63.3 39105s
 82414031 14322577   19.32887   39  200          -   19.05842      -  63.3 39110s
 82427361 14323608   20.54495   35  203          -   19.05870      -  63.3 39115s
 82440129 14324382     cutoff   42               -   19.05882      -  63.3 39120s
 82452151 14324935   21.61059   45  208          -   19.05882      -  63.3 39125s
 82456489 14325183   20.46137   38  125          -   19.05882      -  63.3 39130s
 82457430 14325328   19.33522   37  176          -   19.05886      -  63.3 39135s
 82461874 14325676   20.43498   42  174          -   19.05899      -  63.3 39140s
 82469860 14326080   20.55053   53  201          -   19.05919      -  63.3 39145s
 82482611 14326795   20.75633   43  160          -   19.05941      -  63.3 39150s
 82494842 14327526   19.25699   41  197          -   19.05963      -  63.3 39155s
 82501144 14327907   19.91741   44  164          -   19.05971      -  63.3 39160s
 82514085 14328855   19.64241   39  174          -   19.05996      -  63.3 39165s
 82527037 14329671   19.18080   48  222          -   19.06014      -  63.3 39170s
 82539907 14330577   19.83956   39  200          -   19.06041      -  63.3 39175s
 82552633 14331319   19.19022   44  228          -   19.06061      -  63.3 39180s
 82565251 14332119   20.58005   38  191          -   19.06081      -  63.3 39185s
 82577541 14332927   19.74297   37  191          -   19.06105      -  63.3 39190s
 82590175 14333734   21.26087   37  101          -   19.06127      -  63.3 39195s
 82602694 14334594     cutoff   45               -   19.06150      -  63.3 39200s
 82615155 14335396   20.43621   44  164          -   19.06173      -  63.3 39205s
 82628642 14336414   19.56049   50  208          -   19.06196      -  63.3 39210s
 82635096 14336903   19.98165   38  234          -   19.06209      -  63.3 39215s
 82648098 14337887     cutoff   48               -   19.06239      -  63.3 39220s
 82660385 14338504   21.28135   44  186          -   19.06250      -  63.3 39225s
 82673004 14339038 infeasible   39               -   19.06250      -  63.3 39230s
 82685594 14339613 infeasible   45               -   19.06250      -  63.3 39235s
 82697901 14340173   20.16530   39  195          -   19.06250      -  63.3 39240s
 82710844 14341047   20.76703   34  212          -   19.06271      -  63.3 39245s
 82723101 14341795   21.13050   42  209          -   19.06298      -  63.3 39250s
 82735732 14342649   19.31463   39  198          -   19.06323      -  63.3 39255s
 82749086 14343527   20.41102   36  157          -   19.06345      -  63.3 39260s
 82762092 14344344   20.04551   45  204          -   19.06364      -  63.3 39265s
 82775546 14345446   19.27263   35  170          -   19.06385      -  63.3 39270s
 82782346 14345918   19.62146   37  174          -   19.06398      -  63.3 39275s
 82795756 14346759   20.68049   40  215          -   19.06424      -  63.3 39280s
 82808527 14347772   19.56378   43  166          -   19.06452      -  63.3 39285s
 82821802 14348543   19.58499   30  188          -   19.06464      -  63.3 39290s
 82834393 14349422   20.69561   39  187          -   19.06487      -  63.3 39295s
 82847112 14350280   21.39655   41  212          -   19.06512      -  63.3 39300s
 82859914 14350927 infeasible   42               -   19.06524      -  63.3 39305s
 82874043 14351956   19.65370   36  229          -   19.06548      -  63.3 39310s
 82886638 14352864   20.17760   50  187          -   19.06569      -  63.3 39315s
 82899082 14353818   21.39369   42  161          -   19.06593      -  63.3 39320s
 82912525 14354622   20.72997   38  189          -   19.06619      -  63.3 39325s
 82919425 14355101   21.30525   38  209          -   19.06630      -  63.3 39330s
 82931711 14356017   19.83475   43  213          -   19.06661      -  63.3 39335s
 82945089 14356624   20.00000   43   54          -   19.06667      -  63.3 39340s
 82957422 14357125   21.33333   47   54          -   19.06667      -  63.3 39345s
 82970737 14357950   21.86364   33  115          -   19.06667      -  63.3 39350s
 82983533 14358756   19.38750   33  186          -   19.06690      -  63.3 39355s
 82996188 14359675   21.23747   48  223          -   19.06713      -  63.3 39360s
 83008494 14360463 infeasible   39               -   19.06736      -  63.3 39365s
 83021256 14361382   19.47954   45  184          -   19.06762      -  63.3 39370s
 83033703 14362141   20.22302   38  157          -   19.06782      -  63.3 39375s
 83045678 14363043   20.51237   35  186          -   19.06805      -  63.3 39380s
 83056433 14363626   19.60000   54   76          -   19.06818      -  63.3 39386s
 83066147 14364290   19.50000   41   53          -   19.06831      -  63.3 39390s
 83078854 14365175   19.38659   39  123          -   19.06854      -  63.3 39395s
 83091202 14365936   20.33415   36  154          -   19.06876      -  63.3 39400s
 83103566 14366755   20.02041   34  209          -   19.06897      -  63.3 39405s
 83115521 14367521   21.18087   44  224          -   19.06912      -  63.3 39410s
 83128468 14368449   20.72796   35  149          -   19.06934      -  63.3 39415s
 83141458 14369315   19.37726   38  229          -   19.06957      -  63.3 39420s
 83153673 14370072     cutoff   58               -   19.06977      -  63.3 39425s
 83166891 14370945   21.39024   43  130          -   19.07000      -  63.3 39430s
 83178904 14371761   19.71875   41  215          -   19.07021      -  63.3 39435s
 83191797 14372567   19.58824   39  111          -   19.07046      -  63.3 39442s
 83198318 14372960   20.11591   33  198          -   19.07057      -  63.3 39445s
 83210231 14373738   20.43044   42  211          -   19.07084      -  63.3 39450s
 83223526 14374668   19.85307   38  193          -   19.07110      -  63.3 39455s
 83235807 14375523   19.39229   37  195          -   19.07140      -  63.3 39460s
 83249038 14376102   19.72000   47  118          -   19.07143      -  63.3 39465s
 83261795 14376705   20.83333   36  123          -   19.07143      -  63.3 39470s
 83274795 14377296   20.85485   47  194          -   19.07143      -  63.3 39475s
 83286888 14377791   21.02563   45  192          -   19.07143      -  63.3 39480s
 83299397 14378306     cutoff   39               -   19.07143      -  63.3 39485s
 83312989 14379290   19.44261   39  196          -   19.07177      -  63.3 39490s
 83325309 14380043   19.88387   45  205          -   19.07200      -  63.3 39495s
 83337943 14380882   19.44895   38  196          -   19.07224      -  63.3 39500s
 83345366 14381414   19.46922   40  242          -   19.07237      -  63.3 39505s
 83357202 14382282   19.45282   43  226          -   19.07258      -  63.3 39510s
 83370347 14383114     cutoff   46               -   19.07278      -  63.3 39515s
 83383484 14383871   21.66667   54   67          -   19.07302      -  63.3 39520s
 83396368 14384667   20.86089   41  187          -   19.07320      -  63.3 39525s
 83408346 14385505   20.03582   46  224          -   19.07345      -  63.3 39530s
 83421174 14386213   20.48889   40  131          -   19.07365      -  63.3 39535s
 83433322 14387039   21.59912   52  126          -   19.07388      -  63.3 39540s
 83446129 14387935 infeasible   32               -   19.07407      -  63.3 39545s
 83458345 14388600   21.73377   40  204          -   19.07413      -  63.3 39550s
 83471914 14389581   19.33088   41  151          -   19.07444      -  63.3 39555s
 83484352 14390341 infeasible   38               -   19.07463      -  63.3 39560s
 83491070 14390793   20.48176   39  203          -   19.07477      -  63.3 39565s
 83503926 14391623   20.09995   45  200          -   19.07500      -  63.3 39570s
 83517057 14392438   21.17747   37  202          -   19.07514      -  63.3 39575s
 83529187 14393343   20.07987   38  179          -   19.07536      -  63.3 39580s
 83543046 14394334   20.00000   35   58          -   19.07559      -  63.3 39585s
 83555516 14395185   19.61209   43  161          -   19.07582      -  63.3 39590s
 83568796 14395997   19.96469   37  226          -   19.07606      -  63.3 39595s
 83580933 14396832     cutoff   41               -   19.07627      -  63.3 39600s
 83593660 14397787   21.33229   50  199          -   19.07652      -  63.3 39605s
 83606543 14398744   20.32989   43  195          -   19.07681      -  63.3 39610s
 83618789 14399496   21.61521   40  198          -   19.07692      -  63.3 39616s
 83626922 14399888   20.09406   35  200          -   19.07692      -  63.3 39620s
 83640215 14400532   20.72115   46  165          -   19.07692      -  63.3 39625s
 83651850 14400938   21.11264   43  154          -   19.07692      -  63.3 39630s
 83665179 14401727   20.42529   35  154          -   19.07704      -  63.3 39635s
 83676688 14402494   19.48825   30  206          -   19.07731      -  63.3 39640s
 83690147 14403371   21.51903   46  167          -   19.07759      -  63.3 39645s
 83702653 14404201   20.67073   36  120          -   19.07780      -  63.3 39650s
 83715841 14404966   21.21470   35  164          -   19.07805      -  63.3 39655s
 83727625 14405738   19.26360   50  220          -   19.07823      -  63.3 39660s
 83740589 14406501   19.45915   41  239          -   19.07847      -  63.3 39665s
 83752911 14407466   19.43954   41  206          -   19.07869      -  63.3 39670s
 83765297 14408293   20.15045   42  195          -   19.07895      -  63.3 39677s
 83771868 14408619   19.21751   37  195          -   19.07895      -  63.3 39680s
 83785129 14409478   19.89041   37   99          -   19.07919      -  63.3 39685s
 83797048 14410240 infeasible   43               -   19.07938      -  63.3 39690s
 83810006 14411121   21.31129   43  178          -   19.07963      -  63.3 39695s
 83822856 14411949   20.58753   40  223          -   19.07990      -  63.3 39700s
 83835299 14412551   22.02229   33  182          -   19.08000      -  63.3 39705s
 83848167 14413294   20.83001   38  221          -   19.08016      -  63.3 39710s
 83860277 14414083   21.50901   49  120          -   19.08039      -  63.3 39715s
 83873697 14415102   20.99879   42  189          -   19.08065      -  63.3 39720s
 83886295 14415857   21.58954   41  186          -   19.08081      -  63.3 39725s
 83898576 14416793   20.24671   33  165          -   19.08106      -  63.3 39730s
 83907629 14417380   20.63738   40  194          -   19.08109      -  63.3 39735s
 83918624 14418070   20.20276   34  161          -   19.08132      -  63.3 39740s
 83931367 14418897   21.00924   37  226          -   19.08158      -  63.3 39745s
 83944429 14419713   19.12654   33  204          -   19.08175      -  63.3 39750s
 83957478 14420577   20.76410   40  179          -   19.08197      -  63.3 39755s
 83970605 14421365   19.84792   48  194          -   19.08219      -  63.3 39760s
 83982660 14422114   21.20350   50  215          -   19.08242      -  63.3 39765s
 83996236 14422996   19.34230   45  235          -   19.08268      -  63.3 39770s
 84008380 14423847   19.61407   39  196          -   19.08291      -  63.3 39775s
 84021047 14424781     cutoff   43               -   19.08317      -  63.3 39780s
 84033145 14425270   19.89764   33  176          -   19.08333      -  63.3 39785s
 84046145 14425787     cutoff   41               -   19.08333      -  63.3 39790s
 84058245 14426214   21.00000   43   19          -   19.08333      -  63.3 39797s
 84066161 14426472     cutoff   39               -   19.08333      -  63.3 39800s
 84077941 14426928   21.00000   43   35          -   19.08333      -  63.3 39805s
 84090655 14427476     cutoff   43               -   19.08333      -  63.3 39810s
 84103550 14428038   21.28800   37  173          -   19.08333      -  63.3 39815s
 84115784 14428563   19.58308   42  162          -   19.08333      -  63.3 39820s
 84128721 14429342     cutoff   42               -   19.08367      -  63.3 39825s
 84142076 14430296   19.90049   34  201          -   19.08394      -  63.3 39830s
 84154470 14431035     cutoff   37               -   19.08419      -  63.3 39835s
 84167499 14432000   20.16964   38  126          -   19.08444      -  63.3 39840s
 84179687 14432780   20.51103   39  232          -   19.08466      -  63.3 39845s
 84192210 14433506   20.92083   37  153          -   19.08487      -  63.3 39850s
 84205078 14434338   20.21556   37  183          -   19.08510      -  63.3 39855s
 84214247 14434935   20.65970   52  129          -   19.08519      -  63.3 39860s
 84225224 14435643   19.56947   39  175          -   19.08537      -  63.3 39865s
 84238549 14436588   20.06429   36  139          -   19.08565      -  63.3 39870s
 84251541 14437421     cutoff   40               -   19.08579      -  63.3 39875s
 84264975 14438267   20.38768   34  167          -   19.08603      -  63.3 39880s
 84278496 14439200     cutoff   35               -   19.08622      -  63.3 39885s
 84291444 14440117   19.46240   38  210          -   19.08649      -  63.3 39890s
 84304039 14440960   20.70447   45  202          -   19.08674      -  63.3 39895s
 84317343 14441617   19.74151   47  178          -   19.08696      -  63.3 39900s
 84329716 14442239   21.13747   40  229          -   19.08698      -  63.3 39905s
 84343215 14443123 infeasible   37               -   19.08729      -  63.3 39910s
 84355249 14443783   20.26366   40  156          -   19.08750      -  63.3 39915s
 84362489 14444282   19.60073   38  206          -   19.08762      -  63.3 39920s
 84375359 14445114   21.88001   37  176          -   19.08784      -  63.3 39925s
 84388581 14445932   19.68173   45  191          -   19.08808      -  63.3 39930s
 84402244 14446776   20.79648   34  201          -   19.08824      -  63.3 39935s
 84415324 14447480     cutoff   40               -   19.08841      -  63.3 39940s
 84427982 14448255   19.43668   37  224          -   19.08865      -  63.3 39945s
 84440691 14449127   20.09961   40  197          -   19.08889      -  63.3 39950s
 84453898 14450080   19.39578   41  165          -   19.08912      -  63.3 39955s
 84467108 14450860   19.41667   38   77          -   19.08929      -  63.3 39960s
 84480274 14451755   20.59317   34  176          -   19.08955      -  63.3 39965s
 84493832 14452584   20.39106   40  221          -   19.08978      -  63.3 39970s
 84502606 14453180   21.53875   34  198          -   19.08997      -  63.3 39975s
 84514854 14454058   19.48842   41  150          -   19.09022      -  63.3 39980s
 84528511 14454999   19.21064   42  214          -   19.09047      -  63.3 39985s
 84541675 14455971   20.19474   50  217          -   19.09074      -  63.3 39990s
 84554657 14456654   19.79094   48  180          -   19.09091      -  63.3 39995s
 84567688 14457227   19.31440   38  135          -   19.09091      -  63.3 40000s
 84581370 14457708     cutoff   36               -   19.09091      -  63.3 40005s
 84593927 14458279   21.10272   47  204          -   19.09091      -  63.3 40010s
 84607976 14458976   20.73626   48  142          -   19.09091      -  63.3 40015s
 84621602 14459777   19.44715   41  205          -   19.09108      -  63.3 40020s
 84634437 14460616   21.85666   40  188          -   19.09139      -  63.3 40025s
 84648077 14461555   19.72065   37  218          -   19.09167      -  63.3 40031s
 84658356 14462286   20.48941   35  208          -   19.09186      -  63.3 40035s
 84672219 14463087   20.32759   40  132          -   19.09211      -  63.3 40040s
 84686324 14463944   20.38015   40  228          -   19.09237      -  63.3 40045s
 84700965 14464895   20.71355   45  190          -   19.09259      -  63.3 40050s
 84715435 14465807     cutoff   44               -   19.09289      -  63.3 40055s
 84729652 14466885   20.70194   41  201          -   19.09310      -  63.3 40060s
 84744378 14467923   19.55605   39  205          -   19.09337      -  63.3 40065s
 84757916 14468717   19.82025   40  207          -   19.09369      -  63.3 40070s
 84772368 14469454   21.34655   49  155          -   19.09375      -  63.3 40075s
 84788017 14470567   21.07534   43  179          -   19.09402      -  63.3 40080s
 84798376 14471251   21.49718   42  196          -   19.09420      -  63.3 40085s
 84813747 14472133   19.33203   42  229          -   19.09444      -  63.3 40090s
 84828290 14473125   20.29032   40  121          -   19.09474      -  63.3 40095s
 84844843 14474311   20.47672   38  198          -   19.09503      -  63.3 40100s
 84864059 14475381 infeasible   39               -   19.09524      -  63.3 40105s
 84882300 14476462   20.68196   43  191          -   19.09537      -  63.3 40110s
 84901705 14477666   19.88704   50  179          -   19.09574      -  63.3 40115s
 84921369 14479034   21.06097   37  199          -   19.09610      -  63.3 40120s
 84935749 14479776     cutoff   46               -   19.09631      -  63.3 40125s
 84954740 14480865   19.87245   39  203          -   19.09669      -  63.3 40130s
 84974460 14482036   20.79233   36  179          -   19.09694      -  63.3 40135s
 84993297 14483149   20.85529   35  216          -   19.09727      -  63.3 40140s
 85012467 14484308   20.82716   36  187          -   19.09761      -  63.3 40145s
 85032290 14485461     cutoff   45               -   19.09799      -  63.3 40150s
 85051604 14486686     cutoff   39               -   19.09835      -  63.3 40155s
 85071054 14487977   19.90989   42  205          -   19.09867      -  63.3 40160s
 85088095 14488901   19.93511   53  206          -   19.09896      -  63.3 40165s
 85102618 14489892   19.80000   43   54          -   19.09924      -  63.3 40170s
 85115851 14490635   20.78501   49  185          -   19.09953      -  63.3 40175s
 85128488 14491424   19.78214   37  188          -   19.09984      -  63.3 40180s
 85141640 14492110 infeasible   45               -   19.10000      -  63.3 40185s
 85154100 14492651   20.14370   41  203          -   19.10000      -  63.3 40190s
 85166845 14493250 infeasible   50               -   19.10000      -  63.3 40195s
 85179441 14493734   19.26250   44  127          -   19.10000      -  63.3 40200s
 85191996 14494167   21.15094   37  138          -   19.10000      -  63.3 40205s
 85204656 14494648   21.05900   45  160          -   19.10000      -  63.3 40210s
 85216429 14494913 infeasible   43               -   19.10000      -  63.3 40215s
 85228845 14495322   20.00000   47   96          -   19.10000      -  63.3 40220s
 85228999 14495402   20.54763   39  190          -   19.10000      -  63.3 40225s
 85229127 14495488   19.31264   43  129          -   19.10000      -  63.3 40230s
 85231566 14495533   20.47447   45  146          -   19.10000      -  63.3 40235s
 85241713 14495855   21.81164   42  186          -   19.10000      -  63.3 40240s
 85254829 14496686   19.63607   38  185          -   19.10021      -  63.3 40245s
 85261991 14497173     cutoff   38               -   19.10039      -  63.3 40250s
 85275376 14498117   19.48896   43  187          -   19.10066      -  63.3 40255s
 85287945 14498918   20.05043   46  177          -   19.10092      -  63.3 40260s
 85300398 14499750     cutoff   38               -   19.10116      -  63.3 40265s
 85312757 14500602   20.74721   37  194          -   19.10136      -  63.3 40270s
 85325154 14501362   21.19291   44  136          -   19.10160      -  63.3 40275s
 85337684 14502150   19.78182   38  139          -   19.10180      -  63.3 40280s
 85350352 14502950 infeasible   45               -   19.10204      -  63.3 40285s
 85364275 14503932   21.43370   32  143          -   19.10227      -  63.3 40290s
 85377831 14504859   20.38154   42  203          -   19.10250      -  63.3 40295s
 85390882 14505444   20.07195   37  239          -   19.10264      -  63.3 40300s
 85399731 14506045   20.27365   39  200          -   19.10281      -  63.3 40305s
 85412551 14506887   20.16667   50   63          -   19.10303      -  63.3 40310s
 85425595 14507894   20.17908   40  170          -   19.10327      -  63.3 40315s
 85437937 14508698     cutoff   44               -   19.10345      -  63.3 40320s
 85451027 14509477   19.35928   38  225          -   19.10359      -  63.3 40325s
 85464311 14510386 infeasible   48               -   19.10384      -  63.3 40330s
 85476508 14511076   20.10753   41  206          -   19.10405      -  63.3 40335s
 85488472 14511778   19.56966   41  245          -   19.10417      -  63.3 40340s
 85500440 14512629   20.30552   38  216          -   19.10444      -  63.3 40345s
 85513649 14513387   20.75577   36  142          -   19.10465      -  63.3 40350s
 85525475 14514241   20.06795   38  185          -   19.10486      -  63.3 40355s
 85534131 14514845   19.32041   34  196          -   19.10499      -  63.3 40360s
 85547338 14515708   19.19345   39  142          -   19.10526      -  63.3 40365s
 85560796 14516259     cutoff   50               -   19.10526      -  63.3 40370s
 85573899 14516852   19.31085   36  220          -   19.10526      -  63.3 40375s
 85586901 14517734   19.71971   48  176          -   19.10553      -  63.3 40380s
 85598744 14518540   19.85417   38  115          -   19.10573      -  63.3 40385s
 85611024 14519390   19.76575   40  228          -   19.10595      -  63.3 40390s
 85624032 14520156   20.89843   41  186          -   19.10616      -  63.3 40395s
 85636137 14520950   20.61005   37  194          -   19.10638      -  63.3 40400s
 85649109 14521805   21.41111   41  215          -   19.10657      -  63.3 40405s
 85662100 14522708   21.99300   34  213          -   19.10680      -  63.3 40410s
 85674070 14523591   20.58683   35  180          -   19.10707      -  63.3 40415s
 85681676 14523932   20.89983   38  216          -   19.10714      -  63.3 40420s
 85694958 14524559   21.34667   38  157          -   19.10714      -  63.3 40425s
 85707586 14525446   20.11418   40  206          -   19.10738      -  63.3 40430s
 85721534 14526297     cutoff   55               -   19.10762      -  63.3 40435s
 85733952 14527026   21.01363   39  168          -   19.10784      -  63.3 40440s
 85746897 14527881   20.02141   36  183          -   19.10811      -  63.3 40445s
 85759281 14528603   19.59240   40  168          -   19.10823      -  63.3 40450s
 85771605 14529433   19.60259   38  173          -   19.10843      -  63.3 40455s
 85783860 14530170   19.33938   41  151          -   19.10870      -  63.3 40460s
 85796391 14530898   19.67667   43  157          -   19.10885      -  63.3 40465s
 85809721 14531649   21.00850   36  210          -   19.10909      -  63.3 40470s
 85822507 14532505   20.36425   37  209          -   19.10933      -  63.3 40475s
 85831077 14532935   20.17706   40  147          -   19.10945      -  63.3 40480s
 85843794 14533670   21.01220   38  153          -   19.10968      -  63.3 40485s
 85856935 14534438   20.87102   44  182          -   19.10993      -  63.3 40490s
 85869697 14535135   20.43103   42  164          -   19.11017      -  63.3 40495s
 85882221 14535944   20.41045   39  114          -   19.11040      -  63.3 40500s
 85895134 14536726   19.82641   33  185          -   19.11067      -  63.3 40505s
 85908794 14537797   20.25679   56  202          -   19.11092      -  63.3 40510s
 85922396 14538702   20.17313   39  141          -   19.11111      -  63.3 40515s
 85935411 14539269     cutoff   52               -   19.11111      -  63.3 40520s
 85948433 14539662   20.35926   40  175          -   19.11111      -  63.3 40525s
 85960871 14540144   20.55556   42   87          -   19.11111      -  63.3 40530s
 85972957 14540464   19.67914   37  165          -   19.11111      -  63.3 40535s
 85986528 14540994   20.36161   47  136          -   19.11111      -  63.3 40540s
 85994577 14541310   20.23366   33  174          -   19.11111      -  63.3 40545s
 86007114 14541851 infeasible   40               -   19.11111      -  63.3 40550s
 86019965 14542384     cutoff   41               -   19.11111      -  63.3 40555s
 86031800 14543184   19.38420   32  166          -   19.11138      -  63.3 40560s
 86044859 14543896   21.34783   50  158          -   19.11165      -  63.3 40565s
 86057316 14544718   21.08943   36  208          -   19.11190      -  63.3 40570s
 86069634 14545514   20.18657   43  197          -   19.11215      -  63.3 40575s
 86081036 14546180   20.21073   35  224          -   19.11236      -  63.3 40580s
 86094473 14547048   21.01439   35  158          -   19.11261      -  63.3 40585s
 86107552 14547867   20.25805   41  171          -   19.11285      -  63.3 40590s
 86120776 14548687   20.62500   40   90          -   19.11306      -  63.3 40595s
 86133353 14549562   20.86951   44  189          -   19.11327      -  63.3 40600s
 86141180 14550047   19.53027   37  182          -   19.11343      -  63.3 40605s
 86153166 14550767   20.28610   37  217          -   19.11364      -  63.3 40610s
 86165641 14551398   20.28111   39  198          -   19.11379      -  63.3 40615s
 86178728 14552125   20.87198   38  183          -   19.11404      -  63.3 40620s
 86191662 14553076   20.37220   36  199          -   19.11427      -  63.3 40625s
 86203719 14553791   20.51462   33  169          -   19.11437      -  63.3 40630s
 86216644 14554668   19.71937   39  176          -   19.11458      -  63.3 40635s
 86228772 14555400   19.96728   37  197          -   19.11475      -  63.3 40640s
 86242404 14556208   20.80000   44   61          -   19.11499      -  63.3 40645s
 86255086 14557065   19.93612   37  202          -   19.11523      -  63.3 40650s
 86267766 14557828   21.50000   41   24          -   19.11538      -  63.3 40655s
 86280332 14558266   19.40405   39  190          -   19.11538      -  63.3 40660s
 86292847 14558966     cutoff   38               -   19.11558      -  63.3 40667s
 86300524 14559561   20.53589   36  201          -   19.11572      -  63.3 40670s
 86312436 14560332   20.27434   44  135          -   19.11594      -  63.3 40675s
 86325652 14561230   21.42611   39  104          -   19.11617      -  63.3 40680s
 86337710 14561965   19.83543   40  187          -   19.11631      -  63.3 40685s
 86349887 14562786   19.85620   34  200          -   19.11656      -  63.3 40690s
 86363158 14563604   20.55542   40  213          -   19.11673      -  63.3 40695s
 86376080 14564446     cutoff   49               -   19.11695      -  63.3 40700s
 86388780 14565300   19.44195   41  197          -   19.11715      -  63.3 40705s
 86400873 14566082   20.94065   35  183          -   19.11739      -  63.3 40710s
 86413545 14566818   20.62439   40  194          -   19.11765      -  63.3 40715s
 86426805 14567346   19.92478   37  167          -   19.11765      -  63.3 40720s
 86436466 14567720     cutoff   38               -   19.11765      -  63.3 40726s
 86446162 14568184   20.83039   43  178          -   19.11772      -  63.3 40730s
 86459161 14569093   19.58323   44  193          -   19.11800      -  63.3 40735s
 86472154 14569869   20.01685   43   97          -   19.11823      -  63.3 40740s
 86484353 14570616   19.56667   47   86          -   19.11842      -  63.3 40745s
 86496518 14571364   20.59347   37  209          -   19.11864      -  63.3 40750s
 86509255 14572171   19.72719   37  172          -   19.11890      -  63.3 40755s
 86521384 14572965   19.48548   40  161          -   19.11905      -  63.3 40760s
 86533309 14573748   21.29333   40  166          -   19.11925      -  63.3 40765s
 86546238 14574532   20.42099   38  135          -   19.11951      -  63.3 40770s
 86557838 14575287   20.51139   38  213          -   19.11972      -  63.3 40775s
 86569978 14576067   19.62701   41  231          -   19.11997      -  63.3 40780s
 86583562 14576628   21.48601   43  167          -   19.12000      -  63.3 40785s
 86592395 14577222   21.27712   30  216          -   19.12012      -  63.3 40790s
 86604851 14578086   19.61364   39   87          -   19.12037      -  63.3 40795s
 86616783 14578879   19.43199   36  208          -   19.12057      -  63.3 40800s
 86629990 14579732   19.65065   39  152          -   19.12077      -  63.3 40805s
 86642094 14580458   19.45754   35  184          -   19.12101      -  63.3 40810s
 86654973 14581229     cutoff   38               -   19.12121      -  63.3 40815s
 86667708 14582092   21.06732   39  174          -   19.12136      -  63.3 40820s
 86679740 14582966   20.75114   42  216          -   19.12158      -  63.3 40825s
 86691837 14583678   20.42194   43  213          -   19.12178      -  63.3 40830s
 86704608 14584373   20.10753   38  190          -   19.12195      -  63.3 40835s
 86717209 14585064   20.54075   42  200          -   19.12218      -  63.3 40840s
 86729700 14585821   20.15887   45  162          -   19.12240      -  63.3 40845s
 86737642 14586237   19.71413   37  244          -   19.12251      -  63.3 40850s
 86750479 14587049   20.63298   41  146          -   19.12277      -  63.3 40855s
 86763338 14587912   20.98608   37  150          -   19.12295      -  63.3 40860s
 86775603 14588669   20.04201   35  196          -   19.12317      -  63.3 40865s
 86787814 14589381   19.59091   39  116          -   19.12338      -  63.3 40870s
 86800248 14590087   20.32369   37  186          -   19.12360      -  63.3 40875s
 86812598 14590858   20.05433   29  145          -   19.12381      -  63.3 40880s
 86825710 14591827   19.78317   42  152          -   19.12402      -  63.3 40885s
 86838022 14592610   20.27948   42  181          -   19.12425      -  63.3 40890s
 86850718 14593404   19.96285   36  206          -   19.12451      -  63.3 40895s
 86862973 14594284   19.77234   42  185          -   19.12481      -  63.3 40900s
 86872253 14594847   21.67030   33  165          -   19.12500      -  63.3 40905s
 86885001 14595556     cutoff   41               -   19.12500      -  63.3 40910s
 86897859 14595983   21.15389   51  193          -   19.12500      -  63.3 40915s
 86909363 14596390   19.86551   39  147          -   19.12500      -  63.3 40920s
 86922172 14596808     cutoff   40               -   19.12500      -  63.3 40925s
 86934067 14597148   21.98325   40  186          -   19.12500      -  63.3 40930s
 86945909 14597393   22.15614   37  202          -   19.12500      -  63.3 40935s
 86957551 14597695   21.74952   48  174          -   19.12500      -  63.3 40940s
 86970283 14598067   21.05000   48   42          -   19.12500      -  63.3 40945s
 86982602 14598495   20.42000   41  138          -   19.12500      -  63.3 40950s
 86994506 14598894   19.35419   42  214          -   19.12500      -  63.3 40955s
 87006868 14599141 infeasible   47               -   19.12500      -  63.3 40960s
 87018543 14599467   21.67048   39  186          -   19.12500      -  63.3 40965s
 87031369 14600052   19.43037   43  189          -   19.12500      -  63.3 40970s
 87044606 14600669   20.80752   46  182          -   19.12500      -  63.3 40975s
 87056680 14601137   20.87494   43  192          -   19.12500      -  63.3 40980s
 87070050 14602027   20.03758   49  225          -   19.12535      -  63.4 40985s
 87078252 14602574 infeasible   42               -   19.12555      -  63.4 40990s
 87090054 14603403     cutoff   50               -   19.12575      -  63.4 40995s
 87102447 14604225   20.18237   41  208          -   19.12602      -  63.4 41000s
 87115342 14605011   20.22589   40  213          -   19.12625      -  63.4 41005s
 87127814 14605838   20.83450   39  208          -   19.12648      -  63.4 41010s
 87140165 14606609   19.63739   40  141          -   19.12669      -  63.4 41015s
 87153226 14607503   19.36116   47  180          -   19.12691      -  63.4 41020s
 87165924 14608226   21.44942   36  220          -   19.12713      -  63.4 41025s
 87178624 14609084   21.80030   43  164          -   19.12734      -  63.4 41030s
 87191493 14610020   20.63928   41  184          -   19.12760      -  63.4 41035s
 87204384 14610796   21.79238   44  208          -   19.12781      -  63.4 41040s
 87216400 14611505   20.07362   38  200          -   19.12801      -  63.4 41045s
 87224257 14612000   19.89823   36  183          -   19.12817      -  63.4 41050s
 87236848 14612756   21.03009   49  216          -   19.12828      -  63.4 41055s
 87250533 14613526   20.08463   39  132          -   19.12855      -  63.4 41060s
 87263604 14614406   21.04954   37  187          -   19.12873      -  63.4 41065s
 87275535 14615110   20.12871   41  216          -   19.12897      -  63.4 41070s
 87288733 14615850   20.69462   41  171          -   19.12905      -  63.4 41075s
 87301511 14616647   20.36068   35  196          -   19.12933      -  63.4 41080s
 87313808 14617483   20.23421   44  195          -   19.12959      -  63.4 41085s
 87327327 14618302   21.48302   43  204          -   19.12976      -  63.4 41090s
 87340305 14619214   20.37584   41  161          -   19.13000      -  63.4 41095s
 87353774 14620129   20.39712   47  187          -   19.13025      -  63.4 41100s
 87361747 14620757   20.54778   45  164          -   19.13043      -  63.4 41105s
 87374416 14621193   19.67403   42  122          -   19.13043      -  63.4 41110s
 87386783 14621881   20.70000   39  123          -   19.13060      -  63.4 41115s
 87399085 14622556 infeasible   47               -   19.13084      -  63.4 41120s
 87411599 14623395   20.83868   39  185          -   19.13105      -  63.4 41125s
 87424003 14624174   20.88590   36  223          -   19.13123      -  63.4 41130s
 87435743 14624960   21.52519   39  210          -   19.13143      -  63.4 41135s
 87447972 14625614   19.33036   40   87          -   19.13158      -  63.4 41140s
 87461526 14626398   20.02327   37  170          -   19.13174      -  63.4 41145s
 87473954 14627134   19.66181   39  210          -   19.13201      -  63.4 41150s
 87486126 14627901   20.68947   35  172          -   19.13218      -  63.4 41155s
 87498943 14628565   20.94004   38  165          -   19.13238      -  63.4 41160s
 87510870 14629365   20.93024   38  180          -   19.13260      -  63.4 41165s
 87518516 14629949   19.78011   49  138          -   19.13274      -  63.4 41170s
 87531414 14630784   21.31613   33  194          -   19.13295      -  63.4 41175s
 87543514 14631584   19.71151   35  209          -   19.13318      -  63.4 41180s
 87556219 14632210   19.85075   43  129          -   19.13333      -  63.4 41185s
 87568577 14632667   21.25930   33  192          -   19.13333      -  63.4 41190s
 87581487 14633168 infeasible   37               -   19.13333      -  63.4 41195s
 87592939 14633653   20.75000   44   99          -   19.13333      -  63.4 41200s
 87605696 14634457   19.96566   37  171          -   19.13363      -  63.4 41205s
 87617904 14635091   20.17069   38  195          -   19.13387      -  63.4 41210s
 87630022 14635925   20.13894   49  164          -   19.13411      -  63.4 41215s
 87641920 14636653   19.80586   32  170          -   19.13432      -  63.4 41220s
 87654259 14637388   21.39548   35  196          -   19.13455      -  63.4 41225s
 87667567 14638143   20.77500   37  198          -   19.13471      -  63.4 41230s
 87674168 14638504   19.67072   43  191          -   19.13483      -  63.4 41235s
 87686461 14639222   19.66442   39  184          -   19.13505      -  63.4 41240s
 87698543 14639916   20.34258   36  174          -   19.13516      -  63.4 41245s
 87711413 14640746   19.47349   43  184          -   19.13540      -  63.4 41250s
 87723755 14641500 infeasible   42               -   19.13559      -  63.4 41255s
 87737352 14642238   21.96875   43  133          -   19.13583      -  63.4 41260s
 87749686 14642986   19.46676   42  205          -   19.13610      -  63.4 41265s
 87762192 14643641   21.30156   41  167          -   19.13636      -  63.4 41270s
 87775490 14644248   21.41703   38  168          -   19.13636      -  63.4 41275s
 87788840 14644926   19.69771   37  218          -   19.13636      -  63.4 41280s
 87801646 14645764   21.44733   40  190          -   19.13660      -  63.4 41285s
 87814688 14646585   19.45846   38  190          -   19.13684      -  63.4 41290s
 87826100 14647183   20.12497   41  178          -   19.13704      -  63.4 41296s
 87834758 14647758   19.72354   38  170          -   19.13720      -  63.4 41300s
 87848263 14648521   19.52887   46  146          -   19.13741      -  63.4 41305s
 87861114 14649290 infeasible   32               -   19.13761      -  63.4 41310s
 87873721 14650070   21.07964   41  235          -   19.13787      -  63.4 41315s
 87886709 14650717   20.24939   34  120          -   19.13793      -  63.4 41320s
 87900012 14651511     cutoff   52               -   19.13818      -  63.4 41325s
 87912989 14652471   20.04440   54  226          -   19.13841      -  63.4 41330s
 87925276 14653230   20.10006   39  202          -   19.13862      -  63.4 41335s
 87938720 14654140   21.00000   41   22          -   19.13888      -  63.4 41340s
 87952027 14654780 infeasible   48               -   19.13889      -  63.4 41345s
 87965412 14655675   20.04313   43  217          -   19.13914      -  63.4 41350s
 87971906 14656132   20.37106   36  213          -   19.13925      -  63.4 41355s
 87985280 14656951   19.32993   37  205          -   19.13948      -  63.4 41360s
 87996974 14657586   20.50829   43  209          -   19.13965      -  63.4 41365s
 88009093 14658307   19.42248   44  151          -   19.13985      -  63.4 41370s
 88022471 14659062   19.64846   38  173          -   19.14000      -  63.4 41375s
 88034878 14659957   19.45628   44  176          -   19.14021      -  63.4 41380s
 88047494 14660577   20.91414   38  149          -   19.14042      -  63.4 41385s
 88058676 14661245     cutoff   37               -   19.14063      -  63.4 41390s
 88071374 14661949   20.41176   43   99          -   19.14085      -  63.4 41395s
 88084912 14662822     cutoff   42               -   19.14106      -  63.4 41400s
 88097447 14663594   19.47365   34  167          -   19.14130      -  63.4 41405s
 88110522 14664471   21.42857   32  112          -   19.14151      -  63.4 41410s
 88117634 14664887   20.40501   40  188          -   19.14165      -  63.4 41415s
 88130297 14665642   20.24788   40  184          -   19.14189      -  63.4 41420s
 88142448 14666538   20.69943   40  204          -   19.14210      -  63.4 41425s
 88154801 14667260   20.33567   34  177          -   19.14234      -  63.4 41430s
 88158887 14667476     cutoff   41               -   19.14249      -  63.4 41435s
 88168560 14668029   19.91139   42  228          -   19.14274      -  63.4 41440s
 88181794 14668601   19.88441   32  179          -   19.14286      -  63.4 41445s
 88193987 14669001   20.75309   41  120          -   19.14286      -  63.4 41450s
 88205620 14669395   21.01163   37  139          -   19.14286      -  63.4 41455s
 88217748 14669707   21.91599   45  171          -   19.14286      -  63.4 41460s
 88229862 14670131   20.64706   44  105          -   19.14286      -  63.4 41465s
 88240925 14670401   19.27741   44  177          -   19.14286      -  63.4 41470s
 88252928 14670758   21.86317   58  152          -   19.14286      -  63.4 41475s
 88265450 14671030   19.52830   33   97          -   19.14286      -  63.4 41480s
 88277035 14671343   19.85608   48  191          -   19.14286      -  63.4 41485s
 88289425 14671758   20.30137   38  135          -   19.14286      -  63.4 41490s
 88301830 14672175   19.87629   43  171          -   19.14286      -  63.4 41495s
 88314035 14672555   19.85785   34  161          -   19.14286      -  63.4 41500s
 88322165 14672887   21.48427   44  179          -   19.14286      -  63.4 41505s
 88334316 14673476   20.01410   46  199          -   19.14295      -  63.4 41510s
 88346654 14674328   20.39101   43  204          -   19.14325      -  63.4 41515s
 88359155 14675081   19.42424   36  139          -   19.14353      -  63.4 41520s
 88371818 14675858   19.50990   33  196          -   19.14374      -  63.4 41525s
 88384007 14676648   21.04312   50  194          -   19.14394      -  63.4 41530s
 88396585 14677490   19.45477   35  210          -   19.14415      -  63.4 41535s
 88409064 14678287   19.60440   37  181          -   19.14437      -  63.4 41540s
 88421223 14679039   19.54167   36  148          -   19.14457      -  63.4 41545s
 88434146 14679823   21.82490   40  189          -   19.14477      -  63.4 41550s
 88446969 14680594   19.74959   42  184          -   19.14502      -  63.4 41555s
 88459561 14681422   19.76728   36  174          -   19.14521      -  63.4 41560s
 88468246 14681999   20.88375   35  158          -   19.14539      -  63.4 41565s
 88480625 14682815 infeasible   41               -   19.14557      -  63.4 41570s
 88493514 14683624   20.87335   34  171          -   19.14582      -  63.4 41575s
 88505595 14684215   21.10912   36  191          -   19.14592      -  63.4 41580s
 88518240 14684992   19.54018   29  183          -   19.14616      -  63.4 41585s
 88531423 14685666     cutoff   46               -   19.14634      -  63.4 41590s
 88544454 14686532   20.14286   36   95          -   19.14655      -  63.4 41595s
 88557391 14687381     cutoff   43               -   19.14679      -  63.4 41600s
 88569739 14688194   20.40702   32  209          -   19.14706      -  63.4 41605s
 88583456 14688930   21.66532   41  202          -   19.14706      -  63.4 41610s
 88597106 14689867   21.80412   38  137          -   19.14732      -  63.4 41615s
 88608980 14690477   20.74261   49  190          -   19.14754      -  63.4 41620s
 88617835 14690977   19.45625   49  221          -   19.14772      -  63.4 41625s
 88630166 14691742     cutoff   43               -   19.14794      -  63.4 41630s
 88642720 14692434 infeasible   42               -   19.14815      -  63.4 41635s
 88655285 14692956   20.78650   34  212          -   19.14817      -  63.4 41640s
 88667652 14693857   21.60148   54  165          -   19.14844      -  63.4 41645s
 88679775 14694752   20.99200   38  178          -   19.14865      -  63.4 41650s
 88692445 14695567   20.77056   34  221          -   19.14887      -  63.4 41655s
 88704769 14696305   20.50000   41   22          -   19.14904      -  63.4 41660s
 88717469 14697147   19.66304   39  178          -   19.14925      -  63.4 41665s
 88730437 14698059   20.96169   40  154          -   19.14948      -  63.4 41670s
 88742269 14698942   21.34234   33  148          -   19.14970      -  63.4 41675s
 88755510 14699797   19.79048   42  135          -   19.14998      -  63.4 41682s
 88762182 14700127   20.00000   42   41          -   19.15000      -  63.4 41685s
 88775211 14700779   20.55767   43  144          -   19.15000      -  63.4 41690s
 88787639 14701269   19.90280   37  169          -   19.15000      -  63.4 41695s
 88801064 14702080   20.58456   36  188          -   19.15014      -  63.4 41700s
 88813393 14702783   19.36607   45  167          -   19.15042      -  63.4 41705s
 88825817 14703663   19.60202   46  205          -   19.15065      -  63.4 41710s
 88838070 14704397   20.78192   37  232          -   19.15087      -  63.4 41715s
 88850596 14705073   20.51531   37  217          -   19.15107      -  63.4 41720s
 88863369 14705802     cutoff   47               -   19.15128      -  63.4 41725s
 88873852 14706335 infeasible   50               -   19.15152      -  63.4 41730s
 88874277 14706440   20.07664   35  136          -   19.15152      -  63.4 41735s
 88878915 14706639     cutoff   43               -   19.15152      -  63.4 41740s
 88886389 14707054   19.81871   33  191          -   19.15170      -  63.4 41745s
 88898373 14707659   20.04796   36  188          -   19.15190      -  63.4 41750s
 88910877 14708403   21.27034   41  208          -   19.15215      -  63.4 41757s
 88917562 14708674   20.74000   42  125          -   19.15217      -  63.4 41760s
 88930005 14709420   19.71625   35  183          -   19.15240      -  63.4 41765s
 88942300 14710057   20.18156   39  166          -   19.15263      -  63.4 41770s
 88955318 14710920   20.86802   38  219          -   19.15283      -  63.4 41775s
 88968884 14711697   20.82361   41  180          -   19.15304      -  63.4 41780s
 88981132 14712427   21.45254   50  194          -   19.15325      -  63.4 41785s
 88994292 14713343   20.33496   34  190          -   19.15350      -  63.4 41790s
 89007534 14714334   20.08810   33  188          -   19.15377      -  63.4 41795s
 89019697 14714856   19.50000   50   20          -   19.15385      -  63.4 41800s
 89032463 14715286 infeasible   55               -   19.15385      -  63.4 41805s
 89045405 14715714   21.09545   47  184          -   19.15385      -  63.4 41810s
 89057493 14716137   20.99926   38  178          -   19.15385      -  63.4 41815s
 89070365 14716752   20.80495   38  197          -   19.15404      -  63.4 41820s
 89079581 14717320   19.31545   41  235          -   19.15421      -  63.4 41825s
 89092056 14718113   19.97994   39  225          -   19.15444      -  63.4 41830s
 89104430 14718878   21.34394   36  184          -   19.15464      -  63.4 41835s
 89116969 14719659   20.00000   38   46          -   19.15487      -  63.4 41840s
 89129686 14720414   19.60152   37  197          -   19.15510      -  63.4 41845s
 89141961 14721061   21.46020   35  180          -   19.15526      -  63.4 41850s
 89154559 14721804   21.32590   44  224          -   19.15547      -  63.4 41855s
 89167770 14722594   19.76228   42  172          -   19.15564      -  63.4 41860s
 89180166 14723313   21.40852   35  177          -   19.15584      -  63.4 41865s
 89192931 14724184   19.85519   37  210          -   19.15608      -  63.4 41870s
 89205139 14724787   20.32162   41  160          -   19.15625      -  63.4 41875s
 89217844 14725367   20.55541   44  199          -   19.15633      -  63.4 41880s
 89229112 14726062   19.94908   41  230          -   19.15653      -  63.4 41886s
 89237476 14726499   20.24333   42  157          -   19.15670      -  63.4 41890s
 89249492 14727172   21.96030   40  213          -   19.15686      -  63.4 41895s
 89262069 14727881   20.63258   48  157          -   19.15714      -  63.4 41900s
 89273819 14728535   20.20575   33  207          -   19.15730      -  63.4 41905s
 89285967 14729269   19.70442   42  175          -   19.15754      -  63.4 41910s
 89298886 14730067   19.78232   39  187          -   19.15781      -  63.4 41915s
 89310702 14730636   21.69189   59  172          -   19.15789      -  63.4 41920s
 89322800 14730995   20.37072   40  168          -   19.15789      -  63.4 41925s
 89334538 14731586   20.58058   40  183          -   19.15808      -  63.4 41930s
 89346379 14732369   19.91032   35  203          -   19.15830      -  63.4 41935s
 89358869 14733143   19.81152   39  165          -   19.15853      -  63.4 41940s
 89370960 14733789     cutoff   44               -   19.15873      -  63.4 41945s
 89383062 14734353     cutoff   39               -   19.15894      -  63.4 41950s
 89389937 14734765   21.75788   42  186          -   19.15908      -  63.4 41955s
 89402696 14735573   19.66737   47  157          -   19.15914      -  63.4 41960s
 89414738 14736295   20.74003   43  209          -   19.15936      -  63.4 41965s
 89427097 14737022   20.76205   35  161          -   19.15957      -  63.4 41970s
 89439470 14737819   20.62876   35  217          -   19.15982      -  63.4 41975s
 89452208 14738588   19.88220   43  154          -   19.16000      -  63.4 41980s
 89464049 14739158   19.38071   41  162          -   19.16000      -  63.4 41985s
 89476883 14739909   21.58951   42  175          -   19.16026      -  63.4 41990s
 89489230 14740700   21.02541   45  206          -   19.16049      -  63.4 41995s
 89501285 14741407   20.78306   43  156          -   19.16071      -  63.4 42000s
 89513692 14742225   20.10158   40  237          -   19.16089      -  63.4 42005s
 89526591 14742989   19.66947   35  181          -   19.16111      -  63.4 42010s
 89534132 14743463   20.38235   44   98          -   19.16127      -  63.4 42015s
 89545269 14743962   21.11423   43  169          -   19.16129      -  63.4 42020s
 89557623 14744682   20.91141   41  197          -   19.16152      -  63.4 42025s
 89570159 14745480   20.09871   35  184          -   19.16176      -  63.4 42030s
 89582656 14746224   19.43017   43  224          -   19.16197      -  63.4 42035s
 89594495 14746898   20.40543   40  202          -   19.16216      -  63.4 42040s
 89606947 14747600   21.02030   41  134          -   19.16234      -  63.4 42045s
 89618781 14748355   20.10853   33  203          -   19.16252      -  63.4 42050s
 89631731 14749189   21.06516   39  175          -   19.16279      -  63.4 42055s
 89644342 14749834   19.77664   36  200          -   19.16294      -  63.4 42060s
 89655843 14750562   20.49335   37  208          -   19.16314      -  63.4 42065s
 89668683 14751392   19.82680   40  240          -   19.16333      -  63.4 42070s
 89681183 14752176   20.38276   50  211          -   19.16354      -  63.4 42075s
 89687189 14752519   20.08333   52  144          -   19.16364      -  63.4 42080s
 89700267 14753340   19.87195   38  206          -   19.16390      -  63.4 42085s
 89712856 14754026   19.94849   41  181          -   19.16407      -  63.4 42090s
 89724642 14754626   19.67018   36  227          -   19.16429      -  63.4 42095s
 89736829 14755298   21.50000   39   21          -   19.16451      -  63.4 42100s
 89749885 14755987   20.48045   40  180          -   19.16473      -  63.4 42105s
 89761967 14756753   19.61323   34  169          -   19.16496      -  63.4 42110s
 89774094 14757493   19.84087   43  156          -   19.16518      -  63.4 42115s
 89787349 14758253   20.21152   47  171          -   19.16542      -  63.4 42120s
 89800969 14759008   20.49088   36  199          -   19.16569      -  63.4 42125s
 89812374 14759654   20.52525   41  161          -   19.16593      -  63.4 42130s
 89824679 14760419   20.67680   40  204          -   19.16620      -  63.4 42135s
 89836881 14761323   21.62395   36  184          -   19.16651      -  63.4 42141s
 89846345 14761872 infeasible   48               -   19.16667      -  63.4 42145s
 89860320 14762440   21.00223   35  185          -   19.16667      -  63.4 42150s
 89872017 14762679 infeasible   41               -   19.16667      -  63.4 42155s
 89884716 14763060   21.10307   41  176          -   19.16667      -  63.4 42160s
 89896976 14763438     cutoff   45               -   19.16667      -  63.4 42165s
 89909024 14763729   20.55414   36  172          -   19.16667      -  63.4 42170s
 89919795 14763899     cutoff   44               -   19.16667      -  63.4 42175s
 89931398 14764129   20.53333   37   73          -   19.16667      -  63.4 42180s
 89944047 14764399     cutoff   47               -   19.16667      -  63.4 42185s
 89955958 14764735   21.79245   47  147          -   19.16667      -  63.4 42190s
 89968173 14765077   21.08182   49   99          -   19.16667      -  63.4 42195s
 89980283 14765313   20.14286   42  212          -   19.16667      -  63.4 42200s
 89992339 14765508     cutoff   45               -   19.16667      -  63.4 42205s
 90003466 14765677   20.38427   41  178          -   19.16667      -  63.4 42210s
 90015190 14765956   19.31543   39  179          -   19.16667      -  63.4 42215s
 90026538 14766045     cutoff   45               -   19.16667      -  63.4 42220s
 90037709 14766120   19.70333   44  137          -   19.16667      -  63.4 42225s
 90049827 14766312   21.84149   46  148          -   19.16667      -  63.4 42230s
 90062235 14766619   20.36027   47  194          -   19.16667      -  63.4 42235s
 90074979 14766873   20.00000   45    6          -   19.16667      -  63.4 42240s
 90087484 14767223   20.43238   44  231          -   19.16667      -  63.4 42245s
 90099309 14767573   20.75241   38  172          -   19.16667      -  63.4 42250s
 90105471 14767687     cutoff   38               -   19.16667      -  63.4 42255s
 90118102 14768139   20.03393   38  221          -   19.16667      -  63.4 42260s
 90130149 14768497   20.76317   36  158          -   19.16667      -  63.4 42265s
 90142349 14769006   20.42259   38  208          -   19.16667      -  63.4 42270s
 90154722 14769700   21.33134   41  184          -   19.16687      -  63.4 42275s
 90166803 14770509   20.66271   38  163          -   19.16717      -  63.4 42280s
 90179407 14771362   19.69581   41  221          -   19.16745      -  63.4 42285s
 90191239 14772031   20.41232   37  173          -   19.16768      -  63.4 42290s
 90203293 14772794   21.28296   39  186          -   19.16790      -  63.4 42295s
 90216436 14773626   20.02844   37  122          -   19.16814      -  63.4 42300s
 90228774 14774324   19.94755   52  170          -   19.16837      -  63.4 42305s
 90240021 14774902   19.56388   39  160          -   19.16855      -  63.4 42310s
 90252648 14775658   20.25747   47  170          -   19.16878      -  63.4 42315s
 90265539 14776442   21.03256   47  159          -   19.16901      -  63.4 42320s
 90272827 14776884 infeasible   46               -   19.16913      -  63.4 42325s
 90284443 14777580   20.40805   39  131          -   19.16935      -  63.4 42330s
 90295657 14778254   21.66027   36  177          -   19.16955      -  63.4 42335s
 90307838 14778882   19.58731   42  180          -   19.16975      -  63.4 42340s
 90320877 14779561   19.38163   40  173          -   19.16993      -  63.4 42345s
 90332740 14780295 infeasible   35               -   19.17017      -  63.4 42350s
 90345086 14780953   21.55397   44  194          -   19.17037      -  63.4 42355s
 90357551 14781659   19.74166   42  155          -   19.17058      -  63.4 42360s
 90370453 14782378   20.50916   36  210          -   19.17073      -  63.4 42365s
 90383625 14783040   21.71610   45  157          -   19.17096      -  63.4 42370s
 90395581 14783827     cutoff   44               -   19.17117      -  63.4 42375s
 90407680 14784488   20.38515   45  174          -   19.17141      -  63.4 42380s
 90421163 14785139   19.65385   41  127          -   19.17151      -  63.4 42385s
 90431255 14785808   19.36957   44  143          -   19.17169      -  63.4 42391s
 90440347 14786277   21.68565   37  228          -   19.17187      -  63.4 42395s
 90452419 14787048   19.42991   39  155          -   19.17204      -  63.4 42400s
 90465609 14787844   20.22213   41  158          -   19.17228      -  63.4 42405s
 90478430 14788390   19.48187   39  180          -   19.17241      -  63.4 42410s
 90490733 14789075   19.99661   42  171          -   19.17257      -  63.4 42415s
 90504276 14789868   20.46252   43  218          -   19.17281      -  63.4 42420s
 90517225 14790746   20.03618   40  181          -   19.17305      -  63.4 42425s
 90529432 14791418   20.09991   36  175          -   19.17318      -  63.4 42430s
 90541608 14792040   20.53124   37  193          -   19.17340      -  63.4 42435s
 90554946 14792892   19.76956   43  199          -   19.17364      -  63.4 42440s
 90568432 14793703 infeasible   37               -   19.17391      -  63.4 42445s
 90580362 14794216   21.39291   34  181          -   19.17391      -  63.4 42450s
 90589388 14794563   19.72589   49  231          -   19.17393      -  63.4 42455s
 90600468 14795333   20.07517   40  176          -   19.17419      -  63.4 42460s
 90612600 14795966   20.50000   45  132          -   19.17442      -  63.4 42465s
 90624723 14796703   20.58912   41  184          -   19.17460      -  63.4 42470s
 90624734 14796910   19.73944   42  171          -   19.17460      -  63.4 42481s
 90641783 14797298   20.31096   38  206          -   19.17487      -  63.4 42485s
 90653895 14798048   19.99268   40  153          -   19.17500      -  63.4 42490s
 90665804 14798667   21.50119   40  179          -   19.17521      -  63.4 42495s
 90677221 14799498   19.98941   38  176          -   19.17544      -  63.4 42500s
 90689748 14800225   19.81717   36  226          -   19.17564      -  63.4 42505s
 90701485 14800900   19.81755   35  180          -   19.17582      -  63.4 42510s
 90713635 14801550   19.40988   33  151          -   19.17607      -  63.4 42515s
 90725878 14802204   20.69489   36  150          -   19.17633      -  63.4 42520s
 90738177 14802857     cutoff   41               -   19.17647      -  63.4 42525s
 90746812 14803186     cutoff   41               -   19.17647      -  63.4 42531s
 90756291 14803557   19.70515   41  166          -   19.17647      -  63.4 42535s
 90768776 14804137   21.55404   34  189          -   19.17658      -  63.4 42540s
 90781444 14804892   20.40544   41  209          -   19.17683      -  63.4 42545s
 90793854 14805734   21.38461   35  180          -   19.17707      -  63.4 42550s
 90806289 14806492   20.43818   38  254          -   19.17727      -  63.4 42555s
 90819037 14807225   20.70923   40  202          -   19.17745      -  63.4 42560s
 90830995 14807983   20.09227   41  237          -   19.17768      -  63.4 42565s
 90843820 14808714   19.51014   39  181          -   19.17783      -  63.4 42570s
 90855682 14809423   19.87061   37  196          -   19.17804      -  63.4 42575s
 90867116 14810048   19.66430   34  181          -   19.17827      -  63.4 42580s
 90879648 14810695   19.62612   43  198          -   19.17854      -  63.4 42585s
 90891661 14811197   21.44753   39  179          -   19.17857      -  63.4 42590s
 90904220 14811770   19.99201   45  165          -   19.17864      -  63.4 42595s
 90910634 14812151   21.75934   39  142          -   19.17879      -  63.4 42600s
 90923873 14812963     cutoff   52               -   19.17903      -  63.4 42605s
 90936553 14813652   19.91660   38  220          -   19.17924      -  63.4 42610s
 90949474 14814477   20.07167   35  187          -   19.17945      -  63.4 42615s
 90961981 14815063   19.78203   34  211          -   19.17955      -  63.4 42620s
 90974861 14815746   20.16368   40  207          -   19.17978      -  63.4 42625s
 90987558 14816548   20.58132   40  180          -   19.18000      -  63.4 42630s
 90999658 14817196   21.18513   36  154          -   19.18012      -  63.4 42635s
 91012474 14817913   20.65171   43  153          -   19.18035      -  63.4 42640s
 91025514 14818656     cutoff   48               -   19.18056      -  63.4 42645s
 91037888 14819405   20.15733   40  158          -   19.18082      -  63.4 42650s
 91050538 14820153   19.26919   35  173          -   19.18102      -  63.4 42655s
 91059944 14820784   19.76255   39  173          -   19.18118      -  63.4 42660s
 91070810 14821349   20.55038   40  178          -   19.18142      -  63.4 42665s
 91083403 14822192   19.61058   40  181          -   19.18168      -  63.4 42670s
 91095204 14822733   20.08906   39  171          -   19.18182      -  63.4 42675s
 91107520 14823151     cutoff   46               -   19.18182      -  63.4 42680s
 91120392 14823457   22.02505   42  168          -   19.18182      -  63.4 42685s
 91132177 14823764     cutoff   39               -   19.18182      -  63.4 42690s
 91143993 14824077   20.22535   54  123          -   19.18182      -  63.4 42695s
 91156540 14824366   20.17140   40  131          -   19.18182      -  63.4 42700s
 91168174 14825070   21.21734   39  192          -   19.18204      -  63.4 42705s
 91180254 14825790   19.56614   42  177          -   19.18233      -  63.4 42710s
 91192910 14826480   20.40385   34  152          -   19.18257      -  63.4 42715s
 91205118 14827071   21.21245   45  150          -   19.18280      -  63.4 42720s
 91217910 14827794   21.69122   42  175          -   19.18301      -  63.4 42725s
 91230292 14828487   20.16547   43  139          -   19.18325      -  63.4 42730s
 91241600 14829013   19.35065   51  140          -   19.18343      -  63.4 42735s
 91248413 14829361   20.55451   40  223          -   19.18355      -  63.4 42740s
 91261084 14830055   20.49602   42  177          -   19.18370      -  63.4 42745s
 91273675 14830875   20.79857   45  178          -   19.18391      -  63.4 42750s
 91285899 14831672   21.94829   42  180          -   19.18414      -  63.4 42755s
 91298693 14832329   20.72759   36  223          -   19.18421      -  63.4 42760s
 91310913 14832901     cutoff   35               -   19.18443      -  63.4 42765s
 91322934 14833580   19.80000   37   94          -   19.18462      -  63.4 42770s
 91335434 14834392   20.76308   38  212          -   19.18482      -  63.4 42775s
 91348200 14835264   21.85924   40  160          -   19.18509      -  63.4 42780s
 91360677 14835866   20.27273   34   80          -   19.18519      -  63.4 42785s
 91373501 14836514   20.81853   44  246          -   19.18530      -  63.4 42790s
 91386308 14837297   19.73141   46  203          -   19.18556      -  63.4 42795s
 91399393 14838047   20.48507   42  154          -   19.18576      -  63.4 42800s
 91406370 14838464   20.32444   35  202          -   19.18587      -  63.4 42805s
 91419437 14839137   19.66667   40   55          -   19.18605      -  63.4 42810s
 91431540 14839972   20.61943   47  214          -   19.18625      -  63.4 42815s
 91443632 14840610   20.26411   38  218          -   19.18644      -  63.4 42820s
 91456013 14841344   21.71231   45  197          -   19.18667      -  63.4 42825s
 91468167 14842127   20.63065   41  221          -   19.18689      -  63.4 42830s
 91480846 14842918     cutoff   39               -   19.18712      -  63.4 42835s
 91493027 14843617   19.33634   52  163          -   19.18739      -  63.4 42840s
 91505294 14844223   20.14184   40  160          -   19.18750      -  63.4 42845s
 91517321 14844603   21.30093   41  134          -   19.18750      -  63.4 42850s
 91529554 14845084   19.66451   40  196          -   19.18750      -  63.4 42855s
 91541671 14845514   19.87500   39   54          -   19.18750      -  63.4 42860s
 91554397 14845999     cutoff   49               -   19.18750      -  63.4 42865s
 91562115 14846471   20.72037   39  195          -   19.18764      -  63.4 42870s
 91572916 14847122   20.56088   41  173          -   19.18786      -  63.4 42875s
 91585500 14847946   19.30956   39  201          -   19.18810      -  63.4 42880s
 91597061 14848684   19.75520   43  198          -   19.18826      -  63.4 42885s
 91609680 14849385   20.35364   32  172          -   19.18850      -  63.4 42890s
 91622389 14849979   20.75143   40  171          -   19.18868      -  63.4 42895s
 91634796 14850622   20.79209   40  211          -   19.18889      -  63.4 42900s
 91647781 14851351   20.56437   40  178          -   19.18912      -  63.4 42905s
 91660316 14851977   20.38845   42  196          -   19.18924      -  63.4 42910s
 91672882 14852719   20.39796   38  169          -   19.18947      -  63.4 42915s
 91684765 14853384   20.28571   39   71          -   19.18966      -  63.4 42920s
 91697496 14854129   19.35286   38  154          -   19.18987      -  63.4 42925s
 91710122 14854823   19.53600   35  181          -   19.19009      -  63.4 42930s
 91713553 14855047   21.97249   34  239          -   19.19022      -  63.4 42935s
 91714414 14855202   19.79461   44  218          -   19.19030      -  63.4 42940s
 91717426 14855407   20.18149   51  172          -   19.19040      -  63.4 42945s
 91723461 14855620   21.60568   42  226          -   19.19048      -  63.4 42950s
 91730495 14855798   20.55254   39  191          -   19.19048      -  63.4 42955s
 91742236 14856205   19.80519   47  182          -   19.19048      -  63.4 42960s
 91754952 14856897 infeasible   39               -   19.19072      -  63.4 42965s
 91767631 14857565     cutoff   48               -   19.19093      -  63.4 42970s
 91779855 14858237 infeasible   46               -   19.19118      -  63.4 42975s
 91792527 14858907   21.40909   35  121          -   19.19136      -  63.4 42980s
 91804819 14859624   19.93278   39  158          -   19.19149      -  63.4 42985s
 91816849 14860424   19.36587   38  216          -   19.19172      -  63.4 42990s
 91829115 14861166   19.28045   54  156          -   19.19192      -  63.4 42995s
 91841683 14861840   19.80774   44  189          -   19.19218      -  63.4 43000s
 91854135 14862406 infeasible   39               -   19.19231      -  63.4 43005s
 91866469 14862896   19.79937   39  204          -   19.19231      -  63.4 43010s
 91879484 14863706   19.34893   42  228          -   19.19253      -  63.4 43015s
 91888110 14864242   21.06535   40  200          -   19.19268      -  63.4 43020s
 91899437 14864815   20.10116   37  168          -   19.19287      -  63.4 43025s
 91910699 14865369   21.09633   44  166          -   19.19306      -  63.5 43030s
 91923506 14866006   20.46381   47  224          -   19.19327      -  63.5 43035s
 91935844 14866635   19.49939   54  221          -   19.19349      -  63.5 43040s
 91949111 14867255   20.91663   40  151          -   19.19355      -  63.5 43045s
 91961677 14868009     cutoff   36               -   19.19377      -  63.5 43050s
 91974682 14868678     cutoff   43               -   19.19400      -  63.5 43055s
 91986222 14869290   20.44783   38  223          -   19.19420      -  63.5 43060s
 91999341 14869968   20.52535   35  188          -   19.19444      -  63.5 43065s
 92011398 14870509   19.34706   34  155          -   19.19447      -  63.5 43070s
 92024661 14871427     cutoff   47               -   19.19473      -  63.5 43075s
 92036331 14872100   20.59446   42  201          -   19.19495      -  63.5 43080s
 92049434 14872769   20.06127   35  191          -   19.19512      -  63.5 43085s
 92056018 14873124   20.45327   36  204          -   19.19525      -  63.5 43090s
 92068363 14873766   19.90649   42  216          -   19.19545      -  63.5 43095s
 92080952 14874432   21.74578   35  209          -   19.19565      -  63.5 43100s
 92092993 14875046   19.69359   34  213          -   19.19580      -  63.5 43105s
 92105676 14875781   19.89213   33  195          -   19.19604      -  63.5 43110s
 92117315 14876371   21.59066   41  188          -   19.19620      -  63.5 43115s
 92129880 14876946   19.94299   38  192          -   19.19643      -  63.5 43120s
 92142516 14877684   19.54156   41  187          -   19.19660      -  63.5 43125s
 92154264 14878472   20.70187   47  183          -   19.19682      -  63.5 43130s
 92167307 14879364   21.52130   37  209          -   19.19702      -  63.5 43135s
 92179342 14879981   19.35548   56  220          -   19.19723      -  63.5 43140s
 92190985 14880642   19.92211   39  231          -   19.19739      -  63.5 43145s
 92203372 14881310   19.37539   50  188          -   19.19761      -  63.5 43150s
 92211787 14881678   20.94643   43  118          -   19.19775      -  63.5 43155s
 92224385 14882265   20.10138   37  213          -   19.19799      -  63.5 43160s
 92236628 14882887   21.07595   50  140          -   19.19820      -  63.5 43165s
 92249647 14883593   19.87768   48  184          -   19.19843      -  63.5 43170s
 92261946 14884255   20.53060   43  175          -   19.19866      -  63.5 43175s
 92274855 14884964   19.43685   40  204          -   19.19891      -  63.5 43180s
 92287433 14885642   19.88516   46  216          -   19.19915      -  63.5 43185s
 92299527 14886341   19.55168   45  241          -   19.19939      -  63.5 43190s
 92312291 14887099   20.18026   37  212          -   19.19968      -  63.5 43195s
 92324303 14887720   19.67033   40  157          -   19.20000      -  63.5 43200s
 92337588 14888184   20.96529   39  160          -   19.20000      -  63.5 43205s
 92350447 14888449     cutoff   40               -   19.20000      -  63.5 43210s
 92362402 14888741   19.80141   41  225          -   19.20000      -  63.5 43215s
 92374992 14889223   21.94605   37  197          -   19.20000      -  63.5 43220s
 92386745 14889308   19.82836   43  190          -   19.20000      -  63.5 43225s
 92398720 14889546     cutoff   47               -   19.20000      -  63.5 43230s
 92404559 14889743   19.33333   50   49          -   19.20000      -  63.5 43235s
 92416059 14890014   20.90975   40  195          -   19.20000      -  63.5 43240s
 92427848 14890239     cutoff   49               -   19.20000      -  63.5 43245s
 92440028 14890477   20.05882   45  142          -   19.20000      -  63.5 43250s
 92451990 14890639     cutoff   38               -   19.20000      -  63.5 43255s
 92464129 14890957 infeasible   41               -   19.20000      -  63.5 43260s
 92475277 14890966   20.17173   33  165          -   19.20000      -  63.5 43265s
 92486521 14891031 infeasible   35               -   19.20000      -  63.5 43270s
 92499181 14891242     cutoff   49               -   19.20000      -  63.5 43275s
 92510800 14891445   22.00908   42  189          -   19.20000      -  63.5 43280s
 92522919 14891660   21.10285   44  154          -   19.20000      -  63.5 43285s
 92534571 14891786   20.10808   38  164          -   19.20000      -  63.5 43290s
 92546847 14892053     cutoff   38               -   19.20000      -  63.5 43295s
 92559004 14892339   20.00000   40   12          -   19.20000      -  63.5 43300s
 92570466 14892531   21.09038   40  124          -   19.20000      -  63.5 43305s
 92582603 14892859   19.50000   38   25          -   19.20000      -  63.5 43310s
 92593813 14893102   21.50588   48  148          -   19.20000      -  63.5 43315s
 92605829 14893424   20.06937   39  202          -   19.20000      -  63.5 43320s
 92618931 14893961 infeasible   41               -   19.20000      -  63.5 43325s
 92630205 14894707   20.50220   49  152          -   19.20036      -  63.5 43330s
 92642133 14895346   19.88434   38  217          -   19.20062      -  63.5 43335s
 92654533 14896067   20.88785   37  204          -   19.20089      -  63.5 43340s
 92665357 14896645   20.89549   50  189          -   19.20110      -  63.5 43347s
 92671786 14896986   20.00000   44   67          -   19.20124      -  63.5 43350s
 92684562 14897803   19.87484   41  192          -   19.20146      -  63.5 43355s
 92697071 14898598   20.25070   43  180          -   19.20168      -  63.5 43360s
 92709443 14899270   20.02189   37  189          -   19.20191      -  63.5 43365s
 92722397 14900000   20.45792   33  163          -   19.20213      -  63.5 43370s
 92734551 14900786   20.09975   39  154          -   19.20230      -  63.5 43375s
 92747524 14901598   21.34043   48  186          -   19.20253      -  63.5 43380s
 92759869 14902415   19.88235   38  193          -   19.20274      -  63.5 43385s
 92771846 14903192   21.55969   54  162          -   19.20295      -  63.5 43390s
 92784987 14903982   20.79294   33  153          -   19.20313      -  63.5 43395s
 92797312 14904606   21.11404   37  120          -   19.20339      -  63.5 43400s
 92809741 14905245   20.17629   39  220          -   19.20357      -  63.5 43405s
 92820727 14905899     cutoff   43               -   19.20370      -  63.5 43412s
 92826672 14906291   20.20253   36  197          -   19.20380      -  63.5 43415s
 92839800 14907149   21.46650   33  188          -   19.20404      -  63.5 43420s
 92851940 14907863   21.60115   37  182          -   19.20419      -  63.5 43425s
 92864921 14908603   19.75793   37  182          -   19.20443      -  63.5 43430s
 92876514 14909154   21.99870   44  175          -   19.20455      -  63.5 43435s
 92889006 14909947   19.85870   48  130          -   19.20479      -  63.5 43440s
 92901020 14910705   20.37795   39  173          -   19.20500      -  63.5 43445s
 92913011 14911226   21.63238   41  209          -   19.20513      -  63.5 43450s
 92925630 14911914   20.03478   36  173          -   19.20536      -  63.5 43455s
 92937842 14912607   21.29880   38  161          -   19.20555      -  63.5 43460s
 92949797 14913406   19.54291   42  220          -   19.20579      -  63.5 43465s
 92963201 14913979   20.56681   42  205          -   19.20588      -  63.5 43470s
 92975817 14914614   20.27623   43  209          -   19.20607      -  63.5 43475s
 92982257 14915095   20.17968   39  201          -   19.20619      -  63.5 43480s
 92994387 14915787 infeasible   38               -   19.20639      -  63.5 43485s
 93007023 14916473   20.00492   37  154          -   19.20662      -  63.5 43490s
 93019112 14917129   19.49187   47  181          -   19.20687      -  63.5 43495s
 93031439 14917552   19.65317   42  148          -   19.20690      -  63.5 43500s
 93043621 14918356   21.09577   42  219          -   19.20714      -  63.5 43505s
 93056196 14919049   20.05368   47  197          -   19.20732      -  63.5 43510s
 93068461 14919719   19.60169   41  182          -   19.20755      -  63.5 43515s
 93080714 14920451   20.47348   50  180          -   19.20775      -  63.5 43520s
 93093536 14921235   21.29404   36  150          -   19.20796      -  63.5 43525s
 93105322 14921996   20.91605   37  181          -   19.20822      -  63.5 43530s
 93118392 14922730   21.34890   46  176          -   19.20833      -  63.5 43535s
 93130645 14923076   19.90010   43  176          -   19.20833      -  63.5 43540s
 93142586 14923593   19.36622   40  225          -   19.20837      -  63.5 43547s
 93148363 14923871   19.60313   31  190          -   19.20851      -  63.5 43550s
 93159672 14924415   21.65420   45  213          -   19.20873      -  63.5 43555s
 93171952 14925140   20.62073   41  167          -   19.20896      -  63.5 43560s
 93184460 14925884   20.74525   47  219          -   19.20915      -  63.5 43565s
 93196961 14926595   20.00000   49   55          -   19.20930      -  63.5 43570s
 93208797 14927308   20.76038   42  229          -   19.20950      -  63.5 43575s
 93221796 14927910   21.74882   32  155          -   19.20970      -  63.5 43580s
 93234574 14928731   19.43680   40  172          -   19.20994      -  63.5 43585s
 93247263 14929442   21.41221   46  165          -   19.21017      -  63.5 43590s
 93258545 14930019   20.59046   40  238          -   19.21041      -  63.5 43595s
 93271280 14930497 infeasible   51               -   19.21053      -  63.5 43600s
 93283301 14930884   20.76000   38  138          -   19.21053      -  63.5 43605s
 93295438 14931501   19.64702   37  198          -   19.21066      -  63.5 43610s
 93306453 14932130   20.41408   36  187          -   19.21090      -  63.5 43616s
 93316060 14932692     cutoff   39               -   19.21110      -  63.5 43620s
 93328353 14933378   20.66720   39  199          -   19.21127      -  63.5 43625s
 93340765 14934056     cutoff   45               -   19.21154      -  63.5 43630s
 93353932 14934686   20.31317   33  147          -   19.21170      -  63.5 43635s
 93366651 14935429   21.75586   45  158          -   19.21193      -  63.5 43640s
 93379085 14936032   21.08571   41  128          -   19.21212      -  63.5 43645s
 93391380 14936615   19.99323   36  192          -   19.21224      -  63.5 43650s
 93403961 14937302   20.41222   49  180          -   19.21250      -  63.5 43655s
 93416886 14938026   20.75926   35  143          -   19.21272      -  63.5 43660s
 93429388 14938648   21.33824   45  175          -   19.21287      -  63.5 43665s
 93441514 14939326   20.67579   39  210          -   19.21309      -  63.5 43670s
 93454719 14940103   20.21738   41  191          -   19.21330      -  63.5 43675s
 93467154 14940882   19.94695   48  216          -   19.21349      -  63.5 43680s
 93475765 14941318   19.82861   41  202          -   19.21368      -  63.5 43685s
 93487799 14941934   19.94253   39  155          -   19.21390      -  63.5 43690s
 93500560 14942720   20.06473   38  169          -   19.21419      -  63.5 43695s
 93512429 14943198 infeasible   44               -   19.21429      -  63.5 43700s
 93525759 14943706   20.24263   56  141          -   19.21429      -  63.5 43705s
 93537470 14944010   20.67647   42  103          -   19.21429      -  63.5 43710s
 93549578 14944337   21.65555   38  166          -   19.21429      -  63.5 43715s
 93561871 14944599   20.75109   43  152          -   19.21429      -  63.5 43720s
 93574216 14945007   20.36848   39  192          -   19.21429      -  63.5 43725s
 93586370 14945734   19.84624   42  172          -   19.21456      -  63.5 43730s
 93599596 14946408   21.78667   35  236          -   19.21482      -  63.5 43735s
 93611377 14947108   19.73954   33  205          -   19.21505      -  63.5 43740s
 93623853 14947814   20.73331   39  161          -   19.21527      -  63.5 43745s
 93635651 14948441   21.16977   37  150          -   19.21548      -  63.5 43750s
 93648092 14949151     cutoff   46               -   19.21569      -  63.5 43755s
 93657002 14949597   20.21955   38  188          -   19.21582      -  63.5 43760s
 93668563 14950204   19.36369   50  211          -   19.21602      -  63.5 43765s
 93681688 14950914     cutoff   45               -   19.21622      -  63.5 43770s
 93694361 14951603   19.85538   35  179          -   19.21640      -  63.5 43775s
 93706879 14952274   19.35668   32  208          -   19.21665      -  63.5 43780s
 93719443 14952972   19.71087   36  195          -   19.21681      -  63.5 43785s
 93731612 14953661   19.56649   38  203          -   19.21703      -  63.5 43790s
 93743787 14954378   20.64792   46  222          -   19.21728      -  63.5 43795s
 93756541 14954912     cutoff   40               -   19.21739      -  63.5 43800s
 93768146 14955321   20.83709   39  130          -   19.21739      -  63.5 43805s
 93780983 14956089   21.61099   52  177          -   19.21762      -  63.5 43810s
 93793229 14956736   21.36985   38  188          -   19.21785      -  63.5 43815s
 93805591 14957428   19.60158   41  225          -   19.21807      -  63.5 43820s
 93817672 14958136   19.61783   45  172          -   19.21826      -  63.5 43827s
 93825163 14958495   20.60993   46  204          -   19.21839      -  63.5 43830s
 93838233 14959223   20.96086   45  251          -   19.21862      -  63.5 43835s
 93850915 14959789   19.95455   58  102          -   19.21875      -  63.5 43840s
 93862408 14960226   21.10591   47  195          -   19.21881      -  63.5 43845s
 93875519 14960948   19.61151   35  128          -   19.21905      -  63.5 43850s
 93887962 14961716   19.52268   45  185          -   19.21926      -  63.5 43855s
 93900320 14962386   19.57110   42  238          -   19.21950      -  63.5 43860s
 93912848 14962881   21.51764   40  207          -   19.21962      -  63.5 43865s
 93924950 14963593   21.32233   39  171          -   19.21982      -  63.5 43870s
 93937087 14964264   20.03564   36  189          -   19.22000      -  63.5 43875s
 93949957 14964981   19.75972   44  205          -   19.22019      -  63.5 43880s
 93962130 14965652   19.44050   40  216          -   19.22041      -  63.5 43885s
 93974887 14966500   19.95102   36  206          -   19.22059      -  63.5 43890s
 93984442 14967063   21.05417   38  229          -   19.22078      -  63.5 43895s
 93996450 14967709   20.07094   41  204          -   19.22097      -  63.5 43900s
 94009420 14968346   20.13749   44  201          -   19.22122      -  63.5 43905s
 94022576 14969013   19.51971   38  195          -   19.22144      -  63.5 43910s
 94035014 14969735   20.35616   50  139          -   19.22167      -  63.5 43915s
 94047186 14970422   19.36705   45  238          -   19.22193      -  63.5 43920s
 94059785 14971179   21.43592   42  225          -   19.22222      -  63.5 43925s
 94072868 14971666     cutoff   52               -   19.22222      -  63.5 43930s
 94084951 14971829   20.04762   39  102          -   19.22222      -  63.5 43935s
 94089223 14971967   19.52997   49  158          -   19.22222      -  63.5 43940s
 94089309 14972022 infeasible   43               -   19.22222      -  63.5 43945s
 94089391 14972070   21.97713   45  166          -   19.22222      -  63.5 43950s
 94089434 14972093   20.19878   44  105          -   19.22222      -  63.5 43956s
 94089465 14972110   19.30830   46  154          -   19.22222      -  63.5 43960s
 94089532 14972152   21.00000   43   68          -   19.22222      -  63.5 43965s
 94089571 14972178 infeasible   40               -   19.22222      -  63.5 43972s
 94089612 14972197     cutoff   51               -   19.22222      -  63.5 43975s
 94089654 14972225   20.41667   42  100          -   19.22222      -  63.5 43980s
 94089683 14972242     cutoff   38               -   19.22222      -  63.5 43985s
 94089733 14972254     cutoff   43               -   19.22222      -  63.5 43990s
 94089745 14972262   20.73075   37  258          -   19.22222      -  63.5 43995s
 94089763 14972275     cutoff   64               -   19.22222      -  63.5 44007s
 94089772 14972279   21.80762   38  225          -   19.22222      -  63.5 44013s
 94089803 14972296   20.30272   38  127          -   19.22222      -  63.5 44015s
 94089832 14972319   20.08333   41   48          -   19.22222      -  63.5 44021s
 94089861 14972335   20.72265   37  208          -   19.22222      -  63.5 44025s
 94090016 14972367   19.49259   40  190          -   19.22222      -  63.5 44032s
 94091412 14972371   19.39863   38  180          -   19.22222      -  63.5 44036s
 94092178 14972367   21.41476   38  226          -   19.22222      -  63.5 44044s
 94092970 14972386     cutoff   37               -   19.22222      -  63.5 44046s
 94097134 14972403   21.99401   50  182          -   19.22222      -  63.5 44051s
 94098487 14972416   20.20000   46  137          -   19.22222      -  63.5 44056s
 94098870 14972442   21.89450   36  192          -   19.22222      -  63.5 44060s
 94102008 14972459   20.74545   42  153          -   19.22222      -  63.5 44065s
 94106719 14972469   19.94588   45  175          -   19.22222      -  63.5 44070s
 94112711 14972516   19.78145   44  211          -   19.22222      -  63.5 44076s
 94121227 14972616   20.85062   54  155          -   19.22222      -  63.5 44080s
 94132431 14972823 infeasible   34               -   19.22222      -  63.5 44085s
 94143947 14973081 infeasible   42               -   19.22222      -  63.5 44090s
 94156385 14973425   19.68153   46  193          -   19.22222      -  63.5 44095s
 94168789 14974091   20.84673   41  176          -   19.22243      -  63.5 44100s
 94180993 14974814   20.62118   38  181          -   19.22267      -  63.5 44105s
 94187768 14975205   21.15895   37  177          -   19.22279      -  63.5 44110s
 94199781 14975921   20.87507   39  190          -   19.22301      -  63.5 44115s
 94211428 14976470   20.27294   42  150          -   19.22326      -  63.5 44120s
 94224390 14977220   20.34249   37  201          -   19.22349      -  63.5 44125s
 94236295 14977894   19.83115   36  208          -   19.22368      -  63.5 44130s
 94249084 14978581   21.13197   38  172          -   19.22388      -  63.5 44135s
 94260586 14979363   20.19602   39  214          -   19.22413      -  63.5 44140s
 94273007 14979941   20.86448   37  202          -   19.22427      -  63.5 44145s
 94285667 14980581   19.66667   41   30          -   19.22449      -  63.5 44150s
 94298318 14981158   20.27971   35  187          -   19.22469      -  63.5 44155s
 94310519 14981894   20.14724   38  219          -   19.22492      -  63.5 44160s
 94322608 14982381   21.09172   57  210          -   19.22500      -  63.5 44165s
 94334739 14982947     cutoff   33               -   19.22523      -  63.5 44170s
 94346715 14983606   21.04250   43  181          -   19.22544      -  63.5 44175s
 94353024 14983954   19.75705   37  206          -   19.22554      -  63.5 44180s
 94365670 14984608   21.05850   36  215          -   19.22576      -  63.5 44185s
 94377400 14985031   20.44564   38  217          -   19.22581      -  63.5 44190s
 94389744 14985716   21.39073   39  183          -   19.22606      -  63.5 44195s
 94402247 14986417   20.00000   47   33          -   19.22625      -  63.5 44200s
 94414590 14986973   19.87346   37  146          -   19.22642      -  63.5 44205s
 94426977 14987618   20.42868   39  171          -   19.22665      -  63.5 44210s
 94439820 14988363   20.37215   38  143          -   19.22685      -  63.5 44215s
 94452024 14989064   21.49398   38  133          -   19.22709      -  63.5 44220s
 94464686 14989625   20.24510   44  143          -   19.22727      -  63.5 44225s
 94477016 14990078     cutoff   49               -   19.22727      -  63.5 44230s
 94489573 14990538     cutoff   50               -   19.22727      -  63.5 44235s
 94502321 14991278   20.09177   37  213          -   19.22749      -  63.5 44240s
 94515412 14991867   19.92691   39  207          -   19.22774      -  63.5 44245s
 94522887 14992282   21.26768   42  156          -   19.22785      -  63.5 44250s
 94535490 14992768   20.81553   42  159          -   19.22807      -  63.5 44255s
 94547886 14993426   22.12150   39  160          -   19.22826      -  63.5 44260s
 94560146 14994152   20.74143   44  185          -   19.22852      -  63.5 44265s
 94572540 14994609   20.79449   37  194          -   19.22861      -  63.5 44270s
 94584969 14995314   21.83203   37  204          -   19.22886      -  63.5 44275s
 94597917 14995948   21.83435   39  209          -   19.22911      -  63.5 44280s
 94610166 14996507   20.45918   34  125          -   19.22923      -  63.5 44285s
 94621882 14997075   20.48152   35  193          -   19.22946      -  63.5 44290s
 94634697 14997809   20.15732   35  196          -   19.22965      -  63.5 44295s
 94646972 14998540   20.65820   40  192          -   19.22989      -  63.5 44300s
 94659620 14999212   20.50000   45   23          -   19.23009      -  63.5 44305s
 94673081 14999817   19.51958   49  228          -   19.23034      -  63.5 44310s
 94685685 15000584   20.71271   45  221          -   19.23058      -  63.5 44315s
 94692727 15001042   20.02112   47  189          -   19.23075      -  63.5 44320s
 94706396 15001564     cutoff   46               -   19.23077      -  63.5 44325s
 94719217 15001908   19.38462   44   68          -   19.23077      -  63.5 44330s
 94731606 15002109     cutoff   38               -   19.23077      -  63.5 44335s
 94744759 15002504   19.44836   44  143          -   19.23077      -  63.5 44340s
 94757394 15003107   19.66026   37  166          -   19.23093      -  63.5 44345s
 94770834 15003920   20.40828   53  182          -   19.23120      -  63.5 44350s
 94784160 15004731   20.08878   38  176          -   19.23143      -  63.5 44355s
 94797723 15005553   20.46274   53  214          -   19.23164      -  63.5 44360s
 94810406 15006162   20.86066   38  202          -   19.23188      -  63.5 44365s
 94823696 15006841   20.53174   40  204          -   19.23210      -  63.5 44370s
 94836544 15007460   19.50000   38   39          -   19.23226      -  63.5 44375s
 94849253 15008142   20.42719   44  185          -   19.23248      -  63.5 44380s
 94861889 15008529   20.06520   39  196          -   19.23265      -  63.5 44385s
 94868162 15008879   20.97299   38  237          -   19.23282      -  63.5 44390s
 94873156 15009132   20.92255   42  200          -   19.23292      -  63.5 44395s
 94880744 15009470   21.01487   40  189          -   19.23307      -  63.5 44400s
 94890442 15009961   21.46757   53  187          -   19.23327      -  63.5 44405s
 94902444 15010306   20.43000   39  148          -   19.23333      -  63.5 44410s
 94914932 15010810   20.93569   41  203          -   19.23341      -  63.5 44415s
 94926942 15011463   20.91461   39  148          -   19.23367      -  63.5 44420s
 94938588 15012118   19.78167   36  240          -   19.23387      -  63.5 44425s
 94951966 15012720     cutoff   44               -   19.23404      -  63.5 44430s
 94964832 15013413   20.45240   41  206          -   19.23429      -  63.5 44435s
 94977400 15014075   20.69722   44  220          -   19.23451      -  63.5 44440s
 94989998 15014796   19.53215   40  189          -   19.23469      -  63.5 44445s
 95002488 15015498   19.46019   41  186          -   19.23492      -  63.5 44450s
 95013618 15016198   19.91934   33  201          -   19.23512      -  63.5 44455s
 95026821 15016718   19.71282   45  197          -   19.23529      -  63.5 44460s
 95038566 15017039 infeasible   40               -   19.23529      -  63.5 44465s
 95050338 15017437   22.04301   52  181          -   19.23529      -  63.5 44470s
 95059919 15017892   21.21591   40  193          -   19.23543      -  63.5 44475s
 95072302 15018691   19.75000   47   39          -   19.23569      -  63.5 44480s
 95084770 15019338   19.68030   39  222          -   19.23593      -  63.5 44485s
 95096574 15019838     cutoff   52               -   19.23611      -  63.5 44490s
 95109137 15020555   20.41828   38  144          -   19.23636      -  63.5 44495s
 95121405 15021232   21.41020   40  181          -   19.23656      -  63.5 44500s
 95134794 15021953   21.73643   33  213          -   19.23677      -  63.5 44505s
 95147582 15022505     cutoff   38               -   19.23684      -  63.5 44510s
 95159708 15023310   19.88681   49  182          -   19.23707      -  63.5 44515s
 95172323 15023843 infeasible   38               -   19.23729      -  63.5 44520s
 95184831 15024482     cutoff   34               -   19.23750      -  63.5 44525s
 95196612 15025109   21.08631   36  189          -   19.23775      -  63.5 44530s
 95209642 15025897   19.94657   46  196          -   19.23803      -  63.5 44535s
 95223091 15026539   21.13830   42  137          -   19.23810      -  63.5 44542s
 95231005 15026788   19.73649   40  104          -   19.23810      -  63.5 44545s
 95243873 15027344   20.97619   39  161          -   19.23818      -  63.5 44550s
 95256834 15028015     cutoff   48               -   19.23844      -  63.5 44555s
 95269365 15028618   19.61963   43  179          -   19.23864      -  63.5 44560s
 95280851 15029346   20.02739   38  232          -   19.23882      -  63.5 44565s
 95294136 15030269   20.77264   36  180          -   19.23905      -  63.5 44570s
 95305932 15030803   21.05922   42  154          -   19.23913      -  63.5 44575s
 95319365 15031569     cutoff   42               -   19.23941      -  63.5 44580s
 95331317 15032103   20.64568   46  161          -   19.23958      -  63.5 44585s
 95343414 15032779   19.77199   57  214          -   19.23984      -  63.5 44590s
 95355433 15033192   20.47765   41  124          -   19.24000      -  63.5 44595s
 95367402 15033631   20.14979   38  194          -   19.24002      -  63.5 44600s
 95379211 15034231   20.45367   44  185          -   19.24025      -  63.5 44605s
 95392228 15034917   19.69346   34  204          -   19.24048      -  63.5 44610s
 95399808 15035261   19.65853   31  210          -   19.24060      -  63.5 44615s
 95412078 15035863   20.00000   46   11          -   19.24074      -  63.5 44620s
 95424337 15036554     cutoff   59               -   19.24099      -  63.5 44625s
 95437301 15037269   20.36483   32  194          -   19.24119      -  63.5 44630s
 95449264 15037823   20.26404   44  213          -   19.24138      -  63.5 44635s
 95461108 15038321   20.40966   36  209          -   19.24145      -  63.5 44640s
 95473310 15039001   20.71654   43  137          -   19.24168      -  63.5 44645s
 95485747 15039696   19.48733   40  177          -   19.24192      -  63.5 44650s
 95496987 15040306   20.44615   42   79          -   19.24208      -  63.6 44655s
 95509516 15041006   20.39664   39  206          -   19.24230      -  63.6 44660s
 95522570 15041703 infeasible   42               -   19.24242      -  63.6 44665s
 95533749 15042356 infeasible   44               -   19.24258      -  63.6 44670s
 95546176 15043041   20.24566   45  219          -   19.24285      -  63.6 44675s
 95555537 15043552   20.19201   40  184          -   19.24294      -  63.6 44680s
 95565943 15044170     cutoff   44               -   19.24312      -  63.6 44685s
 95578913 15044664   21.52381   43  112          -   19.24324      -  63.6 44690s
 95591570 15045304   19.72708   40  189          -   19.24349      -  63.6 44695s
 95603942 15046008   20.05382   34  210          -   19.24372      -  63.6 44700s
 95616738 15046752   21.24907   43  176          -   19.24390      -  63.6 44705s
 95629090 15047389   20.88955   39  179          -   19.24409      -  63.6 44710s
 95642053 15047979   21.52929   43  168          -   19.24432      -  63.6 44715s
 95654387 15048581   20.99424   36  201          -   19.24450      -  63.6 44720s
 95667349 15049243   21.26717   41  194          -   19.24471      -  63.6 44725s
 95679424 15049790     cutoff   35               -   19.24490      -  63.6 44730s
 95692266 15050493   20.50000   42   27          -   19.24512      -  63.6 44735s
 95704554 15051126   21.64009   37  200          -   19.24532      -  63.6 44740s
 95716516 15051718   19.71974   33  192          -   19.24554      -  63.6 44745s
 95728892 15052291     cutoff   45               -   19.24576      -  63.6 44750s
 95737513 15052790   19.90476   37  181          -   19.24590      -  63.6 44755s
 95750727 15053555   20.65309   41  213          -   19.24613      -  63.6 44760s
 95763696 15054379   20.88411   36  154          -   19.24634      -  63.6 44765s
 95776531 15055072   19.81475   37  200          -   19.24656      -  63.6 44770s
 95788705 15055743   19.85120   34  161          -   19.24675      -  63.6 44775s
 95800909 15056379   20.26164   36  195          -   19.24695      -  63.6 44780s
 95813843 15057165   20.06223   39  189          -   19.24719      -  63.6 44785s
 95825215 15057798   21.91957   49  155          -   19.24740      -  63.6 44790s
 95837336 15058456   19.97954   39  165          -   19.24764      -  63.6 44795s
 95850882 15059250   19.34922   36  210          -   19.24786      -  63.6 44800s
 95862818 15059921   21.49801   36  185          -   19.24808      -  63.6 44805s
 95875876 15060716   20.11889   37  222          -   19.24831      -  63.6 44810s
 95887605 15061201   21.21733   49  155          -   19.24849      -  63.6 44815s
 95894984 15061604   19.84599   36  178          -   19.24864      -  63.6 44820s
 95906837 15062324   20.64775   39  220          -   19.24889      -  63.6 44825s
 95919308 15063051   21.05409   50  177          -   19.24917      -  63.6 44830s
 95931694 15063789   21.07970   37  209          -   19.24944      -  63.6 44835s
 95944503 15064536 infeasible   38               -   19.24975      -  63.6 44840s
 95956556 15064969   20.44825   38  183          -   19.25000      -  63.6 44845s
 95968251 15065378   21.00000   35   10          -   19.25000      -  63.6 44850s
 95981198 15065696   20.93834   40  181          -   19.25000      -  63.6 44855s
 95993006 15066122   20.00000   42   52          -   19.25000      -  63.6 44860s
 96006130 15066408     cutoff   41               -   19.25000      -  63.6 44865s
 96018617 15066853   21.00000   45   11          -   19.25000      -  63.6 44870s
 96030994 15067045   21.61150   56  175          -   19.25000      -  63.6 44875s
 96043329 15067165     cutoff   45               -   19.25000      -  63.6 44880s
 96055078 15067326     cutoff   46               -   19.25000      -  63.6 44885s
 96067847 15067669   21.55466   35  221          -   19.25000      -  63.6 44890s
 96072108 15067791     cutoff   35               -   19.25000      -  63.6 44895s
 96072271 15067873   21.16837   43  151          -   19.25000      -  63.6 44900s
 96074526 15067943   20.79000   43  171          -   19.25000      -  63.6 44905s
 96079617 15067971   21.50000   38  149          -   19.25000      -  63.6 44910s
 96089943 15068023   21.11241   43  189          -   19.25000      -  63.6 44915s
 96102719 15068000   21.18071   41  155          -   19.25000      -  63.6 44920s
 96113763 15068069   20.92610   36  134          -   19.25000      -  63.6 44925s
 96125271 15068051   21.13190   33  138          -   19.25000      -  63.6 44930s
 96136667 15068154   21.95848   35  159          -   19.25000      -  63.6 44937s
 96142834 15068178   22.11013   36  217          -   19.25000      -  63.6 44940s
 96154195 15068202   19.98113   42   84          -   19.25000      -  63.6 44945s
 96166303 15068063   19.92500   45   79          -   19.25000      -  63.6 44950s
 96178163 15068147   20.50482   37  141          -   19.25000      -  63.6 44955s
 96189770 15068179     cutoff   49               -   19.25000      -  63.6 44960s
 96201106 15068266   20.15684   41  191          -   19.25000      -  63.6 44965s
 96213081 15068226   21.52273   42  149          -   19.25000      -  63.6 44970s
 96225134 15068418   20.08153   37  138          -   19.25000      -  63.6 44975s
 96236289 15068476   20.59227   49  131          -   19.25000      -  63.6 44980s
 96248096 15068445   21.66667   46   37          -   19.25000      -  63.6 44985s
 96259508 15068483   19.59256   48  166          -   19.25000      -  63.6 44990s
 96271479 15068444   20.73203   40  133          -   19.25000      -  63.6 44995s
 96282699 15068470   21.57353   39   89          -   19.25000      -  63.6 45000s
 96293588 15068470 infeasible   35               -   19.25000      -  63.6 45005s
 96304339 15068436   21.00840   40  204          -   19.25000      -  63.6 45010s
 96315365 15068330   21.99894   38  171          -   19.25000      -  63.6 45015s
 96326150 15068202   20.78806   33  210          -   19.25000      -  63.6 45020s
 96337539 15068117 infeasible   53               -   19.25000      -  63.6 45025s
 96349126 15068137 infeasible   34               -   19.25000      -  63.6 45030s
 96360001 15068090   19.56111   43  146          -   19.25000      -  63.6 45035s
 96370929 15068019   20.97260   41  164          -   19.25000      -  63.6 45040s
 96381629 15068058   21.11445   34  166          -   19.25000      -  63.6 45045s
 96392347 15067851   21.36585   38  103          -   19.25000      -  63.6 45050s
 96404402 15068001     cutoff   38               -   19.25000      -  63.6 45055s
 96416068 15067925     cutoff   43               -   19.25000      -  63.6 45060s
 96427905 15068009     cutoff   51               -   19.25000      -  63.6 45065s
 96440154 15068135   21.04306   39  223          -   19.25000      -  63.6 45070s
 96451996 15068341 infeasible   45               -   19.25000      -  63.6 45075s
 96463358 15068491 infeasible   38               -   19.25000      -  63.6 45080s
 96474568 15068608   20.91953   40  207          -   19.25000      -  63.6 45085s
 96487351 15068887   22.22235   40  188          -   19.25000      -  63.6 45090s
 96499575 15069192   19.95325   36  118          -   19.25000      -  63.6 45095s
 96511502 15069439   21.01293   38  117          -   19.25000      -  63.6 45100s
 96523551 15069724     cutoff   40               -   19.25000      -  63.6 45105s
 96535822 15070041   20.00000   38   32          -   19.25000      -  63.6 45110s
 96548510 15070423   19.34507   40  158          -   19.25000      -  63.6 45115s
 96561042 15071053   20.08324   39  212          -   19.25022      -  63.6 45120s
 96571432 15071597   21.98534   39  188          -   19.25049      -  63.6 45126s
 96579580 15071980   19.86000   42  213          -   19.25066      -  63.6 45130s
 96591566 15072732   20.34536   40  115          -   19.25090      -  63.6 45135s
 96603862 15073383 infeasible   38               -   19.25118      -  63.6 45140s
 96615944 15074045   19.70730   41  235          -   19.25142      -  63.6 45145s
 96628320 15074743   19.58493   36  199          -   19.25167      -  63.6 45150s
 96640688 15075473   19.86000   38  103          -   19.25188      -  63.6 45155s
 96652755 15076053     cutoff   42               -   19.25210      -  63.6 45160s
 96665305 15076785   20.50086   57  210          -   19.25233      -  63.6 45165s
 96676857 15077361   20.36896   46  193          -   19.25253      -  63.6 45170s
 96688980 15077941   20.75087   38  205          -   19.25275      -  63.6 45175s
 96701100 15078535   21.08333   42  101          -   19.25294      -  63.6 45180s
 96712895 15079081   20.06389   38  197          -   19.25316      -  63.6 45185s
 96726055 15079701   19.94408   43  196          -   19.25338      -  63.6 45190s
 96737345 15080211   20.06644   47  154          -   19.25358      -  63.6 45195s
 96750008 15080730   21.46276   43  184          -   19.25382      -  63.6 45200s
 96762371 15081287   21.17480   49  140          -   19.25401      -  63.6 45205s
 96770531 15081763   21.85467   41  207          -   19.25417      -  63.6 45210s
 96783643 15082517   19.39014   46  194          -   19.25434      -  63.6 45215s
 96795913 15083044   20.90969   45  202          -   19.25455      -  63.6 45220s
 96809342 15083920   20.82637   43  221          -   19.25478      -  63.6 45225s
 96820759 15084504   20.89886   48  211          -   19.25498      -  63.6 45230s
 96833735 15085298   20.22272   34  183          -   19.25521      -  63.6 45235s
 96845539 15085848   19.51674   42  204          -   19.25537      -  63.6 45240s
 96857976 15086452   19.73020   42  246          -   19.25558      -  63.6 45245s
 96869974 15086933   19.93553   36  143          -   19.25581      -  63.6 45250s
 96883630 15087604   19.84091   48  154          -   19.25600      -  63.6 45255s
 96895890 15088137   20.36031   41  178          -   19.25619      -  63.6 45260s
 96908007 15088763   20.51806   37  174          -   19.25641      -  63.6 45265s
 96921208 15089411   19.75000   43   45          -   19.25655      -  63.6 45270s
 96933186 15089866   19.63472   38  212          -   19.25678      -  63.6 45275s
 96939900 15090278   20.40289   38  221          -   19.25691      -  63.6 45280s
 96952683 15090980   21.09613   41  181          -   19.25714      -  63.6 45285s
 96964829 15091474   21.07008   49  204          -   19.25726      -  63.6 45290s
 96976988 15092061   19.50000   35   23          -   19.25749      -  63.6 45295s
 96989298 15092608   20.01482   46  212          -   19.25767      -  63.6 45300s
 97001155 15093196   20.28255   49  195          -   19.25788      -  63.6 45305s
 97013935 15093747   21.39100   36  194          -   19.25806      -  63.6 45310s
 97026873 15094413     cutoff   38               -   19.25821      -  63.6 45315s
 97039091 15095074   20.56968   34  146          -   19.25843      -  63.6 45320s
 97051350 15095704 infeasible   48               -   19.25862      -  63.6 45325s
 97063534 15096331   20.17374   33  199          -   19.25881      -  63.6 45330s
 97075931 15096998   21.64419   47  193          -   19.25900      -  63.6 45335s
 97089222 15097698   21.45838   31  194          -   19.25926      -  63.6 45340s
 97101278 15098080   22.00000   48   11          -   19.25926      -  63.6 45345s
 97113833 15098820   21.27879   42  145          -   19.25950      -  63.6 45350s
 97121203 15099260   21.36947   36  171          -   19.25964      -  63.6 45355s
 97132710 15099818   20.68326   40  182          -   19.25986      -  63.6 45360s
 97145472 15100368   20.24071   35  207          -   19.26001      -  63.6 45365s
 97157434 15101039   19.99826   32  230          -   19.26027      -  63.6 45370s
 97170047 15101613   20.64701   39  211          -   19.26045      -  63.6 45375s
 97182125 15102323   19.50000   44   40          -   19.26066      -  63.6 45380s
 97194317 15102890   19.88000   46  130          -   19.26087      -  63.6 45385s
 97206394 15103245     cutoff   42               -   19.26087      -  63.6 45390s
 97218444 15103824   21.07300   40  153          -   19.26108      -  63.6 45395s
 97230478 15104459   20.41607   42  209          -   19.26129      -  63.6 45400s
 97242982 15105137   19.97573   31  193          -   19.26151      -  63.6 45405s
 97254854 15105588   21.61921   50  214          -   19.26169      -  63.6 45410s
 97267561 15106175   20.09415   32  189          -   19.26190      -  63.6 45415s
 97279698 15106724   21.04426   47  195          -   19.26201      -  63.6 45420s
 97291623 15107347   21.23359   35  204          -   19.26224      -  63.6 45425s
 97298231 15107665   20.45098   44  180          -   19.26233      -  63.6 45430s
 97310658 15108296   20.95310   42  141          -   19.26255      -  63.6 45435s
 97322122 15108929   20.57525   35  192          -   19.26274      -  63.6 45440s
 97334061 15109527     cutoff   47               -   19.26297      -  63.6 45445s
 97346618 15110119   21.19401   45  198          -   19.26316      -  63.6 45450s
 97358646 15110515     cutoff   40               -   19.26316      -  63.6 45455s
 97371134 15110829   20.76000   43  129          -   19.26316      -  63.6 45460s
 97382983 15111492   20.50000   43   52          -   19.26339      -  63.6 45465s
 97396062 15112199   21.49961   51  156          -   19.26364      -  63.6 45470s
 97408076 15112871   20.31209   36  141          -   19.26389      -  63.6 45475s
 97420368 15113505   19.68734   42  145          -   19.26404      -  63.6 45480s
 97433323 15114158   20.23562   42  156          -   19.26426      -  63.6 45485s
 97446565 15114824   21.74007   37  182          -   19.26446      -  63.6 45490s
 97459238 15115500   20.12696   36  173          -   19.26471      -  63.6 45495s
 97471904 15116019   21.25509   36  186          -   19.26473      -  63.6 45500s
 97479309 15116396   21.11448   33  202          -   19.26489      -  63.6 45505s
 97491048 15117064   20.07680   41  223          -   19.26508      -  63.6 45510s
 97503902 15117638   20.72156   37  129          -   19.26531      -  63.6 45515s
 97515874 15118107   21.24000   51  154          -   19.26550      -  63.6 45520s
 97527465 15118740   20.05217   47  162          -   19.26567      -  63.6 45525s
 97540164 15119366   20.71363   51  205          -   19.26596      -  63.6 45530s
 97552851 15120114   21.47359   34  199          -   19.26616      -  63.6 45535s
 97565063 15120740 infeasible   43               -   19.26638      -  63.6 45540s
 97577223 15121396 infeasible   51               -   19.26667      -  63.6 45545s
 97589453 15121810   21.00000   37   68          -   19.26667      -  63.6 45550s
 97602150 15122071 infeasible   45               -   19.26667      -  63.6 45555s
 97614009 15122433     cutoff   42               -   19.26667      -  63.6 45560s
 97626310 15122836   19.67180   45  169          -   19.26669      -  63.6 45565s
 97638223 15123526   20.23680   46  186          -   19.26695      -  63.6 45570s
 97650336 15124328   20.96285   40  199          -   19.26716      -  63.6 45575s
 97658961 15124718   20.47198   40  162          -   19.26732      -  63.6 45580s
 97669706 15125327   21.20722   34  154          -   19.26748      -  63.6 45585s
 97682769 15125976   21.41103   38  192          -   19.26770      -  63.6 45590s
 97694285 15126515 infeasible   40               -   19.26786      -  63.6 45595s
 97706644 15127051   20.28828   35  216          -   19.26807      -  63.6 45600s
 97719590 15127699   20.76074   43  189          -   19.26829      -  63.6 45605s
 97732215 15128342   21.39972   36  206          -   19.26845      -  63.6 45610s
 97744156 15128901     cutoff   48               -   19.26866      -  63.6 45615s
 97756285 15129582   19.50000   51   16          -   19.26887      -  63.6 45620s
 97768321 15130164     cutoff   39               -   19.26910      -  63.6 45625s
 97780269 15130650   21.47965   48  158          -   19.26923      -  63.6 45630s
 97792278 15130855   20.33125   35  146          -   19.26923      -  63.6 45635s
 97804364 15131336   19.67774   42  244          -   19.26942      -  63.6 45640s
 97817360 15131983     cutoff   37               -   19.26965      -  63.6 45645s
 97829141 15132561   21.03393   47  149          -   19.26984      -  63.6 45650s
 97840426 15133125   20.06978   34  133          -   19.27005      -  63.6 45657s
 97848191 15133527   20.52474   36  202          -   19.27019      -  63.6 45660s
 97860476 15134021   20.78992   44  133          -   19.27027      -  63.6 45665s
 97872581 15134737   20.65016   34  142          -   19.27050      -  63.6 45670s
 97884865 15135351   19.80611   49  214          -   19.27074      -  63.6 45675s
 97897203 15135793   20.50000   37  118          -   19.27083      -  63.6 45680s
 97908983 15136325   19.84752   47  207          -   19.27108      -  63.6 45685s
 97920820 15136953   20.20536   38  210          -   19.27129      -  63.6 45690s
 97933951 15137616   19.78001   42  240          -   19.27149      -  63.6 45695s
 97946056 15138164   19.72370   48  215          -   19.27170      -  63.6 45700s
 97958127 15138780   20.57637   34  165          -   19.27189      -  63.6 45705s
 97970286 15139423     cutoff   43               -   19.27210      -  63.6 45710s
 97982047 15140157   19.42892   35  206          -   19.27235      -  63.6 45715s
 97994725 15140842 infeasible   52               -   19.27260      -  63.6 45720s
 98007216 15141209     cutoff   43               -   19.27273      -  63.6 45725s
 98019249 15141475 infeasible   42               -   19.27273      -  63.6 45730s
 98027565 15141673   21.46540   41  220          -   19.27273      -  63.6 45735s
 98038971 15141874     cutoff   40               -   19.27273      -  63.6 45740s
 98051036 15142045     cutoff   45               -   19.27273      -  63.6 45745s
 98063238 15142366     cutoff   42               -   19.27273      -  63.6 45750s
 98075452 15142702   21.43471   43  180          -   19.27273      -  63.6 45755s
 98088924 15143289   20.68011   37  174          -   19.27296      -  63.6 45760s
 98100895 15143936   20.31921   35  155          -   19.27319      -  63.6 45765s
 98113115 15144514   20.44572   40  177          -   19.27343      -  63.6 45770s
 98125388 15145162   20.64989   37  167          -   19.27363      -  63.6 45775s
 98138414 15145926   21.50694   38  158          -   19.27386      -  63.6 45780s
 98150746 15146580   19.75444   38  153          -   19.27407      -  63.6 45785s
 98163073 15147062   20.20673   43  147          -   19.27429      -  63.6 45790s
 98176023 15147630   19.99790   48  205          -   19.27451      -  63.6 45795s
 98188782 15148278   21.96508   34  215          -   19.27471      -  63.6 45800s
 98201194 15148881   20.16181   39  190          -   19.27492      -  63.6 45805s
 98214075 15149338     cutoff   45               -   19.27500      -  63.6 45810s
 98221675 15149718   19.65235   38  191          -   19.27517      -  63.6 45815s
 98234436 15150260   21.53704   44  155          -   19.27536      -  63.6 45820s
 98247329 15150875     cutoff   40               -   19.27559      -  63.6 45825s
 98259400 15151559   19.95034   44  226          -   19.27583      -  63.6 45830s
 98272763 15152054   20.56693   45  173          -   19.27586      -  63.6 45835s
 98284723 15152662   20.53500   33  157          -   19.27609      -  63.6 45840s
 98297615 15153305   19.62398   41  167          -   19.27632      -  63.6 45845s
 98309947 15153890   20.74965   41  184          -   19.27651      -  63.6 45850s
 98322492 15154536   20.83740   42  125          -   19.27668      -  63.6 45855s
 98334739 15155227   20.11823   35  149          -   19.27692      -  63.6 45860s
 98347703 15155946   20.28964   42  226          -   19.27711      -  63.6 45865s
 98359724 15156528     cutoff   40               -   19.27734      -  63.6 45870s
 98372291 15157242   21.10019   49  209          -   19.27757      -  63.6 45875s
 98385189 15157878   20.61039   40  128          -   19.27778      -  63.6 45880s
 98397282 15158159 infeasible   51               -   19.27778      -  63.6 45885s
 98405500 15158401   20.96841   41  182          -   19.27778      -  63.6 45890s
 98416253 15158603   21.08806   41  137          -   19.27778      -  63.6 45895s
 98428493 15159002 infeasible   46               -   19.27781      -  63.6 45900s
 98439843 15159568   20.60683   31  181          -   19.27811      -  63.6 45905s
 98451729 15160280   19.91549   33  201          -   19.27834      -  63.6 45910s
 98464483 15160969   19.90794   46  226          -   19.27854      -  63.6 45915s
 98475685 15161436     cutoff   39               -   19.27870      -  63.6 45920s
 98488108 15162033   20.03925   44  203          -   19.27896      -  63.6 45925s
 98499256 15162518   20.04845   38  181          -   19.27910      -  63.6 45930s
 98511783 15163224   21.30094   39  172          -   19.27935      -  63.6 45935s
 98523988 15163824   20.66189   36  174          -   19.27954      -  63.6 45940s
 98536351 15164383   20.83122   32  204          -   19.27976      -  63.6 45945s
 98548243 15164957   20.21207   38  191          -   19.28000      -  63.6 45950s
 98560879 15165259   20.03534   44  213          -   19.28000      -  63.6 45955s
 98572820 15165802   19.71946   40  183          -   19.28016      -  63.6 45960s
 98585607 15166478     cutoff   40               -   19.28037      -  63.7 45965s
 98591961 15166864   21.35965   49  126          -   19.28046      -  63.7 45970s
 98604823 15167465   19.86560   39  179          -   19.28066      -  63.7 45975s
 98616322 15167959   20.06862   42  232          -   19.28082      -  63.7 45980s
 98628405 15168624   19.74166   43  224          -   19.28105      -  63.7 45985s
 98640682 15169142   21.40743   44  219          -   19.28125      -  63.7 45990s
 98652979 15169558   19.48163   43  188          -   19.28125      -  63.7 45995s
 98665878 15170257   19.84969   37  170          -   19.28150      -  63.7 46000s
 98677958 15170969   21.84872   47  175          -   19.28169      -  63.7 46005s
 98689737 15171560   20.06988   35  193          -   19.28193      -  63.7 46010s
 98702111 15172076   20.33212   51  150          -   19.28205      -  63.7 46015s
 98714417 15172714   19.67945   41  198          -   19.28226      -  63.7 46020s
 98727252 15173368   21.04442   47  214          -   19.28250      -  63.7 46025s
 98736115 15173787   20.27919   38  122          -   19.28261      -  63.7 46030s
 98742563 15174062   19.88698   48  186          -   19.28270      -  63.7 46035s
 98754438 15174532   19.72313   39  145          -   19.28293      -  63.7 46040s
 98767340 15175052   20.54352   41  190          -   19.28309      -  63.7 46045s
 98775973 15175450   21.29685   36  217          -   19.28325      -  63.7 46050s
 98788084 15176084   20.12543   37  224          -   19.28340      -  63.7 46055s
 98799853 15176657   19.50000   41   23          -   19.28358      -  63.7 46060s
 98811433 15177216   20.33794   40  168          -   19.28378      -  63.7 46065s
 98823427 15177770   20.83516   46  160          -   19.28401      -  63.7 46070s
 98835883 15178385   20.68275   37  190          -   19.28423      -  63.7 46075s
 98848212 15179045   20.15385   46  128          -   19.28444      -  63.7 46080s
 98860013 15179617   20.54327   51  201          -   19.28464      -  63.7 46085s
 98873066 15180271     cutoff   46               -   19.28485      -  63.7 46090s
 98885019 15180892   19.74284   46  211          -   19.28508      -  63.7 46095s
 98897364 15181512   20.60979   38  220          -   19.28531      -  63.7 46100s
 98909129 15182097   20.23335   50  170          -   19.28559      -  63.7 46105s
 98921388 15182663   21.15006   42  181          -   19.28571      -  63.7 46110s
 98932581 15182961   21.24038   38   97          -   19.28571      -  63.7 46115s
 98944782 15183190 infeasible   47               -   19.28571      -  63.7 46120s
 98956538 15183468   21.49952   38  173          -   19.28571      -  63.7 46125s
 98968393 15183541   19.99307   35  215          -   19.28571      -  63.7 46130s
 98974841 15183618   20.31561   39  172          -   19.28571      -  63.7 46135s
 98985983 15183685   21.83888   46  173          -   19.28571      -  63.7 46140s
 98997768 15183696   19.59341   45  177          -   19.28571      -  63.7 46145s
 99008798 15183788 infeasible   54               -   19.28571      -  63.7 46150s
 99020455 15183916   19.84269   50  168          -   19.28571      -  63.7 46155s
 99032099 15184052   21.00130   39  185          -   19.28571      -  63.7 46160s
 99043819 15184145   20.88374   43  198          -   19.28571      -  63.7 46165s
 99054316 15184156   19.90593   37  187          -   19.28571      -  63.7 46170s
 99066448 15184346   19.66382   35  217          -   19.28571      -  63.7 46175s
 99078549 15184779   20.06250   45   72          -   19.28571      -  63.7 46180s
 99090541 15185178   20.38496   40  168          -   19.28583      -  63.7 46185s
 99102308 15185775     cutoff   43               -   19.28612      -  63.7 46190s
 99113673 15186487   20.92647   43  192          -   19.28634      -  63.7 46195s
 99125828 15187132   22.08608   45  190          -   19.28657      -  63.7 46200s
 99137775 15187704   19.81077   40  200          -   19.28678      -  63.7 46205s
 99150237 15188291   19.43639   39  184          -   19.28702      -  63.7 46210s
 99162440 15188996   19.88206   37  255          -   19.28722      -  63.7 46215s
 99174561 15189672   19.64249   43  198          -   19.28741      -  63.7 46220s
 99186801 15190262   20.46146   36  179          -   19.28766      -  63.7 46225s
 99199053 15190905   19.68974   54  193          -   19.28787      -  63.7 46230s
 99206171 15191181   19.82078   35  182          -   19.28794      -  63.7 46235s
 99218255 15191808   21.45994   40  153          -   19.28814      -  63.7 46240s
 99229925 15192298   19.36837   47  213          -   19.28837      -  63.7 46245s
 99243595 15192941   20.64634   37  190          -   19.28852      -  63.7 46250s
 99255335 15193629   19.47268   40  160          -   19.28873      -  63.7 46255s
 99267567 15194135   20.34205   40  203          -   19.28889      -  63.7 46260s
 99268388 15194221   21.26727   48  175          -   19.28898      -  63.7 46265s
 99268474 15194293   21.63030   40  181          -   19.28904      -  63.7 46270s
 99268974 15194447   20.34606   38  163          -   19.28908      -  63.7 46275s
 99279920 15194786   21.18289   44  187          -   19.28926      -  63.7 46280s
 99293037 15195474   20.55978   45  123          -   19.28947      -  63.7 46285s
 99304696 15196009   19.43789   37  182          -   19.28956      -  63.7 46290s
 99316819 15196578   19.71907   42  167          -   19.28979      -  63.7 46295s
 99329631 15197173   19.74744   36  176          -   19.29000      -  63.7 46300s
 99341807 15197797   21.49787   41  156          -   19.29022      -  63.7 46305s
 99354160 15198265   20.15217   39  178          -   19.29032      -  63.7 46310s
 99367032 15198902   19.58055   51  202          -   19.29052      -  63.7 46315s
 99379521 15199492   19.77143   39  232          -   19.29075      -  63.7 46320s
 99389910 15200057   21.00000   38    8          -   19.29091      -  63.7 46325s
 99402266 15200654   20.29158   41  214          -   19.29112      -  63.7 46330s
 99414836 15201269   21.03789   38  194          -   19.29134      -  63.7 46335s
 99427364 15201978   20.88352   36  154          -   19.29160      -  63.7 46340s
 99439789 15202447   20.38008   40  168          -   19.29167      -  63.7 46345s
 99451624 15202717   19.70082   41  121          -   19.29167      -  63.7 46350s
 99464673 15203295   19.90196   34  195          -   19.29178      -  63.7 46355s
 99477224 15203960   20.27432   39  214          -   19.29202      -  63.7 46360s
 99489814 15204511   21.24313   38  232          -   19.29224      -  63.7 46365s
 99501763 15205034   20.40389   49  192          -   19.29245      -  63.7 46370s
 99514571 15205696   21.32006   38  157          -   19.29268      -  63.7 46375s
 99527088 15206157   21.55851   40  166          -   19.29282      -  63.7 46380s
 99539966 15206779   19.82884   40  229          -   19.29305      -  63.7 46385s
 99553040 15207463   19.94194   36  176          -   19.29325      -  63.7 46390s
 99565422 15207971   20.28035   45  128          -   19.29348      -  63.7 46395s
 99574061 15208474   19.59366   36  196          -   19.29363      -  63.7 46400s
 99587145 15209146   21.90095   49  156          -   19.29386      -  63.7 46405s
 99599406 15209622   20.25831   40  173          -   19.29412      -  63.7 46410s
 99613249 15209908   20.20206   38  129          -   19.29412      -  63.7 46415s
 99626125 15210137   19.79404   38  198          -   19.29412      -  63.7 46420s
 99639399 15210565   20.88544   48  237          -   19.29424      -  63.7 46425s
 99653874 15211288   19.97368   48  164          -   19.29452      -  63.7 46430s
 99667799 15211840   20.09414   43  177          -   19.29476      -  63.7 46435s
 99681658 15212605   19.55669   47  196          -   19.29501      -  63.7 46440s
 99695587 15213273     cutoff   46               -   19.29527      -  63.7 46445s
 99709274 15213856   21.24038   33  171          -   19.29545      -  63.7 46450s
 99726514 15214712   19.79618   48  162          -   19.29572      -  63.7 46455s
 99744479 15215603   21.18008   43  200          -   19.29603      -  63.7 46460s
 99761704 15216491     cutoff   41               -   19.29630      -  63.7 46465s
 99776235 15217051   20.36269   38  212          -   19.29639      -  63.7 46470s
 99794216 15217954   19.59710   42  211          -   19.29673      -  63.7 46475s
 99812665 15218900   20.00000   42    9          -   19.29701      -  63.7 46480s
 99830187 15219779   19.71023   43  167          -   19.29730      -  63.7 46485s
 99849052 15220661   20.53262   42  193          -   19.29760      -  63.7 46490s
 99867037 15221453   19.99596   42  191          -   19.29787      -  63.7 46495s
 99886117 15222266   21.11928   34  194          -   19.29819      -  63.7 46500s
 99898373 15222916   20.90011   40  223          -   19.29834      -  63.7 46505s
 99910307 15223461   19.81331   50  226          -   19.29854      -  63.7 46510s
 99922650 15224157   20.48806   47  183          -   19.29876      -  63.7 46515s
 99934868 15224714   21.01948   35  166          -   19.29897      -  63.7 46520s
 99947737 15225338   20.03521   34  215          -   19.29922      -  63.7 46527s
 99954043 15225594   21.72369   48  216          -   19.29933      -  63.7 46530s
 99965812 15226206   20.66573   36  151          -   19.29961      -  63.7 46535s
 99977210 15226770     cutoff   44               -   19.29984      -  63.7 46540s
 99989142 15227209   19.62782   41  150          -   19.30000      -  63.7 46545s
 100001319 15227492   21.48902   44  192          -   19.30000      -  63.7 46550s
 100013358 15227692 infeasible   35               -   19.30000      -  63.7 46555s
 100025215 15227884   19.77463   39  153          -   19.30000      -  63.7 46560s
 100037114 15228002   20.57652   43  162          -   19.30000      -  63.7 46565s
 100049120 15228315   19.46957   42  180          -   19.30000      -  63.7 46570s
 100060412 15228407   21.27166   42  145          -   19.30000      -  63.7 46575s
 100071277 15228499   19.84085   40  187          -   19.30000      -  63.7 46580s
 100082965 15228576   20.50000   40   24          -   19.30000      -  63.7 46585s
 100094453 15228891     cutoff   46               -   19.30000      -  63.7 46590s
 100106209 15229214   19.37591   34  210          -   19.30000      -  63.7 46595s
 100119310 15229726   20.87500   48   65          -   19.30000      -  63.7 46600s
 100131451 15230447   20.18934   38  184          -   19.30032      -  63.7 46605s
 100143394 15231063   21.22222   49  122          -   19.30055      -  63.7 46610s
 100155500 15231791   20.52390   46  179          -   19.30076      -  63.7 46615s
 100167540 15232392   20.37115   39  186          -   19.30100      -  63.7 46620s
 100175667 15232797   19.74926   35  180          -   19.30114      -  63.7 46625s
 100188065 15233519   19.56596   36  132          -   19.30133      -  63.7 46630s
 100200334 15234162   22.00000   47   31          -   19.30147      -  63.7 46635s
 100212298 15234794   20.76804   36  179          -   19.30167      -  63.7 46640s
 100224379 15235389   21.66027   36  187          -   19.30189      -  63.7 46645s
 100235933 15235940   19.63637   37  235          -   19.30207      -  63.7 46650s
 100248390 15236538   21.27714   47  178          -   19.30230      -  63.7 46655s
 100259386 15237015   20.71803   46  158          -   19.30242      -  63.7 46660s
 100271940 15237670     cutoff   44               -   19.30263      -  63.7 46665s
 100284111 15238299     cutoff   51               -   19.30281      -  63.7 46670s
 100295845 15238838     cutoff   42               -   19.30303      -  63.7 46675s
 100307739 15239362   21.21868   43  202          -   19.30310      -  63.7 46680s
 100320391 15240076   19.82383   29  192          -   19.30332      -  63.7 46685s
 100332535 15240598     cutoff   43               -   19.30357      -  63.7 46690s
 100344942 15241193 infeasible   53               -   19.30370      -  63.7 46695s
 100356283 15241634     cutoff   40               -   19.30392      -  63.7 46702s
 100362919 15241965   20.61139   40  171          -   19.30403      -  63.7 46705s
 100375309 15242636     cutoff   44               -   19.30427      -  63.7 46710s
 100387463 15243058   21.07682   46  176          -   19.30435      -  63.7 46715s
 100399294 15243387   20.85108   45  245          -   19.30435      -  63.7 46720s
 100411112 15243913   20.70831   38  200          -   19.30462      -  63.7 46725s
 100423290 15244466   19.86656   39  115          -   19.30488      -  63.7 46730s
 100435624 15245058   19.94253   40  230          -   19.30508      -  63.7 46735s
 100448113 15245743   21.11776   37  206          -   19.30526      -  63.7 46740s
 100460535 15246414   20.21940   41  208          -   19.30548      -  63.7 46745s
 100472583 15246873   21.27445   38  154          -   19.30556      -  63.7 46750s
 100485010 15247384   19.93816   43  197          -   19.30571      -  63.7 46755s
 100498056 15248166   19.97149   36  214          -   19.30597      -  63.7 46760s
 100509191 15248696   20.16531   33  180          -   19.30613      -  63.7 46765s
 100521033 15249166   20.06322   34  182          -   19.30636      -  63.7 46770s
 100533356 15249755   21.64537   41  253          -   19.30655      -  63.7 46775s
 100540164 15250110   21.16551   44  191          -   19.30667      -  63.7 46780s
 100551929 15250703   20.05496   39  244          -   19.30685      -  63.7 46785s
 100563368 15251231   21.22047   37  146          -   19.30705      -  63.7 46790s
 100575909 15251837   20.07724   45  182          -   19.30729      -  63.7 46795s
 100587678 15252463   21.73096   41  191          -   19.30750      -  63.7 46800s
 100599706 15252982     cutoff   49               -   19.30769      -  63.7 46805s
 100612340 15253326   20.19000   44  196          -   19.30769      -  63.7 46810s
 100623186 15253480   21.22259   40  146          -   19.30769      -  63.7 46815s
 100634894 15253635   21.01769   39  137          -   19.30769      -  63.7 46820s
 100647050 15253941   20.85239   41  188          -   19.30769      -  63.7 46825s
 100658560 15254386   20.52396   41  225          -   19.30779      -  63.7 46830s
 100670684 15255040     cutoff   48               -   19.30808      -  63.7 46835s
 100682648 15255609   20.66642   40  178          -   19.30827      -  63.7 46840s
 100694393 15256188   19.49749   41  196          -   19.30850      -  63.7 46845s
 100706210 15256743   20.08824   34  107          -   19.30871      -  63.7 46850s
 100718859 15257280   19.87010   46  187          -   19.30888      -  63.7 46855s
 100730592 15257959   19.60000   44   80          -   19.30909      -  63.7 46860s
 100737004 15258226   21.34146   37  211          -   19.30919      -  63.7 46865s
 100749298 15258821     cutoff   49               -   19.30941      -  63.7 46870s
 100761428 15259191   22.04955   43  148          -   19.30952      -  63.7 46875s
 100774108 15259897   20.20000   36  127          -   19.30973      -  63.7 46880s
 100786285 15260593   21.28590   40  180          -   19.30992      -  63.7 46885s
 100797900 15261171   20.92518   52  213          -   19.31009      -  63.7 46890s
 100810716 15261808   20.11353   44  204          -   19.31034      -  63.7 46895s
 100822773 15262212   20.17517   35  228          -   19.31034      -  63.7 46900s
 100835041 15262848   20.37879   63  134          -   19.31053      -  63.7 46905s
 100847986 15263586     cutoff   48               -   19.31078      -  63.7 46910s
 100860595 15264144   20.13775   34  144          -   19.31099      -  63.7 46915s
 100872908 15264680   19.76479   38  210          -   19.31112      -  63.7 46920s
 100884665 15265304   20.44642   40  174          -   19.31136      -  63.7 46925s
 100897118 15265928   20.73977   34  183          -   19.31154      -  63.7 46930s
 100909093 15266617   19.92116   40  176          -   19.31175      -  63.7 46935s
 100916727 15266999   20.40698   44  192          -   19.31188      -  63.7 46940s
 100928933 15267624   20.00000   38    8          -   19.31210      -  63.7 46945s
 100941246 15268181   19.50850   44  187          -   19.31233      -  63.7 46950s
 100953422 15268548   21.20362   38  209          -   19.31250      -  63.7 46955s
 100965347 15268806   20.51472   47  203          -   19.31250      -  63.7 46960s
 100977526 15269017   19.81250   36   94          -   19.31250      -  63.7 46965s
 100989129 15269272   21.51358   37  178          -   19.31250      -  63.7 46970s
 101001329 15269606   21.01905   50  110          -   19.31250      -  63.7 46975s
 101013447 15270135   19.58050   40  203          -   19.31261      -  63.7 46980s
 101026202 15270885   19.71798   39  188          -   19.31287      -  63.7 46985s
 101038252 15271546   19.86575   37  204          -   19.31307      -  63.7 46990s
 101050424 15272111   20.99292   38  192          -   19.31326      -  63.7 46995s
 101062805 15272631     cutoff   39               -   19.31348      -  63.7 47000s
 101075255 15273310   21.95480   42  151          -   19.31373      -  63.7 47005s
 101087564 15273762   19.43829   43  176          -   19.31387      -  63.7 47010s
 101099437 15274364   20.92416   39  168          -   19.31406      -  63.7 47015s
 101111825 15274868   20.57737   42  178          -   19.31429      -  63.7 47020s
 101118930 15275051   21.74363   50  184          -   19.31429      -  63.7 47025s
 101131349 15275769   20.00000   44   47          -   19.31452      -  63.7 47030s
 101143536 15276273   19.80890   43  198          -   19.31472      -  63.7 47035s
 101155207 15276714   22.17801   46  167          -   19.31488      -  63.7 47040s
 101166560 15277185   20.30617   46  181          -   19.31510      -  63.7 47045s
 101179162 15277660   21.63054   48  162          -   19.31532      -  63.7 47050s
 101191160 15278265   19.77675   42  141          -   19.31553      -  63.7 47055s
 101203557 15278852   20.43333   43  123          -   19.31579      -  63.7 47060s
 101214533 15279116   19.93750   43   53          -   19.31579      -  63.7 47065s
 101226792 15279417   20.79692   41  204          -   19.31579      -  63.7 47070s
 101238154 15280002   19.54394   44  186          -   19.31601      -  63.7 47075s
 101250450 15280612   19.69495   41  232          -   19.31623      -  63.7 47080s
 101262658 15281207   20.46508   42  216          -   19.31644      -  63.7 47085s
 101274348 15281816   19.66965   43  207          -   19.31664      -  63.7 47090s
 101286622 15282386   21.14026   37  203          -   19.31678      -  63.7 47095s
 101298655 15282982   20.50000   36  125          -   19.31699      -  63.7 47100s
 101310875 15283361   19.75000   34   56          -   19.31712      -  63.7 47105s
 101317731 15283694   19.56017   47  170          -   19.31725      -  63.7 47110s
 101329589 15284250   21.49089   34  176          -   19.31746      -  63.7 47115s
 101341102 15284767     cutoff   47               -   19.31763      -  63.7 47120s
 101353327 15285350   21.08102   38  142          -   19.31783      -  63.7 47125s
 101365015 15285899     cutoff   38               -   19.31811      -  63.7 47130s
 101376048 15286223   21.12754   40  188          -   19.31818      -  63.7 47135s
 101387895 15286508     cutoff   40               -   19.31818      -  63.7 47140s
 101399208 15286752   20.00000   44   10          -   19.31818      -  63.7 47145s
 101411021 15287229   19.52837   41  160          -   19.31844      -  63.7 47150s
 101423304 15287820   20.70066   47  212          -   19.31868      -  63.7 47155s
 101435446 15288403   19.70517   37  201          -   19.31887      -  63.7 47160s
 101447671 15289189   19.63326   53  178          -   19.31907      -  63.7 47165s
 101459739 15289734   20.50636   42  223          -   19.31924      -  63.7 47170s
 101471999 15290209   20.61509   41  151          -   19.31944      -  63.7 47175s
 101483327 15290752   20.51385   42  150          -   19.31967      -  63.7 47180s
 101495441 15291325   20.57813   45  189          -   19.31992      -  63.7 47185s
 101507491 15291789   19.72182   39  162          -   19.32000      -  63.7 47190s
 101514054 15291922   20.76808   36  192          -   19.32000      -  63.7 47195s
 101526815 15292511     cutoff   37               -   19.32020      -  63.7 47200s
 101539174 15293133   21.40332   42  170          -   19.32040      -  63.7 47205s
 101550824 15293678     cutoff   45               -   19.32062      -  63.8 47210s
 101562878 15294221   20.81250   40  125          -   19.32081      -  63.8 47215s
 101574823 15294796   20.41523   37  139          -   19.32104      -  63.8 47220s
 101587091 15295460   21.87022   41  208          -   19.32125      -  63.8 47225s
 101599637 15296021     cutoff   45               -   19.32143      -  63.8 47230s
 101610975 15296380   21.00000   45   10          -   19.32143      -  63.8 47235s
 101623717 15296862   21.53227   39  183          -   19.32158      -  63.8 47240s
 101636440 15297413   20.00981   45  225          -   19.32184      -  63.8 47245s
 101648558 15297961     cutoff   51               -   19.32203      -  63.8 47250s
 101661015 15298519   20.19754   37  228          -   19.32222      -  63.8 47255s
 101672812 15299096   19.66034   42  213          -   19.32243      -  63.8 47260s
 101685177 15299505   20.43282   35  181          -   19.32258      -  63.8 47265s
 101698487 15299999 infeasible   43               -   19.32275      -  63.8 47270s
 101705186 15300294   20.37167   35  150          -   19.32287      -  63.8 47275s
 101718407 15300939   19.80754   38  176          -   19.32308      -  63.8 47280s
 101730519 15301542   19.76207   39  149          -   19.32328      -  63.8 47285s
 101742516 15302110   20.14452   43  145          -   19.32352      -  63.8 47290s
 101754280 15302493   20.95961   37  163          -   19.32353      -  63.8 47295s
 101766191 15303097   20.63521   45  233          -   19.32373      -  63.8 47300s
 101778276 15303574   20.00000   53   20          -   19.32396      -  63.8 47305s
 101790548 15304034   20.37412   33  232          -   19.32419      -  63.8 47310s
 101803108 15304591     cutoff   45               -   19.32432      -  63.8 47315s
 101815271 15305197     cutoff   52               -   19.32449      -  63.8 47320s
 101828686 15305863   19.91867   36  176          -   19.32472      -  63.8 47325s
 101840733 15306415     cutoff   39               -   19.32495      -  63.8 47330s
 101854685 15306893     cutoff   42               -   19.32500      -  63.8 47335s
 101866805 15307579   20.27387   36  191          -   19.32525      -  63.8 47340s
 101879211 15308048   19.99876   44  173          -   19.32545      -  63.8 47345s
 101891671 15308585   19.80180   35  155          -   19.32561      -  63.8 47350s
 101898964 15308948   21.12066   38  184          -   19.32574      -  63.8 47355s
 101910881 15309579   19.46462   42  162          -   19.32593      -  63.8 47360s
 101923223 15309987   20.49860   42  178          -   19.32609      -  63.8 47365s
 101934906 15310515 infeasible   42               -   19.32630      -  63.8 47370s
 101947228 15310942   21.56938   43  170          -   19.32653      -  63.8 47375s
 101959633 15311433   19.71448   46  216          -   19.32673      -  63.8 47380s
 101971592 15311835   19.89452   46  203          -   19.32692      -  63.8 47385s
 101984195 15312432   19.54088   41  163          -   19.32710      -  63.8 47390s
 101996616 15312956   19.90498   37  191          -   19.32729      -  63.8 47395s
 102008736 15313547   21.98474   37  217          -   19.32751      -  63.8 47400s
 102019897 15313936   21.07310   39  228          -   19.32764      -  63.8 47405s
 102032364 15314511     cutoff   42               -   19.32787      -  63.8 47410s
 102044684 15315120   20.04584   35  194          -   19.32808      -  63.8 47415s
 102053111 15315553   19.93820   36  206          -   19.32820      -  63.8 47420s
 102062679 15315960     cutoff   40               -   19.32836      -  63.8 47425s
 102075341 15316571 infeasible   49               -   19.32857      -  63.8 47430s
 102085073 15316999   20.72420   42  216          -   19.32875      -  63.8 47436s
 102094384 15317397   20.00947   37  220          -   19.32887      -  63.8 47440s
 102106381 15317919   21.36823   41  214          -   19.32907      -  63.8 47445s
 102119514 15318550     cutoff   42               -   19.32927      -  63.8 47450s
 102131875 15319176   20.23078   45  212          -   19.32948      -  63.8 47455s
 102144350 15319749   20.26061   51  208          -   19.32968      -  63.8 47460s
 102156267 15320187   20.71291   42  224          -   19.32990      -  63.8 47465s
 102168029 15320818   19.86364   40  104          -   19.33012      -  63.8 47470s
 102179713 15321314   20.30193   42  224          -   19.33033      -  63.8 47475s
 102191703 15321842   21.37191   36  178          -   19.33052      -  63.8 47480s
 102203991 15322368   20.65625   37  135          -   19.33076      -  63.8 47485s
 102216625 15322984   21.42440   38  217          -   19.33099      -  63.8 47490s
 102228383 15323483   20.54372   44  206          -   19.33119      -  63.8 47495s
 102240143 15323985   20.74902   38  165          -   19.33142      -  63.8 47500s
 102252977 15324654   20.34921   41  213          -   19.33164      -  63.8 47505s
 102264799 15325237   20.88189   45  170          -   19.33187      -  63.8 47510s
 102272306 15325631   21.17842   30  166          -   19.33201      -  63.8 47515s
 102284670 15326292   21.00000   43   26          -   19.33225      -  63.8 47520s
 102296439 15326879   20.38998   38  150          -   19.33247      -  63.8 47525s
 102308729 15327582   20.29666   37  204          -   19.33273      -  63.8 47530s
 102320944 15328238   20.56821   30  148          -   19.33303      -  63.8 47535s
 102333468 15328785     cutoff   39               -   19.33333      -  63.8 47540s
 102344563 15328992   20.00000   59   94          -   19.33333      -  63.8 47545s
 102356679 15329273   20.56739   41  149          -   19.33333      -  63.8 47550s
 102368967 15329346   21.37482   42  180          -   19.33333      -  63.8 47555s
 102380561 15329550   20.44593   42  155          -   19.33333      -  63.8 47560s
 102393087 15329769     cutoff   36               -   19.33333      -  63.8 47565s
 102405423 15329960   21.31210   38  183          -   19.33333      -  63.8 47570s
 102416961 15329998     cutoff   43               -   19.33333      -  63.8 47575s
 102429039 15330023   21.03139   43  177          -   19.33333      -  63.8 47580s
 102439772 15329992   21.57143   44   58          -   19.33333      -  63.8 47585s
 102439932 15330052   21.44930   48  202          -   19.33333      -  63.8 47590s
 102440944 15330146   20.34152   38  189          -   19.33333      -  63.8 47595s
 102442567 15330162   20.31829   38  147          -   19.33333      -  63.8 47600s
 102450934 15330085   20.70572   41  136          -   19.33333      -  63.8 47605s
 102460963 15330090   19.79620   37  171          -   19.33333      -  63.8 47610s
 102472786 15330174     cutoff   40               -   19.33333      -  63.8 47615s
 102483996 15330017 infeasible   42               -   19.33333      -  63.8 47620s
 102495354 15329917     cutoff   43               -   19.33333      -  63.8 47625s
 102506504 15329905   21.48734   45  170          -   19.33333      -  63.8 47630s
 102517506 15329808   21.00000   41   10          -   19.33333      -  63.8 47635s
 102529395 15329842 infeasible   38               -   19.33333      -  63.8 47640s
 102540957 15329897   21.47450   34  189          -   19.33333      -  63.8 47645s
 102552262 15329764   20.00000   38    8          -   19.33333      -  63.8 47650s
 102564096 15329752 infeasible   42               -   19.33333      -  63.8 47655s
 102576572 15329586 infeasible   51               -   19.33333      -  63.8 47660s
 102587612 15329411 infeasible   38               -   19.33333      -  63.8 47665s
 102599293 15329211     cutoff   46               -   19.33333      -  63.8 47670s
 102609811 15329049   19.71943   34  180          -   19.33333      -  63.8 47675s
 102621975 15329049   21.02822   34  176          -   19.33333      -  63.8 47680s
 102633543 15329035     cutoff   50               -   19.33333      -  63.8 47685s
 102644302 15329081     cutoff   40               -   19.33333      -  63.8 47690s
 102655725 15328875   22.35692   44  153          -   19.33333      -  63.8 47695s
 102667449 15328750   21.25000   44   57          -   19.33333      -  63.8 47700s
 102677621 15328554   20.20457   45  192          -   19.33333      -  63.8 47705s
 102689215 15328276   19.37143   47   84          -   19.33333      -  63.8 47710s
 102700178 15328146   21.25000   52   81          -   19.33333      -  63.8 47715s
 102711362 15327745 infeasible   40               -   19.33333      -  63.8 47720s
 102722142 15327463   20.47710   38  175          -   19.33333      -  63.8 47725s
 102732713 15327070   19.54311   40  153          -   19.33333      -  63.8 47730s
 102744066 15326931   20.60331   37  152          -   19.33333      -  63.8 47735s
 102755595 15326841   21.23373   48  134          -   19.33333      -  63.8 47740s
 102766497 15326664 infeasible   36               -   19.33333      -  63.8 47745s
 102777335 15326448   20.20185   38  161          -   19.33333      -  63.8 47750s
 102788440 15326350     cutoff   44               -   19.33333      -  63.8 47755s
 102799586 15326241     cutoff   48               -   19.33333      -  63.8 47760s
 102807741 15326143 infeasible   42               -   19.33333      -  63.8 47765s
 102817332 15326138 infeasible   39               -   19.33333      -  63.8 47770s
 102828184 15326029   19.76389   45  138          -   19.33333      -  63.8 47775s
 102839661 15325795   21.46988   44  142          -   19.33333      -  63.8 47780s
 102850783 15325772   20.19629   59  187          -   19.33333      -  63.8 47785s
 102861652 15325727   21.29007   45  181          -   19.33333      -  63.8 47790s
 102873229 15325595     cutoff   41               -   19.33333      -  63.8 47795s
 102884639 15325475 infeasible   43               -   19.33333      -  63.8 47800s
 102895018 15325284     cutoff   36               -   19.33333      -  63.8 47805s
 102906018 15325170     cutoff   43               -   19.33333      -  63.8 47810s
 102917144 15324811   21.62232   35  130          -   19.33333      -  63.8 47815s
 102928523 15324846   20.86004   41  168          -   19.33333      -  63.8 47820s
 102939915 15324744 infeasible   39               -   19.33333      -  63.8 47825s
 102950504 15324630   21.23536   52  167          -   19.33333      -  63.8 47830s
 102961750 15324532     cutoff   53               -   19.33333      -  63.8 47835s
 102974307 15324565   19.97436   44  144          -   19.33333      -  63.8 47840s
 102985691 15324526     cutoff   48               -   19.33333      -  63.8 47845s
 102996781 15324558     cutoff   46               -   19.33333      -  63.8 47850s
 103009123 15324514   21.26087   39  108          -   19.33333      -  63.8 47855s
 103020782 15324664   21.20447   50  155          -   19.33333      -  63.8 47860s
 103032405 15324844   19.93419   33  175          -   19.33333      -  63.8 47865s
 103044447 15325033   19.89717   43  204          -   19.33333      -  63.8 47870s
 103056437 15325276   19.46147   44  197          -   19.33342      -  63.8 47875s
 103068477 15325943   19.57864   38  233          -   19.33377      -  63.8 47880s
 103080726 15326480   19.89069   44  140          -   19.33406      -  63.8 47885s
 103092365 15327076   20.74319   42  213          -   19.33433      -  63.8 47890s
 103105088 15327716   20.56587   36  181          -   19.33459      -  63.8 47895s
 103117538 15328252     cutoff   45               -   19.33484      -  63.8 47900s
 103129619 15328902   20.55235   40  191          -   19.33506      -  63.8 47905s
 103142137 15329438   21.50000   55   25          -   19.33529      -  63.8 47910s
 103155150 15330024     cutoff   49               -   19.33553      -  63.8 47915s
 103167243 15330520   20.61708   39  221          -   19.33577      -  63.8 47920s
 103178983 15330955   20.68840   37  211          -   19.33596      -  63.8 47925s
 103191602 15331605   19.69161   35  223          -   19.33619      -  63.8 47930s
 103203539 15332117   20.38967   41  195          -   19.33640      -  63.8 47935s
 103210679 15332491   19.99826   42  201          -   19.33651      -  63.8 47940s
 103222336 15332995   21.71978   46  184          -   19.33671      -  63.8 47945s
 103234715 15333432   20.94688   38  186          -   19.33693      -  63.8 47950s
 103246764 15334041   19.93648   43  232          -   19.33713      -  63.8 47955s
 103258284 15334464   20.73637   43  181          -   19.33735      -  63.8 47960s
 103270618 15335120   20.50000   40  138          -   19.33753      -  63.8 47965s
 103282937 15335739   20.63423   38  199          -   19.33772      -  63.8 47970s
 103295397 15336325   21.01500   53  161          -   19.33793      -  63.8 47975s
 103307589 15336725   20.90698   39  137          -   19.33816      -  63.8 47980s
 103320024 15337228   20.55750   36  208          -   19.33836      -  63.8 47985s
 103332417 15337713   20.81452   35  149          -   19.33857      -  63.8 47990s
 103344655 15338286   20.17134   47  216          -   19.33872      -  63.8 47995s
 103356738 15338907   19.89174   41  155          -   19.33894      -  63.8 48000s
 103368702 15339402   20.03950   42  211          -   19.33912      -  63.8 48005s
 103381516 15339813   19.85411   53  185          -   19.33929      -  63.8 48010s
 103393130 15340366   20.00000   37    7          -   19.33949      -  63.8 48015s
 103405302 15340900   19.83222   37  174          -   19.33968      -  63.8 48020s
 103417105 15341328   20.57378   36  184          -   19.33989      -  63.8 48025s
 103424957 15341664   19.63431   38  191          -   19.34000      -  63.8 48030s
 103436802 15342072     cutoff   41               -   19.34020      -  63.8 48035s
 103448377 15342573   19.75486   35  231          -   19.34043      -  63.8 48040s
 103460571 15343084   19.65098   51  164          -   19.34061      -  63.8 48045s
 103472401 15343575   20.05903   33  222          -   19.34087      -  63.8 48050s
 103483977 15343979   19.82886   37  214          -   19.34092      -  63.8 48055s
 103497060 15344622   19.83632   45  173          -   19.34118      -  63.8 48060s
 103508726 15345244   20.14780   38  191          -   19.34140      -  63.8 48065s
 103520899 15345636   20.80455   48  191          -   19.34154      -  63.8 48070s
 103533230 15346235   20.02641   41  158          -   19.34177      -  63.8 48075s
 103545879 15346700   20.78527   40  158          -   19.34197      -  63.8 48080s
 103558071 15347090   20.10549   41  170          -   19.34211      -  63.8 48085s
 103569831 15347625   20.68919   44  157          -   19.34227      -  63.8 48090s
 103581325 15348169   20.50147   46  173          -   19.34247      -  63.8 48095s
 103593243 15348719   19.81310   34  186          -   19.34270      -  63.8 48100s
 103605686 15349136   20.22542   36  158          -   19.34286      -  63.8 48105s
 103618157 15349568   21.15572   45  177          -   19.34302      -  63.8 48110s
 103629375 15350059   21.78209   37  156          -   19.34324      -  63.8 48116s
 103636517 15350368 infeasible   48               -   19.34337      -  63.8 48120s
 103648339 15350886   20.28959   36  170          -   19.34360      -  63.8 48125s
 103661252 15351377   19.57823   45  186          -   19.34375      -  63.8 48130s
 103672005 15351674   20.29941   33  200          -   19.34378      -  63.8 48135s
 103684337 15352257     cutoff   37               -   19.34400      -  63.8 48140s
 103697012 15352828   21.55390   36  195          -   19.34424      -  63.8 48145s
 103708130 15353305   19.62810   39  125          -   19.34442      -  63.8 48150s
 103720563 15353874   21.21363   41  157          -   19.34461      -  63.8 48155s
 103731851 15354348   21.75000   44   39          -   19.34483      -  63.8 48160s
 103744508 15354704   20.20587   41  189          -   19.34489      -  63.8 48165s
 103756543 15355308   20.55968   42  209          -   19.34513      -  63.8 48170s
 103768233 15355817   19.76693   41  209          -   19.34535      -  63.8 48175s
 103780936 15356313     cutoff   44               -   19.34555      -  63.8 48180s
 103793430 15356868   21.48325   35  183          -   19.34577      -  63.8 48185s
 103806039 15357438   20.28574   35  208          -   19.34599      -  63.8 48190s
 103818553 15357898   20.46780   43  149          -   19.34615      -  63.8 48195s
 103831204 15358157   20.08239   46  198          -   19.34615      -  63.8 48200s
 103837894 15358344   20.00000   45   11          -   19.34615      -  63.8 48205s
 103849854 15358943   20.90519   47  193          -   19.34642      -  63.8 48210s
 103863130 15359571     cutoff   49               -   19.34667      -  63.8 48215s
 103874968 15360229   20.96117   36  162          -   19.34686      -  63.8 48220s
 103887328 15360688   20.63636   42  114          -   19.34706      -  63.8 48225s
 103898821 15361065   20.12307   44  216          -   19.34724      -  63.8 48230s
 103911892 15361779   21.00000   40  121          -   19.34746      -  63.8 48235s
 103923205 15362235   20.60850   31  174          -   19.34767      -  63.8 48240s
 103936315 15362731   19.94479   39  182          -   19.34783      -  63.8 48245s
 103947722 15362972   20.23865   38  188          -   19.34783      -  63.8 48250s
 103959550 15363466   20.10377   40  209          -   19.34803      -  63.8 48255s
 103972137 15363975   20.57355   40  216          -   19.34830      -  63.8 48260s
 103984084 15364385     cutoff   40               -   19.34848      -  63.8 48265s
 103996159 15365033   20.30663   38  126          -   19.34870      -  63.8 48270s
 104008504 15365544   19.63831   34  160          -   19.34884      -  63.9 48275s
 104021768 15366227   20.33168   44  224          -   19.34906      -  63.9 48280s
 104033515 15366634   20.80377   32  217          -   19.34929      -  63.9 48285s
 104039987 15366893   21.41609   56  202          -   19.34940      -  63.9 48290s
 104052267 15367307   19.83871   37  149          -   19.34962      -  63.9 48295s
 104064002 15367897   19.47698   40  165          -   19.34988      -  63.9 48300s
 104075917 15368301   21.47414   40  206          -   19.35000      -  63.9 48305s
 104087061 15368504 infeasible   41               -   19.35000      -  63.9 48310s
 104097705 15368651   20.80000   43   86          -   19.35000      -  63.9 48315s
 104110636 15369055   20.01323   41  176          -   19.35013      -  63.9 48320s
 104122967 15369600   20.97648   34  202          -   19.35039      -  63.9 48325s
 104135100 15370055   19.93944   41  178          -   19.35059      -  63.9 48330s
 104146373 15370561   20.00317   41  123          -   19.35079      -  63.9 48335s
 104158555 15371059   20.29962   40  211          -   19.35099      -  63.9 48340s
 104171011 15371704   21.26199   36  184          -   19.35119      -  63.9 48345s
 104183108 15372166 infeasible   44               -   19.35135      -  63.9 48350s
 104194501 15372718   20.33434   38  179          -   19.35155      -  63.9 48355s
 104207523 15373369   19.61873   37  223          -   19.35176      -  63.9 48360s
 104218933 15373798   21.60296   39  196          -   19.35191      -  63.9 48365s
 104231885 15374394   21.70929   36  167          -   19.35211      -  63.9 48370s
 104244066 15374986   20.57089   36  150          -   19.35233      -  63.9 48375s
 104251248 15375298   20.16385   35  185          -   19.35246      -  63.9 48380s
 104263418 15376055   19.93973   42  220          -   19.35268      -  63.9 48385s
 104274422 15376657   19.95780   34  161          -   19.35292      -  63.9 48390s
 104287189 15376893   22.18651   45  174          -   19.35294      -  63.9 48395s
 104298712 15377091   20.48671   48  208          -   19.35294      -  63.9 48400s
 104310427 15377336   19.92527   36  212          -   19.35294      -  63.9 48405s
 104322806 15377960   20.14529   31  178          -   19.35317      -  63.9 48410s
 104335071 15378641   20.30135   40  196          -   19.35338      -  63.9 48415s
 104348050 15379228   20.65944   44  183          -   19.35361      -  63.9 48420s
 104360425 15379805   21.24349   37  182          -   19.35382      -  63.9 48425s
 104372306 15380267   20.08771   46  231          -   19.35403      -  63.9 48430s
 104384273 15380783     cutoff   47               -   19.35417      -  63.9 48435s
 104397118 15381382   20.76117   37  199          -   19.35437      -  63.9 48440s
 104409288 15382011   21.37972   47  177          -   19.35457      -  63.9 48445s
 104421131 15382545   20.06389   41  176          -   19.35480      -  63.9 48450s
 104432453 15382894   19.66667   41  121          -   19.35484      -  63.9 48455s
 104443441 15383422   20.60409   37  221          -   19.35502      -  63.9 48461s
 104452499 15383832   20.88573   45  209          -   19.35518      -  63.9 48465s
 104464525 15384341   20.78571   38  122          -   19.35537      -  63.9 48470s
 104476916 15384784   20.16272   45  140          -   19.35556      -  63.9 48475s
 104488199 15385366   21.10567   35  183          -   19.35574      -  63.9 48480s
 104500292 15385808     cutoff   50               -   19.35593      -  63.9 48485s
 104512885 15386313   21.32672   39  191          -   19.35616      -  63.9 48490s
 104525200 15386906   21.52661   37  209          -   19.35638      -  63.9 48495s
 104537245 15387486   20.55670   31  183          -   19.35662      -  63.9 48500s
 104550509 15388120   20.80482   36  171          -   19.35686      -  63.9 48505s
 104562095 15388586   20.65234   38  193          -   19.35714      -  63.9 48510s
 104574733 15388837   21.31953   41  162          -   19.35714      -  63.9 48515s
 104586522 15388986   20.30366   38  216          -   19.35714      -  63.9 48520s
 104598343 15389055   21.50000   50   25          -   19.35714      -  63.9 48525s
 104610076 15389259   20.43582   39  193          -   19.35714      -  63.9 48530s
 104620864 15389391   19.67981   45  166          -   19.35714      -  63.9 48535s
 104634119 15389702     cutoff   43               -   19.35714      -  63.9 48540s
 104645925 15390357   19.88934   42  234          -   19.35739      -  63.9 48545s
 104657768 15390973   20.03196   41  175          -   19.35762      -  63.9 48550s
 104666084 15391329   20.75352   44  188          -   19.35776      -  63.9 48555s
 104676706 15391842   19.99877   44  126          -   19.35795      -  63.9 48560s
 104688207 15392301   20.07524   41  221          -   19.35816      -  63.9 48565s
 104700803 15392825   20.72442   37  168          -   19.35834      -  63.9 48570s
 104712641 15393228   20.83962   43  240          -   19.35851      -  63.9 48575s
 104724313 15393647   20.19628   36  219          -   19.35872      -  63.9 48580s
 104736306 15394179   20.15532   42  199          -   19.35897      -  63.9 48585s
 104748305 15394590     cutoff   46               -   19.35909      -  63.9 48590s
 104759441 15395078   20.10870   38  199          -   19.35934      -  63.9 48595s
 104772851 15395797   20.46191   34  205          -   19.35950      -  63.9 48600s
 104784948 15396323   20.98580   44  175          -   19.35970      -  63.9 48605s
 104797158 15396970   19.82468   42  224          -   19.35990      -  63.9 48610s
 104809037 15397242   21.18564   38  170          -   19.36000      -  63.9 48615s
 104820940 15397555   21.18557   41  202          -   19.36010      -  63.9 48620s
 104833429 15398106   21.22139   48  153          -   19.36032      -  63.9 48625s
 104845216 15398659   19.58388   55  207          -   19.36053      -  63.9 48630s
 104857508 15399047     cutoff   44               -   19.36075      -  63.9 48635s
 104869083 15399582   20.21599   40  219          -   19.36095      -  63.9 48640s
 104876555 15399848   21.82272   40  192          -   19.36111      -  63.9 48645s
 104888046 15400187   20.02608   36  171          -   19.36111      -  63.9 48650s
 104900128 15400693   20.23593   39  217          -   19.36139      -  63.9 48655s
 104911990 15401105   20.04167   36  202          -   19.36158      -  63.9 48660s
 104924073 15401594   20.07377   46  208          -   19.36175      -  63.9 48665s
 104936286 15402350     cutoff   43               -   19.36197      -  63.9 48670s
 104948633 15402792   19.50000   43   22          -   19.36213      -  63.9 48675s
 104961402 15403376   20.48807   43  225          -   19.36235      -  63.9 48680s
 104972841 15403848   19.75434   39  185          -   19.36255      -  63.9 48685s
 104985191 15404462   19.47798   44  191          -   19.36277      -  63.9 48690s
 104997747 15405042 infeasible   52               -   19.36296      -  63.9 48695s
 105010054 15405553   20.50468   42  227          -   19.36321      -  63.9 48700s
 105021305 15406126   20.34982   51  185          -   19.36346      -  63.9 48705s
 105033296 15406492   20.38258   32  174          -   19.36364      -  63.9 48710s
 105046305 15406800   20.28887   44  189          -   19.36364      -  63.9 48715s
 105058157 15406913     cutoff   42               -   19.36364      -  63.9 48720s
 105069797 15407124   21.00000   50    8          -   19.36364      -  63.9 48725s
 105081029 15407225     cutoff   42               -   19.36364      -  63.9 48730s
 105088499 15407371   21.74609   45  152          -   19.36364      -  63.9 48735s
 105093703 15407430   20.51747   59  183          -   19.36364      -  63.9 48740s
 105104940 15407746   19.93425   37  132          -   19.36364      -  63.9 48745s
 105116649 15408231   20.44787   47  228          -   19.36395      -  63.9 48750s
 105129318 15408776   21.69643   54  140          -   19.36421      -  63.9 48755s
 105141381 15409250   20.35838   41  218          -   19.36441      -  63.9 48760s
 105153725 15409691   19.99078   40  188          -   19.36458      -  63.9 48765s
 105165891 15410238   20.22337   39  216          -   19.36479      -  63.9 48770s
 105177705 15410796   19.74177   35  174          -   19.36500      -  63.9 48775s
 105190480 15411336   20.15516   38  184          -   19.36517      -  63.9 48780s
 105201898 15411876   19.95176   50  162          -   19.36538      -  63.9 48785s
 105214423 15412391   20.14630   45  251          -   19.36555      -  63.9 48790s
 105226101 15412858   19.59612   44  199          -   19.36578      -  63.9 48795s
 105238728 15413373   19.93937   43  237          -   19.36593      -  63.9 48800s
 105250089 15413975   20.83465   40  208          -   19.36616      -  63.9 48805s
 105262507 15414530   21.00000   43    7          -   19.36635      -  63.9 48810s
 105274873 15415183   21.24129   38  163          -   19.36658      -  63.9 48815s
 105286663 15415368   19.59167   38  220          -   19.36667      -  63.9 48820s
 105298778 15415867   20.58442   40  135          -   19.36676      -  63.9 48825s
 105304627 15416081   19.64109   48  172          -   19.36686      -  63.9 48830s
 105317019 15416606   21.21582   35  165          -   19.36709      -  63.9 48835s
 105329107 15417120   20.01983   41  223          -   19.36733      -  63.9 48840s
 105340795 15417633   21.11111   35  133          -   19.36750      -  63.9 48845s
 105352729 15418045   20.52778   39  195          -   19.36766      -  63.9 48850s
 105364851 15418703   19.87266   40  221          -   19.36790      -  63.9 48855s
 105376036 15419136   20.25337   38  189          -   19.36809      -  63.9 48860s
 105388136 15419775   20.97615   39  138          -   19.36832      -  63.9 48865s
 105400213 15420114   19.73055   37  194          -   19.36842      -  63.9 48870s
 105411967 15420316     cutoff   51               -   19.36842      -  63.9 48875s
 105423432 15420620   20.00000   46   38          -   19.36846      -  63.9 48880s
 105435398 15421224   20.19780   39  229          -   19.36872      -  63.9 48885s
 105447247 15421738   21.91513   41  172          -   19.36893      -  63.9 48890s
 105458513 15422233   21.24033   37  205          -   19.36913      -  63.9 48895s
 105470634 15422678   21.54873   41  139          -   19.36933      -  63.9 48900s
 105482106 15423175   21.82364   40  189          -   19.36956      -  63.9 48905s
 105494009 15423526   21.34083   40  193          -   19.36968      -  63.9 48910s
 105506473 15424115   21.14646   49  194          -   19.36986      -  63.9 48915s
 105513035 15424459   19.44595   39  151          -   19.37000      -  63.9 48920s
 105524805 15425042     cutoff   45               -   19.37019      -  63.9 48925s
 105536073 15425575   20.28832   46  207          -   19.37037      -  63.9 48930s
 105547041 15425734   20.96995   36  176          -   19.37037      -  63.9 48935s
 105547147 15425822   20.88550   35  127          -   19.37045      -  63.9 48940s
 105547272 15425921   19.86698   38  225          -   19.37053      -  63.9 48945s
 105550741 15426132     cutoff   41               -   19.37060      -  63.9 48950s
 105562701 15426545     cutoff   38               -   19.37083      -  63.9 48955s
 105575517 15427049   20.14105   44  211          -   19.37100      -  63.9 48960s
 105587261 15427535   20.01726   39  226          -   19.37123      -  63.9 48965s
 105599457 15427975   20.50000   43   27          -   19.37143      -  63.9 48970s
 105611572 15428410   21.37649   46  229          -   19.37156      -  63.9 48975s
 105622603 15428949   21.64669   48  185          -   19.37176      -  63.9 48980s
 105635151 15429492   20.07143   40   99          -   19.37195      -  63.9 48985s
 105646898 15430035   20.60329   42  126          -   19.37209      -  63.9 48990s
 105659308 15430681   19.73050   31  177          -   19.37231      -  63.9 48995s
 105670607 15431146   19.79890   34  175          -   19.37250      -  63.9 49000s
 105682624 15431638 infeasible   39               -   19.37267      -  63.9 49005s
 105694804 15432120     cutoff   42               -   19.37288      -  63.9 49010s
 105705803 15432549   20.46721   37  214          -   19.37307      -  63.9 49017s
 105713370 15432833   19.76330   47  173          -   19.37318      -  63.9 49020s
 105725713 15433280   20.41807   37  211          -   19.37340      -  63.9 49025s
 105737128 15433780   19.68392   31  200          -   19.37359      -  63.9 49030s
 105748902 15434275   20.02573   39  226          -   19.37380      -  63.9 49035s
 105760135 15434738   20.72155   38  166          -   19.37399      -  63.9 49040s
 105771902 15435325   20.57421   37  212          -   19.37419      -  63.9 49045s
 105784288 15435912   20.26351   37  207          -   19.37442      -  63.9 49050s
 105796577 15436462   21.82877   35  190          -   19.37469      -  63.9 49055s
 105808350 15436871 infeasible   47               -   19.37499      -  63.9 49060s
 105820110 15437090   20.66121   44  165          -   19.37500      -  63.9 49065s
 105831184 15437317   20.74444   35  161          -   19.37500      -  63.9 49070s
 105842307 15437576   20.09091   37  104          -   19.37500      -  63.9 49075s
 105853576 15437679   21.74095   38  226          -   19.37500      -  63.9 49080s
 105865055 15437839   20.67111   38  129          -   19.37500      -  63.9 49085s
 105876262 15437933   20.57895   52  102          -   19.37500      -  63.9 49090s
 105887600 15438004   21.40707   40  166          -   19.37500      -  63.9 49095s
 105899635 15438095   20.97932   36  209          -   19.37500      -  63.9 49100s
 105910149 15438099   19.88351   40  149          -   19.37500      -  63.9 49105s
 105921631 15438059   21.81270   36  192          -   19.37500      -  63.9 49110s
 105933375 15438054   20.46655   42  166          -   19.37500      -  63.9 49115s
 105943447 15437998   20.41016   38  122          -   19.37500      -  63.9 49120s
 105954395 15437987   19.78525   35  152          -   19.37500      -  63.9 49125s
 105966686 15437946   19.98417   47  169          -   19.37500      -  63.9 49130s
 105978052 15437987     cutoff   52               -   19.37500      -  63.9 49135s
 105989925 15438140   20.32809   42  236          -   19.37500      -  63.9 49140s
 106002199 15438344   20.99166   38  176          -   19.37500      -  63.9 49145s
 106010928 15438539   20.31849   43  222          -   19.37500      -  63.9 49151s
 106020136 15438746   19.74334   35  173          -   19.37500      -  63.9 49155s
 106033012 15439267   20.37785   48  188          -   19.37522      -  63.9 49160s
 106045037 15439825   20.44301   39  214          -   19.37546      -  63.9 49165s
 106056123 15440301   20.89181   34  196          -   19.37570      -  63.9 49170s
 106068203 15440817   19.57069   33  167          -   19.37593      -  63.9 49175s
 106079725 15441311   20.97506   44  174          -   19.37614      -  63.9 49180s
 106091064 15441739   20.77973   41  190          -   19.37634      -  63.9 49185s
 106103988 15442237   21.02078   40  239          -   19.37657      -  63.9 49190s
 106116645 15442847   20.07754   31  152          -   19.37681      -  63.9 49195s
 106128028 15443349   20.37089   38  187          -   19.37698      -  63.9 49200s
 106139999 15443832   21.94872   45  122          -   19.37719      -  63.9 49205s
 106151765 15444337 infeasible   38               -   19.37736      -  63.9 49210s
 106163886 15444894   19.94525   50  210          -   19.37755      -  63.9 49215s
 106175705 15445310   19.99971   30  193          -   19.37778      -  63.9 49220s
 106186848 15445753   20.99426   40  186          -   19.37793      -  63.9 49225s
 106198518 15446201   20.84174   38  204          -   19.37811      -  63.9 49230s
 106210613 15446708   21.33839   41  224          -   19.37835      -  63.9 49235s
 106221959 15446959   20.80344   55  207          -   19.37844      -  63.9 49240s
 106227710 15447272   19.94901   37  207          -   19.37857      -  63.9 49245s
 106240059 15447779   19.86105   49  208          -   19.37879      -  63.9 49250s
 106252051 15448308   21.21492   50  201          -   19.37895      -  63.9 49255s
 106263133 15448769     cutoff   51               -   19.37917      -  63.9 49260s
 106274621 15449064 infeasible   34               -   19.37931      -  63.9 49265s
 106286341 15449457   20.65237   49  227          -   19.37939      -  63.9 49270s
 106298538 15450006   21.19767   44  195          -   19.37963      -  63.9 49275s
 106310061 15450469   20.67822   33  251          -   19.37983      -  63.9 49280s
 106321946 15450915     cutoff   41               -   19.38000      -  63.9 49285s
 106333729 15451412   21.23291   37  157          -   19.38017      -  63.9 49290s
 106345765 15451910   20.86711   44  207          -   19.38036      -  63.9 49295s
 106357241 15452419   20.97511   52  197          -   19.38055      -  63.9 49300s
 106368989 15452872     cutoff   35               -   19.38075      -  63.9 49305s
 106381119 15453443   21.50000   42   24          -   19.38095      -  63.9 49310s
 106392714 15453594   19.90336   40  114          -   19.38095      -  63.9 49315s
 106404162 15453803   19.57756   35  163          -   19.38100      -  63.9 49320s
 106416002 15454223   21.00783   44  169          -   19.38122      -  63.9 49325s
 106427192 15454754   21.42363   46  181          -   19.38144      -  63.9 49330s
 106439118 15455174   20.84220   37  230          -   19.38164      -  63.9 49335s
 106445572 15455389   19.56383   56  195          -   19.38177      -  63.9 49340s
 106458068 15455850   20.61734   42  163          -   19.38194      -  63.9 49345s
 106470103 15456426   20.38698   36  226          -   19.38214      -  63.9 49350s
 106482053 15456860   19.99000   34  162          -   19.38235      -  63.9 49355s
 106494517 15457225   20.47864   41  204          -   19.38235      -  63.9 49360s
 106506222 15457701     cutoff   49               -   19.38258      -  63.9 49365s
 106518021 15458255   20.57286   33  172          -   19.38280      -  63.9 49370s
 106530116 15458700   21.18523   39  154          -   19.38298      -  63.9 49375s
 106542056 15459204   20.50946   36  162          -   19.38318      -  63.9 49380s
 106554031 15459566   19.90800   36  163          -   19.38333      -  63.9 49385s
 106565281 15460050   20.37213   37  173          -   19.38356      -  63.9 49390s
 106577271 15460575     cutoff   45               -   19.38372      -  63.9 49395s
 106589391 15461084   21.68281   38  200          -   19.38393      -  63.9 49400s
 106600944 15461547   19.67430   36  188          -   19.38415      -  63.9 49405s
 106612586 15462098   20.71833   35  180          -   19.38439      -  64.0 49410s
 106623869 15462586   20.23690   44  147          -   19.38462      -  64.0 49415s
 106636096 15462745   20.70037   43  180          -   19.38462      -  64.0 49420s
 106647984 15462981   20.78837   39  183          -   19.38462      -  64.0 49425s
 106658725 15463066   20.38587   43  198          -   19.38462      -  64.0 49430s
 106670645 15463175   20.39628   36  217          -   19.38462      -  64.0 49435s
 106677338 15463323   20.16822   43  142          -   19.38462      -  64.0 49440s
 106688940 15463728   20.86408   38  163          -   19.38479      -  64.0 49445s
 106700208 15464201   21.32917   52  206          -   19.38503      -  64.0 49450s
 106711538 15464667   20.98056   40  186          -   19.38525      -  64.0 49455s
 106723264 15465142   20.88604   40  157          -   19.38542      -  64.0 49460s
 106735813 15465542   20.13843   35  214          -   19.38564      -  64.0 49465s
 106747675 15466010     cutoff   38               -   19.38583      -  64.0 49470s
 106759878 15466660   19.62105   36  235          -   19.38600      -  64.0 49475s
 106771183 15467119   20.34951   45  168          -   19.38621      -  64.0 49480s
 106784172 15467657   20.12338   35  202          -   19.38636      -  64.0 49485s
 106796675 15468201   19.61249   34  203          -   19.38655      -  64.0 49490s
 106809178 15468786     cutoff   46               -   19.38677      -  64.0 49495s
 106821063 15469244   21.70126   37  205          -   19.38697      -  64.0 49500s
 106833210 15469628     cutoff   43               -   19.38710      -  64.0 49505s
 106844321 15469991   19.54588   41  204          -   19.38726      -  64.0 49510s
 106856174 15470524   19.76055   55  183          -   19.38749      -  64.0 49515s
 106869357 15471123   21.22585   34  165          -   19.38770      -  64.0 49520s
 106881356 15471530   20.82132   43  209          -   19.38789      -  64.0 49525s
 106888649 15471827   19.59686   36  188          -   19.38801      -  64.0 49530s
 106899662 15472281   20.03536   34  172          -   19.38820      -  64.0 49535s
 106912366 15472771   20.06061   37  101          -   19.38840      -  64.0 49540s
 106924072 15473274   20.64309   36  233          -   19.38863      -  64.0 49545s
 106936428 15473728   19.98359   43  145          -   19.38889      -  64.0 49550s
 106947963 15473860   21.36932   39  163          -   19.38889      -  64.0 49555s
 106959449 15474041   21.91726   38  178          -   19.38889      -  64.0 49560s
 106971072 15474138   21.16667   44   35          -   19.38889      -  64.0 49565s
 106982727 15474359   21.06347   38  178          -   19.38889      -  64.0 49570s
 106994398 15474733   20.67006   44  186          -   19.38913      -  64.0 49575s
 107006712 15475309   21.24759   42  186          -   19.38937      -  64.0 49580s
 107017902 15475742     cutoff   40               -   19.38957      -  64.0 49585s
 107030061 15476335   20.37559   35  165          -   19.38976      -  64.0 49590s
 107041640 15476778   20.63934   37  171          -   19.38995      -  64.0 49595s
 107053643 15477282   21.18328   48  183          -   19.39017      -  64.0 49600s
 107066011 15477754   20.27683   32  216          -   19.39034      -  64.0 49605s
 107077518 15478142   21.89883   48  201          -   19.39053      -  64.0 49610s
 107089227 15478539   19.90674   38  245          -   19.39073      -  64.0 49615s
 107101469 15479072   19.65943   42  242          -   19.39093      -  64.0 49620s
 107113242 15479581   20.22480   32  185          -   19.39117      -  64.0 49626s
 107121985 15479997   21.10434   42  171          -   19.39130      -  64.0 49630s
 107134358 15480236   22.12324   53  200          -   19.39130      -  64.0 49635s
 107145703 15480603   21.14712   38  150          -   19.39147      -  64.0 49640s
 107157952 15481099   19.80125   37  199          -   19.39171      -  64.0 49645s
 107170185 15481529   21.75000   47   53          -   19.39189      -  64.0 49650s
 107181943 15482118   19.98449   34  167          -   19.39212      -  64.0 49655s
 107194343 15482672   20.16528   46  220          -   19.39229      -  64.0 49660s
 107206680 15483236   21.62885   34  159          -   19.39252      -  64.0 49665s
 107217577 15483624     cutoff   47               -   19.39274      -  64.0 49670s
 107229689 15483956   21.54693   35  154          -   19.39286      -  64.0 49675s
 107241048 15484212   20.14913   45  143          -   19.39286      -  64.0 49680s
 107254034 15484646   19.96110   45  189          -   19.39305      -  64.0 49685s
 107265314 15485097   20.78913   34  214          -   19.39325      -  64.0 49690s
 107276981 15485468   20.26299   48  121          -   19.39344      -  64.0 49695s
 107289357 15486049   20.61384   38  196          -   19.39367      -  64.0 49700s
 107301588 15486598   19.98391   41  213          -   19.39388      -  64.0 49705s
 107313656 15486891   20.00000   44  148          -   19.39394      -  64.0 49710s
 107325606 15487435   20.36567   29  164          -   19.39414      -  64.0 49715s
 107336018 15487782   20.31498   37  203          -   19.39434      -  64.0 49721s
 107344314 15488075   20.01684   30  186          -   19.39448      -  64.0 49725s
 107355940 15488604   20.40079   38  181          -   19.39470      -  64.0 49730s
 107367769 15488818     cutoff   38               -   19.39474      -  64.0 49735s
 107379886 15489322   22.02463   45  185          -   19.39498      -  64.0 49740s
 107391616 15489786   19.54301   48  194          -   19.39520      -  64.0 49745s
 107403222 15490146   20.95269   44  151          -   19.39535      -  64.0 49750s
 107415121 15490631   19.93277   46  194          -   19.39553      -  64.0 49755s
 107426410 15491142   19.84252   40  227          -   19.39575      -  64.0 49760s
 107438106 15491415   20.70953   39  130          -   19.39583      -  64.0 49765s
 107450296 15491924     cutoff   45               -   19.39604      -  64.0 49770s
 107462473 15492416   20.38028   35  224          -   19.39623      -  64.0 49775s
 107473940 15492911   20.49370   46  180          -   19.39645      -  64.0 49780s
 107485122 15493188     cutoff   47               -   19.39659      -  64.0 49785s
 107496926 15493628   21.04500   42  185          -   19.39683      -  64.0 49790s
 107508693 15494027     cutoff   35               -   19.39698      -  64.0 49795s
 107519960 15494404   19.96428   39  194          -   19.39714      -  64.0 49800s
 107532341 15494971   21.07442   38  172          -   19.39735      -  64.0 49805s
 107544006 15495425   20.98569   33  199          -   19.39752      -  64.0 49810s
 107555935 15495972   20.98819   51  101          -   19.39772      -  64.0 49815s
 107563188 15496284   21.42153   40  176          -   19.39782      -  64.0 49820s
 107574583 15496753   20.91477   35  165          -   19.39801      -  64.0 49825s
 107587256 15497256   20.15227   38  206          -   19.39823      -  64.0 49830s
 107599282 15497767     cutoff   43               -   19.39844      -  64.0 49835s
 107610948 15498268   21.07657   45  185          -   19.39865      -  64.0 49840s
 107623131 15498721   20.35148   32  183          -   19.39885      -  64.0 49845s
 107634480 15499132   19.99361   39  204          -   19.39905      -  64.0 49850s
 107646822 15499693   22.01784   40  186          -   19.39929      -  64.0 49855s
 107659206 15500242   19.90133   37  178          -   19.39953      -  64.0 49860s
 107671364 15500928   20.07721   45  209          -   19.39978      -  64.0 49865s
 107683743 15501350   19.74408   34  168          -   19.40000      -  64.0 49870s
 107695482 15501431   20.82622   44  160          -   19.40000      -  64.0 49875s
 107707407 15501624   21.03313   38  154          -   19.40000      -  64.0 49880s
 107719745 15501793     cutoff   43               -   19.40000      -  64.0 49885s
 107731437 15501799     cutoff   38               -   19.40000      -  64.0 49890s
 107743628 15501727   19.90200   39  170          -   19.40000      -  64.0 49895s
 107754427 15501651   21.76953   41  134          -   19.40000      -  64.0 49900s
 107765861 15501602   21.88631   35  185          -   19.40000      -  64.0 49905s
 107776718 15501578   21.00000   33   75          -   19.40000      -  64.0 49910s
 107788530 15501542   21.75154   36  185          -   19.40000      -  64.0 49915s
 107801169 15501553   21.68578   43  182          -   19.40000      -  64.0 49920s
 107812160 15501478     cutoff   42               -   19.40000      -  64.0 49925s
 107823917 15501363     cutoff   54               -   19.40000      -  64.0 49930s
 107835011 15501428   20.33333   47   69          -   19.40000      -  64.0 49935s
 107847046 15501303   19.68519   44  125          -   19.40000      -  64.0 49940s
 107857024 15501138   19.75585   41  169          -   19.40000      -  64.0 49945s
 107868052 15500897     cutoff   40               -   19.40000      -  64.0 49950s
 107879741 15500845   21.38859   38  141          -   19.40000      -  64.0 49955s
 107891658 15500821   20.16667   41   71          -   19.40000      -  64.0 49960s
 107902491 15500744   20.33473   41  169          -   19.40000      -  64.0 49965s
 107914076 15500701   20.83418   43  198          -   19.40000      -  64.0 49970s
 107926077 15500715   20.05948   36  221          -   19.40000      -  64.0 49975s
 107931854 15500719   21.15319   37  205          -   19.40000      -  64.0 49980s
 107941952 15500588 infeasible   41               -   19.40000      -  64.0 49985s
 107953367 15500547   21.24545   44  116          -   19.40000      -  64.0 49990s
 107965170 15500591   20.50000   46   18          -   19.40000      -  64.0 49995s
 107976227 15500733   20.00000   38    9          -   19.40000      -  64.0 50000s
 107988497 15500867   19.97249   37  165          -   19.40000      -  64.0 50005s
 107999190 15500942     cutoff   38               -   19.40000      -  64.0 50010s
 108010634 15501326   21.34015   45  168          -   19.40023      -  64.0 50015s
 108022659 15501907   21.11209   42  227          -   19.40052      -  64.0 50020s
 108034159 15502402   21.55116   49  238          -   19.40076      -  64.0 50025s
 108041881 15502794   20.50000   37   17          -   19.40092      -  64.0 50030s
 108053433 15503327   20.51753   42  182          -   19.40114      -  64.0 50035s
 108065710 15503850   20.37972   39  201          -   19.40135      -  64.0 50040s
 108077274 15504355   20.98148   40  191          -   19.40153      -  64.0 50045s
 108088784 15504902   20.53208   46  210          -   19.40173      -  64.0 50050s
 108101295 15505357   21.73558   50  195          -   19.40194      -  64.0 50055s
 108113055 15505817 infeasible   43               -   19.40215      -  64.0 50060s
 108124381 15506111   21.04621   35  218          -   19.40234      -  64.0 50065s
 108135804 15506672   19.90971   41  222          -   19.40254      -  64.0 50070s
 108147565 15507070   20.84181   35  214          -   19.40277      -  64.0 50075s
 108158348 15507453   20.00000   46    8          -   19.40293      -  64.0 50080s
 108169512 15507895   20.78386   46  242          -   19.40313      -  64.0 50085s
 108181206 15508380   20.61065   52  184          -   19.40330      -  64.0 50090s
 108193919 15508954   21.27769   45  183          -   19.40351      -  64.0 50095s
 108200399 15509231   20.94748   42  221          -   19.40359      -  64.0 50100s
 108212684 15509789   20.88170   44  169          -   19.40385      -  64.0 50105s
 108224939 15510259   19.57282   35  163          -   19.40397      -  64.0 50110s
 108236598 15510768   20.19096   33  192          -   19.40422      -  64.0 50115s
 108248508 15511086   20.08248   37  166          -   19.40438      -  64.0 50120s
 108259862 15511614     cutoff   43               -   19.40458      -  64.0 50125s
 108271315 15512070   20.35278   46  182          -   19.40476      -  64.0 50130s
 108283544 15512430   20.02362   34  122          -   19.40488      -  64.0 50135s
 108295521 15513004   21.24218   42  172          -   19.40510      -  64.0 50140s
 108307258 15513487   19.50207   42  190          -   19.40533      -  64.0 50145s
 108319056 15513758   20.27443   41  200          -   19.40542      -  64.0 50150s
 108319174 15513863   20.02000   41  259          -   19.40550      -  64.0 50155s
 108319663 15513967   20.92442   44  205          -   19.40557      -  64.0 50160s
 108321242 15514094     cutoff   50               -   19.40562      -  64.0 50165s
 108326053 15514259 infeasible   45               -   19.40571      -  64.0 50170s
 108336492 15514686   20.58306   37  194          -   19.40587      -  64.0 50175s
 108348254 15515231   20.48085   42  161          -   19.40608      -  64.0 50180s
 108359461 15515596     cutoff   47               -   19.40625      -  64.0 50185s
 108371809 15515816   21.11683   37  180          -   19.40625      -  64.0 50190s
 108383630 15516248   21.26121   37  170          -   19.40650      -  64.0 50195s
 108395360 15516652   20.20655   38  161          -   19.40669      -  64.0 50200s
 108407363 15517081     cutoff   45               -   19.40689      -  64.0 50205s
 108415182 15517370 infeasible   37               -   19.40699      -  64.0 50210s
 108427124 15517896   19.88689   47  173          -   19.40723      -  64.0 50215s
 108439388 15518365     cutoff   36               -   19.40741      -  64.0 50220s
 108451518 15518517   19.77902   46  179          -   19.40743      -  64.0 50225s
 108464009 15519112   21.53131   34  203          -   19.40769      -  64.0 50230s
 108477168 15519568   19.59814   43  169          -   19.40789      -  64.0 50235s
 108489584 15520276   21.53925   35  183          -   19.40811      -  64.0 50240s
 108501905 15520649   21.35000   39  135          -   19.40830      -  64.0 50245s
 108514012 15521064   20.70000   44   72          -   19.40849      -  64.0 50250s
 108526720 15521553   19.81757   35  231          -   19.40870      -  64.0 50255s
 108538766 15522071     cutoff   50               -   19.40895      -  64.0 50260s
 108551020 15522463   21.03492   37  176          -   19.40909      -  64.0 50265s
 108562972 15522691   19.70755   48  171          -   19.40909      -  64.0 50270s
 108575086 15522775     cutoff   40               -   19.40909      -  64.0 50275s
 108586825 15523123   20.50000   41   19          -   19.40923      -  64.0 50280s
 108598458 15523514   19.66340   37  215          -   19.40947      -  64.0 50285s
 108610468 15524021   19.97618   43  157          -   19.40965      -  64.0 50290s
 108623228 15524551   20.87623   39  188          -   19.40984      -  64.0 50295s
 108635103 15525026   20.68519   41  166          -   19.41003      -  64.0 50300s
 108641674 15525327   19.74038   32  190          -   19.41014      -  64.0 50305s
 108654200 15525640   19.98258   38  224          -   19.41027      -  64.0 50310s
 108665476 15526157   20.18928   36  147          -   19.41050      -  64.0 50315s
 108677066 15526676     cutoff   40               -   19.41071      -  64.0 50320s
 108690009 15527280   21.06011   43  126          -   19.41089      -  64.0 50325s
 108701752 15527784   20.02126   33  189          -   19.41111      -  64.0 50330s
 108714421 15528268   19.74557   33  185          -   19.41128      -  64.0 50335s
 108726303 15528808   20.57778   42  172          -   19.41146      -  64.0 50340s
 108738534 15529348   20.01399   41  225          -   19.41171      -  64.0 50345s
 108750631 15529536   20.86191   50  142          -   19.41176      -  64.0 50350s
 108762153 15529632   22.50000   40   40          -   19.41176      -  64.0 50355s
 108773857 15529783   21.74052   41  149          -   19.41176      -  64.0 50360s
 108785766 15530215   21.21343   34  153          -   19.41193      -  64.0 50365s
 108798146 15530799   21.86304   41  212          -   19.41217      -  64.0 50370s
 108810224 15531310   20.92949   37  141          -   19.41237      -  64.0 50375s
 108822184 15531765   19.78434   37  175          -   19.41255      -  64.0 50380s
 108833534 15532132   20.55188   34  155          -   19.41273      -  64.0 50385s
 108844772 15532570   20.17925   36  205          -   19.41295      -  64.0 50390s
 108856576 15532795   20.50000   49   14          -   19.41304      -  64.0 50395s
 108867796 15533334   20.20244   37  178          -   19.41323      -  64.0 50401s
 108876576 15533653   20.65655   55  214          -   19.41339      -  64.0 50405s
 108888059 15534171   19.76719   35  166          -   19.41358      -  64.0 50410s
 108900020 15534552   20.98462   40  124          -   19.41379      -  64.0 50415s
 108911321 15534794 infeasible   52               -   19.41382      -  64.0 50420s
 108922551 15535256   21.18043   40  207          -   19.41405      -  64.0 50425s
 108934643 15535762   20.60828   38  141          -   19.41426      -  64.0 50430s
 108946952 15536300   20.83510   45  155          -   19.41446      -  64.0 50435s
 108958159 15536659   20.84209   42  169          -   19.41463      -  64.0 50440s
 108970396 15537189   20.21643   40  216          -   19.41480      -  64.0 50445s
 108982260 15537678   20.39172   34  162          -   19.41501      -  64.0 50450s
 108994442 15538016   20.18056   45  129          -   19.41523      -  64.0 50455s
 109006215 15538439   21.02880   38  161          -   19.41538      -  64.0 50460s
 109017395 15538817   20.39260   49  183          -   19.41561      -  64.0 50465s
 109029521 15539310 infeasible   50               -   19.41582      -  64.0 50470s
 109040498 15539751   20.80238   55  171          -   19.41604      -  64.0 50475s
 109052844 15540321 infeasible   40               -   19.41627      -  64.0 50480s
 109065177 15540763   21.67530   42  204          -   19.41653      -  64.0 50485s
 109077443 15541072 infeasible   48               -   19.41667      -  64.0 50490s
 109089675 15541188   20.70576   51  215          -   19.41667      -  64.0 50495s
 109101685 15541226     cutoff   44               -   19.41667      -  64.0 50500s
 109109581 15541238     cutoff   45               -   19.41667      -  64.0 50505s
 109120887 15541321   21.32236   45  156          -   19.41667      -  64.0 50510s
 109131776 15541427   21.24648   40  181          -   19.41667      -  64.0 50515s
 109143566 15541379   21.72566   42  196          -   19.41667      -  64.0 50520s
 109154784 15541423   19.90448   43  185          -   19.41667      -  64.0 50525s
 109166173 15541499   20.85056   41  194          -   19.41667      -  64.0 50530s
 109178410 15541730   19.81786   48  172          -   19.41667      -  64.1 50535s
 109190730 15542300   20.78531   37  179          -   19.41695      -  64.1 50540s
 109203068 15542809   20.04023   37  142          -   19.41719      -  64.1 50545s
 109214480 15543229   20.48046   39  230          -   19.41741      -  64.1 50550s
 109227210 15543724   19.64583   44  140          -   19.41763      -  64.1 50555s
 109238614 15544136   21.24584   38  195          -   19.41783      -  64.1 50560s
 109250813 15544553   21.12476   43  183          -   19.41805      -  64.1 50565s
 109262462 15544950   21.75159   48  175          -   19.41823      -  64.1 50570s
 109274838 15545355   19.50145   41  152          -   19.41845      -  64.1 50575s
 109286420 15545801     cutoff   40               -   19.41860      -  64.1 50580s
 109298344 15546224   20.60899   35  224          -   19.41880      -  64.1 50585s
 109310917 15546717   19.62607   40  170          -   19.41900      -  64.1 50590s
 109323496 15547352   20.85304   39  153          -   19.41925      -  64.1 50595s
 109335414 15547755   20.30371   42  177          -   19.41935      -  64.1 50600s
 109347814 15548306   21.53529   42  141          -   19.41953      -  64.1 50605s
 109355644 15548585   20.74979   44  189          -   19.41964      -  64.1 50610s
 109367355 15549040   20.05966   36  222          -   19.41987      -  64.1 50615s
 109378478 15549397   20.60072   41  168          -   19.42000      -  64.1 50620s
 109390555 15549909   19.92623   35  122          -   19.42020      -  64.1 50625s
 109402135 15550430   19.62603   36  214          -   19.42040      -  64.1 50630s
 109414287 15550864   19.90967   45  244          -   19.42060      -  64.1 50635s
 109426168 15551379   19.66565   36  220          -   19.42081      -  64.1 50640s
 109439165 15551949   21.30125   35  172          -   19.42105      -  64.1 50645s
 109449976 15552061     cutoff   38               -   19.42105      -  64.1 50650s
 109462392 15552295   21.29249   48  159          -   19.42105      -  64.1 50655s
 109474204 15552717   21.30000   37  122          -   19.42123      -  64.1 50660s
 109486035 15553190   21.33793   32  190          -   19.42146      -  64.1 50665s
 109497345 15553639 infeasible   45               -   19.42164      -  64.1 50670s
 109508843 15553993   20.25953   34  179          -   19.42183      -  64.1 50675s
 109520708 15554347   20.84126   40  169          -   19.42197      -  64.1 50680s
 109532717 15554861   21.32868   57  188          -   19.42217      -  64.1 50685s
 109543694 15555167   21.37559   52  171          -   19.42233      -  64.1 50690s
 109556134 15555690   20.26268   44  178          -   19.42254      -  64.1 50695s
 109566987 15556139   20.69059   34  159          -   19.42271      -  64.1 50700s
 109578756 15556651     cutoff   49               -   19.42291      -  64.1 50705s
 109584367 15556886   20.81272   32  199          -   19.42304      -  64.1 50710s
 109595091 15557184   21.88362   42  189          -   19.42308      -  64.1 50715s
 109607031 15557317   20.37917   39  193          -   19.42308      -  64.1 50720s
 109618770 15557724   20.11124   38  176          -   19.42323      -  64.1 50725s
 109630416 15558134   20.33537   47  208          -   19.42343      -  64.1 50730s
 109642666 15558594   20.59143   42  226          -   19.42363      -  64.1 50735s
 109654156 15559080   20.01802   33  185          -   19.42381      -  64.1 50740s
 109665667 15559563   19.75796   40  146          -   19.42400      -  64.1 50745s
 109677294 15559996   21.79125   44  173          -   19.42424      -  64.1 50750s
 109689348 15560206   20.91023   36  185          -   19.42427      -  64.1 50755s
 109700562 15560597   19.76391   39  203          -   19.42450      -  64.1 50760s
 109712647 15561053   20.71947   46  236          -   19.42469      -  64.1 50765s
 109723849 15561487   19.80644   38  182          -   19.42493      -  64.1 50770s
 109735253 15561722   19.77231   36  130          -   19.42500      -  64.1 50775s
 109747405 15562224   20.14006   51  201          -   19.42520      -  64.1 50780s
 109758405 15562709   21.34743   44  164          -   19.42537      -  64.1 50785s
 109770005 15562978   20.52432   47  177          -   19.42553      -  64.1 50790s
 109782237 15563501   20.34668   38  164          -   19.42574      -  64.1 50795s
 109793772 15563905     cutoff   43               -   19.42593      -  64.1 50800s
 109804480 15564329   20.25243   41  165          -   19.42609      -  64.1 50805s
 109816759 15564696   19.99419   37  236          -   19.42626      -  64.1 50810s
 109823427 15564905   19.60100   53  192          -   19.42639      -  64.1 50815s
 109835735 15565354   20.72943   34  188          -   19.42657      -  64.1 50820s
 109847820 15565859   20.19828   37  224          -   19.42678      -  64.1 50825s
 109859107 15566278   20.02384   38  200          -   19.42697      -  64.1 50830s
 109870839 15566770   20.55795   42  203          -   19.42714      -  64.1 50835s
 109882686 15567252   20.65042   51  148          -   19.42735      -  64.1 50840s
 109894993 15567761   19.65629   36  184          -   19.42757      -  64.1 50845s
 109906562 15568242 infeasible   41               -   19.42777      -  64.1 50850s
 109918108 15568781   20.45560   41  224          -   19.42799      -  64.1 50855s
 109929944 15569277   21.14597   38  163          -   19.42824      -  64.1 50860s
 109941649 15569803   19.62583   40  170          -   19.42855      -  64.1 50865s
 109954111 15569936   21.35986   43  184          -   19.42857      -  64.1 50870s
 109965987 15570049   19.93895   39  190          -   19.42857      -  64.1 50875s
 109977371 15570093   20.00000   45  169          -   19.42857      -  64.1 50880s
 109988794 15570027   21.18271   44  199          -   19.42857      -  64.1 50885s
 110000306 15570008   21.53701   38  165          -   19.42857      -  64.1 50890s
 110011629 15570023   20.66304   51  144          -   19.42857      -  64.1 50895s
 110022758 15569974 infeasible   47               -   19.42857      -  64.1 50900s
 110033684 15569889   20.77709   38  153          -   19.42857      -  64.1 50905s
 110044386 15569721     cutoff   48               -   19.42857      -  64.1 50910s
 110055168 15569559   19.72204   39  138          -   19.42857      -  64.1 50915s
 110066682 15569494   19.88394   43  186          -   19.42857      -  64.1 50920s
 110077736 15569423   21.03728   41  176          -   19.42857      -  64.1 50925s
 110088942 15569353     cutoff   41               -   19.42857      -  64.1 50930s
 110099822 15569391   19.74294   34  197          -   19.42857      -  64.1 50935s
 110111331 15569479   19.80000   47   75          -   19.42857      -  64.1 50940s
 110123419 15569645   20.32103   31  216          -   19.42857      -  64.1 50945s
 110135112 15570095   20.52524   34  188          -   19.42883      -  64.1 50950s
 110147590 15570677   20.79042   36  193          -   19.42910      -  64.1 50955s
 110154750 15570860   20.82806   38  228          -   19.42925      -  64.1 50960s
 110166160 15571461   20.81579   38  112          -   19.42945      -  64.1 50965s
 110178619 15572012   19.59594   37  195          -   19.42964      -  64.1 50970s
 110190726 15572497   20.50000   35   97          -   19.42982      -  64.1 50975s
 110202165 15572985   20.77502   38  218          -   19.43000      -  64.1 50980s
 110213660 15573536   20.95775   40  183          -   19.43021      -  64.1 50985s
 110225706 15573968   20.04220   42  201          -   19.43040      -  64.1 50990s
 110237300 15574372     cutoff   55               -   19.43056      -  64.1 50995s
 110249881 15574976   21.11991   48  197          -   19.43077      -  64.1 51000s
 110261312 15575473   20.35674   48  244          -   19.43099      -  64.1 51005s
 110273574 15575958   20.06808   36  167          -   19.43114      -  64.1 51010s
 110284918 15576452   20.58568   36  219          -   19.43135      -  64.1 51015s
 110296719 15576804   20.59848   38  221          -   19.43147      -  64.1 51020s
 110308129 15577288   21.02886   38  177          -   19.43168      -  64.1 51025s
 110319688 15577689   20.60648   54  118          -   19.43182      -  64.1 51030s
 110331620 15578147   20.17708   46  113          -   19.43195      -  64.1 51035s
 110343348 15578496   20.47403   34  167          -   19.43215      -  64.1 51040s
 110354746 15578868   19.70000   36   89          -   19.43237      -  64.1 51045s
 110366461 15579142   20.44444   41  194          -   19.43247      -  64.1 51050s
 110373978 15579388     cutoff   44               -   19.43262      -  64.1 51055s
 110385974 15579839   20.12246   39  168          -   19.43284      -  64.1 51060s
 110397626 15580284   20.33436   38  187          -   19.43303      -  64.1 51065s
 110409437 15580636   19.65681   36  187          -   19.43322      -  64.1 51070s
 110420830 15580996   21.45716   40  182          -   19.43333      -  64.1 51075s
 110432341 15581221   19.72989   42  152          -   19.43333      -  64.1 51080s
 110444050 15581648   20.31271   38  170          -   19.43353      -  64.1 51085s
 110455974 15582182     cutoff   35               -   19.43373      -  64.1 51090s
 110467777 15582631   20.53838   35  190          -   19.43396      -  64.1 51095s
 110479671 15583094   20.09627   38  236          -   19.43413      -  64.1 51100s
 110491793 15583568   21.30189   42  146          -   19.43431      -  64.1 51105s
 110504030 15584117   20.23823   35  213          -   19.43452      -  64.1 51110s
 110515919 15584509   20.19204   38  125          -   19.43478      -  64.1 51115s
 110526617 15584589   21.34286   43   80          -   19.43478      -  64.1 51120s
 110538688 15584853   21.21739   41  134          -   19.43490      -  64.1 51125s
 110549877 15585318     cutoff   43               -   19.43511      -  64.1 51130s
 110561983 15585892   20.63614   54  189          -   19.43529      -  64.1 51135s
 110574058 15586402   19.89064   44  189          -   19.43548      -  64.1 51140s
 110585584 15586847   19.74769   38  186          -   19.43566      -  64.1 51145s
 110596020 15587333   20.40244   50  167          -   19.43583      -  64.1 51151s
 110604125 15587482   21.55569   44  147          -   19.43590      -  64.1 51155s
 110615709 15587971   20.71436   35  179          -   19.43612      -  64.1 51160s
 110627040 15588368   19.61728   35  174          -   19.43632      -  64.1 51165s
 110639266 15588842   20.33759   44  183          -   19.43649      -  64.1 51170s
 110650375 15589232   21.26936   49  191          -   19.43669      -  64.1 51175s
 110662169 15589677   19.95000   42  145          -   19.43689      -  64.1 51180s
 110674723 15590133 infeasible   45               -   19.43712      -  64.1 51185s
 110686959 15590630   20.97204   45  185          -   19.43737      -  64.1 51190s
 110698694 15590879   21.11138   40  177          -   19.43750      -  64.1 51195s
 110711024 15591063   20.88101   34  196          -   19.43750      -  64.1 51200s
 110722460 15591096   21.21638   46  177          -   19.43750      -  64.1 51205s
 110734238 15591201   21.89981   42  192          -   19.43750      -  64.1 51210s
 110746238 15591305   20.81373   52   99          -   19.43750      -  64.1 51215s
 110757682 15591626   21.06884   40  185          -   19.43760      -  64.1 51220s
 110769815 15592138   20.18816   33  176          -   19.43786      -  64.1 51225s
 110781940 15592566     cutoff   35               -   19.43810      -  64.1 51230s
 110793788 15593019   19.77000   55  108          -   19.43833      -  64.1 51235s
 110806628 15593522   20.00024   38  178          -   19.43851      -  64.1 51240s
 110817724 15593871   20.16667   44   99          -   19.43869      -  64.1 51245s
 110829385 15594418 infeasible   57               -   19.43888      -  64.1 51250s
 110841647 15594709     cutoff   54               -   19.43902      -  64.1 51255s
 110849858 15595081   20.47199   39  210          -   19.43917      -  64.1 51260s
 110861833 15595688 infeasible   46               -   19.43936      -  64.1 51265s
 110873604 15596137   19.80989   46  217          -   19.43953      -  64.1 51270s
 110884942 15596504   21.23332   41  236          -   19.43974      -  64.1 51275s
 110897165 15596932   20.73850   49  195          -   19.43999      -  64.1 51280s
 110908226 15597053 infeasible   38               -   19.44000      -  64.1 51285s
 110920460 15597370   20.91810   41  202          -   19.44012      -  64.1 51290s
 110932383 15597809   21.08724   35  214          -   19.44035      -  64.1 51295s
 110944544 15598106   21.72669   43  154          -   19.44056      -  64.1 51300s
 110957054 15598718   20.37952   42  132          -   19.44073      -  64.1 51305s
 110968710 15599223   21.00618   38  155          -   19.44094      -  64.1 51310s
 110980595 15599677   21.01699   44  151          -   19.44118      -  64.1 51315s
 110992737 15599928   20.13948   45  209          -   19.44118      -  64.1 51320s
 111004286 15600238   20.90965   44  183          -   19.44134      -  64.1 51325s
 111016297 15600691 infeasible   45               -   19.44156      -  64.1 51330s
 111027932 15601101   21.34336   48  193          -   19.44175      -  64.1 51335s
 111040080 15601449   20.44513   34  183          -   19.44189      -  64.1 51340s
 111051615 15601899     cutoff   43               -   19.44211      -  64.1 51345s
 111063927 15602346   21.98313   39  149          -   19.44231      -  64.1 51350s
 111076347 15602653   21.36735   41  185          -   19.44252      -  64.1 51355s
 111083411 15602944 infeasible   40               -   19.44262      -  64.1 51360s
 111095674 15603506   20.97518   42  205          -   19.44286      -  64.1 51365s
 111106840 15603872   21.27609   45  204          -   19.44304      -  64.1 51370s
 111119245 15604338   21.71483   50  185          -   19.44322      -  64.1 51375s
 111131185 15604763   19.66406   44  249          -   19.44343      -  64.1 51380s
 111142662 15605213   20.58800   37  140          -   19.44366      -  64.1 51385s
 111154095 15605706   20.29699   40  193          -   19.44385      -  64.1 51390s
 111166746 15606221   20.17185   35  214          -   19.44410      -  64.1 51395s
 111178933 15606776   19.79843   41  191          -   19.44440      -  64.1 51400s
 111191420 15607024 infeasible   48               -   19.44444      -  64.1 51405s
 111199578 15607087 infeasible   42               -   19.44444      -  64.1 51410s
 111207805 15606994     cutoff   37               -   19.44444      -  64.1 51415s
 111219520 15606944   20.19071   37  149          -   19.44444      -  64.1 51420s
 111231532 15606957 infeasible   43               -   19.44444      -  64.1 51425s
 111242389 15606847     cutoff   46               -   19.44444      -  64.1 51430s
 111253570 15606807   20.03071   41  170          -   19.44444      -  64.1 51435s
 111265477 15606729   20.14125   39  172          -   19.44444      -  64.1 51440s
 111276743 15606652     cutoff   49               -   19.44444      -  64.1 51445s
 111288339 15606720 infeasible   41               -   19.44444      -  64.1 51450s
 111299509 15606803   21.56442   38  204          -   19.44444      -  64.1 51455s
 111311906 15607247     cutoff   43               -   19.44471      -  64.1 51460s
 111323106 15607695 infeasible   38               -   19.44495      -  64.1 51465s
 111334904 15608115     cutoff   43               -   19.44516      -  64.1 51470s
 111347217 15608667   19.76175   40  174          -   19.44539      -  64.1 51475s
 111358613 15609045   19.87893   44  186          -   19.44559      -  64.1 51480s
 111371122 15609533     cutoff   51               -   19.44578      -  64.1 51485s
 111376699 15609754   20.09784   38  172          -   19.44587      -  64.1 51490s
 111388693 15610154     cutoff   32               -   19.44604      -  64.1 51495s
 111400281 15610551   21.00712   39  181          -   19.44624      -  64.1 51500s
 111412748 15610842     cutoff   46               -   19.44643      -  64.1 51505s
 111424230 15611319   20.09439   52  194          -   19.44660      -  64.1 51510s
 111436948 15611823     cutoff   41               -   19.44681      -  64.1 51515s
 111447941 15612228   19.84056   36  222          -   19.44697      -  64.1 51520s
 111460157 15612739   20.75355   37  187          -   19.44718      -  64.1 51525s
 111471768 15613088   21.21138   44  196          -   19.44737      -  64.1 51530s
 111484059 15613442   19.56868   44  165          -   19.44743      -  64.1 51535s
 111496487 15613934   19.50000   37   17          -   19.44767      -  64.1 51540s
 111507600 15614177   21.40119   35  208          -   19.44787      -  64.1 51545s
 111519485 15614656   20.47137   35  216          -   19.44806      -  64.1 51550s
 111531048 15614988   20.31250   59   66          -   19.44828      -  64.1 51555s
 111542843 15615243   20.74292   35  185          -   19.44832      -  64.1 51560s
 111554860 15615688   19.89327   34  190          -   19.44855      -  64.1 51565s
 111566027 15616021   21.03643   47  179          -   19.44872      -  64.1 51570s
 111578328 15616520   19.78510   48  188          -   19.44895      -  64.1 51575s
 111590044 15616871     cutoff   38               -   19.44909      -  64.1 51580s
 111601521 15617323   19.65030   46  162          -   19.44928      -  64.1 51585s
 111602080 15617409   21.29167   37  119          -   19.44932      -  64.1 51590s
 111604614 15617531   20.69778   40  216          -   19.44940      -  64.2 51595s
 111611700 15617632   20.61317   37  202          -   19.44954      -  64.2 51600s
 111621493 15617938     cutoff   41               -   19.44971      -  64.2 51605s
 111627143 15618176   19.64115   43  157          -   19.44983      -  64.2 51610s
 111639353 15618439   21.50212   54  128          -   19.45000      -  64.2 51615s
 111650582 15618563   21.00000   31   44          -   19.45000      -  64.2 51620s
 111661896 15618627   21.34814   48  156          -   19.45000      -  64.2 51625s
 111672958 15618694   21.64811   51  154          -   19.45000      -  64.2 51630s
 111684991 15619147   20.87154   43  180          -   19.45018      -  64.2 51635s
 111697087 15619632   21.39649   42  157          -   19.45043      -  64.2 51640s
 111708843 15620144   20.79567   50  174          -   19.45065      -  64.2 51645s
 111720354 15620539   20.46659   34  209          -   19.45083      -  64.2 51650s
 111731491 15620872   21.27115   33  193          -   19.45098      -  64.2 51655s
 111743774 15621495   20.50245   32  126          -   19.45120      -  64.2 51660s
 111755313 15621899     cutoff   44               -   19.45139      -  64.2 51665s
 111766661 15622299   20.00000   51   13          -   19.45161      -  64.2 51670s
 111778052 15622397   19.50000   42   22          -   19.45162      -  64.2 51675s
 111789126 15622840   19.92471   33  159          -   19.45185      -  64.2 51680s
 111800961 15623262     cutoff   45               -   19.45207      -  64.2 51685s
 111812088 15623692   21.13851   35  198          -   19.45227      -  64.2 51690s
 111824629 15624065   20.12640   36  135          -   19.45238      -  64.2 51695s
 111835662 15624548   20.04062   39  206          -   19.45258      -  64.2 51700s
 111847878 15625062   20.09663   42  172          -   19.45278      -  64.2 51705s
 111859285 15625519   20.24451   43  173          -   19.45294      -  64.2 51710s
 111866136 15625784   20.80045   40  205          -   19.45308      -  64.2 51715s
 111877846 15626142     cutoff   47               -   19.45326      -  64.2 51720s
 111889248 15626544   20.55924   50  233          -   19.45343      -  64.2 51725s
 111900966 15626847   20.13595   42  189          -   19.45363      -  64.2 51730s
 111911788 15627154     cutoff   48               -   19.45383      -  64.2 51735s
 111924161 15627704   20.48417   40  154          -   19.45402      -  64.2 51740s
 111935446 15628170   19.77205   41  126          -   19.45423      -  64.2 51745s
 111947310 15628635   20.21599   32  228          -   19.45452      -  64.2 51750s
 111958438 15628670   21.05453   36  188          -   19.45455      -  64.2 51755s
 111969861 15628665   20.81492   33  162          -   19.45455      -  64.2 51760s
 111980676 15628659   21.31542   38  216          -   19.45455      -  64.2 51765s
 111991395 15628618   21.00000   33    9          -   19.45455      -  64.2 51770s
 112001947 15628531   21.61092   35  177          -   19.45455      -  64.2 51775s
 112013018 15628537   20.31950   35  180          -   19.45455      -  64.2 51780s
 112024080 15628614   21.28357   46  189          -   19.45455      -  64.2 51785s
 112035827 15628861   20.30242   43  228          -   19.45464      -  64.2 51790s
 112047143 15629276   20.26256   42  181          -   19.45487      -  64.2 51795s
 112058388 15629687   19.77855   38  179          -   19.45510      -  64.2 51800s
 112069782 15630082   21.75524   37  184          -   19.45529      -  64.2 51805s
 112081236 15630479   21.01911   38  201          -   19.45550      -  64.2 51810s
 112092681 15630907   21.55500   41  201          -   19.45568      -  64.2 51815s
 112104350 15631316     cutoff   39               -   19.45588      -  64.2 51820s
 112116019 15631810     cutoff   48               -   19.45601      -  64.2 51825s
 112126982 15632149   20.08309   40  171          -   19.45617      -  64.2 51830s
 112138567 15632567   20.37185   37  192          -   19.45638      -  64.2 51835s
 112147265 15632913   19.90118   45  206          -   19.45652      -  64.2 51841s
 112156326 15633132 infeasible   38               -   19.45657      -  64.2 51845s
 112168150 15633626   20.22500   44  135          -   19.45679      -  64.2 51850s
 112179500 15634055   19.75000   57   54          -   19.45699      -  64.2 51855s
 112190892 15634352   20.42026   48  158          -   19.45714      -  64.2 51860s
 112202624 15634770   20.04073   42  190          -   19.45733      -  64.2 51865s
 112213923 15635161   21.29922   40  195          -   19.45752      -  64.2 51870s
 112225810 15635568   21.30401   39  162          -   19.45770      -  64.2 51875s
 112236782 15635949   20.08099   37  188          -   19.45789      -  64.2 51880s
 112248341 15636459   20.18405   41  186          -   19.45810      -  64.2 51885s
 112260011 15636965   20.86426   40  166          -   19.45833      -  64.2 51890s
 112272301 15637076   20.93443   44  129          -   19.45833      -  64.2 51895s
 112283175 15637068   21.40802   53  173          -   19.45833      -  64.2 51900s
 112295471 15637340     cutoff   49               -   19.45844      -  64.2 51905s
 112306715 15637774     cutoff   41               -   19.45865      -  64.2 51910s
 112319119 15638154   19.63066   34  199          -   19.45885      -  64.2 51915s
 112330396 15638585     cutoff   50               -   19.45902      -  64.2 51920s
 112341868 15638998   21.66517   33  198          -   19.45923      -  64.2 51925s
 112353103 15639431   20.11595   43  191          -   19.45946      -  64.2 51930s
 112364217 15639706   20.19588   39  204          -   19.45958      -  64.2 51935s
 112375897 15640134     cutoff   40               -   19.45977      -  64.2 51940s
 112387295 15640516   21.52919   39  155          -   19.46000      -  64.2 51945s
 112393751 15640623   20.21316   40  176          -   19.46000      -  64.2 51950s
 112404608 15641041     cutoff   47               -   19.46024      -  64.2 51955s
 112416253 15641430   20.35894   37  187          -   19.46043      -  64.2 51960s
 112427363 15641951     cutoff   41               -   19.46062      -  64.2 51965s
 112439004 15642383   20.01880   44  213          -   19.46082      -  64.2 51970s
 112450048 15642783   19.76288   37  217          -   19.46102      -  64.2 51975s
 112461452 15643241     cutoff   44               -   19.46122      -  64.2 51980s
 112473064 15643662   20.74423   36  233          -   19.46147      -  64.2 51985s
 112484346 15643852   19.87931   35  140          -   19.46154      -  64.2 51990s
 112495483 15643847   19.92632   37  189          -   19.46154      -  64.2 51995s
 112506620 15643792   21.26914   40  187          -   19.46154      -  64.2 52000s
 112517118 15643779   22.16667   51   61          -   19.46154      -  64.2 52005s
 112529072 15643894   20.63425   41  171          -   19.46154      -  64.2 52010s
 112540210 15644261   20.50485   38  194          -   19.46164      -  64.2 52015s
 112552459 15644808   21.45620   47  160          -   19.46188      -  64.2 52020s
 112563893 15645171   20.19017   34  156          -   19.46209      -  64.2 52025s
 112575427 15645552   20.07511   44  217          -   19.46231      -  64.2 52030s
 112586763 15646003   19.77220   39  216          -   19.46250      -  64.2 52035s
 112598856 15646463   21.75000   50   94          -   19.46269      -  64.2 52040s
 112609918 15646781   19.83642   40  246          -   19.46288      -  64.2 52045s
 112621300 15647038   20.45590   49  194          -   19.46301      -  64.2 52050s
 112632798 15647382     cutoff   36               -   19.46324      -  64.2 52055s
 112643712 15647640   21.55075   37  158          -   19.46341      -  64.2 52060s
 112655466 15648011   20.41201   42  152          -   19.46358      -  64.2 52065s
 112663261 15648255   21.83217   41  215          -   19.46371      -  64.2 52070s
 112675182 15648671   20.46864   37  174          -   19.46390      -  64.2 52075s
 112686529 15649061   20.52188   43  200          -   19.46408      -  64.2 52080s
 112698317 15649344   19.88802   45  156          -   19.46429      -  64.2 52085s
 112709786 15649486     cutoff   36               -   19.46429      -  64.2 52090s
 112721344 15649605   21.72642   40  139          -   19.46435      -  64.2 52095s
 112732713 15650008   20.21885   33  176          -   19.46458      -  64.2 52100s
 112744937 15650416   21.08654   40  241          -   19.46479      -  64.2 52105s
 112756422 15650803   19.96133   40  199          -   19.46500      -  64.2 52110s
 112767953 15651094   21.02662   37  192          -   19.46514      -  64.2 52115s
 112778997 15651502     cutoff   33               -   19.46537      -  64.2 52120s
 112791205 15651958   20.96947   35  156          -   19.46552      -  64.2 52125s
 112802751 15652439   21.26107   37  208          -   19.46575      -  64.2 52130s
 112814318 15652801 infeasible   51               -   19.46591      -  64.2 52135s
 112825680 15653192 infeasible   49               -   19.46612      -  64.2 52140s
 112837064 15653632   20.19162   43  223          -   19.46632      -  64.2 52145s
 112848569 15654167   21.07151   35  157          -   19.46655      -  64.2 52150s
 112860267 15654409 infeasible   32               -   19.46667      -  64.2 52155s
 112870830 15654432   19.90531   40  161          -   19.46667      -  64.2 52160s
 112881944 15654448   20.00875   44  209          -   19.46667      -  64.2 52165s
 112893205 15654421 infeasible   60               -   19.46667      -  64.2 52170s
 112903904 15654557   20.02608   37  168          -   19.46667      -  64.2 52175s
 112916194 15655033   21.36667   37  202          -   19.46692      -  64.2 52180s
 112927615 15655400   20.99500   42  182          -   19.46715      -  64.2 52185s
 112933964 15655691     cutoff   47               -   19.46725      -  64.2 52190s
 112945453 15656092   21.10298   40  165          -   19.46745      -  64.2 52195s
 112956903 15656565   21.02102   36  200          -   19.46766      -  64.2 52200s
 112968787 15656931   19.89731   47  182          -   19.46781      -  64.2 52205s
 112980022 15657344   19.76665   38  199          -   19.46803      -  64.2 52210s
 112991246 15657706   21.10920   48  171          -   19.46818      -  64.2 52215s
 113003469 15658188   19.90819   44  194          -   19.46839      -  64.2 52220s
 113015197 15658677   19.99089   41  188          -   19.46860      -  64.2 52225s
 113026180 15658945   20.99812   42  179          -   19.46875      -  64.2 52230s
 113038134 15658990   21.61538   48  196          -   19.46875      -  64.2 52235s
 113049333 15659334   20.54518   37  199          -   19.46898      -  64.2 52240s
 113060915 15659746   21.55105   54  232          -   19.46917      -  64.2 52245s
 113072548 15660132   21.43457   50  168          -   19.46939      -  64.2 52250s
 113083351 15660493   21.20431   39  160          -   19.46954      -  64.2 52255s
 113094944 15660927   19.78049   51  162          -   19.46970      -  64.2 52260s
 113107151 15661440   20.98809   46  184          -   19.46990      -  64.2 52265s
 113118576 15661875   20.12985   41  198          -   19.47009      -  64.2 52270s
 113129246 15662255   21.62568   45  199          -   19.47027      -  64.2 52275s
 113141602 15662724   19.98700   43  163          -   19.47053      -  64.2 52280s
 113152882 15662848 infeasible   41               -   19.47059      -  64.2 52285s
 113163574 15662826   20.52752   44  229          -   19.47059      -  64.2 52290s
 113175430 15662827   20.00000   36    9          -   19.47059      -  64.2 52295s
 113185893 15663156   20.72027   41  204          -   19.47074      -  64.2 52300s
 113192835 15663391   19.99254   39  158          -   19.47088      -  64.2 52305s
 113204462 15663759     cutoff   46               -   19.47109      -  64.2 52310s
 113216845 15664252   21.13547   35  186          -   19.47128      -  64.2 52315s
 113228455 15664669   20.09692   51  220          -   19.47144      -  64.2 52320s
 113240291 15665013   20.51432   36  162          -   19.47167      -  64.2 52325s
 113251499 15665372   21.36988   39  193          -   19.47181      -  64.2 52330s
 113263401 15665762   20.14752   45  221          -   19.47202      -  64.2 52335s
 113274835 15666244   20.78112   41  162          -   19.47222      -  64.2 52340s
 113286013 15666312 infeasible   31               -   19.47222      -  64.2 52345s
 113297381 15666732   22.00616   45  150          -   19.47242      -  64.2 52350s
 113309142 15667150   21.58274   50  223          -   19.47263      -  64.2 52355s
 113321069 15667486   20.91919   35  180          -   19.47285      -  64.2 52360s
 113332219 15667911   21.04969   30  139          -   19.47299      -  64.2 52365s
 113344005 15668363   19.60277   37  188          -   19.47321      -  64.2 52370s
 113355269 15668794   20.00000   36   24          -   19.47337      -  64.2 52375s
 113367300 15669365   20.90909   38  157          -   19.47363      -  64.2 52380s
 113378686 15669552   19.71452   40  199          -   19.47368      -  64.2 52385s
 113390723 15669688   20.01594   39  209          -   19.47368      -  64.2 52390s
 113402388 15669850   19.57440   42  193          -   19.47373      -  64.2 52395s
 113414598 15670303   19.92276   41  196          -   19.47397      -  64.2 52400s
 113426774 15670664   19.79671   37  187          -   19.47419      -  64.2 52405s
 113438065 15670990   21.87802   37  194          -   19.47436      -  64.2 52410s
 113445409 15671331   19.69706   39  204          -   19.47450      -  64.2 52415s
 113457459 15671753   19.83959   37  231          -   19.47468      -  64.2 52420s
 113468428 15672147   20.83105   40  214          -   19.47491      -  64.2 52425s
 113480322 15672407   19.60526   42  102          -   19.47500      -  64.2 52430s
 113492181 15672783   20.82989   35  256          -   19.47520      -  64.2 52435s
 113504706 15673238   20.76782   44  220          -   19.47541      -  64.2 52440s
 113509582 15673434   20.66846   34  136          -   19.47548      -  64.2 52445s
 113519929 15673709 infeasible   36               -   19.47563      -  64.2 52450s
 113530576 15674052   21.44580   34  212          -   19.47581      -  64.2 52455s
 113542311 15674477     cutoff   39               -   19.47603      -  64.2 52460s
 113554828 15674870   21.41019   43  187          -   19.47619      -  64.2 52465s
 113566523 15674907   20.13630   40  177          -   19.47619      -  64.2 52470s
 113578569 15674987   20.28812   42  176          -   19.47623      -  64.2 52475s
 113590303 15675408   20.66290   37  192          -   19.47648      -  64.2 52480s
 113601727 15675790     cutoff   46               -   19.47669      -  64.2 52485s
 113613243 15676155   21.27623   47  152          -   19.47690      -  64.2 52490s
 113625465 15676543   20.97547   32  231          -   19.47707      -  64.2 52495s
 113637706 15676899   19.57353   43  135          -   19.47727      -  64.2 52500s
 113649686 15677190   20.34624   36  218          -   19.47737      -  64.2 52505s
 113661952 15677727   19.80393   34  209          -   19.47758      -  64.2 52510s
 113674253 15678085   20.28677   41  211          -   19.47778      -  64.2 52515s
 113685845 15678627   21.06899   35  235          -   19.47797      -  64.2 52520s
 113694081 15678901   19.89249   40  197          -   19.47811      -  64.2 52525s
 113705590 15679143     cutoff   40               -   19.47826      -  64.2 52530s
 113717449 15679278   20.44978   55  184          -   19.47826      -  64.2 52535s
 113729838 15679633   21.26312   43  172          -   19.47845      -  64.2 52540s
 113741947 15680077   22.00000   50   31          -   19.47867      -  64.2 52545s
 113753907 15680438   20.81074   43  150          -   19.47887      -  64.2 52550s
 113766171 15680916   20.63107   41  124          -   19.47904      -  64.2 52555s
 113778224 15681205     cutoff   41               -   19.47917      -  64.2 52560s
 113790414 15681603   19.99589   44  207          -   19.47937      -  64.2 52565s
 113801748 15681917   20.17837   50  219          -   19.47956      -  64.2 52570s
 113814113 15682358   21.17520   37  147          -   19.47975      -  64.2 52575s
 113826805 15682840   21.63462   48  125          -   19.48000      -  64.2 52580s
 113837907 15682931     cutoff   40               -   19.48000      -  64.2 52585s
 113849982 15683183   19.87558   33  185          -   19.48012      -  64.2 52590s
 113861460 15683575     cutoff   50               -   19.48036      -  64.2 52595s
 113873321 15683971   19.84644   50  198          -   19.48057      -  64.3 52600s
 113884960 15684347   20.90994   43  199          -   19.48077      -  64.3 52605s
 113897445 15684739     cutoff   41               -   19.48092      -  64.3 52610s
 113909469 15685180   20.31578   39  191          -   19.48112      -  64.3 52615s
 113921370 15685628   20.95758   40  215          -   19.48134      -  64.3 52620s
 113933972 15685977     cutoff   49               -   19.48148      -  64.3 52625s
 113945166 15686092   21.02819   36  210          -   19.48154      -  64.3 52630s
 113952297 15686318   20.63392   45  179          -   19.48168      -  64.3 52635s
 113963630 15686754   20.27773   54  203          -   19.48186      -  64.3 52640s
 113976670 15687233   19.84489   41  202          -   19.48207      -  64.3 52645s
 113988709 15687543   20.35950   44  176          -   19.48221      -  64.3 52650s
 114000214 15687851   20.47164   40  172          -   19.48245      -  64.3 52655s
 114012338 15688280   20.96777   33  173          -   19.48265      -  64.3 52660s
 114023942 15688486   20.58435   44  146          -   19.48276      -  64.3 52665s
 114036719 15688809     cutoff   41               -   19.48290      -  64.3 52670s
 114048750 15689254   19.79690   50  192          -   19.48312      -  64.3 52675s
 114060965 15689640 infeasible   39               -   19.48333      -  64.3 52680s
 114073794 15690021   19.94540   37  211          -   19.48347      -  64.3 52685s
 114086058 15690398 infeasible   41               -   19.48369      -  64.3 52690s
 114097502 15690750   20.13571   39  168          -   19.48387      -  64.3 52695s
 114110078 15691043     cutoff   54               -   19.48394      -  64.3 52700s
 114121652 15691452   20.81693   36  164          -   19.48416      -  64.3 52705s
 114134038 15691820   20.55403   35  187          -   19.48437      -  64.3 52710s
 114140527 15691939   20.56824   41  233          -   19.48449      -  64.3 52715s
 114140981 15692016   20.48589   55  166          -   19.48454      -  64.3 52720s
 114143536 15692070   19.80000   43  162          -   19.48459      -  64.3 52725s
 114156350 15692367   20.54264   45  207          -   19.48481      -  64.3 52730s
 114168107 15692526   21.52941   51  135          -   19.48485      -  64.3 52735s
 114181186 15693067   20.75221   43  206          -   19.48507      -  64.3 52740s
 114193431 15693582   21.36494   43  196          -   19.48529      -  64.3 52745s
 114205733 15693873   20.88338   46  199          -   19.48548      -  64.3 52750s
 114215588 15694268   21.01443   29  193          -   19.48565      -  64.3 52755s
 114229251 15694659   21.26266   38  171          -   19.48576      -  64.3 52760s
 114242110 15695095   21.61020   40  203          -   19.48601      -  64.3 52765s
 114255123 15695609 infeasible   36               -   19.48620      -  64.3 52770s
 114267411 15695906   19.73174   46  170          -   19.48643      -  64.3 52775s
 114281053 15696152   20.30846   40  198          -   19.48657      -  64.3 52780s
 114294664 15696630   20.71711   44  203          -   19.48682      -  64.3 52785s
 114307117 15697037   19.85659   35  190          -   19.48700      -  64.3 52790s
 114320169 15697331   20.12789   44  216          -   19.48718      -  64.3 52795s
 114334479 15697728   19.77202   45  134          -   19.48741      -  64.3 52800s
 114348033 15698211   21.36746   37  207          -   19.48763      -  64.3 52805s
 114361839 15698566   20.12416   47  206          -   19.48780      -  64.3 52810s
 114375091 15699034   21.30223   41  211          -   19.48807      -  64.3 52815s
 114388678 15699491   21.06914   36  166          -   19.48830      -  64.3 52820s
 114401940 15699818   20.00179   40  199          -   19.48846      -  64.3 52825s
 114414445 15700227   20.11726   40  172          -   19.48868      -  64.3 52830s
 114428451 15700561   19.74162   38  191          -   19.48889      -  64.3 52835s
 114442042 15700866     cutoff   46               -   19.48913      -  64.3 52840s
 114457881 15701263   20.47326   47  174          -   19.48936      -  64.3 52845s
 114472603 15701703   20.27141   45  122          -   19.48958      -  64.3 52850s
 114489966 15702266   21.41149   36  202          -   19.48983      -  64.3 52855s
 114506278 15702736   20.12536   43  194          -   19.49015      -  64.3 52860s
 114524458 15703257   19.76271   50  100          -   19.49041      -  64.3 52865s
 114542015 15703891   19.87507   45  219          -   19.49068      -  64.3 52870s
 114559238 15704398   20.19181   36  220          -   19.49092      -  64.3 52875s
 114576216 15704902   21.91089   40  184          -   19.49123      -  64.3 52880s
 114593874 15705356   20.14081   31  156          -   19.49153      -  64.3 52885s
 114610834 15705822     cutoff   31               -   19.49180      -  64.3 52890s
 114628530 15706311   20.00000   49   61          -   19.49206      -  64.3 52895s
 114645948 15706916   20.35258   37  220          -   19.49235      -  64.3 52900s
 114663150 15707608   21.54970   43  174          -   19.49265      -  64.3 52905s
 114681344 15708293   20.42204   40  186          -   19.49295      -  64.3 52910s
 114698829 15708852   20.56277   37  204          -   19.49323      -  64.3 52915s
 114715589 15709577     cutoff   44               -   19.49351      -  64.3 52920s
 114730711 15710010   19.95143   41  173          -   19.49376      -  64.3 52925s
 114747635 15710492   19.87295   35  180          -   19.49405      -  64.3 52930s
 114764965 15711022   19.97484   40  149          -   19.49434      -  64.3 52935s
 114783213 15711619   19.82457   32  200          -   19.49464      -  64.3 52940s
 114800675 15712238   20.12235   41  172          -   19.49497      -  64.3 52945s
 114818517 15712885   20.38387   49  215          -   19.49526      -  64.3 52950s
 114835529 15713478   20.07539   38  198          -   19.49558      -  64.3 52955s
 114853501 15714226   21.38573   37  191          -   19.49590      -  64.3 52960s
 114870858 15714790   20.71691   42  221          -   19.49622      -  64.3 52965s
 114888896 15715394   20.36111   34  120          -   19.49655      -  64.3 52970s
 114906166 15715780   19.58888   39  166          -   19.49689      -  64.3 52975s
 114923302 15716296   19.98618   48  194          -   19.49722      -  64.3 52980s
 114940936 15716822   20.77778   44  119          -   19.49755      -  64.3 52985s
 114957755 15717425     cutoff   44               -   19.49787      -  64.3 52990s
 114972716 15718029   20.52342   29  224          -   19.49819      -  64.3 52995s
 114989724 15718742   19.80519   36  207          -   19.49855      -  64.3 53000s
 115007064 15719405   22.16667   51   92          -   19.49893      -  64.3 53005s
 115025003 15720117   20.45952   42  188          -   19.49939      -  64.3 53010s
 115041938 15720811   20.31215   41  243          -   19.49998      -  64.3 53015s
 115058774 15720681   19.90000   43  105          -   19.50000      -  64.3 53020s
 115075636 15720771   21.80948   42  195          -   19.50000      -  64.3 53025s
 115092978 15720828 infeasible   43               -   19.50000      -  64.3 53030s
 115111161 15720771   20.38194   39  184          -   19.50000      -  64.3 53035s
 115127525 15720679   20.93834   34  210          -   19.50000      -  64.3 53040s
 115144119 15720475     cutoff   40               -   19.50000      -  64.3 53045s
 115161260 15720374   20.71613   43  197          -   19.50000      -  64.3 53050s
 115176194 15720335   20.50000   56   21          -   19.50000      -  64.3 53055s
 115187063 15720278   20.25237   41  184          -   19.50000      -  64.3 53060s
 115198383 15720130 infeasible   47               -   19.50000      -  64.3 53065s
 115210101 15720038     cutoff   36               -   19.50000      -  64.3 53070s
 115220151 15719836   20.70442   43  168          -   19.50000      -  64.3 53075s
 115230458 15719623   21.49573   42  203          -   19.50000      -  64.3 53080s
 115241693 15719604   20.57143   47   60          -   19.50000      -  64.3 53085s
 115252741 15719456     cutoff   45               -   19.50000      -  64.3 53090s
 115263427 15719301     cutoff   42               -   19.50000      -  64.3 53095s
 115274608 15719114     cutoff   40               -   19.50000      -  64.3 53100s
 115284461 15718847   19.93056   50  127          -   19.50000      -  64.3 53105s
 115295391 15718622   21.71489   39  170          -   19.50000      -  64.3 53110s
 115306852 15718467     cutoff   36               -   19.50000      -  64.3 53115s
 115317166 15718157   21.03991   38  207          -   19.50000      -  64.3 53120s
 115327807 15717850   21.00000   44    9          -   19.50000      -  64.3 53125s
 115338565 15717731   21.76496   41  136          -   19.50000      -  64.3 53130s
 115348991 15717518   19.94847   37  158          -   19.50000      -  64.3 53135s
 115360372 15717355 infeasible   58               -   19.50000      -  64.3 53140s
 115371766 15717207   21.19258   43  184          -   19.50000      -  64.3 53145s
 115382579 15716925     cutoff   38               -   19.50000      -  64.3 53150s
 115392630 15716609   20.31457   40  200          -   19.50000      -  64.3 53155s
 115404844 15716496   20.01600   37  182          -   19.50000      -  64.3 53160s
 115415216 15715966   19.74783   41  157          -   19.50000      -  64.3 53165s
 115425413 15715493   20.94394   44  172          -   19.50000      -  64.3 53170s
 115435260 15714933 infeasible   45               -   19.50000      -  64.3 53175s
 115446167 15714312     cutoff   41               -   19.50000      -  64.3 53180s
 115457024 15713841     cutoff   34               -   19.50000      -  64.3 53185s
 115466901 15713382     cutoff   48               -   19.50000      -  64.3 53190s
 115477605 15712854   21.34084   45  200          -   19.50000      -  64.3 53195s
 115486732 15712306   21.21209   38  181          -   19.50000      -  64.3 53200s
 115497277 15711765 infeasible   45               -   19.50000      -  64.3 53205s
 115506868 15711252   21.57871   35  152          -   19.50000      -  64.3 53210s
 115516679 15710580   20.25950   38  172          -   19.50000      -  64.3 53215s
 115525992 15710019   20.00000   46   65          -   19.50000      -  64.3 53220s
 115535565 15709580 infeasible   51               -   19.50000      -  64.3 53225s
 115544989 15708990   21.20118   38  200          -   19.50000      -  64.3 53230s
 115554789 15708381   20.74895   46  139          -   19.50000      -  64.3 53235s
 115565454 15707989   21.50000   41   23          -   19.50000      -  64.3 53240s
 115575224 15707698   20.00000   43   30          -   19.50000      -  64.3 53245s
 115586055 15707259   20.08369   39  135          -   19.50000      -  64.3 53250s
 115595391 15706715   20.77738   41  154          -   19.50000      -  64.3 53255s
 115605578 15706269     cutoff   44               -   19.50000      -  64.3 53260s
 115615112 15705774     cutoff   43               -   19.50000      -  64.3 53265s
 115625409 15705207   20.31152   38  195          -   19.50000      -  64.3 53270s
 115635438 15704715     cutoff   37               -   19.50000      -  64.3 53275s
 115645955 15704296 infeasible   36               -   19.50000      -  64.3 53280s
 115656530 15703830     cutoff   39               -   19.50000      -  64.3 53285s
 115666172 15703338     cutoff   38               -   19.50000      -  64.3 53290s
 115676282 15702785   22.21599   37  186          -   19.50000      -  64.4 53295s
 115686119 15702307 infeasible   37               -   19.50000      -  64.4 53300s
 115697066 15701730     cutoff   47               -   19.50000      -  64.4 53305s
 115707173 15701199     cutoff   48               -   19.50000      -  64.4 53310s
 115717484 15700767   20.85512   40  202          -   19.50000      -  64.4 53315s
 115727649 15700177   21.08373   44  192          -   19.50000      -  64.4 53320s
 115737015 15699621   21.38365   44  173          -   19.50000      -  64.4 53325s
 115746741 15698970 infeasible   42               -   19.50000      -  64.4 53330s
 115756705 15698282     cutoff   44               -   19.50000      -  64.4 53335s
 115767100 15697712     cutoff   39               -   19.50000      -  64.4 53340s
 115776885 15697080   20.54175   40  204          -   19.50000      -  64.4 53345s
 115786937 15696594     cutoff   39               -   19.50000      -  64.4 53350s
 115796374 15696071 infeasible   49               -   19.50000      -  64.4 53355s
 115806386 15695576   20.75339   44  183          -   19.50000      -  64.4 53360s
 115816730 15694994 infeasible   46               -   19.50000      -  64.4 53365s
 115826915 15694351   20.44690   36  132          -   19.50000      -  64.4 53370s
 115836112 15693682     cutoff   44               -   19.50000      -  64.4 53375s
 115845236 15693129   19.75843   39  168          -   19.50000      -  64.4 53380s
 115855699 15692424   20.91750   44  139          -   19.50000      -  64.4 53385s
 115865633 15691834   20.93939   38  142          -   19.50000      -  64.4 53390s
 115875327 15691183   20.50000   43   21          -   19.50000      -  64.4 53395s
 115884158 15690542   20.09043   49  128          -   19.50000      -  64.4 53400s
 115894412 15689975     cutoff   37               -   19.50000      -  64.4 53405s
 115904639 15689268   20.93137   45  137          -   19.50000      -  64.4 53410s
 115913461 15688706     cutoff   45               -   19.50000      -  64.4 53415s
 115923816 15688111     cutoff   39               -   19.50000      -  64.4 53420s
 115933148 15687347   21.06184   43  180          -   19.50000      -  64.4 53425s
 115942658 15686583   21.71277   44  147          -   19.50000      -  64.4 53430s
 115951687 15686035     cutoff   43               -   19.50000      -  64.4 53435s
 115961390 15685336     cutoff   36               -   19.50000      -  64.4 53440s
 115972298 15684942     cutoff   54               -   19.50000      -  64.4 53445s
 115982643 15684477   21.82322   36  163          -   19.50000      -  64.4 53450s
 115992176 15683897   21.40888   38  158          -   19.50000      -  64.4 53455s
 116002760 15683391   21.00000   38    8          -   19.50000      -  64.4 53460s
 116013162 15682816   20.00000   45   11          -   19.50000      -  64.4 53465s
 116023637 15682268   21.85725   41  211          -   19.50000      -  64.4 53470s
 116034337 15681597   21.86395   51  198          -   19.50000      -  64.4 53475s
 116044387 15681248   21.09788   37  137          -   19.50000      -  64.4 53480s
 116054883 15680756 infeasible   45               -   19.50000      -  64.4 53485s
 116066446 15680204   21.00000   60   12          -   19.50000      -  64.4 53490s
 116076883 15679685 infeasible   39               -   19.50000      -  64.4 53495s
 116087404 15679255   20.00000   44   10          -   19.50000      -  64.4 53500s
 116096734 15678675   19.50000   42   22          -   19.50000      -  64.4 53505s
 116104954 15678222 infeasible   41               -   19.50000      -  64.4 53510s
 116108561 15678014     cutoff   48               -   19.50000      -  64.4 53515s
 116118462 15677352     cutoff   36               -   19.50000      -  64.4 53520s
 116128132 15676687   21.37736   36  118          -   19.50000      -  64.4 53525s
 116138372 15676204   20.79578   41  171          -   19.50000      -  64.4 53530s
 116147835 15675496   19.70000   41   85          -   19.50000      -  64.4 53535s
 116158616 15674886     cutoff   44               -   19.50000      -  64.4 53540s
 116168156 15674185   20.50000   47   19          -   19.50000      -  64.4 53545s
 116178184 15673650 infeasible   43               -   19.50000      -  64.4 53550s
 116188245 15673131   21.04417   38  159          -   19.50000      -  64.4 53555s
 116198941 15672602     cutoff   50               -   19.50000      -  64.4 53560s
 116209809 15672070   21.83871   38  143          -   19.50000      -  64.4 53565s
 116219428 15671651 infeasible   48               -   19.50000      -  64.4 53570s
 116229017 15671107   20.97138   46  168          -   19.50000      -  64.4 53575s
 116239330 15670461     cutoff   43               -   19.50000      -  64.4 53580s
 116249014 15669957   20.00000   47   10          -   19.50000      -  64.4 53585s
 116258923 15669365   22.39278   38  196          -   19.50000      -  64.4 53590s
 116268572 15668783     cutoff   44               -   19.50000      -  64.4 53595s
 116278866 15668359     cutoff   43               -   19.50000      -  64.4 53600s
 116288032 15667758 infeasible   44               -   19.50000      -  64.4 53605s
 116297652 15667146 infeasible   36               -   19.50000      -  64.4 53610s
 116308252 15666596     cutoff   40               -   19.50000      -  64.4 53615s
 116319303 15666197   20.80296   43  154          -   19.50000      -  64.4 53620s
 116329597 15666058   20.30058   39  142          -   19.50000      -  64.4 53625s
 116340047 15665803     cutoff   41               -   19.50000      -  64.4 53630s
 116350781 15665661   20.17668   40  192          -   19.50000      -  64.4 53635s
 116361772 15665565   20.91283   45  163          -   19.50000      -  64.4 53640s
 116373107 15665548   21.00278   48  157          -   19.50000      -  64.4 53645s
 116383611 15665311   21.18283   37  152          -   19.50000      -  64.4 53650s
 116394363 15665155   20.00000   47    1          -   19.50000      -  64.4 53655s
 116404646 15664917     cutoff   41               -   19.50000      -  64.4 53660s
 116416164 15664779     cutoff   33               -   19.50000      -  64.4 53665s
 116427178 15664568     cutoff   40               -   19.50000      -  64.4 53670s
 116437717 15664326   21.19118   43  151          -   19.50000      -  64.4 53675s
 116447846 15664076   21.66971   41  209          -   19.50000      -  64.4 53680s
 116458626 15663819   21.97486   37  147          -   19.50000      -  64.4 53685s
 116469594 15663584 infeasible   53               -   19.50000      -  64.4 53690s
 116479903 15663314     cutoff   37               -   19.50000      -  64.4 53695s
 116491155 15663121   21.40578   42  216          -   19.50000      -  64.4 53700s
 116501895 15662906   21.81522   37   84          -   19.50000      -  64.4 53705s
 116513003 15662572   21.16966   38  182          -   19.50000      -  64.4 53710s
 116523426 15662340   22.21429   36  153          -   19.50000      -  64.4 53715s
 116534226 15662118   19.77108   42  135          -   19.50000      -  64.4 53720s
 116545407 15662072   21.43866   45  142          -   19.50000      -  64.4 53725s
 116555444 15661935 infeasible   52               -   19.50000      -  64.4 53730s
 116566589 15661816   21.87978   44  188          -   19.50000      -  64.4 53735s
 116577629 15661657   19.87029   50  212          -   19.50000      -  64.4 53740s
 116588233 15661476   21.26603   49  163          -   19.50000      -  64.4 53745s
 116598805 15661284   21.38161   43  206          -   19.50000      -  64.4 53750s
 116608239 15661130   19.86254   37  183          -   19.50000      -  64.4 53755s
 116619543 15661099     cutoff   44               -   19.50000      -  64.4 53760s
 116629905 15661046 infeasible   40               -   19.50000      -  64.4 53765s
 116640410 15660868   21.15232   42  194          -   19.50000      -  64.4 53770s
 116651154 15660693   20.00000   41   10          -   19.50000      -  64.4 53775s
 116662638 15661153   20.88221   39  173          -   19.50040      -  64.4 53780s
 116667343 15661404     cutoff   51               -   19.50058      -  64.4 53785s
 116667433 15661475   20.56823   42  205          -   19.50065      -  64.4 53790s
 116669037 15661551   19.64220   43  149          -   19.50070      -  64.4 53795s
 116675398 15661615   21.05525   37  145          -   19.50085      -  64.4 53800s
 116683393 15661736 infeasible   35               -   19.50104      -  64.4 53805s
 116692747 15661997   21.42906   40  183          -   19.50123      -  64.4 53810s
 116699178 15662135   20.38019   38  167          -   19.50138      -  64.4 53815s
 116705453 15662274   20.93881   40  177          -   19.50153      -  64.4 53820s
 116715597 15662512   21.07377   36  217          -   19.50175      -  64.4 53825s
 116726704 15662853   21.64115   48  208          -   19.50199      -  64.4 53830s
 116737620 15663166   20.51430   35  179          -   19.50221      -  64.4 53835s
 116749389 15663576   19.63439   37  187          -   19.50244      -  64.4 53840s
 116761355 15663968   20.55035   43  215          -   19.50269      -  64.4 53845s
 116772327 15664322   20.00932   37  260          -   19.50291      -  64.4 53850s
 116783930 15664705     cutoff   45               -   19.50314      -  64.4 53855s
 116794896 15665052   21.14219   38  210          -   19.50335      -  64.4 53860s
 116806167 15665361   20.29747   43  162          -   19.50358      -  64.4 53865s
 116817205 15665683   20.03626   37  200          -   19.50379      -  64.4 53870s
 116827993 15665998   20.27779   34  168          -   19.50397      -  64.4 53875s
 116839223 15666412   19.96947   39  225          -   19.50419      -  64.4 53880s
 116851500 15666792   21.49948   45  194          -   19.50439      -  64.4 53885s
 116862639 15667080   19.91577   33  178          -   19.50461      -  64.4 53890s
 116873243 15667324   21.82222   43  130          -   19.50484      -  64.4 53895s
 116884504 15667684   20.88051   47  204          -   19.50504      -  64.4 53900s
 116896146 15668082   20.03603   44  191          -   19.50526      -  64.4 53905s
 116906704 15668403     cutoff   35               -   19.50544      -  64.4 53910s
 116918093 15668713   19.86859   49  205          -   19.50565      -  64.4 53915s
 116929297 15669056   20.64923   47  213          -   19.50586      -  64.4 53920s
 116940712 15669401   20.20178   41  197          -   19.50604      -  64.5 53925s
 116951845 15669704   21.10041   47  216          -   19.50625      -  64.5 53930s
 116962628 15670017   20.20856   47  176          -   19.50645      -  64.5 53935s
 116973755 15670256   20.29229   43  148          -   19.50667      -  64.5 53940s
 116985184 15670540   19.71815   54  189          -   19.50686      -  64.5 53945s
 116996543 15670963   20.68493   47  115          -   19.50707      -  64.5 53950s
 117007122 15671260   20.11851   40  239          -   19.50727      -  64.5 53955s
 117018079 15671583   21.53673   39  188          -   19.50746      -  64.5 53960s
 117028965 15671780   21.25500   41  156          -   19.50769      -  64.5 53965s
 117040427 15672188     cutoff   41               -   19.50791      -  64.5 53970s
 117051686 15672557   21.86518   46  214          -   19.50806      -  64.5 53975s
 117063102 15672847   19.99162   43  205          -   19.50826      -  64.5 53980s
 117074296 15673121   20.19622   41  180          -   19.50847      -  64.5 53985s
 117085534 15673426   19.68182   44  134          -   19.50862      -  64.5 53990s
 117096289 15673620   19.75646   42  201          -   19.50880      -  64.5 53995s
 117107746 15674015   19.86471   37  172          -   19.50903      -  64.5 54000s
 117119153 15674343   20.19316   41  166          -   19.50923      -  64.5 54005s
 117129781 15674612   20.26431   38  195          -   19.50943      -  64.5 54010s
 117141399 15674896   20.62577   42  139          -   19.50962      -  64.5 54015s
 117152182 15675275   20.18448   31  177          -   19.50980      -  64.5 54020s
 117163867 15675597   19.89833   45  199          -   19.51000      -  64.5 54025s
 117174764 15675971   20.30556   47  148          -   19.51020      -  64.5 54030s
 117185467 15676312   21.02128   47  181          -   19.51037      -  64.5 54035s
 117197471 15676698   20.76923   43   86          -   19.51060      -  64.5 54040s
 117208559 15676863     cutoff   40               -   19.51076      -  64.5 54045s
 117219719 15677171   20.16120   36  192          -   19.51096      -  64.5 54050s
 117231352 15677455     cutoff   37               -   19.51111      -  64.5 54055s
 117242789 15677875   19.79711   48  179          -   19.51134      -  64.5 54060s
 117253971 15678222   20.21212   46  111          -   19.51151      -  64.5 54065s
 117264805 15678427   20.89865   39  161          -   19.51164      -  64.5 54070s
 117276252 15678766 infeasible   50               -   19.51188      -  64.5 54075s
 117287930 15679044   20.20481   35  186          -   19.51209      -  64.5 54083s
 117292127 15679169   19.64854   35  209          -   19.51217      -  64.5 54085s
 117303580 15679444     cutoff   36               -   19.51229      -  64.5 54090s
 117314802 15679810     cutoff   41               -   19.51250      -  64.5 54095s
 117325906 15680199   19.75237   40  133          -   19.51274      -  64.5 54100s
 117337449 15680453   21.11251   35  156          -   19.51282      -  64.5 54105s
 117349273 15680858   20.55469   44  176          -   19.51307      -  64.5 54110s
 117360477 15681199   20.45817   37  191          -   19.51326      -  64.5 54115s
 117371877 15681613   21.28206   40  172          -   19.51349      -  64.5 54120s
 117383190 15681862   20.03783   37  207          -   19.51361      -  64.5 54125s
 117393598 15682202   20.67301   34  161          -   19.51383      -  64.5 54130s
 117405398 15682501   19.92264   45  214          -   19.51402      -  64.5 54135s
 117416776 15682878   19.77893   46  228          -   19.51425      -  64.5 54140s
 117428303 15683028   19.84528   42  197          -   19.51432      -  64.5 54145s
 117439081 15683369   20.18192   32  156          -   19.51453      -  64.5 54150s
 117450533 15683721     cutoff   35               -   19.51471      -  64.5 54155s
 117462011 15684082   21.25803   37  174          -   19.51493      -  64.5 54160s
 117473517 15684360     cutoff   50               -   19.51515      -  64.5 54165s
 117484764 15684667   20.19312   44  177          -   19.51522      -  64.5 54170s
 117495854 15685045   20.39474   41  164          -   19.51543      -  64.5 54175s
 117507177 15685241     cutoff   48               -   19.51563      -  64.5 54180s
 117518618 15685744   20.30147   37  172          -   19.51583      -  64.5 54185s
 117530123 15686138   21.28982   43  174          -   19.51603      -  64.5 54190s
 117541797 15686341   20.73684   42  130          -   19.51613      -  64.5 54195s
 117553189 15686697   19.89039   39  199          -   19.51634      -  64.5 54200s
 117564712 15687062   20.54098   43  209          -   19.51656      -  64.5 54205s
 117576546 15687398     cutoff   44               -   19.51671      -  64.5 54210s
 117587753 15687719     cutoff   39               -   19.51694      -  64.5 54215s
 117599243 15687980   21.50219   37  214          -   19.51716      -  64.5 54220s
 117610781 15688174   21.62691   40  224          -   19.51724      -  64.5 54225s
 117622090 15688473   20.07911   36  206          -   19.51744      -  64.5 54230s
 117628551 15688631   19.86749   43  196          -   19.51754      -  64.5 54235s
 117639504 15688967   20.46307   39  235          -   19.51775      -  64.5 54240s
 117650196 15689247   19.69701   32  197          -   19.51789      -  64.5 54245s
 117661692 15689659   21.79910   43  192          -   19.51812      -  64.5 54250s
 117672979 15689979   21.43750   56  105          -   19.51833      -  64.5 54255s
 117684508 15690366   20.27184   45  161          -   19.51852      -  64.5 54260s
 117695444 15690408     cutoff   46               -   19.51852      -  64.5 54265s
 117707328 15690728   20.48836   41  195          -   19.51877      -  64.5 54270s
 117717658 15690967   20.99606   40  166          -   19.51899      -  64.5 54275s
 117728798 15691325   20.49654   39  232          -   19.51921      -  64.5 54280s
 117739758 15691557   20.20938   43  215          -   19.51933      -  64.5 54285s
 117751376 15691968   20.46916   43  231          -   19.51953      -  64.5 54290s
 117762805 15692353   20.46437   39  216          -   19.51972      -  64.5 54295s
 117773513 15692682   20.50750   44  213          -   19.51994      -  64.5 54300s
 117784598 15692840     cutoff   44               -   19.52000      -  64.5 54305s
 117796169 15693115   20.37320   34  172          -   19.52014      -  64.5 54310s
 117807454 15693523   21.75393   43  176          -   19.52036      -  64.5 54315s
 117819048 15693855   21.19596   46  168          -   19.52055      -  64.5 54320s
 117830557 15694246   20.38982   40  176          -   19.52078      -  64.5 54325s
 117842290 15694526   21.78400   42  171          -   19.52089      -  64.5 54330s
 117853924 15694730     cutoff   51               -   19.52113      -  64.5 54335s
 117865548 15695123   20.75684   40  183          -   19.52129      -  64.5 54340s
 117876955 15695411   19.93167   47  168          -   19.52152      -  64.5 54345s
 117888515 15695741   21.00000   52   71          -   19.52174      -  64.5 54350s
 117900035 15695719   20.80040   44  139          -   19.52174      -  64.5 54355s
 117911672 15696063   21.45308   38  211          -   19.52190      -  64.5 54360s
 117923288 15696375   20.04424   35  193          -   19.52212      -  64.5 54365s
 117934690 15696717   19.73438   47  248          -   19.52232      -  64.5 54370s
 117946015 15696987   21.18228   43  208          -   19.52252      -  64.5 54375s
 117957505 15697379   20.79340   41  193          -   19.52273      -  64.5 54380s
 117968780 15697702   20.12214   40  143          -   19.52285      -  64.5 54385s
 117974404 15697861   20.29870   40  111          -   19.52296      -  64.5 54390s
 117985587 15698204   19.78099   36  169          -   19.52316      -  64.5 54395s
 117997043 15698542   20.63112   42  172          -   19.52336      -  64.5 54400s
 118008225 15698892   19.79540   36  213          -   19.52356      -  64.5 54405s
 118019942 15699256   21.04620   40  154          -   19.52381      -  64.5 54410s
 118031247 15699266   20.27711   43  170          -   19.52381      -  64.5 54415s
 118041761 15699319   20.69761   32  206          -   19.52381      -  64.5 54420s
 118052700 15699710   22.05897   40  169          -   19.52406      -  64.5 54425s
 118064119 15700024     cutoff   46               -   19.52427      -  64.5 54430s
 118075905 15700389   22.17434   45  193          -   19.52446      -  64.5 54435s
 118087451 15700773   21.02498   40  172          -   19.52466      -  64.5 54440s
 118098569 15701139   20.49251   32  140          -   19.52490      -  64.5 54445s
 118110201 15701320     cutoff   37               -   19.52500      -  64.5 54450s
 118121324 15701727   20.45190   41  166          -   19.52520      -  64.5 54455s
 118131940 15702003   21.01844   40  219          -   19.52539      -  64.5 54460s
 118142941 15702338     cutoff   49               -   19.52555      -  64.5 54465s
 118154246 15702627     cutoff   46               -   19.52575      -  64.5 54470s
 118164903 15702929   20.18405   36  202          -   19.52595      -  64.5 54475s
 118176593 15703315   20.20093   42  153          -   19.52616      -  64.5 54480s
 118188248 15703570   20.80649   37  187          -   19.52632      -  64.5 54485s
 118198532 15703483   20.65013   46  166          -   19.52632      -  64.5 54490s
 118209989 15703602   21.86242   41  170          -   19.52632      -  64.5 54495s
 118221218 15703962   20.74249   37  204          -   19.52660      -  64.5 54500s
 118232334 15704302   20.37500   39  120          -   19.52679      -  64.5 54505s
 118243088 15704626   21.15127   39  195          -   19.52699      -  64.5 54510s
 118255210 15704930   20.60524   44  195          -   19.52718      -  64.5 54515s
 118265524 15705247   20.36310   46  146          -   19.52735      -  64.5 54520s
 118277436 15705606 infeasible   42               -   19.52756      -  64.5 54525s
 118288905 15705921   21.54245   47  190          -   19.52778      -  64.5 54530s
 118299697 15706024   20.36598   38  209          -   19.52780      -  64.5 54535s
 118311006 15706148   20.47046   41  211          -   19.52808      -  64.5 54540s
 118316965 15706316 infeasible   41               -   19.52820      -  64.5 54545s
 118328575 15706640   21.52424   38  206          -   19.52838      -  64.5 54550s
 118339829 15707046   19.95455   50  163          -   19.52857      -  64.5 54555s
 118351609 15707483   20.25581   39  174          -   19.52880      -  64.5 54560s
 118362132 15707795 infeasible   42               -   19.52901      -  64.5 54565s
 118373324 15708086   21.43596   36  171          -   19.52926      -  64.5 54570s
 118384292 15708251   19.96951   37  159          -   19.52941      -  64.5 54575s
 118396104 15708430   20.16742   33  180          -   19.52941      -  64.5 54580s
 118406366 15708377   20.45385   38  171          -   19.52941      -  64.5 54585s
 118416867 15708634     cutoff   54               -   19.52954      -  64.5 54590s
 118428153 15709002   21.02976   40  153          -   19.52981      -  64.5 54595s
 118438918 15709402     cutoff   46               -   19.53000      -  64.5 54600s
 118450393 15709666   21.05364   42  158          -   19.53020      -  64.5 54605s
 118461537 15709855   20.50226   42  195          -   19.53037      -  64.5 54610s
 118472019 15710234   21.17947   33  173          -   19.53056      -  64.5 54615s
 118484005 15710632   21.14133   43  198          -   19.53073      -  64.5 54620s
 118494903 15710915   21.08000   37  119          -   19.53091      -  64.5 54625s
 118505143 15711304   19.93237   36  208          -   19.53112      -  64.5 54630s
 118517169 15711549   19.91379   57  161          -   19.53125      -  64.5 54635s
 118527991 15711711   20.12380   44  196          -   19.53132      -  64.5 54640s
 118539252 15712006   21.03315   34  192          -   19.53155      -  64.5 54645s
 118549905 15712244   20.85536   41  183          -   19.53175      -  64.5 54650s
 118561225 15712551   21.31033   41  204          -   19.53191      -  64.5 54655s
 118572460 15712965   19.82139   35  171          -   19.53209      -  64.5 54660s
 118583754 15713319   20.12559   41  202          -   19.53226      -  64.5 54665s
 118595010 15713685   20.49063   34  204          -   19.53244      -  64.5 54670s
 118605681 15714006   20.11976   38  228          -   19.53261      -  64.5 54675s
 118616997 15714348   20.23953   43  232          -   19.53283      -  64.5 54680s
 118627647 15714670   20.63306   39  190          -   19.53306      -  64.5 54687s
 118634338 15714905   20.48932   41  231          -   19.53319      -  64.5 54690s
 118646476 15715187 infeasible   36               -   19.53333      -  64.5 54695s
 118657465 15715140   20.02882   39  161          -   19.53333      -  64.5 54700s
 118667456 15714991   20.89942   39  193          -   19.53333      -  64.5 54705s
 118679003 15714942   20.89007   39  137          -   19.53333      -  64.5 54710s
 118689413 15715043   20.82619   42  182          -   19.53349      -  64.5 54715s
 118692019 15715180   20.02928   35  213          -   19.53358      -  64.5 54720s
 118692099 15715247   20.69231   37  211          -   19.53361      -  64.5 54725s
 118692144 15715283   19.69205   44  188          -   19.53363      -  64.5 54731s
 118692152 15715288   20.16728   34  230          -   19.53364      -  64.5 54736s
 118692182 15715306     cutoff   46               -   19.53365      -  64.5 54740s
 118692220 15715340   20.57719   41  191          -   19.53367      -  64.5 54745s
 118692851 15715371   20.35861   36  199          -   19.53368      -  64.5 54753s
 118693576 15715379     cutoff   45               -   19.53369      -  64.5 54757s
 118694380 15715395   20.65586   37  177          -   19.53370      -  64.5 54763s
 118695232 15715408   21.45087   39  176          -   19.53371      -  64.5 54767s
 118698256 15715442   19.63051   33  213          -   19.53372      -  64.5 54771s
 118704105 15715481   20.41898   42  191          -   19.53385      -  64.5 54775s
 118713374 15715763   21.08661   39  206          -   19.53403      -  64.5 54780s
 118725473 15716145   19.97534   48  218          -   19.53425      -  64.5 54785s
 118735994 15716511   21.13388   43  173          -   19.53443      -  64.5 54790s
 118747402 15716814   20.65912   53  193          -   19.53460      -  64.5 54795s
 118759138 15717266   22.04117   38  202          -   19.53484      -  64.5 54800s
 118770247 15717523   19.92010   34  142          -   19.53497      -  64.5 54805s
 118781537 15717842   19.87959   41  190          -   19.53517      -  64.5 54810s
 118792545 15718259   19.87851   42  214          -   19.53535      -  64.5 54815s
 118804209 15718600   20.59504   38  203          -   19.53556      -  64.5 54820s
 118815836 15718939   19.98750   38  117          -   19.53571      -  64.5 54825s
 118827279 15718979   19.99277   39  135          -   19.53571      -  64.5 54830s
 118838529 15719292   20.04663   43  183          -   19.53591      -  64.5 54835s
 118848935 15719660   21.83574   42  179          -   19.53609      -  64.5 54840s
 118860596 15720025     cutoff   46               -   19.53629      -  64.5 54845s
 118872349 15720490     cutoff   41               -   19.53649      -  64.5 54850s
 118883242 15720749     cutoff   40               -   19.53660      -  64.5 54855s
 118894456 15721247   20.13365   43  178          -   19.53683      -  64.5 54860s
 118905405 15721532   20.71588   30  204          -   19.53704      -  64.5 54865s
 118916721 15721714   20.68642   37  182          -   19.53719      -  64.5 54870s
 118927890 15722030   20.23328   45  189          -   19.53738      -  64.5 54875s
 118939842 15722556   21.00560   39  234          -   19.53756      -  64.5 54880s
 118946054 15722746   21.02656   45  201          -   19.53768      -  64.5 54885s
 118957303 15723130   21.34896   42  139          -   19.53787      -  64.5 54890s
 118969043 15723461   20.14045   46  146          -   19.53804      -  64.5 54895s
 118980527 15723831   20.91906   34  156          -   19.53830      -  64.5 54900s
 118990975 15724084   20.24818   43  131          -   19.53846      -  64.5 54905s
 119002059 15724083   22.11013   36  222          -   19.53846      -  64.5 54910s
 119012969 15724090     cutoff   43               -   19.53846      -  64.5 54915s
 119024616 15724051   20.56601   37  202          -   19.53846      -  64.5 54920s
 119035513 15724010   21.71877   42  159          -   19.53846      -  64.5 54925s
 119047031 15724127   21.28369   37  184          -   19.53858      -  64.5 54930s
 119058036 15724570   20.99502   39  178          -   19.53883      -  64.5 54935s
 119069410 15724920   21.15889   45  120          -   19.53904      -  64.5 54940s
 119081088 15725278   20.59493   35  214          -   19.53922      -  64.5 54945s
 119092332 15725633   21.13177   39  165          -   19.53944      -  64.5 54950s
 119103875 15725949   21.03852   39  204          -   19.53960      -  64.5 54955s
 119115167 15726269     cutoff   44               -   19.53977      -  64.5 54960s
 119126438 15726566   21.82240   40  164          -   19.54000      -  64.5 54965s
 119138160 15726833   20.20769   40  134          -   19.54015      -  64.5 54970s
 119149389 15727168   20.65822   41  255          -   19.54033      -  64.5 54975s
 119161489 15727497     cutoff   44               -   19.54054      -  64.5 54980s
 119173213 15727737   21.86998   42  189          -   19.54067      -  64.5 54985s
 119184517 15728051   21.23694   34  199          -   19.54087      -  64.5 54990s
 119196412 15728461   21.69030   40  228          -   19.54103      -  64.5 54995s
 119207078 15728780   20.63900   36  175          -   19.54125      -  64.5 55000s
 119218729 15729259   20.13386   45  169          -   19.54146      -  64.6 55005s
 119229991 15729416     cutoff   35               -   19.54167      -  64.6 55010s
 119241655 15729511   19.62069   52  109          -   19.54167      -  64.6 55015s
 119252879 15729533     cutoff   44               -   19.54167      -  64.6 55020s
 119264369 15729935   19.78439   45  236          -   19.54192      -  64.6 55025s
 119270552 15730133 infeasible   43               -   19.54206      -  64.6 55030s
 119270680 15730217   20.03302   50  165          -   19.54213      -  64.6 55035s
 119270958 15730313   22.01194   41  206          -   19.54217      -  64.6 55040s
 119273187 15730415   20.75877   41  168          -   19.54222      -  64.6 55045s
 119281461 15730494   20.88696   41  138          -   19.54237      -  64.6 55050s
 119292440 15730758   20.47291   39  160          -   19.54255      -  64.6 55055s
 119303929 15731093   19.89419   40  202          -   19.54279      -  64.6 55060s
 119316114 15731349   19.65619   42  157          -   19.54288      -  64.6 55065s
 119327820 15731764   19.79205   49  213          -   19.54310      -  64.6 55070s
 119338715 15732157   21.00193   39  138          -   19.54328      -  64.6 55075s
 119350099 15732359   20.57778   39  124          -   19.54348      -  64.6 55080s
 119361486 15732696   20.00000   47   36          -   19.54363      -  64.6 55085s
 119372560 15732968     cutoff   47               -   19.54386      -  64.6 55090s
 119383975 15733214   20.16472   40  216          -   19.54400      -  64.6 55095s
 119395248 15733597   20.00697   48  181          -   19.54417      -  64.6 55100s
 119406764 15733904   20.22272   42  189          -   19.54440      -  64.6 55105s
 119417760 15734212   19.60567   39  196          -   19.54460      -  64.6 55110s
 119429831 15734563   20.42814   39  226          -   19.54482      -  64.6 55115s
 119441354 15734888     cutoff   45               -   19.54505      -  64.6 55120s
 119452378 15735227     cutoff   36               -   19.54528      -  64.6 55125s
 119464058 15735480   20.00000   37    7          -   19.54545      -  64.6 55130s
 119476082 15735413     cutoff   37               -   19.54545      -  64.6 55135s
 119487017 15735392 infeasible   43               -   19.54545      -  64.6 55140s
 119498010 15735261   21.63768   38  227          -   19.54545      -  64.6 55145s
 119509113 15735201     cutoff   36               -   19.54545      -  64.6 55150s
 119520832 15735161   21.00000   42   11          -   19.54545      -  64.6 55155s
 119532738 15735205   19.80000   37  101          -   19.54545      -  64.6 55160s
 119544244 15735520 infeasible   53               -   19.54563      -  64.6 55165s
 119555628 15735899   21.26907   37  183          -   19.54587      -  64.6 55170s
 119566910 15736165   21.48815   41  187          -   19.54610      -  64.6 55175s
 119578633 15736571   20.65189   37  170          -   19.54633      -  64.6 55180s
 119590368 15736863     cutoff   42               -   19.54651      -  64.6 55185s
 119602382 15737108   21.37330   35  197          -   19.54675      -  64.6 55190s
 119613895 15737415   19.94405   35  176          -   19.54691      -  64.6 55195s
 119620400 15737695   20.25302   36  206          -   19.54703      -  64.6 55200s
 119632064 15737923   20.42083   39  122          -   19.54720      -  64.6 55205s
 119643439 15738261   20.72804   36  207          -   19.54740      -  64.6 55210s
 119653825 15738506   19.90827   42  197          -   19.54762      -  64.6 55215s
 119665555 15738608   19.90998   41  241          -   19.54768      -  64.6 55220s
 119676442 15738951     cutoff   48               -   19.54791      -  64.6 55225s
 119688429 15739205   21.62918   44  163          -   19.54812      -  64.6 55230s
 119699544 15739491   19.89285   55  231          -   19.54835      -  64.6 55235s
 119711174 15739615   21.04641   47  203          -   19.54839      -  64.6 55240s
 119723045 15739994   21.16646   31  211          -   19.54864      -  64.6 55245s
 119734482 15740278   20.50624   34  202          -   19.54886      -  64.6 55250s
 119746159 15740562   20.67568   38  166          -   19.54902      -  64.6 55255s
 119757807 15740860   21.14074   40  230          -   19.54925      -  64.6 55260s
 119769808 15741243   21.04864   52  130          -   19.54945      -  64.6 55265s
 119781118 15741662   20.76852   33  102          -   19.54966      -  64.6 55270s
 119792256 15741986   20.26629   38  203          -   19.54989      -  64.6 55275s
 119803322 15742043 infeasible   45               -   19.55000      -  64.6 55280s
 119815648 15742046   21.66667   44  141          -   19.55000      -  64.6 55285s
 119826642 15742136     cutoff   41               -   19.55000      -  64.6 55290s
 119837837 15742428   21.61538   49  121          -   19.55016      -  64.6 55295s
 119849682 15742683     cutoff   42               -   19.55039      -  64.6 55300s
 119861225 15743123   19.99123   42  185          -   19.55059      -  64.6 55305s
 119872845 15743407   21.57955   43  203          -   19.55078      -  64.6 55310s
 119884956 15743771   21.57876   44  211          -   19.55102      -  64.6 55315s
 119896329 15744093   19.92681   39  168          -   19.55118      -  64.6 55320s
 119907814 15744417   20.52898   38  182          -   19.55136      -  64.6 55325s
 119919298 15744694   21.72096   44  202          -   19.55158      -  64.6 55330s
 119931567 15744914   21.68699   40  201          -   19.55172      -  64.6 55335s
 119941202 15745100   19.99516   40  190          -   19.55178      -  64.6 55341s
 119949063 15745439   20.37393   33  214          -   19.55191      -  64.6 55345s
 119960502 15745805   20.66115   41  192          -   19.55212      -  64.6 55350s
 119971588 15746079   20.86474   43  158          -   19.55233      -  64.6 55355s
 119983414 15746496   19.92420   32  196          -   19.55256      -  64.6 55360s
 119995158 15746695   20.53898   51  235          -   19.55263      -  64.6 55365s
 120007347 15747150     cutoff   46               -   19.55278      -  64.6 55370s
 120019303 15747550   21.09099   36  214          -   19.55300      -  64.6 55375s
 120031623 15747778   19.83113   44  227          -   19.55319      -  64.6 55380s
 120042800 15748015   21.55324   45  142          -   19.55340      -  64.6 55385s
 120054075 15748249   19.96607   42  186          -   19.55357      -  64.6 55390s
 120066494 15748575   20.00835   52  219          -   19.55381      -  64.6 55395s
 120078679 15748951     cutoff   46               -   19.55398      -  64.6 55400s
 120089590 15749238   21.33204   40  201          -   19.55419      -  64.6 55405s
 120101202 15749515   21.50218   41  202          -   19.55438      -  64.6 55410s
 120113151 15749886 infeasible   49               -   19.55462      -  64.6 55415s
 120124600 15750318   21.18085   52  175          -   19.55481      -  64.6 55420s
 120136397 15750693 infeasible   45               -   19.55502      -  64.6 55425s
 120149016 15751165   21.26237   44  183          -   19.55526      -  64.6 55430s
 120160943 15751571     cutoff   43               -   19.55556      -  64.6 55435s
 120172953 15751590 infeasible   48               -   19.55556      -  64.6 55440s
 120184738 15751617     cutoff   51               -   19.55556      -  64.6 55445s
 120197005 15751575   21.20495   37  170          -   19.55556      -  64.6 55450s
 120207945 15751366   20.00000   35   37          -   19.55556      -  64.6 55455s
 120218801 15751195     cutoff   40               -   19.55556      -  64.6 55460s
 120230587 15751218   20.39394   42  119          -   19.55556      -  64.6 55465s
 120241580 15751090   21.46960   41  196          -   19.55556      -  64.6 55470s
 120253029 15750892   21.71554   39  157          -   19.55556      -  64.6 55475s
 120264641 15750893   20.24117   39  199          -   19.55556      -  64.6 55480s
 120276055 15750920     cutoff   37               -   19.55556      -  64.6 55485s
 120288053 15751371   19.78741   37  151          -   19.55581      -  64.6 55490s
 120295390 15751613   21.40217   37  144          -   19.55598      -  64.6 55495s
 120305561 15751931     cutoff   47               -   19.55621      -  64.6 55500s
 120316852 15752347   20.98558   36  153          -   19.55643      -  64.6 55505s
 120328041 15752630   20.34058   38  164          -   19.55661      -  64.6 55510s
 120339658 15752903     cutoff   40               -   19.55682      -  64.6 55515s
 120351824 15753236   20.37500   37  111          -   19.55703      -  64.6 55520s
 120362687 15753495   20.55779   39  129          -   19.55724      -  64.6 55525s
 120373937 15753894   20.11971   36  178          -   19.55740      -  64.6 55530s
 120385707 15754359   20.09770   34  178          -   19.55761      -  64.6 55535s
 120396980 15754522     cutoff   38               -   19.55776      -  64.6 55540s
 120408133 15754809     cutoff   53               -   19.55797      -  64.6 55545s
 120419832 15755087 infeasible   48               -   19.55814      -  64.6 55550s
 120431740 15755566   20.19309   31  161          -   19.55834      -  64.6 55555s
 120442939 15755854     cutoff   42               -   19.55856      -  64.6 55560s
 120454666 15756311   20.23017   41  137          -   19.55877      -  64.6 55565s
 120465454 15756329   21.84239   41  170          -   19.55882      -  64.6 55570s
 120476686 15756613   20.63392   39  174          -   19.55897      -  64.6 55575s
 120487831 15756820   20.12903   49  212          -   19.55919      -  64.6 55580s
 120498343 15757139   21.51095   45  154          -   19.55937      -  64.6 55585s
 120509661 15757396   20.61776   39  156          -   19.55956      -  64.6 55590s
 120520893 15757601   20.26531   49  157          -   19.55977      -  64.6 55595s
 120531789 15757936   20.89662   46  197          -   19.56000      -  64.6 55600s
 120542869 15757990   20.06551   40  216          -   19.56000      -  64.6 55605s
 120554283 15758191   20.05866   42  190          -   19.56013      -  64.6 55610s
 120565716 15758529   20.00940   45  225          -   19.56034      -  64.6 55615s
 120576889 15758887   21.79919   38  182          -   19.56053      -  64.6 55620s
 120588357 15759155     cutoff   47               -   19.56069      -  64.6 55625s
 120599158 15759341   20.70181   39  164          -   19.56091      -  64.6 55630s
 120604693 15759404   20.84912   45  189          -   19.56098      -  64.6 55635s
 120616361 15759716   20.68663   40  199          -   19.56114      -  64.6 55640s
 120627946 15760019   21.16667   43   68          -   19.56138      -  64.6 55645s
 120639629 15760251   20.89226   36  178          -   19.56157      -  64.6 55650s
 120650279 15760557     cutoff   49               -   19.56179      -  64.6 55655s
 120661285 15760747   21.16198   41  210          -   19.56199      -  64.6 55660s
 120672708 15761090   20.61745   42  191          -   19.56221      -  64.6 55665s
 120683953 15761536     cutoff   43               -   19.56246      -  64.6 55670s
 120695920 15761662   21.22863   41  162          -   19.56250      -  64.6 55675s
 120706833 15761604     cutoff   48               -   19.56250      -  64.6 55680s
 120717642 15761436 infeasible   47               -   19.56250      -  64.6 55685s
 120729004 15761403   20.82162   37  202          -   19.56250      -  64.6 55690s
 120740064 15761419   21.43398   38  206          -   19.56250      -  64.6 55695s
 120750744 15761840   20.25614   40  204          -   19.56276      -  64.6 55700s
 120762347 15762119   19.86143   48  230          -   19.56297      -  64.6 55705s
 120773514 15762504   20.62873   34  210          -   19.56319      -  64.6 55710s
 120784234 15762773   21.20315   40  181          -   19.56338      -  64.6 55715s
 120795706 15763045   20.58406   33  202          -   19.56357      -  64.6 55720s
 120807259 15763366   19.79201   40  169          -   19.56373      -  64.6 55725s
 120818029 15763571   22.03002   38  202          -   19.56394      -  64.6 55730s
 120828527 15763736   21.93570   48  204          -   19.56410      -  64.6 55735s
 120839847 15763943   21.38320   47  170          -   19.56424      -  64.6 55740s
 120851610 15764282   21.21481   37  205          -   19.56445      -  64.6 55745s
 120863001 15764594   21.92343   45  217          -   19.56461      -  64.6 55750s
 120875263 15764860   21.95157   43  206          -   19.56479      -  64.6 55755s
 120886785 15765197   21.27549   43  176          -   19.56499      -  64.6 55760s
 120898340 15765557   20.97101   36  175          -   19.56522      -  64.6 55765s
 120909757 15765663   19.95113   44  160          -   19.56522      -  64.6 55770s
 120921152 15765755   20.06730   40  259          -   19.56529      -  64.6 55775s
 120932128 15766163 infeasible   53               -   19.56552      -  64.6 55780s
 120938591 15766328   21.15348   36  199          -   19.56565      -  64.6 55785s
 120949689 15766576   20.48774   36  206          -   19.56582      -  64.6 55790s
 120961079 15766931   20.75843   37  155          -   19.56604      -  64.6 55795s
 120972664 15767263   22.06634   39  204          -   19.56622      -  64.6 55800s
 120983431 15767563   19.97082   53  188          -   19.56644      -  64.6 55805s
 120994876 15767776   20.15989   37  173          -   19.56667      -  64.6 55810s
 121006021 15767748   21.84333   37  155          -   19.56667      -  64.6 55815s
 121016886 15767930   21.38192   32  206          -   19.56680      -  64.6 55820s
 121027891 15768201   20.38371   43  210          -   19.56701      -  64.6 55825s
 121039606 15768470   21.26150   36  162          -   19.56719      -  64.6 55830s
 121050401 15768757   20.65372   40  170          -   19.56742      -  64.6 55835s
 121061357 15769004     cutoff   45               -   19.56757      -  64.6 55840s
 121073193 15769311 infeasible   45               -   19.56774      -  64.6 55845s
 121084168 15769644   20.51690   38  179          -   19.56793      -  64.6 55850s
 121095516 15770026     cutoff   43               -   19.56815      -  64.6 55855s
 121106187 15770227   21.38235   30  135          -   19.56819      -  64.6 55860s
 121117383 15770508   20.17045   55  165          -   19.56842      -  64.6 55865s
 121128430 15770831   20.92204   33  182          -   19.56863      -  64.6 55870s
 121139213 15771122     cutoff   51               -   19.56880      -  64.6 55875s
 121150762 15771420   20.95728   37  145          -   19.56897      -  64.6 55880s
 121161082 15771656   21.61866   37  188          -   19.56918      -  64.6 55885s
 121172640 15771888   20.32591   37  177          -   19.56934      -  64.6 55890s
 121184163 15772090   21.44868   46  240          -   19.56952      -  64.6 55895s
 121195708 15772442 infeasible   41               -   19.56972      -  64.6 55900s
 121206832 15772751   21.00000   42   17          -   19.56992      -  64.6 55905s
 121217047 15772992   20.04408   53  173          -   19.57012      -  64.6 55910s
 121228301 15773298     cutoff   47               -   19.57033      -  64.6 55915s
 121239616 15773613     cutoff   39               -   19.57054      -  64.6 55920s
 121251184 15773994   20.37315   40  158          -   19.57075      -  64.6 55926s
 121258008 15774157   20.77437   39  227          -   19.57091      -  64.6 55930s
 121270028 15774531   20.17525   32  210          -   19.57119      -  64.6 55935s
 121280694 15774803   20.68011   39  162          -   19.57143      -  64.6 55940s
 121292131 15774748   20.61446   38  124          -   19.57143      -  64.6 55945s
 121303697 15774832   20.56452   36  157          -   19.57143      -  64.6 55950s
 121314240 15774691 infeasible   42               -   19.57143      -  64.6 55955s
 121324885 15774635   20.60716   39  167          -   19.57143      -  64.6 55960s
 121334733 15774426   20.12975   41  124          -   19.57143      -  64.6 55965s
 121345569 15774161 infeasible   42               -   19.57143      -  64.6 55970s
 121356426 15773997   20.88722   43  156          -   19.57143      -  64.6 55975s
 121367004 15773816   21.09458   37  192          -   19.57143      -  64.6 55980s
 121377508 15773610   21.75000   41   69          -   19.57143      -  64.6 55985s
 121388227 15773412   21.01917   42  145          -   19.57143      -  64.6 55990s
 121397999 15773150   20.10098   38  227          -   19.57143      -  64.6 55995s
 121408906 15772900   21.47912   38  192          -   19.57143      -  64.7 56000s
 121419293 15772636   21.00000   43  119          -   19.57143      -  64.7 56005s
 121429313 15772417   21.50752   43  159          -   19.57143      -  64.7 56010s
 121439990 15772233 infeasible   51               -   19.57143      -  64.7 56015s
 121451581 15772328 infeasible   38               -   19.57143      -  64.7 56020s
 121463089 15772664     cutoff   42               -   19.57176      -  64.7 56025s
 121474127 15772967 infeasible   48               -   19.57198      -  64.7 56030s
 121485482 15773224   20.65836   38  199          -   19.57222      -  64.7 56035s
 121495952 15773573   20.09219   41  169          -   19.57242      -  64.7 56040s
 121507898 15773876     cutoff   46               -   19.57264      -  64.7 56045s
 121518854 15774151   20.32500   42  103          -   19.57282      -  64.7 56050s
 121530035 15774461 infeasible   49               -   19.57301      -  64.7 56055s
 121540875 15774769     cutoff   53               -   19.57319      -  64.7 56060s
 121551945 15775156   21.33090   44  138          -   19.57338      -  64.7 56065s
 121563117 15775469   20.28162   34  199          -   19.57355      -  64.7 56070s
 121574481 15775671   21.64454   40  154          -   19.57377      -  64.7 56075s
 121585732 15775924   20.38215   47  180          -   19.57396      -  64.7 56080s
 121597148 15776135     cutoff   43               -   19.57409      -  64.7 56085s
 121608459 15776410   20.87359   36  202          -   19.57432      -  64.7 56090s
 121619849 15776799   21.04492   37  210          -   19.57448      -  64.7 56095s
 121631062 15777059   19.81819   37  212          -   19.57470      -  64.7 56100s
 121642420 15777453   21.24936   40  178          -   19.57491      -  64.7 56105s
 121654232 15777576   21.27368   42  191          -   19.57500      -  64.7 56110s
 121665099 15777864     cutoff   43               -   19.57522      -  64.7 56115s
 121676489 15778195     cutoff   49               -   19.57542      -  64.7 56120s
 121687956 15778430   20.71598   50  190          -   19.57563      -  64.7 56125s
 121695110 15778612     cutoff   47               -   19.57576      -  64.7 56130s
 121706463 15778718   19.76277   42  187          -   19.57584      -  64.7 56135s
 121714463 15778973   20.98499   43  205          -   19.57602      -  64.7 56140s
 121723050 15779178   20.46015   42  189          -   19.57616      -  64.7 56145s
 121734092 15779446   20.45000   43  151          -   19.57635      -  64.7 56150s
 121744830 15779735     cutoff   43               -   19.57653      -  64.7 56155s
 121756626 15780042   20.73484   42  216          -   19.57673      -  64.7 56160s
 121767326 15780329   21.37122   36  195          -   19.57692      -  64.7 56165s
 121778679 15780300   21.00000   44   55          -   19.57692      -  64.7 56170s
 121789761 15780446 infeasible   41               -   19.57702      -  64.7 56175s
 121800741 15780895   21.09386   38  188          -   19.57724      -  64.7 56180s
 121812495 15781146   20.77084   39  212          -   19.57744      -  64.7 56185s
 121822817 15781436   20.78389   50  164          -   19.57762      -  64.7 56190s
 121833999 15781673   19.76049   43  181          -   19.57778      -  64.7 56195s
 121845841 15781971   19.75000   38   37          -   19.57798      -  64.7 56200s
 121856548 15782194   21.68901   33  148          -   19.57813      -  64.7 56205s
 121867251 15782369   21.90421   40  179          -   19.57834      -  64.7 56210s
 121878715 15782530     cutoff   42               -   19.57853      -  64.7 56215s
 121889079 15782817     cutoff   46               -   19.57874      -  64.7 56220s
 121900557 15783008   20.73798   37  194          -   19.57895      -  64.7 56225s
 121911611 15782958   21.01002   47  155          -   19.57895      -  64.7 56230s
 121922383 15782997     cutoff   36               -   19.57895      -  64.7 56235s
 121933409 15783132     cutoff   39               -   19.57910      -  64.7 56240s
 121944717 15783419   21.59046   43  217          -   19.57931      -  64.7 56245s
 121955190 15783685     cutoff   56               -   19.57952      -  64.7 56250s
 121966446 15783980   21.34722   37  199          -   19.57971      -  64.7 56255s
 121977703 15784292   21.75387   44  207          -   19.57990      -  64.7 56260s
 121989416 15784492   21.33218   38  156          -   19.58005      -  64.7 56265s
 121999769 15784770   19.82572   34  176          -   19.58026      -  64.7 56270s
 122011325 15785030   19.95553   38  199          -   19.58049      -  64.7 56275s
 122022070 15785139   20.45820   35  202          -   19.58065      -  64.7 56280s
 122032417 15785279   19.77160   36  213          -   19.58071      -  64.7 56285s
 122044144 15785568   20.87408   40  175          -   19.58093      -  64.7 56290s
 122051416 15785784     cutoff   39               -   19.58107      -  64.7 56295s
 122062067 15786076 infeasible   44               -   19.58125      -  64.7 56300s
 122073691 15786262   20.62500   46   80          -   19.58140      -  64.7 56305s
 122084946 15786462   20.80645   38  121          -   19.58160      -  64.7 56310s
 122095566 15786724   22.03717   49  169          -   19.58180      -  64.7 56315s
 122107058 15787011   21.40209   42  186          -   19.58197      -  64.7 56320s
 122110258 15787005   20.00000   34   10          -   19.58203      -  64.7 56336s
 122124890 15787044   20.06472   38  143          -   19.58221      -  64.7 56340s
 122136069 15787246   21.47845   38  176          -   19.58242      -  64.7 56345s
 122147318 15787517     cutoff   42               -   19.58263      -  64.7 56350s
 122158397 15787734   20.93290   38  183          -   19.58285      -  64.7 56355s
 122169269 15788071   21.27087   32  184          -   19.58307      -  64.7 56360s
 122180012 15788396   20.94971   39  183          -   19.58333      -  64.7 56365s
 122191159 15788391     cutoff   50               -   19.58333      -  64.7 56370s
 122201164 15788210     cutoff   37               -   19.58333      -  64.7 56375s
 122212314 15788140   20.10000   60  117          -   19.58333      -  64.7 56380s
 122222680 15787906   19.92715   37  187          -   19.58333      -  64.7 56385s
 122233741 15787793 infeasible   40               -   19.58333      -  64.7 56390s
 122244852 15787633   21.23292   41  204          -   19.58333      -  64.7 56395s
 122254994 15787511     cutoff   52               -   19.58333      -  64.7 56400s
 122266595 15787355   21.50265   41  210          -   19.58333      -  64.7 56405s
 122277781 15787450   20.25750   39  185          -   19.58333      -  64.7 56410s
 122289128 15787876   21.20238   37  110          -   19.58362      -  64.7 56415s
 122300107 15788200   21.32850   37  187          -   19.58385      -  64.7 56420s
 122310088 15788441 infeasible   38               -   19.58407      -  64.7 56425s
 122321369 15788888     cutoff   34               -   19.58425      -  64.7 56430s
 122333267 15789221   20.39707   29  171          -   19.58444      -  64.7 56435s
 122344485 15789538   21.27712   35  171          -   19.58462      -  64.7 56440s
 122355285 15789814   19.86182   45  218          -   19.58483      -  64.7 56445s
 122367634 15789990   20.02003   39  174          -   19.58502      -  64.7 56450s
 122378749 15790344   20.10789   38  215          -   19.58519      -  64.7 56455s
 122388974 15790564   20.53592   40  174          -   19.58537      -  64.7 56460s
 122401254 15790906   21.92063   45  151          -   19.58556      -  64.7 56465s
 122412267 15791142   20.12178   48  176          -   19.58575      -  64.7 56470s
 122423835 15791471   20.80363   39  208          -   19.58598      -  64.7 56475s
 122435074 15791618   20.25000   42   80          -   19.58621      -  64.7 56480s
 122442698 15791693   20.65686   38  156          -   19.58621      -  64.7 56485s
 122454038 15791932     cutoff   48               -   19.58636      -  64.7 56490s
 122465830 15792255   20.50110   49  234          -   19.58655      -  64.7 56495s
 122476985 15792503   20.60461   43  179          -   19.58678      -  64.7 56500s
 122487696 15792740   22.00000   46   32          -   19.58696      -  64.7 56505s
 122498948 15793085   21.22866   47  185          -   19.58706      -  64.7 56510s
 122509998 15793417   21.38846   40  192          -   19.58727      -  64.7 56515s
 122521450 15793708     cutoff   47               -   19.58744      -  64.7 56520s
 122532680 15793893   20.90897   35  181          -   19.58764      -  64.7 56525s
 122542928 15794143   20.88279   43  225          -   19.58785      -  64.7 56530s
 122554296 15794396   19.99644   49  249          -   19.58808      -  64.7 56535s
 122565605 15794621   21.80028   36  170          -   19.58824      -  64.7 56540s
 122576669 15794468   21.33355   43  166          -   19.58824      -  64.7 56545s
 122587910 15794360   20.25000   45   96          -   19.58824      -  64.7 56550s
 122598297 15794421   21.77880   44  205          -   19.58827      -  64.7 56555s
 122609324 15794764   20.41875   37  202          -   19.58853      -  64.7 56560s
 122620461 15795023   21.16276   43  209          -   19.58873      -  64.7 56565s
 122631938 15795379   21.60908   46  189          -   19.58893      -  64.7 56570s
 122643205 15795705 infeasible   45               -   19.58911      -  64.7 56575s
 122654592 15796015   20.36690   43  196          -   19.58929      -  64.7 56580s
 122666461 15796334   21.35538   39  155          -   19.58946      -  64.7 56585s
 122677420 15796606   20.26812   37  186          -   19.58966      -  64.7 56590s
 122689086 15796746   20.32154   35  180          -   19.58976      -  64.7 56595s
 122699934 15797150   19.97478   45  168          -   19.58996      -  64.7 56600s
 122711181 15797456   20.08282   32  159          -   19.59016      -  64.7 56605s
 122722308 15797748   20.57611   37  168          -   19.59036      -  64.7 56610s
 122733142 15797969   19.81103   30  215          -   19.59053      -  64.7 56615s
 122744298 15798270   20.83300   46  193          -   19.59076      -  64.7 56620s
 122754833 15798360 infeasible   52               -   19.59091      -  64.7 56625s
 122765812 15798272   20.49971   47  178          -   19.59091      -  64.7 56630s
 122777284 15798268   21.21101   40  174          -   19.59091      -  64.7 56635s
 122788473 15798495   21.28517   47  169          -   19.59111      -  64.7 56640s
 122794868 15798647     cutoff   42               -   19.59124      -  64.7 56645s
 122805335 15798830   20.33426   37  209          -   19.59143      -  64.7 56650s
 122816963 15799175     cutoff   55               -   19.59165      -  64.7 56655s
 122828034 15799379 infeasible   47               -   19.59184      -  64.7 56660s
 122839435 15799644 infeasible   36               -   19.59201      -  64.7 56665s
 122849623 15799789   21.00000   45    8          -   19.59218      -  64.7 56670s
 122861251 15800100   19.82851   37  198          -   19.59239      -  64.7 56675s
 122872335 15800393   19.81908   37  173          -   19.59259      -  64.7 56680s
 122883874 15800446     cutoff   53               -   19.59259      -  64.7 56685s
 122895276 15800790 infeasible   40               -   19.59278      -  64.7 56690s
 122906688 15801172   20.87234   33  201          -   19.59300      -  64.7 56695s
 122918279 15801373   22.05172   40   98          -   19.59319      -  64.7 56700s
 122929273 15801602   19.93266   40  210          -   19.59337      -  64.7 56705s
 122939769 15801892   21.71317   48  230          -   19.59358      -  64.7 56710s
 122951540 15802078     cutoff   40               -   19.59375      -  64.7 56715s
 122961960 15802104   20.67857   36  147          -   19.59375      -  64.7 56720s
 122973825 15802488   20.86568   39  222          -   19.59401      -  64.7 56725s
 122985072 15802680   20.03421   45  183          -   19.59420      -  64.7 56730s
 122996307 15802928   20.24502   45  184          -   19.59440      -  64.7 56735s
 123007472 15803068   20.00803   42  197          -   19.59459      -  64.7 56740s
 123018911 15803295   21.81366   53  179          -   19.59474      -  64.7 56745s
 123029222 15803527     cutoff   46               -   19.59494      -  64.7 56750s
 123040358 15803793   19.93710   44  167          -   19.59513      -  64.7 56755s
 123051942 15804005   20.95391   38  164          -   19.59524      -  64.7 56760s
 123062432 15804205   20.05861   35  143          -   19.59544      -  64.7 56765s
 123073241 15804474   20.50000   38   21          -   19.59565      -  64.7 56770s
 123084886 15804748   20.23248   35  181          -   19.59581      -  64.7 56775s
 123095109 15805023   20.30366   47  180          -   19.59600      -  64.7 56780s
 123107674 15805346   20.29152   40  174          -   19.59615      -  64.7 56785s
 123117443 15805625   20.10403   37  182          -   19.59630      -  64.7 56791s
 123126271 15805788   20.14002   36  224          -   19.59649      -  64.7 56795s
 123137805 15806003   20.69724   36  164          -   19.59665      -  64.7 56800s
 123149294 15806264   19.92243   46  156          -   19.59681      -  64.7 56805s
 123160574 15806564   21.59083   40  185          -   19.59701      -  64.7 56810s
 123171274 15806794   19.94791   41  184          -   19.59722      -  64.7 56815s
 123182189 15806981   21.38734   39  136          -   19.59740      -  64.7 56820s
 123193650 15807211   21.30400   39  147          -   19.59756      -  64.7 56825s
 123203693 15807511   19.94226   41  173          -   19.59776      -  64.7 56830s
 123215306 15807705   20.37333   43  143          -   19.59794      -  64.7 56835s
 123226303 15807955   20.62737   34  171          -   19.59813      -  64.7 56840s
 123237373 15808165   20.70000   41  132          -   19.59833      -  64.7 56845s
 123247671 15808360     cutoff   39               -   19.59854      -  64.7 56850s
 123258784 15808495   19.99931   36  213          -   19.59877      -  64.7 56855s
 123270123 15808824   21.49189   39  219          -   19.59898      -  64.7 56860s
 123281226 15809148     cutoff   46               -   19.59921      -  64.7 56865s
 123292822 15809462   20.66557   36  161          -   19.59946      -  64.7 56870s
 123302770 15809787   21.16069   41  201          -   19.59971      -  64.7 56875s
 123314289 15810029 infeasible   40               -   19.60000      -  64.7 56880s
 123324748 15809954   21.78039   43  202          -   19.60000      -  64.7 56885s
 123336240 15809900   20.59689   35  174          -   19.60000      -  64.7 56890s
 123346949 15809861   19.99180   42   97          -   19.60000      -  64.7 56895s
 123358056 15809689 infeasible   46               -   19.60000      -  64.7 56900s
 123368533 15809525     cutoff   48               -   19.60000      -  64.7 56905s
 123379199 15809311     cutoff   42               -   19.60000      -  64.7 56910s
 123390282 15809077   20.22031   35  162          -   19.60000      -  64.7 56915s
 123400656 15808800   22.20983   33  183          -   19.60000      -  64.7 56920s
 123410140 15808426 infeasible   42               -   19.60000      -  64.7 56925s
 123420989 15808122 infeasible   40               -   19.60000      -  64.7 56930s
 123431818 15807907   19.80000   38   71          -   19.60000      -  64.7 56935s
 123441896 15807535   19.93894   41  148          -   19.60000      -  64.7 56940s
 123452478 15807142     cutoff   44               -   19.60000      -  64.7 56945s
 123462496 15806804   21.01708   36  196          -   19.60000      -  64.7 56950s
 123473146 15806492   19.74384   48  145          -   19.60000      -  64.8 56955s
 123482870 15806144     cutoff   39               -   19.60000      -  64.8 56960s
 123494288 15805751   21.27463   49  177          -   19.60000      -  64.8 56965s
 123504056 15805407   19.84370   39  164          -   19.60000      -  64.8 56970s
 123514486 15805169   22.17182   45  148          -   19.60000      -  64.8 56975s
 123524891 15804833   21.44633   39  224          -   19.60000      -  64.8 56980s
 123536478 15804509   20.60248   36  152          -   19.60000      -  64.8 56985s
 123546827 15804151     cutoff   55               -   19.60000      -  64.8 56990s
 123556679 15803891     cutoff   48               -   19.60000      -  64.8 56995s
 123567472 15803592     cutoff   38               -   19.60000      -  64.8 57000s
 123577379 15803113   20.29811   40  161          -   19.60000      -  64.8 57005s
 123588357 15802912   20.64956   47  168          -   19.60000      -  64.8 57010s
 123598309 15802695   20.80721   50  147          -   19.60000      -  64.8 57015s
 123608860 15802482   20.15347   47  181          -   19.60000      -  64.8 57020s
 123619980 15802352   20.37387   34  184          -   19.60000      -  64.8 57025s
 123631094 15802515   21.42843   40  186          -   19.60013      -  64.8 57030s
 123641311 15802901   21.22236   40  211          -   19.60038      -  64.8 57035s
 123651823 15803096   20.23395   35  182          -   19.60064      -  64.8 57040s
 123663064 15803401     cutoff   43               -   19.60088      -  64.8 57045s
 123673620 15803620   20.49757   39  220          -   19.60112      -  64.8 57050s
 123684704 15803926   21.24281   42  207          -   19.60131      -  64.8 57055s
 123696148 15804193   20.01976   30  192          -   19.60150      -  64.8 57060s
 123706729 15804378   22.05057   37  186          -   19.60169      -  64.8 57065s
 123717769 15804578   20.49660   43  204          -   19.60188      -  64.8 57070s
 123729481 15804754   21.06407   43  204          -   19.60209      -  64.8 57075s
 123740115 15804990   20.12500   43   59          -   19.60227      -  64.8 57080s
 123751246 15805317   21.61174   36  175          -   19.60248      -  64.8 57085s
 123762074 15805630   19.85316   42  180          -   19.60267      -  64.8 57090s
 123768386 15805792   20.51876   40  210          -   19.60279      -  64.8 57095s
 123779598 15806045     cutoff   37               -   19.60295      -  64.8 57100s
 123790147 15806258   21.73632   42  131          -   19.60317      -  64.8 57105s
 123801531 15806510   20.39538   35  212          -   19.60337      -  64.8 57110s
 123812918 15806683   20.98320   41  154          -   19.60354      -  64.8 57115s
 123824263 15807005     cutoff   43               -   19.60376      -  64.8 57120s
 123835398 15807244   20.43935   40  172          -   19.60392      -  64.8 57125s
 123846193 15807454   20.06855   40  189          -   19.60417      -  64.8 57130s
 123857529 15807650   21.17824   36  184          -   19.60428      -  64.8 57135s
 123868420 15807989   21.88325   46  200          -   19.60446      -  64.8 57140s
 123879735 15808181   19.97059   37   85          -   19.60465      -  64.8 57145s
 123890545 15808405   20.50000   35   21          -   19.60481      -  64.8 57150s
 123900993 15808709   21.51197   41  178          -   19.60498      -  64.8 57155s
 123910741 15808913   20.58124   38  225          -   19.60518      -  64.8 57160s
 123912360 15809003   20.49661   35  193          -   19.60521      -  64.8 57179s
