nohup: ignoring input
[2026-09-11 20:15:20] === b336_12_23_ii [[336,12]] dZ sectors 7-8 of 12  cutoff=22.5 threads=12 nodefile=10GB
Restricted license - for non-production use only - expires 2027-11-29
Set parameter OutputFlag to value 1
Set parameter LogFile to value "b336_12_23_ii_dZ_7-8_gurobi.log"
Set parameter Threads to value 12
Set parameter NodefileStart to value 10
Set parameter NodefileDir to value "."
Set parameter SoftMemLimit to value 12
Set parameter Cutoff to value 22.5
Set parameter MIPFocus to value 3
Set parameter Symmetry to value 2
Gurobi Optimizer version 13.0.3 build v13.0.3rc0 (linux64 - "Ubuntu 24.04.4 LTS")

CPU model: AMD Ryzen Threadripper PRO 9975WX 32-Cores, instruction set [SSE2|AVX|AVX2|AVX512]
Thread count: 32 physical cores, 64 logical processors, using up to 12 threads

Non-default parameters:
Cutoff  22.5
SoftMemLimit  12
MIPFocus  3
NodefileStart  10
Symmetry  2
Threads  12

Optimize a model with 169 rows, 505 columns and 1427 nonzeros (Min)
Model fingerprint: 0x5a341af7
Model has 336 linear objective coefficients
Variable types: 0 continuous, 505 integer (336 binary)
Coefficient statistics:
  Matrix range     [1e+00, 2e+00]
  Objective range  [1e+00, 1e+00]
  Bounds range     [1e+00, 4e+01]
  RHS range        [1e+00, 1e+00]

Presolve time: 0.00s
Presolved: 169 rows, 505 columns, 1427 nonzeros
Variable types: 0 continuous, 505 integer (336 binary)
Root relaxation presolve removed 169 rows and 505 columns
Root relaxation presolve: All rows and columns removed

Root relaxation: objective 1.000000e+00, 0 iterations, 0.00 seconds (0.00 work units)

    Nodes    |    Current Node    |     Objective Bounds      |     Work
 Expl Unexpl |  Obj  Depth IntInf | Incumbent    BestBd   Gap | It/Node Time

     0     0    1.00000    0    3          -    1.00000      -     -    0s
     0     0    1.00000    0    3          -    1.00000      -     -    0s
     0     0    1.00000    0    3          -    1.00000      -     -    0s
     0     0    2.00000    0    3          -    2.00000      -     -    0s
     0     0    2.00000    0    3          -    2.00000      -     -    0s
     0     2    2.00000    0    3          -    2.00000      -     -    0s
 32902 26011   12.18820   31  243          -    7.50000      -  37.9    5s
 48584 36878   16.08059   44  208          -    8.00000      -  44.8   10s
 69179 51509   13.41907   34  197          -    8.27129      -  49.4   15s
 86708 64840   13.00000   34   29          -    8.50000      -  53.3   20s
 103878 76843   13.66667   35   31          -    8.63326      -  56.1   25s
 120103 88367   14.00000   52    1          -    8.73727      -  58.4   30s
 136002 99276   12.79262   46  214          -    8.83246      -  60.3   35s
 146340 106072   14.00000   53   34          -    8.89890      -  61.3   40s
 163002 116658   15.89303   58  197          -    8.99426      -  62.1   45s
 185378 130114   16.59309   57  207          -    9.02447      -  61.6   50s
 195160 135327   13.97323   52  172          -    9.10238      -  62.1   55s
 196428 136282   14.58690   61  219          -    9.13816      -  62.3   60s
 208427 143333   15.35084   50  194          -    9.23276      -  62.4   65s
 228298 152928   16.88443   63  189          -    9.43548      -  62.3   70s
 249931 163386   13.87916   70  190          -    9.78708      -  62.2   75s
 270723 174951   15.55650   37  203          -   10.00000      -  62.3   80s
 291850 188655   17.52072   36  204          -   10.50000      -  62.2   85s
 313744 202629   11.79212   36  194          -   11.00000      -  62.1   90s
 336749 215186   11.48562   26  260          -   11.09008      -  62.1   95s
 358227 229595   18.15693   60  186          -   11.37898      -  61.9  100s
 379590 243127   12.26405   33  236          -   11.62410      -  62.0  105s
 401166 257759   15.63946   47  196          -   11.80645      -  62.0  110s
 421850 272038   12.36364   40   80          -   11.97557      -  62.0  115s
 442331 282333   16.46361   38  219          -   12.00000      -  62.2  120s
 464602 296329   13.87024   37  188          -   12.10615      -  62.2  125s
 486782 312192   12.44175   29  203          -   12.22607      -  62.2  130s
 508902 326933   13.11197   37  212          -   12.32203      -  62.1  135s
 529809 341024   17.32769   34  247          -   12.40000      -  62.2  140s
 551980 356232   13.42601   29  227          -   12.48276      -  62.1  145s
 573848 370190   14.00000   41    1          -   12.52083      -  62.3  150s
 597435 385868   13.53268   35  197          -   12.60634      -  62.3  155s
 620153 401211   14.49950   26  246          -   12.66985      -  62.3  160s
 640671 415151   13.13285   38  246          -   12.73022      -  62.4  165s
 660743 428084   14.18708   29  239          -   12.77946      -  62.5  170s
 681976 442356   14.03076   29  235          -   12.83122      -  62.5  175s
 702388 455505   13.40895   35  241          -   12.86681      -  62.6  180s
 722291 469023   15.57244   40  235          -   12.90766      -  62.7  185s
 742446 482045   14.01728   34  192          -   12.94643      -  62.7  190s
 762262 495306   13.73101   38  224          -   12.98039      -  62.9  195s
 780513 506769   14.23927   31  181          -   13.00000      -  63.0  200s
 798535 516897   13.33333   55   41          -   13.00000      -  63.3  205s
 816352 526486     cutoff   72               -   13.00000      -  63.5  210s
 834307 536896   15.73885   37  208          -   13.00000      -  63.7  215s
 853555 549712   15.48735   65  173          -   13.03175      -  63.8  220s
 872924 562232   15.19056   38  237          -   13.06522      -  63.9  225s
 892857 574983   14.69186   28  249          -   13.09677      -  63.9  230s
 911048 586653   15.09579   41  206          -   13.11857      -  64.0  235s
 929556 598562   14.14442   35  216          -   13.14189      -  64.1  240s
 946783 609427   15.00000   43   31          -   13.16230      -  64.2  245s
 966282 621947   13.37534   31  223          -   13.18108      -  64.3  250s
 982589 631726   16.91690   28  180          -   13.20000      -  64.4  255s
 982748 631879   17.00000   37    1          -   13.20082      -  64.4  260s
 983670 632587   17.48074   34  172          -   13.20732      -  64.5  265s
 986904 635405   15.91892   34  213          -   13.21258      -  64.6  270s
 1004455 646126   16.86104   43  210          -   13.23128      -  64.7  275s
 1021376 656882   14.47305   35  218          -   13.24726      -  64.8  280s
 1036887 666188   17.41653   43  212          -   13.25505      -  65.0  285s
 1055475 677614   18.60043   48  175          -   13.27343      -  65.1  290s
 1072190 687989   20.04041   56  203          -   13.28814      -  65.2  295s
 1088740 698297   17.51714   40  206          -   13.30277      -  65.3  300s
 1106149 708773   15.17921   40  195          -   13.31818      -  65.4  305s
 1122916 718925   14.18996   44  214          -   13.33333      -  65.5  310s
 1139134 728186   16.64188   33  186          -   13.33736      -  65.6  315s
 1156411 738852   15.18213   36  230          -   13.35326      -  65.7  320s
 1172449 748596   14.30503   36  220          -   13.36653      -  65.9  325s
 1190416 758918   15.91252   36  204          -   13.38028      -  65.9  330s
 1207798 769734   18.93593   38  187          -   13.39547      -  66.0  335s
 1224316 779127   14.00000   34   26          -   13.40625      -  66.1  340s
 1241690 789789   17.19684   39  198          -   13.42006      -  66.3  345s
 1259050 800043   18.86470   52  202          -   13.43434      -  66.4  350s
 1276159 809852   14.00000   29    1          -   13.44716      -  66.4  355s
 1292241 819400   17.00000   48    1          -   13.45946      -  66.5  360s
 1309594 829703   19.04833   47  195          -   13.47330      -  66.6  365s
 1327118 840033   14.03367   31  256          -   13.48734      -  66.7  370s
 1344749 850024   17.35843   42  223          -   13.50000      -  66.7  375s
 1360665 857962   16.86873   40  230          -   13.50000      -  66.9  380s
 1377889 866970   14.42109   49  209          -   13.50159      -  67.0  385s
 1394238 876613   17.00000   46   29          -   13.51515      -  67.1  390s
 1409723 885603   14.68423   45  227          -   13.52866      -  67.2  395s
 1426928 895383   17.76602   48  215          -   13.54167      -  67.2  400s
 1443746 905035   17.83193   41  203          -   13.55556      -  67.3  405s
 1461445 915029   18.70074   48  196          -   13.56999      -  67.4  410s
 1477733 924181   18.22840   61  177          -   13.58236      -  67.5  415s
 1495360 934198   17.98798   39  200          -   13.59540      -  67.5  420s
 1511085 942884   14.16433   30  238          -   13.60377      -  67.6  425s
 1528499 952529   14.28831   29  245          -   13.61689      -  67.6  430s
 1545955 962037   20.29844   50  215          -   13.62855      -  67.7  435s
 1562326 971511   20.62715   39  253          -   13.64108      -  67.8  440s
 1580121 980926   17.50000   45   27          -   13.65385      -  67.8  445s
 1597510 990234   17.39922   43  217          -   13.66667      -  67.9  450s
 1614506 999235   16.75000   43   38          -   13.67187      -  67.9  455s
 1631807 1009106   13.96602   33  220          -   13.68582      -  68.0  460s
 1648945 1018605   19.00000   58    1          -   13.69844      -  68.0  465s
 1666416 1028053   15.50000   35   17          -   13.71074      -  68.1  470s
 1684844 1037869   17.77938   48  228          -   13.72391      -  68.1  475s
 1701163 1046635     cutoff   66               -   13.73684      -  68.1  480s
 1719025 1056211   21.06896   63  216          -   13.75000      -  68.2  485s
 1735660 1064910   20.77285   55  189          -   13.75610      -  68.3  490s
 1753412 1074550   21.44679   62  195          -   13.77083      -  68.3  495s
 1770819 1083563   14.30917   30  198          -   13.78510      -  68.3  500s
 1788955 1093439   16.77222   46  214          -   13.80000      -  68.4  505s
 1807019 1102769   14.87249   33  237          -   13.81079      -  68.4  510s
 1824070 1111815   14.00000   31   31          -   13.82353      -  68.4  515s
 1842575 1121330   17.24835   32  229          -   13.83557      -  68.5  520s
 1861011 1131209   20.49133   59  182          -   13.85000      -  68.5  525s
 1877805 1140073   20.54224   59  214          -   13.86111      -  68.5  530s
 1895904 1149794   21.16580   68  200          -   13.87500      -  68.6  535s
 1912717 1158850   22.01600   69  162          -   13.88945      -  68.6  540s
 1931146 1168523   15.74789   36  151          -   13.90432      -  68.6  545s
 1948455 1177876   15.71745   31  218          -   13.91724      -  68.7  550s
 1967430 1187829   16.40121   36  200          -   13.93203      -  68.7  555s
 1984121 1196829   14.50791   34  207          -   13.94557      -  68.7  560s
 2003396 1206836   15.28635   40  191          -   13.96039      -  68.7  565s
 2021001 1216208   15.45232   40  226          -   13.97458      -  68.8  570s
 2037947 1224606   15.07503   35  191          -   13.98976      -  68.8  575s
 2038431 1224993     cutoff   68               -   13.99379      -  68.8  580s
 2040450 1226356   19.00000   54    1          -   13.99940      -  68.8  585s
 2046879 1230556   14.31813   29  184          -   14.00000      -  68.8  590s
 2060214 1237219   16.33333   59   42          -   14.00000      -  68.8  595s
 2078348 1246454   18.90244   39  115          -   14.00000      -  68.9  600s
 2095583 1255735   16.23321   37  197          -   14.00000      -  68.9  605s
 2113301 1265393   15.89817   33  223          -   14.00000      -  69.0  610s
 2130396 1274887   15.34472   45  227          -   14.00000      -  69.0  615s
 2149745 1285416   16.66694   44  191          -   14.00000      -  69.0  620s
 2166438 1294177   19.61436   55  180          -   14.00000      -  69.0  625s
 2185373 1305323   14.63770   63  192          -   14.00000      -  69.0  630s
 2208103 1320171   18.50000   69   28          -   14.00832      -  68.9  635s
 2227464 1330377   16.24009   34  247          -   14.02711      -  68.9  640s
 2246426 1340627   15.84765   63  204          -   14.04545      -  68.9  645s
 2264670 1350781   16.87649   35  216          -   14.06215      -  68.9  650s
 2284196 1361124   18.18730   59  175          -   14.07880      -  68.8  655s
 2303684 1371589   17.43622   44  228          -   14.09524      -  68.8  660s
 2323643 1382090   16.46087   42  225          -   14.11111      -  68.8  665s
 2341502 1391386   17.49101   28  143          -   14.12500      -  68.8  670s
 2362110 1402532   14.80936   38  183          -   14.14138      -  68.8  675s
 2381445 1413180 infeasible   71               -   14.15409      -  68.7  680s
 2401207 1423493   18.09648   63  183          -   14.16667      -  68.7  685s
 2420929 1434383     cutoff   78               -   14.18184      -  68.7  690s
 2442346 1446054   14.69132   29  232          -   14.20000      -  68.7  695s
 2461461 1456051 infeasible   75               -   14.21071      -  68.6  700s
 2480895 1466717   16.56697   39  240          -   14.22481      -  68.6  705s
 2501529 1478066   17.75709   38  228          -   14.23967      -  68.6  710s
 2520964 1488144   19.65529   56  204          -   14.25000      -  68.6  715s
 2539941 1498449   14.84963   38  225          -   14.25996      -  68.6  720s
 2559331 1509035   19.00000   74    1          -   14.27500      -  68.6  725s
 2579681 1520066   15.15298   38  243          -   14.28935      -  68.5  730s
 2600033 1531323 infeasible   69               -   14.30435      -  68.5  735s
 2620100 1541673   15.11488   36  222          -   14.31703      -  68.5  740s
 2640503 1552709   16.34113   31  222          -   14.33321      -  68.4  745s
 2659917 1562351   15.05694   41  220          -   14.33508      -  68.4  750s
 2678962 1572977   18.96735   42  221          -   14.35000      -  68.4  755s
 2698957 1584246   15.64610   34  217          -   14.36446      -  68.4  760s
 2719428 1595472   16.86389   33  257          -   14.37745      -  68.4  765s
 2739382 1606822   14.88532   39  246          -   14.39130      -  68.4  770s
 2760677 1618060   16.45068   35  229          -   14.40164      -  68.3  775s
 2780096 1629469   14.62371   32  248          -   14.41547      -  68.3  780s
 2800788 1640597   18.66576   45  228          -   14.42857      -  68.3  785s
 2820080 1651298   15.47372   49  214          -   14.43905      -  68.3  790s
 2839265 1662037   15.56226   38  213          -   14.45160      -  68.3  795s
 2860452 1673863   17.95541   57  221          -   14.46435      -  68.2  800s
 2879887 1684634   15.07981   30  245          -   14.47692      -  68.2  805s
 2900007 1696406   17.34159   37  183          -   14.48929      -  68.2  810s
 2919237 1706975   21.70151   58  211          -   14.50000      -  68.2  815s
 2937551 1716023     cutoff   58               -   14.50000      -  68.2  820s
 2955840 1725088   17.75000   47   43          -   14.50000      -  68.3  825s
 2973879 1734025   19.72575   32  212          -   14.50000      -  68.3  830s
 2993470 1745166   14.58215   51  217          -   14.51345      -  68.3  835s
 3014157 1756501   15.80949   33  238          -   14.52733      -  68.2  840s
 3033835 1767461   19.00000   67    1          -   14.54018      -  68.2  845s
 3053435 1778412   18.00000   66    3          -   14.55263      -  68.2  850s
 3075539 1790190   20.45565   77  160          -   14.56349      -  68.2  855s
 3095719 1801305   16.80754   33  226          -   14.57433      -  68.2  860s
 3115169 1811954 infeasible   75               -   14.58543      -  68.1  865s
 3135269 1823191   15.09980   38  225          -   14.59712      -  68.1  870s
 3155453 1834021   15.67908   45  219          -   14.60475      -  68.1  875s
 3175203 1844809   16.19086   39  241          -   14.61608      -  68.1  880s
 3195374 1855484   19.25000   56   26          -   14.62500      -  68.1  885s
 3214877 1866619   15.84572   55  190          -   14.63556      -  68.1  890s
 3234124 1877282   16.41667   47   53          -   14.64500      -  68.1  895s
 3254101 1888579   16.33872   36  199          -   14.65601      -  68.1  900s
 3273751 1899351 infeasible   39               -   14.66667      -  68.1  905s
 3293659 1909364   17.70321   57  216          -   14.66667      -  68.1  910s
 3312596 1919883   15.46964   42  217          -   14.67651      -  68.1  915s
 3331785 1930957   18.03114   32  199          -   14.68690      -  68.1  920s
 3351818 1941960   15.26902   39  192          -   14.69620      -  68.1  925s
 3371938 1953119   17.02697   31  219          -   14.70588      -  68.1  930s
 3392351 1964182   18.72303   36  228          -   14.71429      -  68.1  935s
 3411569 1975181 infeasible   74               -   14.72222      -  68.0  940s
 3430417 1985834   15.76581   35  235          -   14.73092      -  68.0  945s
 3449921 1996607   18.79251   38  234          -   14.73913      -  68.0  950s
 3470727 2008004   16.94715   41  209          -   14.75000      -  68.0  955s
 3489039 2017073   20.53387   51  175          -   14.75000      -  68.0  960s
 3506907 2027100   16.73393   33  235          -   14.75581      -  68.1  965s
 3525966 2038093   16.60940   42  241          -   14.76500      -  68.1  970s
 3545191 2049028   16.94217   33  271          -   14.77358      -  68.1  975s
 3563292 2059208   15.12731   31  233          -   14.78069      -  68.0  980s
 3583764 2070241   16.02464   37  205          -   14.78947      -  68.0  985s
 3602281 2080502   16.89038   33  220          -   14.79826      -  68.0  990s
 3621480 2090625     cutoff   75               -   14.80166      -  68.1  995s
 3640441 2100921   19.00000   42    1          -   14.80958      -  68.1 1000s
 3658736 2111081   16.91306   43  247          -   14.81791      -  68.1 1005s
 3677045 2121631   16.56617   50  172          -   14.82456      -  68.1 1010s
 3696510 2132274   15.34178   53  227          -   14.83330      -  68.1 1015s
 3714448 2141844   16.31042   39  227          -   14.83458      -  68.1 1020s
 3732965 2152199   16.77454   35  245          -   14.84260      -  68.1 1025s
 3751870 2162706   15.14240   40  211          -   14.84918      -  68.1 1030s
 3770525 2172617   15.35846   49  217          -   14.85650      -  68.1 1035s
 3788338 2182286   17.97538   42  214          -   14.86149      -  68.1 1040s
 3808646 2193163   15.23665   38  190          -   14.86862      -  68.1 1045s
 3828329 2203603   17.49094   37  238          -   14.87500      -  68.1 1050s
 3846860 2213751   16.49878   35  217          -   14.88056      -  68.1 1055s
 3866284 2224259   16.70744   43  193          -   14.88729      -  68.1 1060s
 3884274 2234070   15.42136   45  232          -   14.89260      -  68.2 1065s
 3903050 2244431   15.84335   38  153          -   14.89908      -  68.2 1070s
 3921994 2254104   16.07227   32  221          -   14.90384      -  68.2 1075s
 3940288 2264078   15.35737   31  230          -   14.90947      -  68.2 1080s
 3958075 2273339   16.48131   40  223          -   14.91575      -  68.2 1085s
 3976768 2283652   16.96289   42  215          -   14.92083      -  68.2 1090s
 3994706 2293505   19.61835   38  189          -   14.92676      -  68.2 1095s
 4012545 2303057   16.62947   35  257          -   14.93213      -  68.2 1100s
 4030316 2312931   15.80198   39  235          -   14.93774      -  68.2 1105s
 4049514 2322810   17.67227   49  195          -   14.94444      -  68.2 1110s
 4067789 2332518   19.91186   32  229          -   14.95000      -  68.2 1115s
 4086316 2342440   15.74445   41  162          -   14.95567      -  68.2 1120s
 4103047 2351557   16.48621   43  216          -   14.96123      -  68.2 1125s
 4121571 2361510   18.70374   33  203          -   14.96703      -  68.2 1130s
 4138931 2370982   16.41018   56  200          -   14.97261      -  68.3 1135s
 4156191 2380379   16.50405   40  190          -   14.97826      -  68.3 1140s
 4174409 2390318   15.75685   50  217          -   14.98376      -  68.3 1145s
 4191268 2399803   19.00000   67    1          -   14.98987      -  68.3 1150s
 4207753 2408982   16.16787   34  222          -   14.99545      -  68.3 1155s
 4225762 2418095   15.66820   45  226          -   15.00000      -  68.3 1160s
 4241415 2425396   21.03854   33  231          -   15.00000      -  68.4 1165s
 4256448 2432065   18.08491   50  193          -   15.00000      -  68.4 1170s
 4271775 2439054   19.00000   49    1          -   15.00000      -  68.5 1175s
 4285412 2445329   19.71429   54   53          -   15.00000      -  68.5 1180s
 4301531 2452143   19.00000   43    1          -   15.00000      -  68.6 1185s
 4315882 2458499   17.40752   33  212          -   15.00000      -  68.6 1190s
 4330644 2464965   21.21477   44  181          -   15.00000      -  68.7 1195s
 4345156 2471296   20.56697   40  213          -   15.00000      -  68.7 1200s
 4359355 2477570   18.08390   50  211          -   15.00000      -  68.8 1205s
 4372546 2483401   19.31919   55  185          -   15.00000      -  68.8 1210s
 4387255 2489714 infeasible   78               -   15.00000      -  68.9 1215s
 4403056 2496280   19.09784   37  269          -   15.00000      -  69.0 1220s
 4418141 2503019   18.00000   45   24          -   15.00000      -  69.0 1225s
 4434080 2509826 infeasible   54               -   15.00000      -  69.0 1230s
 4448611 2516045   21.40382   41  235          -   15.00000      -  69.1 1235s
 4463362 2522607   21.48778   49  230          -   15.00000      -  69.1 1240s
 4479056 2529519   18.71030   40  228          -   15.00000      -  69.2 1245s
 4493164 2535986   21.04789   45  234          -   15.00000      -  69.2 1250s
 4508817 2543098   19.43750   51   62          -   15.00000      -  69.3 1255s
 4523586 2549689   20.52913   44  221          -   15.00000      -  69.3 1260s
 4538017 2556091   21.23718   43  214          -   15.00000      -  69.4 1265s
 4552426 2562079   19.67051   58  220          -   15.00000      -  69.4 1270s
 4568018 2569161   17.13097   42  206          -   15.00000      -  69.5 1275s
 4583572 2576191   16.16845   35  229          -   15.00000      -  69.5 1280s
 4599705 2583837   15.69573   39  231          -   15.00137      -  69.5 1285s
 4617384 2593579   21.80381   51  228          -   15.00770      -  69.5 1290s
 4634687 2602656   17.17031   31  230          -   15.01374      -  69.5 1295s
 4652808 2612509   17.66667   38   43          -   15.02016      -  69.5 1300s
 4670194 2622460   16.64102   32  226          -   15.02639      -  69.6 1305s
 4688023 2632293   15.80385   46  220          -   15.03191      -  69.5 1310s
 4706510 2642315   17.62293   33  212          -   15.03762      -  69.6 1315s
 4724251 2651793   19.00000   50    1          -   15.04264      -  69.5 1320s
 4742848 2661730   19.00000   59    1          -   15.04847      -  69.6 1325s
 4761938 2672276   16.22152   36  236          -   15.05392      -  69.6 1330s
 4781902 2683035   15.64759   30  191          -   15.05970      -  69.6 1335s
 4801419 2693534   16.47363   35  239          -   15.06459      -  69.6 1340s
 4821286 2704074   16.09468   40  205          -   15.06982      -  69.6 1345s
 4839365 2713512   17.39116   32  234          -   15.07366      -  69.6 1350s
 4858624 2723796   16.78398   39  215          -   15.07834      -  69.6 1355s
 4878411 2734485   18.72727   60  208          -   15.08333      -  69.7 1360s
 4896317 2743845   16.75799   38  213          -   15.08708      -  69.7 1365s
 4917034 2754527   18.26338   33  241          -   15.09167      -  69.7 1370s
 4934971 2763906   16.42627   34  207          -   15.09581      -  69.7 1375s
 4955312 2774742   19.53425   64  153          -   15.10000      -  69.7 1380s
 4973567 2784335   20.52661   53  196          -   15.10419      -  69.8 1385s
 4990745 2792902   20.93259   47  220          -   15.10811      -  69.8 1390s
 5008874 2801993   17.96220   50  224          -   15.11111      -  69.8 1395s
 5026241 2810935   16.03292   37  219          -   15.11486      -  69.8 1400s
 5042682 2819310   15.77355   37  258          -   15.11839      -  69.8 1405s
 5059445 2827557   19.00000   47    1          -   15.12195      -  69.9 1410s
 5074519 2835025   15.61049   54  215          -   15.12500      -  69.9 1415s
 5078408 2840431   15.79298   37  229          -   15.12500      -  69.9 1421s
 5098226 2846613   16.60839   45  221          -   15.12824      -  69.9 1425s
 5115914 2855759   17.30223   41  202          -   15.13206      -  70.0 1430s
 5132805 2864484   20.37244   46  202          -   15.13539      -  70.0 1435s
 5149401 2873033   20.84571   54  191          -   15.13854      -  70.0 1440s
 5164874 2880923   15.93416   40  203          -   15.14193      -  70.0 1445s
 5179004 2887236   20.33955   51  185          -   15.14286      -  70.1 1450s
 5193933 2894951   17.34965   43  203          -   15.14595      -  70.1 1455s
 5208791 2902483   15.74931   40  201          -   15.14887      -  70.1 1460s
 5224552 2910729   18.91401   36  217          -   15.15175      -  70.1 1465s
 5239685 2917904   19.00000   49    1          -   15.15436      -  70.2 1470s
 5255085 2925786   15.88497   37  232          -   15.15741      -  70.2 1475s
 5270913 2933823   19.43293   45  204          -   15.16018      -  70.2 1480s
 5285258 2940933   21.00000   36    1          -   15.16283      -  70.2 1485s
 5300530 2948624   16.57798   38  233          -   15.16595      -  70.3 1490s
 5316122 2955417   22.37697   51  220          -   15.16667      -  70.3 1495s
 5331199 2962435   18.70256   39  232          -   15.16822      -  70.3 1500s
 5346222 2970213   18.55393   36  191          -   15.17117      -  70.3 1505s
 5361062 2977638   19.11114   46  202          -   15.17391      -  70.3 1510s
 5376539 2985385   15.55409   54  215          -   15.17653      -  70.4 1515s
 5391496 2993047   15.93104   34  190          -   15.17946      -  70.4 1520s
 5407036 3000074   18.29346   40  197          -   15.18182      -  70.4 1525s
 5422053 3007880   17.83406   53  217          -   15.18425      -  70.4 1530s
 5437275 3015294   18.82248   36  193          -   15.18716      -  70.5 1535s
 5452803 3023127   15.66962   36  219          -   15.18974      -  70.5 1540s
 5467678 3030234   20.94364   55  212          -   15.19231      -  70.5 1545s
 5483091 3037872   18.16685   42  181          -   15.19493      -  70.5 1550s
 5497880 3045595   19.24211   43  203          -   15.19767      -  70.6 1555s
 5513513 3052924   19.36449   48  226          -   15.20000      -  70.6 1560s
 5527480 3058362   18.16955   34  195          -   15.20000      -  70.6 1565s
 5542776 3065651   19.00000   54    1          -   15.20213      -  70.6 1570s
 5558315 3073612   16.76309   41  217          -   15.20491      -  70.7 1575s
 5572876 3080793   17.80169   39  208          -   15.20747      -  70.7 1580s
 5588749 3088829   19.00000   38    1          -   15.21015      -  70.7 1585s
 5602953 3096178   21.00000   57   34          -   15.21250      -  70.7 1590s
 5617187 3103238   16.82252   36  184          -   15.21464      -  70.8 1595s
 5632071 3110747   18.99213   54  191          -   15.21739      -  70.8 1600s
 5647722 3117868   15.85442   36  210          -   15.21988      -  70.8 1605s
 5647855 3117999   19.00000   42    1          -   15.22043      -  70.8 1610s
 5647939 3118083   17.16901   45  189          -   15.22084      -  70.8 1615s
 5648011 3118155   15.76883   38  240          -   15.22115      -  70.8 1620s
 5648097 3118237   17.43487   45  194          -   15.22159      -  70.8 1625s
 5649183 3119096   19.00000   48    1          -   15.22180      -  70.8 1630s
 5654739 3121894   20.32786   57  198          -   15.22222      -  70.8 1635s
 5670417 3129056   18.60000   40  201          -   15.22420      -  70.9 1640s
 5686265 3137138   17.65410   59  206          -   15.22703      -  70.9 1645s
 5701059 3144187   17.20150   39  201          -   15.22917      -  70.9 1650s
 5716083 3151209   20.38543   55  202          -   15.23134      -  70.9 1655s
 5730252 3158043   15.38905   36  221          -   15.23400      -  71.0 1660s
 5745303 3165156   19.00000   49    1          -   15.23664      -  71.0 1665s
 5759816 3172168   21.39284   67  189          -   15.23913      -  71.0 1670s
 5775165 3179411   20.33333   45   31          -   15.24176      -  71.0 1675s
 5791007 3187078   18.87233   44  236          -   15.24441      -  71.1 1680s
 5804571 3193838   19.56066   42  221          -   15.24678      -  71.1 1685s
 5819919 3201482   18.68329   49  174          -   15.24966      -  71.1 1690s
 5835792 3208172   15.42240   51  241          -   15.25000      -  71.1 1695s
 5851548 3214176   17.64766   38  242          -   15.25000      -  71.2 1700s
 5865948 3219602   20.83510   49  233          -   15.25000      -  71.2 1705s
 5880834 3226901   16.21904   33  169          -   15.25203      -  71.3 1710s
 5896010 3234171   16.70373   36  235          -   15.25441      -  71.3 1715s
 5911269 3241794   20.39148   39  182          -   15.25686      -  71.3 1720s
 5927183 3249266   17.45397   33  200          -   15.25955      -  71.3 1725s
 5942213 3256661   15.47603   45  195          -   15.26205      -  71.3 1730s
 5958491 3264279   18.90596   49  160          -   15.26483      -  71.4 1735s
 5973016 3271029   21.33264   43  201          -   15.26706      -  71.4 1740s
 5988849 3278636   17.21739   35  186          -   15.26984      -  71.4 1745s
 6003079 3285490   15.39273   50  240          -   15.27235      -  71.4 1750s
 6017890 3292177   21.00000   45    1          -   15.27396      -  71.5 1755s
 6032567 3299154   17.75000   45   35          -   15.27621      -  71.5 1760s
 6048133 3306267   18.65038   45  185          -   15.27841      -  71.5 1765s
 6062732 3313362   22.13472   52  204          -   15.28070      -  71.5 1770s
 6078519 3320831   19.49447   45  217          -   15.28352      -  71.6 1775s
 6092591 3327471   19.17945   57  211          -   15.28571      -  71.6 1780s
 6106628 3333430   20.16353   43  217          -   15.28639      -  71.6 1785s
 6122058 3340936   19.83890   35  239          -   15.28902      -  71.6 1790s
 6137712 3348425   20.12592   48  229          -   15.29167      -  71.7 1795s
 6153028 3355527   16.50000   35   22          -   15.29412      -  71.7 1800s
 6167151 3362371   19.57143   46   98          -   15.29630      -  71.7 1805s
 6181863 3369280   17.68449   46  197          -   15.29851      -  71.7 1810s
 6197297 3375815   17.53765   37  246          -   15.30000      -  71.8 1815s
 6212095 3382719     cutoff   44               -   15.30230      -  71.8 1820s
 6225798 3389042   17.77934   41  197          -   15.30441      -  71.8 1825s
 6241542 3396551   19.00000   41    1          -   15.30714      -  71.8 1830s
 6256425 3403372   21.55483   46  208          -   15.30902      -  71.8 1835s
 6270942 3410074   19.00000   51    1          -   15.31148      -  71.9 1840s
 6285343 3416687   19.00000   38    1          -   15.31368      -  71.9 1845s
 6299914 3423430   19.68852   47  181          -   15.31579      -  71.9 1850s
 6314822 3430402     cutoff   53               -   15.31818      -  71.9 1855s
 6328492 3436887   17.21635   40  203          -   15.32047      -  72.0 1860s
 6343215 3443829   19.90731   39  224          -   15.32292      -  72.0 1865s
 6358478 3450733   20.85917   45  216          -   15.32523      -  72.0 1870s
 6372822 3457429   16.92660   36  171          -   15.32759      -  72.0 1875s
 6387223 3464408   18.82372   45  188          -   15.33028      -  72.0 1880s
 6402827 3471855   21.00000   53    1          -   15.33320      -  72.1 1885s
 6416959 3477110 infeasible   61               -   15.33333      -  72.1 1890s
 6431744 3482006   21.07968   55  182          -   15.33333      -  72.1 1895s
 6445696 3486773   16.10540   49  209          -   15.33333      -  72.1 1900s
 6459003 3491437   20.75000   48   51          -   15.33333      -  72.2 1905s
 6473337 3497438   21.00000   52    1          -   15.33459      -  72.2 1910s
 6487318 3503870   17.09133   46  231          -   15.33714      -  72.2 1915s
 6501681 3510772   16.01432   47  218          -   15.33951      -  72.3 1920s
 6515761 3517495   19.56598   43  222          -   15.34146      -  72.3 1925s
 6530355 3524022   19.24730   61  188          -   15.34375      -  72.3 1930s
 6545576 3530981   19.50000   52   18          -   15.34615      -  72.3 1935s
 6560156 3537519   18.50000   41   18          -   15.34841      -  72.3 1940s
 6575326 3544669   16.12526   36  240          -   15.35052      -  72.4 1945s
 6589299 3550938   16.48964   47  200          -   15.35294      -  72.4 1950s
 6604209 3557613   17.35010   31  261          -   15.35492      -  72.4 1955s
 6618412 3564229   21.00000   47    1          -   15.35714      -  72.4 1960s
 6625830 3567110   18.50000   60   19          -   15.35821      -  72.4 1965s
 6625966 3567237   19.66912   51  235          -   15.35870      -  72.4 1971s
 6626041 3567308   21.42728   51  168          -   15.35897      -  72.4 1975s
 6626114 3567378   18.19078   55  184          -   15.35920      -  72.4 1980s
 6626323 3567567   21.00000   61    1          -   15.35943      -  72.4 1985s
 6627971 3568414   21.66942   44  214          -   15.35981      -  72.5 1990s
 6629900 3569455   16.82167   32  216          -   15.36000      -  72.5 1995s
 6633477 3571317   19.00000   48    1          -   15.36076      -  72.5 2001s
 6638392 3573798   19.00000   41   42          -   15.36145      -  72.5 2005s
 6651354 3578892   21.00000   53    1          -   15.36364      -  72.5 2010s
 6665004 3585143   19.39237   50  208          -   15.36566      -  72.5 2015s
 6679134 3591236   19.50000   48   25          -   15.36805      -  72.5 2020s
 6694122 3598166   18.64133   31  237          -   15.37037      -  72.6 2025s
 6708907 3604981   15.65855   36  249          -   15.37288      -  72.6 2030s
 6723387 3611281   19.66662   54  204          -   15.37500      -  72.6 2035s
 6738271 3617270   16.25046   50  209          -   15.37569      -  72.6 2040s
 6752824 3623770   16.21107   34  234          -   15.37822      -  72.7 2045s
 6768518 3630778   19.42850   43  199          -   15.38069      -  72.7 2050s
 6782508 3637018   21.97387   52  210          -   15.38272      -  72.7 2055s
 6796951 3643130   19.27904   44  174          -   15.38462      -  72.7 2060s
 6811529 3649628   16.48442   43  197          -   15.38692      -  72.7 2065s
 6826665 3656194   15.46875   46  235          -   15.38910      -  72.7 2070s
 6841076 3662557   18.97713   49  216          -   15.39147      -  72.8 2075s
 6855498 3668915   16.50761   50  205          -   15.39377      -  72.8 2080s
 6871406 3675896 infeasible   58               -   15.39623      -  72.8 2085s
 6886146 3682656   20.43031   44  211          -   15.39899      -  72.8 2090s
 6900359 3688263   20.94418   64  188          -   15.40000      -  72.9 2095s
 6914620 3692887   21.75000   58   64          -   15.40000      -  72.9 2100s
 6928935 3698934   18.00000   46   20          -   15.40167      -  72.9 2105s
 6943648 3705509     cutoff   48               -   15.40430      -  72.9 2110s
 6959130 3712635   19.71779   47  180          -   15.40683      -  72.9 2115s
 6973511 3718897     cutoff   61               -   15.40909      -  73.0 2120s
 6988741 3725871   16.83527   36  238          -   15.41120      -  73.0 2125s
 7003809 3732553   19.00000   46    1          -   15.41355      -  73.0 2130s
 7017766 3738443   16.43622   36  222          -   15.41581      -  73.0 2135s
 7032813 3744640   18.78441   45  229          -   15.41744      -  73.0 2140s
 7047094 3751182   17.78571   43   45          -   15.41986      -  73.1 2145s
 7061462 3757539   18.41714   50  228          -   15.42199      -  73.1 2150s
 7076300 3764080   22.08824   64  183          -   15.42424      -  73.1 2155s
 7090686 3770064   18.92857   53  130          -   15.42667      -  73.1 2160s
 7105599 3776115   20.90961   55  195          -   15.42857      -  73.1 2165s
 7119530 3781474   21.00000   52    1          -   15.42925      -  73.2 2170s
 7135151 3788292   16.86667   32  191          -   15.43182      -  73.2 2175s
 7151463 3795366   17.56054   39  217          -   15.43429      -  73.2 2180s
 7165624 3801452     cutoff   59               -   15.43654      -  73.2 2185s
 7180737 3808179   20.53935   50  233          -   15.43846      -  73.2 2190s
 7197119 3814928   18.81337   41  220          -   15.44115      -  73.3 2195s
 7212260 3821481   16.22005   33  250          -   15.44357      -  73.3 2200s
 7226925 3827195   19.79112   44  208          -   15.44469      -  73.3 2205s
 7242463 3833993   19.39381   55  170          -   15.44737      -  73.3 2210s
 7257836 3840808   16.21907   36  210          -   15.45000      -  73.3 2215s
 7272970 3847366   21.00000   43    1          -   15.45223      -  73.4 2220s
 7287956 3853265     cutoff   63               -   15.45455      -  73.4 2225s
 7303665 3859929   21.00000   52    1          -   15.45624      -  73.4 2230s
 7318995 3866535   21.00000   65    1          -   15.45852      -  73.4 2235s
 7333427 3873168   16.32659   45  156          -   15.46123      -  73.4 2240s
 7348585 3879284   21.43337   47  207          -   15.46316      -  73.4 2245s
 7363794 3886099     cutoff   61               -   15.46552      -  73.5 2250s
 7379025 3892357   21.00000   50    1          -   15.46744      -  73.5 2255s
 7395025 3898960   19.00000   64    1          -   15.47000      -  73.5 2260s
 7409090 3904701   21.25535   51  200          -   15.47221      -  73.5 2265s
 7424872 3911398   16.75893   41  188          -   15.47436      -  73.5 2270s
 7439868 3917532   16.95706   58  188          -   15.47671      -  73.5 2275s
 7454662 3923820   19.68638   59  219          -   15.47918      -  73.6 2280s
 7470698 3930730   18.37159   55  213          -   15.48169      -  73.6 2285s
 7484984 3936761   20.05458   54  218          -   15.48402      -  73.6 2290s
 7499855 3942929     cutoff   63               -   15.48649      -  73.6 2295s
 7513807 3949018   19.48761   62  200          -   15.48889      -  73.6 2300s
 7528782 3955159   17.14326   42  195          -   15.49132      -  73.6 2305s
 7543372 3961551   18.02487   61  189          -   15.49392      -  73.7 2310s
 7557976 3967656   18.62881   53  204          -   15.49674      -  73.7 2315s
 7572170 3973806   16.22070   36  211          -   15.49987      -  73.7 2320s
 7587177 3979363     cutoff   62               -   15.50000      -  73.7 2325s
 7601038 3984273 infeasible   61               -   15.50000      -  73.7 2330s
 7615769 3989402   19.00000   49   26          -   15.50000      -  73.8 2335s
 7630164 3994157   18.64843   49  212          -   15.50000      -  73.8 2340s
 7644934 3998976   21.00000   59    1          -   15.50000      -  73.8 2345s
 7658419 4003620   18.79687   40  231          -   15.50000      -  73.8 2350s
 7673210 4008189   21.00000   67    1          -   15.50000      -  73.8 2355s
 7687854 4012993   20.77755   48  229          -   15.50000      -  73.9 2360s
 7702278 4017865   21.00000   68   36          -   15.50000      -  73.9 2365s
 7716718 4022438   21.00000   62    1          -   15.50000      -  73.9 2370s
 7730222 4027086   19.74948   56  197          -   15.50000      -  73.9 2375s
 7743658 4032093   19.00000   56    1          -   15.50066      -  74.0 2380s
 7758439 4038802   20.41463   52  132          -   15.50348      -  74.0 2385s
 7773238 4045060   18.00000   47   48          -   15.50618      -  74.0 2390s
 7788612 4051532   19.00000   46   27          -   15.50883      -  74.0 2395s
 7803100 4057701   20.09497   56  189          -   15.51177      -  74.0 2400s
 7818992 4064596   18.93082   52  209          -   15.51444      -  74.0 2405s
 7836191 4071924   21.63375   52  197          -   15.51724      -  74.0 2410s
 7850439 4077812   17.35664   52  198          -   15.51996      -  74.0 2415s
 7865150 4083977   17.30747   32  221          -   15.52244      -  74.1 2420s
 7881249 4090576   17.20458   36  208          -   15.52535      -  74.1 2425s
 7895444 4096623   18.12092   62  204          -   15.52778      -  74.1 2430s
 7910671 4102957   20.00000   53   32          -   15.53032      -  74.1 2435s
 7925608 4109381   20.57591   56  194          -   15.53289      -  74.1 2440s
 7939215 4114811   20.19554   61  146          -   15.53488      -  74.1 2445s
 7954895 4121190   20.15312   50  230          -   15.53763      -  74.1 2450s
 7970205 4127584   15.92393   57  217          -   15.53961      -  74.2 2455s
 7984468 4133625   19.00000   52    1          -   15.54175      -  74.2 2460s
 7999645 4140019   19.16111   53  115          -   15.54458      -  74.2 2465s
 8015403 4146050   17.25460   35  201          -   15.54651      -  74.2 2470s
 8029733 4151983   20.41533   59  206          -   15.54902      -  74.2 2475s
 8045764 4158582   20.83137   51  228          -   15.55172      -  74.2 2480s
 8061111 4164839   20.90566   53  218          -   15.55405      -  74.2 2485s
 8075330 4169955   20.74956   49  195          -   15.55556      -  74.2 2490s
 8090499 4176096   19.00000   46   45          -   15.55814      -  74.2 2495s
 8103777 4181575     cutoff   61               -   15.56045      -  74.3 2500s
 8118919 4187622   19.90666   55  170          -   15.56250      -  74.3 2505s
 8133444 4193600   18.90769   37  253          -   15.56522      -  74.3 2510s
 8148453 4199713   19.00000   62    1          -   15.56790      -  74.3 2515s
 8162238 4205448   20.50000   59   29          -   15.57041      -  74.3 2520s
 8176096 4209976   21.00000   55    1          -   15.57143      -  74.3 2525s
 8191731 4216172   16.18223   35  242          -   15.57341      -  74.3 2530s
 8207232 4222798   19.00000   48    1          -   15.57624      -  74.4 2535s
 8222122 4229017   16.33563   39  214          -   15.57879      -  74.4 2540s
 8236473 4234675   21.22783   58  176          -   15.58108      -  74.4 2545s
 8251112 4240094   18.43611   52  213          -   15.58333      -  74.4 2550s
 8266677 4246544   19.70107   48  210          -   15.58570      -  74.4 2555s
 8281560 4252450   20.84671   62  180          -   15.58812      -  74.4 2560s
 8296545 4258473   19.80307   58  176          -   15.59046      -  74.4 2565s
 8311101 4264195   20.87775   66  188          -   15.59287      -  74.4 2570s
 8326463 4270267   18.66095   42  238          -   15.59538      -  74.4 2575s
 8342039 4276683   19.00000   62    1          -   15.59843      -  74.5 2580s
 8357737 4282088   19.08069   28  235          -   15.60000      -  74.5 2585s
 8371091 4285948   19.00000   62    1          -   15.60000      -  74.5 2590s
 8386039 4291743 infeasible   55               -   15.60227      -  74.5 2595s
 8401428 4298019   16.91565   36  191          -   15.60497      -  74.5 2600s
 8415670 4303649   17.03528   33  182          -   15.60721      -  74.5 2605s
 8429795 4309346 infeasible   71               -   15.60976      -  74.5 2610s
 8444944 4315001   20.16526   50  193          -   15.61205      -  74.5 2615s
 8459622 4321096   17.90655   59  215          -   15.61449      -  74.6 2620s
 8475373 4327052   18.00000   48    3          -   15.61674      -  74.6 2625s
 8490101 4333085   20.23125   53  213          -   15.61925      -  74.6 2630s
 8505281 4339093   19.59582   49  207          -   15.62181      -  74.6 2635s
 8520312 4345170   18.36363   37  244          -   15.62500      -  74.6 2640s
 8534652 4350116   19.00000   52    1          -   15.62512      -  74.6 2645s
 8548910 4356266   20.09564   57  207          -   15.62791      -  74.6 2650s
 8564106 4362527   19.64378   48  210          -   15.63043      -  74.6 2655s
 8580245 4368864   20.12014   56  155          -   15.63309      -  74.6 2660s
 8595529 4375035   18.50000   53   20          -   15.63578      -  74.6 2665s
 8610438 4380381   18.31479   47  179          -   15.63761      -  74.7 2670s
 8625160 4386010   18.67536   50  219          -   15.64024      -  74.7 2675s
 8639837 4391548   17.55433   41  213          -   15.64286      -  74.7 2680s
 8654856 4397476   21.00000   71    1          -   15.64517      -  74.7 2685s
 8668794 4402756   17.24521   39  228          -   15.64735      -  74.7 2690s
 8682904 4408452     cutoff   63               -   15.65000      -  74.7 2695s
 8698162 4414290   21.79695   70  192          -   15.65251      -  74.7 2700s
 8712823 4420083   21.27007   61  169          -   15.65506      -  74.7 2705s
 8727791 4426185   16.26287   33  261          -   15.65772      -  74.7 2710s
 8742519 4431956   19.73676   57  206          -   15.66038      -  74.8 2715s
 8757055 4437780   17.93004   39  222          -   15.66311      -  74.8 2720s
 8772080 4444042   19.71098   56  202          -   15.66618      -  74.8 2725s
 8786338 4448430   21.00000   54    1          -   15.66667      -  74.8 2730s
 8800755 4452353   18.80098   37  195          -   15.66667      -  74.8 2735s
 8815297 4456546   19.00000   79    1          -   15.66667      -  74.8 2740s
 8828739 4460486     cutoff   67               -   15.66667      -  74.8 2745s
 8843635 4465811   19.00000   63    1          -   15.66813      -  74.9 2750s
 8858875 4471532   20.50167   73  185          -   15.67114      -  74.9 2755s
 8874273 4478057   19.46449   39  232          -   15.67416      -  74.9 2760s
 8889270 4484122   16.66667   32   59          -   15.67678      -  74.9 2765s
 8904111 4490226   17.30257   51  226          -   15.67932      -  74.9 2770s
 8919786 4496230   19.00000   59    1          -   15.68235      -  74.9 2775s
 8933804 4501702   20.05322   60  206          -   15.68478      -  74.9 2780s
 8948670 4507376   19.00000   61    1          -   15.68750      -  74.9 2785s
 8963392 4513064   19.66667   60   40          -   15.68992      -  74.9 2790s
 8979305 4518733   15.88221   58  217          -   15.69231      -  74.9 2795s
 8993691 4524383   22.17230   61  192          -   15.69480      -  74.9 2800s
 9009334 4530602   21.00000   60    1          -   15.69759      -  74.9 2805s
 9024525 4536635   17.79947   34  231          -   15.70000      -  75.0 2810s
 9039023 4541967   20.50000   70   20          -   15.70186      -  75.0 2815s
 9054243 4547785   20.80546   56  184          -   15.70482      -  75.0 2820s
 9070216 4554181   16.91385   41  238          -   15.70742      -  75.0 2825s
 9085235 4559941   16.47527   28  237          -   15.70988      -  75.0 2830s
 9100172 4565699   20.00000   62   28          -   15.71262      -  75.0 2835s
 9115057 4570953   16.09795   34  219          -   15.71429      -  75.0 2840s
 9130832 4576435   21.66541   58  186          -   15.71635      -  75.0 2845s
 9146404 4582588   16.83333   32   51          -   15.71942      -  75.0 2850s
 9161634 4588338   22.49922   63  216          -   15.72222      -  75.0 2855s
 9175588 4593771   17.54015   61  192          -   15.72459      -  75.0 2860s
 9191002 4599552   22.40352   66  185          -   15.72727      -  75.0 2865s
 9205151 4605005   18.03125   33  149          -   15.72938      -  75.1 2870s
 9219858 4611065   17.61050   47  190          -   15.73197      -  75.1 2875s
 9235240 4616945   18.86239   45  217          -   15.73441      -  75.1 2880s
 9253105 4623921   16.01411   30  232          -   15.73751      -  75.1 2885s
 9268780 4630130   18.96152   53  209          -   15.74038      -  75.1 2890s
 9284617 4636019   16.97243   38  180          -   15.74317      -  75.1 2895s
 9299547 4641851   16.92157   44  140          -   15.74618      -  75.1 2900s
 9315077 4648099   18.02598   37  255          -   15.74961      -  75.1 2905s
 9329634 4652577   20.11137   61  203          -   15.75000      -  75.1 2910s
 9344146 4656628   21.00000   57    1          -   15.75000      -  75.1 2915s
 9359023 4661172   21.00000   66    1          -   15.75000      -  75.1 2920s
 9373639 4666405   21.00000   58    1          -   15.75154      -  75.2 2925s
 9387353 4671803   21.22604   62  192          -   15.75413      -  75.2 2930s
 9402777 4677623   21.53284   59  202          -   15.75713      -  75.2 2935s
 9417159 4683278   19.00000   64    1          -   15.76000      -  75.2 2940s
 9431846 4689257   18.51043   41  224          -   15.76263      -  75.2 2945s
 9447462 4695461   16.75000   49   55          -   15.76531      -  75.2 2950s
 9463497 4701478   20.46079   61  181          -   15.76829      -  75.2 2955s
 9477511 4706697   20.12116   66  168          -   15.77049      -  75.2 2960s
 9493003 4712624   21.00000   60    1          -   15.77332      -  75.2 2965s
 9509080 4719145   16.70074   42  194          -   15.77631      -  75.2 2970s
 9523321 4723912   21.09704   57  191          -   15.77778      -  75.2 2975s
 9540246 4730515 infeasible   65               -   15.78087      -  75.2 2980s
 9555738 4736564   21.54244   60  196          -   15.78378      -  75.2 2985s
 9572008 4742790   20.00000   61    3          -   15.78603      -  75.2 2990s
 9586476 4748253   16.61286   41  215          -   15.78906      -  75.2 2995s
 9602582 4754266   16.07618   36  203          -   15.79167      -  75.2 3000s
 9618044 4760345 infeasible   62               -   15.79475      -  75.2 3005s
 9633063 4766349   17.79009   35  214          -   15.79798      -  75.2 3010s
 9648809 4771519   21.00000   67    1          -   15.80000      -  75.3 3015s
 9663417 4775360 infeasible   70               -   15.80000      -  75.3 3020s
 9677792 4780950   16.62083   38  259          -   15.80296      -  75.3 3025s
 9684068 4784015   21.00000   54    1          -   15.80392      -  75.3 3030s
 9697784 4789034   21.86581   39  227          -   15.80700      -  75.3 3035s
 9712396 4794711 infeasible   74               -   15.80952      -  75.3 3040s
 9728532 4801025   16.76832   39  217          -   15.81250      -  75.3 3045s
 9743144 4806852   16.24114   53  208          -   15.81483      -  75.3 3050s
 9759611 4813151   19.87504   60  174          -   15.81818      -  75.3 3055s
 9774055 4818492   16.56925   35  233          -   15.82021      -  75.3 3060s
 9788348 4824107   20.73653   58  213          -   15.82306      -  75.3 3065s
 9804712 4830401   18.77321   31  246          -   15.82576      -  75.3 3070s
 9820412 4836491   19.35516   49  186          -   15.82864      -  75.3 3075s
 9835508 4842453     cutoff   71               -   15.83140      -  75.3 3080s
 9851327 4847823   21.91090   66  195          -   15.83333      -  75.3 3085s
 9865257 4852209 infeasible   68               -   15.83333      -  75.3 3090s
 9880153 4858071   16.64475   33  218          -   15.83607      -  75.3 3095s
 9896096 4864394   21.80790   69  178          -   15.83929      -  75.3 3100s
 9912630 4870723   17.78140   45  247          -   15.84211      -  75.4 3105s
 9927133 4876241   20.42857   66   94          -   15.84493      -  75.4 3110s
 9943448 4882201   19.11134   59  166          -   15.84773      -  75.4 3115s
 9958922 4888229 infeasible   69               -   15.85052      -  75.4 3120s
 9973603 4894261   17.65988   35  236          -   15.85329      -  75.4 3125s
 9989404 4900759   20.66589   62  204          -   15.85630      -  75.4 3130s
 10004006 4905285   21.48861   55  187          -   15.85714      -  75.4 3135s
 10019101 4911256     cutoff   54               -   15.85971      -  75.4 3140s
 10034953 4917261   18.41156   40  230          -   15.86264      -  75.4 3145s
 10049902 4922833   18.45871   34  266          -   15.86538      -  75.4 3150s
 10065256 4928479   20.00000   56   31          -   15.86798      -  75.4 3155s
 10081359 4934980   19.59197   40  216          -   15.87137      -  75.4 3160s
 10097226 4941385   21.00000   58    1          -   15.87481      -  75.4 3165s
 10112266 4946233   20.99911   61  201          -   15.87500      -  75.4 3170s
 10128052 4952622   18.29953   36  243          -   15.87816      -  75.4 3175s
 10142327 4958500   17.37963   55  215          -   15.88136      -  75.4 3180s
 10158247 4964722   21.00000   65   34          -   15.88417      -  75.4 3185s
 10172793 4970590   21.42870   65  180          -   15.88710      -  75.4 3190s
 10188092 4975770     cutoff   67               -   15.88889      -  75.4 3195s
 10202822 4981579   17.06117   36  211          -   15.89189      -  75.4 3200s
 10217624 4987432     cutoff   65               -   15.89474      -  75.4 3205s
 10233437 4993877   17.71634   44  217          -   15.89744      -  75.4 3210s
 10250039 4999765   17.79233   37  202          -   15.90000      -  75.4 3215s
 10264110 5005178   20.26385   61  158          -   15.90219      -  75.5 3220s
 10279876 5011126   16.13963   39  221          -   15.90552      -  75.5 3225s
 10296722 5017565   19.00000   63    1          -   15.90909      -  75.5 3230s
 10311956 5023186   16.56887   35  263          -   15.91143      -  75.5 3235s
 10329256 5029575   19.50000   51   20          -   15.91453      -  75.5 3240s
 10344951 5035127 infeasible   70               -   15.91667      -  75.5 3245s
 10360498 5041367   19.00000   66   29          -   15.91975      -  75.5 3250s
 10376642 5047805   22.34681   58  185          -   15.92278      -  75.5 3255s
 10391423 5053334   17.12909   36  215          -   15.92517      -  75.5 3260s
 10408307 5059988   21.00000   62    1          -   15.92857      -  75.5 3265s
 10422774 5065443     cutoff   60               -   15.93076      -  75.5 3270s
 10437655 5070958   21.71322   71  184          -   15.93333      -  75.5 3275s
 10454602 5077928   19.44448   58  219          -   15.93696      -  75.5 3280s
 10469390 5083547   19.75000   62   29          -   15.93925      -  75.5 3285s
 10474525 5085157 infeasible   68               -   15.94048      -  75.5 3290s
 10474987 5085405   17.07504   53  173          -   15.94109      -  75.5 3295s
 10476815 5086186   19.00000   61    1          -   15.94118      -  75.5 3300s
 10481637 5088533   20.29657   47  222          -   15.94203      -  75.5 3305s
 10496632 5094422   21.00000   67    1          -   15.94493      -  75.5 3310s
 10511266 5100129   17.04326   40  209          -   15.94737      -  75.5 3315s
 10526396 5106455     cutoff   58               -   15.95029      -  75.5 3320s
 10542264 5112875   19.47792   33  252          -   15.95315      -  75.5 3325s
 10557354 5118940   19.97921   64  226          -   15.95590      -  75.5 3330s
 10573198 5125289   20.73127   45  215          -   15.95880      -  75.5 3335s
 10589387 5131423   20.63636   63   90          -   15.96178      -  75.5 3340s
 10605250 5137728   20.16561   34  239          -   15.96475      -  75.5 3345s
 10620731 5143799   20.49395   68  167          -   15.96776      -  75.5 3350s
 10636776 5150408   16.76618   41  217          -   15.97080      -  75.5 3355s
 10652491 5156616   16.21365   54  212          -   15.97368      -  75.5 3360s
 10668835 5163038   20.62718   59  197          -   15.97705      -  75.5 3365s
 10683423 5169204   20.74419   63  105          -   15.98000      -  75.5 3370s
 10699168 5175889   16.38219   55  175          -   15.98308      -  75.5 3375s
 10715536 5182237   18.25721   60  177          -   15.98617      -  75.5 3380s
 10731012 5188433   18.19947   36  230          -   15.98941      -  75.5 3385s
 10747273 5195148   20.00000   68    3          -   15.99315      -  75.5 3390s
 10763548 5201975   17.07218   34  226          -   15.99691      -  75.5 3395s
 10778462 5207500   19.00000   66   30          -   16.00000      -  75.5 3400s
 10791899 5211807   20.00000   60    3          -   16.00000      -  75.6 3405s
 10805725 5215880     cutoff   65               -   16.00000      -  75.6 3410s
 10818979 5219832 infeasible   74               -   16.00000      -  75.6 3415s
 10833042 5224178 infeasible   70               -   16.00000      -  75.6 3420s
 10846237 5228019   20.00000   71    3          -   16.00000      -  75.6 3425s
 10859895 5232091   21.41856   46  192          -   16.00000      -  75.6 3430s
 10873592 5236224     cutoff   61               -   16.00000      -  75.7 3435s
 10888765 5240679   20.15202   34  222          -   16.00000      -  75.7 3440s
 10901842 5244411   19.23792   47  223          -   16.00000      -  75.7 3445s
 10915183 5248529   18.69231   63  186          -   16.00000      -  75.7 3450s
 10930107 5252899   19.50000   52   19          -   16.00000      -  75.7 3455s
 10942491 5257193   16.84374   43  213          -   16.00000      -  75.7 3460s
 10955736 5261222     cutoff   62               -   16.00000      -  75.7 3465s
 10970439 5266083 infeasible   41               -   16.00000      -  75.8 3470s
 10984470 5270664     cutoff   74               -   16.00000      -  75.8 3475s
 11001607 5276011   20.03271   47  213          -   16.00000      -  75.8 3480s
 11019091 5281537   18.80000   75   32          -   16.00000      -  75.8 3485s
 11034851 5286545   21.00731   43  223          -   16.00000      -  75.8 3490s
 11054460 5292335 infeasible   71               -   16.00000      -  75.9 3495s
 11073530 5298042 infeasible   73               -   16.00000      -  75.9 3500s
 11093730 5303944   18.35568   32  230          -   16.00000      -  75.9 3505s
 11113868 5310314   20.19474   43  246          -   16.00000      -  75.9 3510s
 11133466 5315913   21.64909   73  176          -   16.00000      -  76.0 3515s
 11151598 5321220   16.68055   73  170          -   16.00000      -  76.0 3520s
 11171162 5326161 infeasible   40               -   16.00000      -  76.0 3525s
 11190411 5331510   19.00000   63    1          -   16.00000      -  76.0 3530s
 11210070 5336668   19.76351   72  155          -   16.00000      -  76.0 3535s
 11232143 5344971   21.19344   60  189          -   16.00390      -  76.0 3540s
 11254180 5354484   20.84227   57  207          -   16.00928      -  76.0 3545s
 11277103 5363864   16.21062   63  201          -   16.01440      -  76.0 3550s
 11300591 5373475 infeasible   72               -   16.01923      -  76.0 3555s
 11323525 5382956   16.96666   38  205          -   16.02375      -  76.0 3560s
 11345677 5392316   16.99607   44  196          -   16.02830      -  76.0 3565s
 11369038 5402146 infeasible   68               -   16.03333      -  76.0 3570s
 11390929 5410987   17.22090   35  223          -   16.03810      -  76.0 3575s
 11413168 5420327   18.50000   62   19          -   16.04225      -  76.0 3580s
 11435414 5429305   19.38572   35  214          -   16.04686      -  76.0 3585s
 11458594 5438578   16.37246   36  223          -   16.05147      -  76.0 3590s
 11481607 5447902   16.65481   33  239          -   16.05621      -  76.0 3595s
 11502779 5456651   16.41371   38  244          -   16.06059      -  76.0 3600s
 11526280 5466086   16.96624   38  250          -   16.06532      -  76.0 3605s
 11548509 5475349     cutoff   71               -   16.06965      -  76.0 3610s
 11571213 5484442 infeasible   70               -   16.07407      -  76.0 3615s
 11596047 5494426   20.19026   60  214          -   16.07879      -  76.0 3620s
 11618187 5503830   18.12705   43  216          -   16.08329      -  76.0 3625s
 11641635 5512876     cutoff   67               -   16.08696      -  76.0 3630s
 11665228 5522575   21.50000   73    5          -   16.09091      -  76.0 3635s
 11688629 5532308   17.28766   47  218          -   16.09565      -  76.0 3640s
 11711764 5541844   16.63568   41  200          -   16.10000      -  76.0 3645s
 11733940 5550462   17.24087   34  193          -   16.10352      -  76.0 3650s
 11758892 5560592   16.84300   39  181          -   16.10843      -  76.0 3655s
 11782541 5569461   17.86623   45  234          -   16.11229      -  76.0 3660s
 11805192 5578389   19.50000   56   25          -   16.11655      -  76.0 3665s
 11828575 5587589   18.40486   39  203          -   16.12080      -  76.0 3670s
 11851205 5596443   19.43509   38  250          -   16.12500      -  76.0 3675s
 11874612 5605528   20.75049   61  217          -   16.12838      -  76.0 3680s
 11897179 5615278   20.05994   50  213          -   16.13284      -  76.0 3685s
 11919703 5624378   20.50000   70   22          -   16.13689      -  76.0 3690s
 11943072 5634162   17.85817   46  221          -   16.14141      -  76.0 3695s
 11964651 5641980 infeasible   67               -   16.14367      -  76.0 3700s
 11987192 5651286     cutoff   75               -   16.14815      -  76.0 3705s
 12010226 5660638   17.30822   41  227          -   16.15254      -  76.0 3710s
 12032521 5669287   17.06711   48  182          -   16.15663      -  76.0 3715s
 12054892 5678756   17.18909   37  231          -   16.16067      -  76.0 3720s
 12079289 5688815     cutoff   77               -   16.16534      -  76.0 3725s
 12100276 5695995   17.98017   42  230          -   16.16667      -  76.0 3730s
 12122539 5704822   18.23687   39  233          -   16.17020      -  76.0 3735s
 12146346 5714443   18.37361   36  222          -   16.17460      -  76.0 3740s
 12167889 5723489   16.50253   34  208          -   16.17857      -  76.0 3745s
 12189070 5732081 infeasible   68               -   16.18217      -  76.0 3750s
 12213642 5741983   17.55568   41  209          -   16.18712      -  76.0 3755s
 12236671 5751470   16.70403   37  172          -   16.19100      -  76.0 3760s
 12259208 5760522     cutoff   63               -   16.19506      -  76.0 3765s
 12282316 5770159     cutoff   70               -   16.19984      -  76.0 3770s
 12303090 5777039   18.09949   43  211          -   16.20000      -  76.0 3775s
 12327179 5787032   21.33251   69  178          -   16.20504      -  76.0 3780s
 12350185 5796629   16.85849   36  211          -   16.20930      -  76.0 3785s
 12372662 5805696   16.71893   45  252          -   16.21324      -  76.0 3790s
 12394412 5814578   19.13567   53  183          -   16.21676      -  76.0 3795s
 12417664 5824392   18.85890   40  206          -   16.22115      -  76.0 3800s
 12440676 5833288 infeasible   81               -   16.22449      -  76.0 3805s
 12464461 5842722   16.88671   33  223          -   16.22896      -  76.0 3810s
 12485610 5851187   21.17560   52  195          -   16.23256      -  76.1 3815s
 12508320 5860426   16.56422   35  210          -   16.23674      -  76.0 3820s
 12530307 5869683   19.37500   55   59          -   16.24074      -  76.0 3825s
 12554607 5879962   17.25066   41  224          -   16.24528      -  76.0 3830s
 12578090 5889850   20.01675   41  230          -   16.25000      -  76.0 3835s
 12598805 5896492 infeasible   82               -   16.25000      -  76.1 3840s
 12618464 5902669   18.13057   40  202          -   16.25000      -  76.1 3845s
 12639751 5911048   17.30186   41  195          -   16.25301      -  76.1 3850s
 12662851 5920822 infeasible   76               -   16.25714      -  76.1 3855s
 12685265 5930409   16.80764   47  243          -   16.26099      -  76.1 3860s
 12708214 5940129   19.62420   37  171          -   16.26531      -  76.1 3865s
 12730623 5949071   17.32419   40  213          -   16.26923      -  76.1 3870s
 12752413 5958035   20.25363   34  220          -   16.27273      -  76.1 3875s
 12776415 5968164     cutoff   68               -   16.27675      -  76.1 3880s
 12798534 5977238   18.25840   40  186          -   16.28050      -  76.1 3885s
 12822154 5987368   17.66380   52  198          -   16.28505      -  76.1 3890s
 12843328 5994853   18.27594   45  218          -   16.28750      -  76.1 3895s
 12866726 6004277   17.97131   43  220          -   16.29167      -  76.1 3900s
 12889016 6013527   17.18636   36  215          -   16.29541      -  76.1 3905s
 12913046 6023598   17.16847   38  226          -   16.29977      -  76.1 3910s
 12935057 6032186   17.29875   30  268          -   16.30236      -  76.1 3915s
 12958154 6041893   16.42440   36  268          -   16.30670      -  76.1 3920s
 12980807 6051127   17.38661   39  162          -   16.31010      -  76.1 3925s
 13004824 6061030   19.65854   43  211          -   16.31410      -  76.1 3930s
 13027135 6070549   17.25251   47  225          -   16.31772      -  76.1 3935s
 13049570 6079677   16.49288   36  204          -   16.32153      -  76.1 3940s
 13072701 6089322   18.14493   45  237          -   16.32580      -  76.1 3945s
 13095767 6098696   17.67669   41  222          -   16.32955      -  76.1 3950s
 13119053 6108440 infeasible   80               -   16.33333      -  76.1 3955s
 13138562 6114369   18.92101   41  224          -   16.33333      -  76.1 3960s
 13158051 6120388   20.73965   43  210          -   16.33333      -  76.1 3965s
 13177508 6126380   19.40112   34  201          -   16.33333      -  76.1 3970s
 13200624 6136267     cutoff   73               -   16.33810      -  76.1 3975s
 13222711 6145420   16.92407   42  207          -   16.34206      -  76.1 3980s
 13243323 6154204   16.88972   41  228          -   16.34567      -  76.1 3985s
 13260009 6161235   21.64454   57  211          -   16.34851      -  76.1 3990s
 13275395 6167514   21.89642   71  183          -   16.35120      -  76.1 3995s
 13291685 6174285   19.85336   47  212          -   16.35399      -  76.1 4000s
 13308548 6181090   17.72364   51  219          -   16.35714      -  76.1 4005s
 13323834 6187063   20.00000   59    3          -   16.35933      -  76.1 4010s
 13339348 6193721   17.39234   34  228          -   16.36197      -  76.1 4015s
 13354219 6199704   19.64901   39  220          -   16.36393      -  76.1 4020s
 13370778 6206388   17.58238   35  258          -   16.36683      -  76.1 4025s
 13386705 6212855   20.45182   47  188          -   16.36957      -  76.1 4030s
 13401309 6219094     cutoff   70               -   16.37209      -  76.1 4035s
 13417389 6225470   21.60000   72  158          -   16.37500      -  76.1 4040s
 13432235 6230908   18.22499   33  238          -   16.37544      -  76.1 4045s
 13448138 6237716   16.58273   36  238          -   16.37857      -  76.1 4050s
 13464645 6244486   19.20582   46  201          -   16.38129      -  76.1 4055s
 13481241 6251498   17.56753   38  239          -   16.38432      -  76.1 4060s
 13495131 6257170   17.64538   41  229          -   16.38616      -  76.1 4065s
 13511102 6263638   21.42641   42  214          -   16.38889      -  76.1 4070s
 13528252 6270706   18.69010   32  213          -   16.39167      -  76.1 4075s
 13543113 6277162     cutoff   70               -   16.39447      -  76.1 4080s
 13559582 6284218     cutoff   60               -   16.39741      -  76.1 4085s
 13575945 6290900     cutoff   73               -   16.40000      -  76.1 4090s
 13589818 6295154   21.00000   79    1          -   16.40000      -  76.1 4095s
 13605856 6301421   18.76314   44  196          -   16.40189      -  76.1 4100s
 13621140 6307785   19.16441   46  206          -   16.40476      -  76.1 4105s
 13636971 6314416   17.30694   41  206          -   16.40732      -  76.1 4110s
 13653086 6321319     cutoff   68               -   16.40984      -  76.1 4115s
 13669068 6328104   20.31709   75  192          -   16.41233      -  76.1 4120s
 13685133 6334930   17.59719   41  189          -   16.41511      -  76.1 4125s
 13701501 6341169   22.00000   62    1          -   16.41670      -  76.1 4130s
 13716976 6347780   19.00000   66    1          -   16.41958      -  76.1 4135s
 13728191 6352593   17.60787   41  229          -   16.42133      -  76.1 4140s
 13744432 6359175 infeasible   72               -   16.42424      -  76.1 4145s
 13760525 6366188   17.73159   44  214          -   16.42689      -  76.1 4150s
 13774781 6371525     cutoff   79               -   16.42857      -  76.1 4155s
 13791654 6377883   18.31193   33  195          -   16.43037      -  76.1 4160s
 13808276 6384540   16.81147   41  202          -   16.43333      -  76.1 4165s
 13824352 6391521 infeasible   78               -   16.43590      -  76.1 4170s
 13838829 6397457   19.45376   39  213          -   16.43774      -  76.1 4175s
 13855230 6404115   17.16551   46  231          -   16.44032      -  76.1 4180s
 13872151 6411225   21.00000   73    1          -   16.44295      -  76.1 4185s
 13888101 6417091   19.16973   33  202          -   16.44444      -  76.1 4190s
 13904584 6423973   17.15914   36  231          -   16.44697      -  76.1 4195s
 13919784 6430353   17.70207   41  202          -   16.44949      -  76.1 4200s
 13935812 6436875   21.14626   39  217          -   16.45201      -  76.1 4205s
 13951288 6442855   20.15338   47  193          -   16.45455      -  76.1 4210s
 13968069 6450156   19.89553   38  208          -   16.45675      -  76.1 4215s
 13984111 6456866   17.00491   41  213          -   16.45924      -  76.1 4220s
 13999352 6462795     cutoff   77               -   16.46154      -  76.1 4225s
 14015680 6469825   18.43777   41  218          -   16.46424      -  76.1 4230s
 14030247 6475454   16.76474   35  239          -   16.46665      -  76.1 4235s
 14030434 6475523   19.45274   49  215          -   16.46667      -  76.1 4240s
 14030575 6475628   18.01445   35  230          -   16.46709      -  76.1 4245s
 14030696 6475724   17.19427   40  197          -   16.46749      -  76.1 4250s
 14033111 6477206   17.67612   35  189          -   16.46795      -  76.1 4255s
 14041367 6480556 infeasible   73               -   16.46939      -  76.1 4260s
 14055760 6486333   19.49050   51  201          -   16.47154      -  76.1 4265s
 14071946 6492856   18.39806   39  232          -   16.47401      -  76.1 4270s
 14087635 6499281   16.83361   37  223          -   16.47630      -  76.1 4275s
 14104459 6506265 infeasible   79               -   16.47906      -  76.1 4280s
 14121384 6513415   19.00000   66   37          -   16.48170      -  76.1 4285s
 14137184 6520285   17.00000   43    1          -   16.48424      -  76.1 4290s
 14154652 6527840   17.45359   35  229          -   16.48707      -  76.1 4295s
 14170624 6534937     cutoff   69               -   16.48973      -  76.1 4300s
 14187388 6541992   18.10505   38  232          -   16.49240      -  76.1 4305s
 14203386 6548845   18.46756   41  208          -   16.49505      -  76.1 4310s
 14219384 6555824   20.31343   61  174          -   16.49806      -  76.1 4315s
 14235502 6561815 infeasible   79               -   16.50000      -  76.1 4320s
 14251330 6566590   21.81427   68  201          -   16.50000      -  76.1 4325s
 14265769 6570640   17.17326   47  217          -   16.50000      -  76.2 4330s
 14279809 6574723   20.12965   40  213          -   16.50000      -  76.2 4335s
 14293758 6578982   20.68184   47  227          -   16.50000      -  76.2 4340s
 14306857 6582834 infeasible   52               -   16.50000      -  76.2 4345s
 14320649 6586981   20.12499   46  231          -   16.50000      -  76.2 4350s
 14334717 6591427     cutoff   74               -   16.50000      -  76.2 4355s
 14347639 6595082   19.48538   45  229          -   16.50000      -  76.2 4360s
 14362545 6599577   18.41759   31  228          -   16.50000      -  76.2 4365s
 14375951 6603464     cutoff   64               -   16.50000      -  76.2 4370s
 14390632 6607677   18.03918   39  216          -   16.50000      -  76.3 4375s
 14404368 6611642   20.83784   75  119          -   16.50000      -  76.3 4380s
 14419382 6616361   22.00000   64    1          -   16.50000      -  76.3 4385s
 14435072 6621522 infeasible   73               -   16.50043      -  76.3 4390s
 14451656 6628685   18.52923   32  248          -   16.50329      -  76.3 4395s
 14469514 6636319   19.06028   49  216          -   16.50634      -  76.3 4400s
 14486349 6643353   20.43235   38  182          -   16.50909      -  76.3 4405s
 14503243 6650493   17.81387   40  241          -   16.51190      -  76.3 4410s
 14519157 6657269   18.63586   39  238          -   16.51467      -  76.3 4415s
 14535519 6664115   19.65915   38  233          -   16.51741      -  76.3 4420s
 14553180 6671369   20.43443   65  184          -   16.52010      -  76.3 4425s
 14569293 6678286     cutoff   61               -   16.52246      -  76.3 4430s
 14586040 6685477   19.16201   52  196          -   16.52500      -  76.3 4435s
 14602197 6692280   20.41090   51  198          -   16.52759      -  76.3 4440s
 14618223 6698985   17.11623   39  236          -   16.52995      -  76.3 4445s
 14634506 6705955   19.64819   46  220          -   16.53249      -  76.3 4450s
 14650055 6712307   17.79655   49  224          -   16.53461      -  76.3 4455s
 14666857 6719301   16.96937   36  225          -   16.53703      -  76.3 4460s
 14682008 6725420   17.26212   41  235          -   16.53917      -  76.3 4465s
 14699063 6732590   17.24386   37  225          -   16.54181      -  76.3 4470s
 14716176 6739775   17.15521   36  221          -   16.54459      -  76.3 4475s
 14732239 6745978   20.43908   58  195          -   16.54649      -  76.3 4480s
 14748504 6752812   16.94481   43  220          -   16.54902      -  76.3 4485s
 14765814 6760002   18.48145   44  222          -   16.55152      -  76.3 4490s
 14781038 6766651   17.68557   40  225          -   16.55378      -  76.3 4495s
 14797312 6772702     cutoff   77               -   16.55556      -  76.3 4500s
 14812091 6779215   19.52464   40  205          -   16.55814      -  76.3 4505s
 14829504 6786475   17.23989   54  204          -   16.56074      -  76.3 4510s
 14845799 6792951   18.73210   40  229          -   16.56285      -  76.3 4515s
 14863484 6800214   18.55382   39  216          -   16.56558      -  76.3 4520s
 14879327 6806857   18.03127   52  223          -   16.56818      -  76.3 4525s
 14895604 6813808   17.90278   31  191          -   16.57074      -  76.3 4530s
 14911245 6819265   20.15235   62  222          -   16.57143      -  76.3 4535s
 14928148 6826590   17.35385   38  223          -   16.57395      -  76.3 4540s
 14943672 6833229   17.88778   32  231          -   16.57622      -  76.3 4545s
 14960925 6840479   17.77085   32  194          -   16.57895      -  76.3 4550s
 14977276 6847537   16.95227   32  255          -   16.58130      -  76.3 4555s
 14992661 6853641   18.16459   41  199          -   16.58333      -  76.3 4560s
 15008893 6860172     cutoff   78               -   16.58553      -  76.3 4565s
 15026791 6867434   17.66279   42  195          -   16.58819      -  76.3 4570s
 15042990 6874303   17.76264   40  238          -   16.59052      -  76.3 4575s
 15058673 6881064   18.45320   40  230          -   16.59283      -  76.3 4580s
 15074895 6887845   17.95996   38  254          -   16.59524      -  76.3 4585s
 15092654 6895465   17.42243   41  220          -   16.59791      -  76.3 4590s
 15107542 6901404   19.00000   36    1          -   16.60000      -  76.3 4595s
 15123055 6906219   17.86623   43  199          -   16.60000      -  76.3 4600s
 15138704 6912153   17.90150   38  235          -   16.60121      -  76.3 4605s
 15154626 6918661     cutoff   72               -   16.60384      -  76.3 4610s
 15170542 6925504   18.28485   35  256          -   16.60618      -  76.3 4615s
 15188259 6932427   16.96711   39  200          -   16.60887      -  76.3 4620s
 15203686 6938578   19.15828   38  213          -   16.61111      -  76.3 4625s
 15221514 6946002   17.53519   43  245          -   16.61368      -  76.3 4630s
 15238280 6952683     cutoff   82               -   16.61575      -  76.3 4635s
 15255562 6960019   18.34757   50  179          -   16.61850      -  76.3 4640s
 15271226 6966574   18.84289   42  188          -   16.62085      -  76.3 4645s
 15287454 6973378   18.19012   41  157          -   16.62321      -  76.3 4650s
 15302985 6979517   17.70305   39  218          -   16.62500      -  76.3 4655s
 15319016 6985301   17.36466   36  216          -   16.62557      -  76.3 4660s
 15336232 6992417   20.35905   38  205          -   16.62818      -  76.3 4665s
 15352595 6999354   21.00000   68    1          -   16.63047      -  76.3 4670s
 15370056 7006471   17.05170   49  206          -   16.63288      -  76.3 4675s
 15386712 7013365   17.45018   34  233          -   16.63529      -  76.3 4680s
 15402724 7019671   17.98423   45  170          -   16.63672      -  76.3 4685s
 15418184 7026216   18.15177   34  202          -   16.63889      -  76.3 4690s
 15434701 7033405   16.97206   39  221          -   16.64121      -  76.3 4695s
 15450722 7039579   17.73442   40  228          -   16.64289      -  76.3 4700s
 15467521 7046575   17.78475   46  214          -   16.64550      -  76.3 4705s
 15483544 7053191   18.73759   33  207          -   16.64773      -  76.3 4710s
 15499587 7059801 infeasible   74               -   16.65000      -  76.3 4715s
 15517415 7067184   17.71116   47  210          -   16.65254      -  76.3 4720s
 15533141 7073807   17.09491   34  242          -   16.65476      -  76.3 4725s
 15548065 7080109   19.39976   40  237          -   16.65700      -  76.3 4730s
 15564981 7087397   19.75431   55  202          -   16.65951      -  76.3 4735s
 15582145 7094680   17.00316   71  198          -   16.66225      -  76.3 4740s
 15599341 7102126   18.59007   36  214          -   16.66489      -  76.3 4745s
 15614860 7107599     cutoff   75               -   16.66667      -  76.3 4750s
 15628083 7111661   21.00000   41    1          -   16.66667      -  76.3 4755s
 15642934 7116028   17.64856   43  212          -   16.66667      -  76.3 4760s
 15657335 7120106   21.14075   39  216          -   16.66667      -  76.3 4765s
 15671573 7124152   20.99701   70  157          -   16.66667      -  76.3 4770s
 15685561 7128136   17.50000   81   19          -   16.66667      -  76.3 4775s
 15697874 7132514   19.19891   36  198          -   16.66803      -  76.3 4780s
 15698010 7132641   18.58336   35  190          -   16.66843      -  76.3 4785s
 15698121 7132747   18.88208   32  227          -   16.66877      -  76.3 4791s
 15698223 7132837   19.46691   72  168          -   16.66910      -  76.3 4795s
 15698309 7132945   18.66396   33  181          -   16.66938      -  76.3 4800s
 15698862 7133345   17.77041   42  216          -   16.66957      -  76.3 4807s
 15699616 7133699   20.82258   45  235          -   16.66971      -  76.3 4811s
 15701272 7134520   17.94633   31  223          -   16.66996      -  76.3 4816s
 15701909 7134804   17.26774   42  222          -   16.67008      -  76.3 4820s
 15706286 7136858   17.55162   42  198          -   16.67081      -  76.3 4825s
 15711007 7138886   16.97014   34  213          -   16.67159      -  76.3 4830s
 15714154 7140241   18.14735   41  199          -   16.67197      -  76.3 4837s
 15717761 7141766   17.98428   34  218          -   16.67241      -  76.3 4841s
 15719528 7142399   17.42529   36  248          -   16.67269      -  76.3 4848s
 15721134 7143237   19.16280   36  222          -   16.67291      -  76.3 4851s
 15726847 7145116   18.22567   38  224          -   16.67365      -  76.3 4855s
 15731119 7147265   21.25000   56   64          -   16.67434      -  76.3 4860s
 15737242 7149360   20.00000   65    3          -   16.67506      -  76.3 4867s
 15738443 7149851   18.12952   36  217          -   16.67532      -  76.3 4871s
 15749761 7154695   18.59671   49  234          -   16.67708      -  76.3 4875s
 15765237 7160949   18.38995   41  243          -   16.67925      -  76.3 4880s
 15781112 7167689   18.37345   46  219          -   16.68155      -  76.3 4885s
 15797580 7174667   21.72538   74  184          -   16.68358      -  76.3 4890s
 15814204 7181343   17.33092   41  223          -   16.68569      -  76.3 4895s
 15830172 7187700   17.50597   75  189          -   16.68750      -  76.3 4900s
 15847147 7194566   18.76758   42  219          -   16.68980      -  76.3 4905s
 15862356 7200782     cutoff   72               -   16.69231      -  76.3 4910s
 15878893 7207522   17.52542   39  225          -   16.69412      -  76.3 4915s
 15894814 7214350   21.00000   64    3          -   16.69648      -  76.3 4920s
 15912250 7221600   18.51729   35  202          -   16.69903      -  76.3 4925s
 15928377 7227355   18.43724   46  216          -   16.70000      -  76.3 4930s
 15944774 7234167   18.78334   40  224          -   16.70256      -  76.3 4935s
 15960028 7240675   17.57904   37  254          -   16.70467      -  76.3 4940s
 15977632 7247681   17.55531   33  218          -   16.70689      -  76.3 4945s
 15993065 7254557   19.92704   41  248          -   16.70909      -  76.3 4950s
 16009532 7261303 infeasible   76               -   16.71138      -  76.3 4955s
 16025720 7268124 infeasible   81               -   16.71390      -  76.3 4960s
 16039007 7272425   17.79345   43  235          -   16.71429      -  76.3 4965s
 16055457 7278907     cutoff   62               -   16.71622      -  76.3 4970s
 16071195 7285650   16.75000   37   19          -   16.71875      -  76.3 4975s
 16087471 7292435   20.95820   44  234          -   16.72090      -  76.3 4980s
 16102888 7298290   17.53017   33  238          -   16.72236      -  76.3 4985s
 16119222 7305263     cutoff   42               -   16.72464      -  76.3 4990s
 16135433 7311840   17.29136   41  225          -   16.72687      -  76.3 4995s
 16151931 7317975   19.96068   46  244          -   16.72857      -  76.3 5000s
 16167797 7324543   19.77608   56  155          -   16.73077      -  76.3 5005s
 16183119 7330824   17.80210   41  244          -   16.73283      -  76.3 5010s
 16199367 7337653   20.74474   56  209          -   16.73473      -  76.3 5015s
 16214394 7343868   17.39655   31  153          -   16.73684      -  76.3 5020s
 16231692 7351092   17.58702   41  234          -   16.73894      -  76.3 5025s
 16247253 7357495   17.14999   38  234          -   16.74087      -  76.3 5030s
 16264167 7364511   18.99840   37  215          -   16.74317      -  76.3 5035s
 16280710 7371521     cutoff   68               -   16.74550      -  76.3 5040s
 16296206 7377980   17.58593   35  241          -   16.74771      -  76.3 5045s
 16312530 7384395   20.88274   48  197          -   16.75000      -  76.3 5050s
 16326770 7388901 infeasible   66               -   16.75000      -  76.4 5055s
 16341208 7393393   18.38435   40  218          -   16.75000      -  76.4 5060s
 16354955 7397580   18.39912   39  227          -   16.75000      -  76.4 5065s
 16370418 7402117   19.35164   42  200          -   16.75000      -  76.4 5070s
 16385798 7407833   18.36674   29  206          -   16.75108      -  76.4 5075s
 16403466 7415420   17.95684   32  247          -   16.75380      -  76.4 5080s
 16419756 7422183   17.69760   44  216          -   16.75610      -  76.4 5085s
 16435808 7428665   17.94778   38  236          -   16.75822      -  76.4 5090s
 16451710 7435285   19.75915   66  165          -   16.76026      -  76.4 5095s
 16468434 7442105   19.12522   53  192          -   16.76250      -  76.4 5100s
 16485280 7448923   21.13191   38  231          -   16.76471      -  76.4 5105s
 16502395 7455918   20.19823   36  242          -   16.76667      -  76.4 5110s
 16518554 7462715   17.76425   36  224          -   16.76879      -  76.4 5115s
 16534401 7469077   19.53559   35  234          -   16.77047      -  76.4 5120s
 16550580 7475883   17.50506   36  260          -   16.77273      -  76.4 5125s
 16567851 7483091   17.98378   32  226          -   16.77466      -  76.4 5130s
 16584174 7489741   18.48786   40  220          -   16.77694      -  76.4 5135s
 16598694 7494692   19.66002   54  194          -   16.77778      -  76.4 5140s
 16615445 7501604   17.37673   35  205          -   16.78000      -  76.4 5145s
 16631627 7508410   18.38762   31  195          -   16.78205      -  76.4 5150s
 16648658 7515573     cutoff   63               -   16.78421      -  76.4 5155s
 16664235 7522024   17.32463   41  207          -   16.78571      -  76.4 5160s
 16680333 7528737   18.78149   42  228          -   16.78802      -  76.4 5165s
 16696358 7535391   17.75151   46  201          -   16.79009      -  76.4 5170s
 16713079 7542306     cutoff   84               -   16.79213      -  76.4 5175s
 16730116 7549424   19.36640   38  217          -   16.79439      -  76.4 5180s
 16746013 7556027   17.60392   38  230          -   16.79652      -  76.4 5185s
 16763614 7563525   18.02775   34  218          -   16.79896      -  76.4 5190s
 16777751 7568484     cutoff   54               -   16.80000      -  76.4 5195s
 16792829 7572940   20.65285   63  168          -   16.80000      -  76.4 5200s
 16807411 7578055   18.73267   36  227          -   16.80068      -  76.4 5205s
 16823069 7584431   17.54576   40  222          -   16.80309      -  76.4 5210s
 16839275 7591178   17.59429   26  240          -   16.80526      -  76.4 5215s
 16855122 7597810   17.33415   36  254          -   16.80751      -  76.4 5220s
 16870905 7604310   18.86943   37  184          -   16.80952      -  76.4 5225s
 16885976 7610698   17.50000   79   19          -   16.81137      -  76.4 5230s
 16901873 7617272   17.62348   36  216          -   16.81292      -  76.4 5235s
 16918321 7623833   19.27013   50  217          -   16.81513      -  76.4 5240s
 16933950 7630297   17.76577   34  206          -   16.81710      -  76.4 5245s
 16949985 7636483   17.93759   50  188          -   16.81839      -  76.4 5250s
 16966803 7643326   20.90095   59  186          -   16.82055      -  76.4 5255s
 16982631 7649875   19.68342   36  214          -   16.82243      -  76.4 5260s
 16997943 7656139   17.22803   33  215          -   16.82419      -  76.4 5265s
 17014316 7662581   19.09179   42  236          -   16.82609      -  76.4 5270s
 17030928 7669594   18.73929   46  160          -   16.82805      -  76.4 5275s
 17048218 7676797   19.36778   38  226          -   16.83017      -  76.4 5280s
 17063840 7683434   17.70616   39  226          -   16.83226      -  76.4 5285s
 17079738 7689338   21.42476   39  221          -   16.83333      -  76.4 5290s
 17094329 7693844   18.47057   37  227          -   16.83333      -  76.4 5295s
 17108624 7698520   17.41299   44  208          -   16.83333      -  76.4 5300s
 17126021 7705392   21.95326   34  235          -   16.83578      -  76.4 5305s
 17142817 7712338   19.68823   39  228          -   16.83786      -  76.4 5310s
 17157561 7718536   18.41472   34  210          -   16.83974      -  76.4 5315s
 17174041 7725105   19.53380   38  190          -   16.84208      -  76.4 5320s
 17190404 7731642   20.88215   41  195          -   16.84375      -  76.4 5325s
 17206727 7738574   17.92267   55  236          -   16.84587      -  76.4 5330s
 17222422 7744561   17.00000   39    1          -   16.84738      -  76.4 5335s
 17238586 7751211   19.88375   43  194          -   16.84959      -  76.4 5340s
 17254604 7757685     cutoff   68               -   16.85146      -  76.4 5345s
 17269744 7763761   18.27967   35  246          -   16.85320      -  76.4 5350s
 17286678 7770864   19.36800   37  246          -   16.85529      -  76.4 5355s
 17302787 7777148   19.02695   50  189          -   16.85714      -  76.4 5360s
 17316917 7781676   17.75276   39  229          -   16.85714      -  76.5 5365s
 17333793 7788369   17.73683   38  194          -   16.85941      -  76.5 5370s
 17349621 7794864   18.81832   37  234          -   16.86141      -  76.5 5375s
 17366080 7801911   17.42000   40  220          -   16.86346      -  76.5 5380s
 17381892 7808296   17.88693   39  210          -   16.86531      -  76.5 5385s
 17397303 7814470   17.74228   41  224          -   16.86673      -  76.5 5390s
 17414617 7821857   17.24419   32  215          -   16.86884      -  76.5 5395s
 17430742 7828685   18.02325   35  216          -   16.87096      -  76.5 5400s
 17447878 7835440   17.10098   48  245          -   16.87290      -  76.5 5405s
 17463424 7841880   19.79670   55  201          -   16.87500      -  76.5 5410s
 17477713 7846582   21.70178   47  176          -   16.87500      -  76.5 5415s
 17492601 7852497   18.08969   39  216          -   16.87629      -  76.5 5420s
 17509610 7859437   17.45488   40  228          -   16.87877      -  76.5 5425s
 17526076 7866549   20.08725   34  209          -   16.88065      -  76.5 5430s
 17542067 7872782   18.83873   42  203          -   16.88235      -  76.5 5435s
 17558159 7879431   19.02854   38  191          -   16.88441      -  76.5 5440s
 17575087 7886416   18.52465   35  208          -   16.88646      -  76.5 5445s
 17590791 7893052   17.82153   33  216          -   16.88853      -  76.5 5450s
 17605724 7898355   20.54867   36  221          -   16.88890      -  76.5 5455s
 17621966 7904934   19.13988   42  209          -   16.89104      -  76.5 5460s
 17637184 7910955   18.26332   43  241          -   16.89286      -  76.5 5465s
 17652829 7916997   19.60882   37  218          -   16.89474      -  76.5 5470s
 17668393 7923522   21.09030   41  211          -   16.89655      -  76.5 5475s
 17684473 7930330   18.57901   42  227          -   16.89855      -  76.5 5480s
 17698959 7935817   18.47530   51  177          -   16.90000      -  76.5 5485s
 17713622 7941110   18.76406   43  212          -   16.90058      -  76.5 5490s
 17729819 7947655   18.86174   38  219          -   16.90267      -  76.5 5495s
 17746347 7954550   17.43153   35  230          -   16.90459      -  76.5 5500s
 17761309 7960722   18.62304   38  251          -   16.90620      -  76.5 5505s
 17778034 7967530   20.47297   39  235          -   16.90806      -  76.5 5510s
 17793825 7973312     cutoff   39               -   16.90909      -  76.5 5515s
 17810587 7979896   21.08567   49  191          -   16.91134      -  76.5 5520s
 17825222 7985862   18.33305   40  225          -   16.91304      -  76.5 5525s
 17842601 7992850   19.35165   42  204          -   16.91500      -  76.5 5530s
 17858942 7999072   18.26369   42  206          -   16.91667      -  76.5 5535s
 17872750 8004447   18.29120   43  238          -   16.91750      -  76.5 5540s
 17889866 8011405   17.83153   35  266          -   16.91967      -  76.5 5545s
 17905176 8017504   18.31826   40  236          -   16.92140      -  76.5 5550s
 17922382 8024047     cutoff   84               -   16.92308      -  76.5 5555s
 17937862 8030371   19.28470   38  249          -   16.92453      -  76.5 5560s
 17953214 8036996   18.74964   41  198          -   16.92634      -  76.5 5565s
 17970595 8044131   19.20568   39  230          -   16.92834      -  76.5 5570s
 17985958 8049898   18.96397   38  237          -   16.92941      -  76.5 5575s
 18001337 8056360     cutoff   74               -   16.93107      -  76.5 5580s
 18018581 8063274     cutoff   59               -   16.93333      -  76.5 5585s
 18033877 8069174   20.55083   49  202          -   16.93478      -  76.5 5590s
 18049956 8075504   19.93552   39  209          -   16.93651      -  76.5 5595s
 18065564 8081708   17.65603   47  229          -   16.93790      -  76.5 5600s
 18079429 8087170   21.05063   41  236          -   16.93939      -  76.5 5605s
 18095195 8093630   18.64184   76  166          -   16.94118      -  76.5 5610s
 18110278 8099600   17.94191   41  243          -   16.94265      -  76.5 5615s
 18126478 8106063   21.99641   51  233          -   16.94444      -  76.5 5620s
 18142315 8112405   20.71490   40  194          -   16.94595      -  76.5 5625s
 18158365 8118543   18.46425   37  237          -   16.94767      -  76.5 5630s
 18174598 8125497   18.50591   30  242          -   16.94967      -  76.5 5635s
 18190163 8131811   18.17216   44  219          -   16.95126      -  76.5 5640s
 18206604 8138435 infeasible   65               -   16.95309      -  76.5 5645s
 18221652 8144712   18.27872   37  210          -   16.95465      -  76.5 5650s
 18237607 8151193     cutoff   66               -   16.95652      -  76.5 5655s
 18254165 8157903 infeasible   80               -   16.95833      -  76.5 5660s
 18269823 8164365   19.52494   55  217          -   16.96000      -  76.5 5665s
 18285973 8170928   19.37997   43  220          -   16.96179      -  76.5 5670s
 18291361 8172761   17.36066   48  209          -   16.96272      -  76.5 5675s
 18291480 8172858   17.53214   35  239          -   16.96296      -  76.5 5680s
 18291609 8172969   17.60517   37  224          -   16.96324      -  76.5 5685s
 18291730 8173088   18.76926   39  230          -   16.96350      -  76.5 5690s
 18293275 8174039   18.47612   47  204          -   16.96372      -  76.5 5695s
 18303661 8178361   19.22340   55  225          -   16.96480      -  76.5 5700s
 18319846 8184463   17.80826   36  214          -   16.96667      -  76.5 5705s
 18335669 8190815   18.00321   38  233          -   16.96873      -  76.5 5710s
 18351869 8197573   17.37611   36  228          -   16.97048      -  76.5 5715s
 18368188 8203871     cutoff   59               -   16.97222      -  76.5 5720s
 18384148 8210555   18.08021   40  231          -   16.97403      -  76.5 5725s
 18400487 8216966   17.72878   38  208          -   16.97581      -  76.5 5730s
 18416604 8223343   17.69140   36  210          -   16.97743      -  76.5 5735s
 18433445 8230306   17.44721   35  228          -   16.97917      -  76.5 5740s
 18449626 8237105   18.35796   51  203          -   16.98100      -  76.5 5745s
 18465939 8243652   18.36346   36  238          -   16.98280      -  76.5 5750s
 18483277 8250402   19.42713   35  249          -   16.98466      -  76.5 5755s
 18500414 8257474   17.12531   46  244          -   16.98667      -  76.5 5760s
 18516391 8263977   20.38237   47  220          -   16.98837      -  76.5 5765s
 18533684 8271042   18.77267   46  206          -   16.99031      -  76.5 5770s
 18549857 8277824   17.78522   58  191          -   16.99224      -  76.6 5775s
 18566067 8284550   18.28013   44  216          -   16.99425      -  76.6 5780s
 18581938 8291246   18.40297   35  216          -   16.99640      -  76.6 5785s
 18599687 8298595   17.34891   40  203          -   16.99898      -  76.6 5790s
 18619629 8307985   20.13950   37  234          -   17.00000      -  76.5 5795s
 18633600 8312074     cutoff   77               -   17.00000      -  76.5 5800s
 18647070 8315814     cutoff   77               -   17.00000      -  76.6 5805s
 18661317 8319488   19.32854   44  187          -   17.00000      -  76.6 5810s
 18674732 8322894   21.74164   44  247          -   17.00000      -  76.6 5815s
 18687743 8326140   21.64368   47  242          -   17.00000      -  76.6 5820s
 18702687 8330000   20.93504   55  213          -   17.00000      -  76.6 5825s
 18716123 8333374   19.45453   45  216          -   17.00000      -  76.6 5830s
 18728204 8336138     cutoff   82               -   17.00000      -  76.6 5835s
 18741648 8339104   17.89925   43  173          -   17.00000      -  76.6 5840s
 18753834 8341468 infeasible   57               -   17.00000      -  76.6 5845s
 18766911 8344620   21.04100   51  207          -   17.00000      -  76.7 5850s
 18779698 8347504   21.35838   56  211          -   17.00000      -  76.7 5855s
 18791410 8349740   21.00000   46    1          -   17.00000      -  76.7 5860s
 18805178 8352714   21.88889   67  128          -   17.00000      -  76.7 5865s
 18817359 8355384   19.52253   34  227          -   17.00000      -  76.7 5870s
 18830196 8358455 infeasible   59               -   17.00000      -  76.7 5875s
 18842441 8361064 infeasible   56               -   17.00000      -  76.7 5880s
 18854144 8363933   21.00000   73    1          -   17.00000      -  76.8 5885s
 18867612 8367229   17.57592   46  238          -   17.00000      -  76.8 5890s
 18879561 8369629   19.98451   44  183          -   17.00000      -  76.8 5895s
 18891603 8372250   21.46372   68  184          -   17.00000      -  76.8 5900s
 18903575 8374702   20.99193   38  203          -   17.00000      -  76.8 5905s
 18915802 8376999   19.54452   39  199          -   17.00000      -  76.8 5910s
 18927795 8379739   20.62224   49  189          -   17.00000      -  76.8 5915s
 18941276 8382859   20.50386   38  188          -   17.00000      -  76.8 5920s
 18953172 8385212   20.37591   43  223          -   17.00000      -  76.9 5925s
 18966712 8388315   19.55910   39  213          -   17.00000      -  76.9 5930s
 18978473 8390686   21.99559   58  164          -   17.00000      -  76.9 5935s
 18991414 8393466   19.50000   54   20          -   17.00000      -  76.9 5940s
 19003572 8395798   21.26591   53  222          -   17.00000      -  76.9 5945s
 19017202 8398797   19.26907   50  188          -   17.00000      -  76.9 5950s
 19029098 8401277   18.87369   37  207          -   17.00000      -  76.9 5955s
 19042373 8404150   21.00000   44    1          -   17.00000      -  76.9 5960s
 19054351 8406591   21.00000   58    1          -   17.00000      -  77.0 5965s
 19067592 8409539   21.00000   45   45          -   17.00000      -  77.0 5970s
 19080269 8412144   21.18389   49  233          -   17.00000      -  77.0 5975s
 19093741 8415080   20.19417   61  201          -   17.00000      -  77.0 5980s
 19105665 8417512 infeasible   69               -   17.00000      -  77.0 5985s
 19118883 8419983     cutoff   47               -   17.00000      -  77.0 5990s
 19131009 8423074     cutoff   82               -   17.00000      -  77.0 5995s
 19143499 8426274   19.00000   38    1          -   17.00000      -  77.0 6000s
 19156950 8429751   20.89257   55  207          -   17.00000      -  77.0 6005s
 19170743 8433484   19.00000   77    1          -   17.00000      -  77.1 6010s
 19183267 8436604     cutoff   79               -   17.00000      -  77.1 6015s
 19196614 8440084   19.12693   39  232          -   17.00000      -  77.1 6020s
 19211122 8444690   17.32119   80  176          -   17.00000      -  77.1 6025s
 19227159 8452167   19.85328   41  240          -   17.00165      -  77.1 6030s
 19244222 8459513   20.63789   39  203          -   17.00387      -  77.1 6035s
 19259818 8466052   19.28528   52  226          -   17.00580      -  77.1 6040s
 19276953 8473316   18.62074   41  184          -   17.00779      -  77.1 6045s
 19292935 8479830   18.59188   34  227          -   17.00980      -  77.1 6050s
 19309012 8486722   17.62860   39  217          -   17.01156      -  77.1 6055s
 19325352 8493483     cutoff   44               -   17.01347      -  77.1 6060s
 19341371 8499944   20.47050   49  218          -   17.01536      -  77.1 6065s
 19356971 8506340   17.94772   42  209          -   17.01727      -  77.1 6070s
 19374333 8513114   18.45430   35  243          -   17.01943      -  77.1 6075s
 19391687 8520325     cutoff   65               -   17.02158      -  77.1 6080s
 19407561 8526932   19.22397   42  225          -   17.02337      -  77.1 6085s
 19422939 8533479   18.06119   33  229          -   17.02504      -  77.1 6090s
 19439278 8540032   21.50819   41  200          -   17.02703      -  77.1 6095s
 19456911 8547013   18.04304   36  196          -   17.02909      -  77.1 6100s
 19473123 8553502   17.52844   44  224          -   17.03106      -  77.1 6105s
 19490216 8560224   19.27821   34  232          -   17.03292      -  77.1 6110s
 19508107 8567354   17.95771   36  227          -   17.03476      -  77.1 6115s
 19524081 8573859   17.76674   42  235          -   17.03651      -  77.1 6120s
 19541250 8580721   21.11108   39  245          -   17.03846      -  77.1 6125s
 19558990 8587815   19.57171   43  203          -   17.04032      -  77.1 6130s
 19575317 8594317   18.71496   38  222          -   17.04199      -  77.1 6135s
 19591810 8600963   20.61438   46  246          -   17.04375      -  77.1 6140s
 19609032 8607863   18.96804   34  208          -   17.04573      -  77.1 6145s
 19625202 8614184   17.39317   32  218          -   17.04762      -  77.1 6150s
 19641594 8620633   18.45283   44  202          -   17.04932      -  77.1 6155s
 19658308 8627436   17.79694   49  183          -   17.05093      -  77.1 6160s
 19674276 8633753   18.71234   38  245          -   17.05269      -  77.1 6165s
 19689763 8640080   18.44214   35  219          -   17.05459      -  77.1 6170s
 19707141 8647290   18.12302   42  202          -   17.05624      -  77.1 6175s
 19722335 8653665   18.54584   42  223          -   17.05799      -  77.1 6180s
 19739002 8660205   18.00000   40   33          -   17.05978      -  77.1 6185s
 19755625 8666771   20.17204   44  194          -   17.06175      -  77.1 6190s
 19771637 8672721   18.61771   35  207          -   17.06327      -  77.1 6195s
 19789414 8680136   19.05197   36  231          -   17.06522      -  77.1 6200s
 19805443 8686394   17.48488   47  181          -   17.06675      -  77.1 6205s
 19821941 8693219   18.97291   43  190          -   17.06878      -  77.1 6210s
 19838396 8699791   17.95059   35  243          -   17.07050      -  77.1 6215s
 19854933 8706433   18.76718   39  241          -   17.07188      -  77.1 6220s
 19871055 8712924   18.06124   42  226          -   17.07370      -  77.1 6225s
 19886907 8719080   19.38764   32  217          -   17.07547      -  77.1 6230s
 19902659 8725083   20.39718   43  236          -   17.07692      -  77.1 6235s
 19919452 8731881   17.40501   36  231          -   17.07874      -  77.1 6240s
 19934985 8738143   19.53505   40  218          -   17.08042      -  77.1 6245s
 19951928 8745217   18.39412   42  212          -   17.08228      -  77.1 6250s
 19967908 8750901   17.67482   44  240          -   17.08333      -  77.1 6255s
 19984550 8757691   18.30672   43  228          -   17.08505      -  77.1 6260s
 20001469 8764574   18.20017   43  223          -   17.08696      -  77.1 6265s
 20017874 8771115   17.99272   36  263          -   17.08848      -  77.1 6270s
 20033288 8777427   18.30388   38  245          -   17.09027      -  77.1 6275s
 20049326 8783354   17.78157   38  240          -   17.09132      -  77.1 6280s
 20066967 8790365   17.81303   36  225          -   17.09329      -  77.1 6285s
 20082638 8797039   18.92802   52  154          -   17.09503      -  77.1 6290s
 20100298 8803882   21.12595   44  231          -   17.09677      -  77.1 6295s
 20116367 8810516   17.62529   34  220          -   17.09847      -  77.1 6300s
 20132281 8816566   20.85624   41  220          -   17.10000      -  77.1 6305s
 20147967 8822325   19.72605   43  215          -   17.10065      -  77.1 6310s
 20162912 8828489   18.79062   47  189          -   17.10235      -  77.1 6315s
 20179036 8835248   18.30352   43  235          -   17.10405      -  77.1 6320s
 20196413 8842169   19.10095   35  245          -   17.10569      -  77.1 6325s
 20212302 8848395   18.43036   42  217          -   17.10723      -  77.1 6330s
 20228888 8855088   18.92688   40  179          -   17.10887      -  77.1 6335s
 20245048 8861370   19.33988   32  234          -   17.11074      -  77.1 6340s
 20259365 8866331   17.98395   33  243          -   17.11113      -  77.1 6345s
 20276123 8873115   19.19883   36  220          -   17.11305      -  77.1 6350s
 20291795 8879477   19.14565   41  193          -   17.11480      -  77.1 6355s
 20307881 8885912     cutoff   33               -   17.11633      -  77.1 6360s
 20322908 8891773   19.33834   45  222          -   17.11767      -  77.1 6365s
 20339209 8898303   20.25041   45  216          -   17.11940      -  77.1 6370s
 20356499 8905264   18.91165   55  167          -   17.12120      -  77.1 6375s
 20371694 8911534   17.65404   32  224          -   17.12277      -  77.1 6380s
 20388188 8918506   18.07584   43  224          -   17.12459      -  77.1 6385s
 20402008 8923156   19.30974   51  201          -   17.12500      -  77.1 6390s
 20417365 8928757   17.91397   37  243          -   17.12574      -  77.1 6395s
 20434079 8935152   18.67241   40  229          -   17.12755      -  77.1 6400s
 20449636 8941360   17.82781   35  223          -   17.12920      -  77.1 6405s
 20465060 8947582   17.89095   36  219          -   17.13050      -  77.1 6410s
 20481086 8953884   17.94274   34  232          -   17.13223      -  77.1 6415s
 20498088 8960289   17.70665   38  222          -   17.13365      -  77.1 6420s
 20514023 8966841   18.05989   41  235          -   17.13532      -  77.1 6425s
 20528808 8972643   18.39927   43  234          -   17.13658      -  77.1 6430s
 20545006 8979076   18.12921   38  210          -   17.13822      -  77.1 6435s
 20560517 8985387   20.20835   44  217          -   17.13971      -  77.1 6440s
 20576557 8991563   20.51046   44  241          -   17.14124      -  77.1 6445s
 20594235 8998372   19.29494   40  193          -   17.14286      -  77.1 6450s
 20608253 9002881   18.42462   47  216          -   17.14286      -  77.1 6455s
 20624740 9009382   17.51289   35  217          -   17.14435      -  77.1 6460s
 20640783 9015805   17.91079   44  210          -   17.14607      -  77.1 6465s
 20658623 9022947   18.05319   49  184          -   17.14781      -  77.1 6470s
 20674271 9029243   17.66793   38  231          -   17.14925      -  77.1 6475s
 20689579 9035052   18.77075   34  229          -   17.15057      -  77.1 6480s
 20706020 9041341   20.82848   43  229          -   17.15217      -  77.1 6485s
 20723388 9047910   18.99630   37  223          -   17.15385      -  77.1 6490s
 20738458 9053813   18.87920   44  220          -   17.15514      -  77.1 6495s
 20755322 9060626   18.41212   39  206          -   17.15681      -  77.1 6500s
 20771325 9066879     cutoff   76               -   17.15816      -  77.1 6505s
 20788295 9073503   19.54884   55  213          -   17.15990      -  77.1 6510s
 20804499 9079974   18.68809   43  176          -   17.16144      -  77.1 6515s
 20819276 9085734   18.02470   35  262          -   17.16294      -  77.1 6520s
 20835699 9092401   18.10981   36  232          -   17.16462      -  77.1 6525s
 20852292 9098911   17.90897   47  222          -   17.16655      -  77.1 6530s
 20867888 9103948   17.77625   34  230          -   17.16667      -  77.1 6535s
 20881738 9107984 infeasible   52               -   17.16667      -  77.1 6540s
 20896500 9112836   20.14919   38  224          -   17.16709      -  77.1 6545s
 20912879 9119321   18.83210   35  223          -   17.16897      -  77.1 6550s
 20928201 9125648   18.56697   35  251          -   17.17051      -  77.1 6555s
 20944445 9131874   21.31840   60  173          -   17.17211      -  77.1 6560s
 20960872 9138571   18.00251   45  219          -   17.17381      -  77.1 6565s
 20979752 9146050   18.25503   35  236          -   17.17544      -  77.1 6570s
 20998658 9153561   17.87373   41  245          -   17.17716      -  77.1 6575s
 21015791 9160276   18.47707   37  220          -   17.17870      -  77.1 6580s
 21033047 9167325   18.99125   37  235          -   17.18051      -  77.1 6585s
 21050182 9173774   20.19409   53  201          -   17.18182      -  77.1 6590s
 21067255 9180019   18.52817   37  203          -   17.18333      -  77.1 6595s
 21085633 9187173   19.13109   40  220          -   17.18503      -  77.1 6600s
 21103238 9193920   18.55723   49  205          -   17.18679      -  77.1 6605s
 21120641 9200337   17.84253   48  200          -   17.18797      -  77.1 6610s
 21136726 9206838   20.12951   46  229          -   17.18951      -  77.1 6615s
 21154404 9213764   18.20844   32  230          -   17.19115      -  77.1 6620s
 21170385 9220044   17.43040   37  231          -   17.19250      -  77.1 6625s
 21186338 9226315   19.20038   46  244          -   17.19403      -  77.2 6630s
 21204084 9233196   17.77475   38  237          -   17.19578      -  77.2 6635s
 21220296 9239762   19.70815   35  223          -   17.19735      -  77.2 6640s
 21236308 9246026   19.71098   37  199          -   17.19914      -  77.2 6645s
 21251755 9251522   21.89191   48  197          -   17.20000      -  77.2 6650s
 21265706 9255338   20.79265   37  244          -   17.20000      -  77.2 6655s
 21280772 9260181   18.12469   37  210          -   17.20022      -  77.2 6660s
 21298419 9267182   18.02553   36  240          -   17.20213      -  77.2 6665s
 21314188 9273512   21.33038   42  223          -   17.20370      -  77.2 6670s
 21331409 9280293   17.79570   42  227          -   17.20530      -  77.2 6675s
 21348028 9286392   17.74710   39  241          -   17.20686      -  77.2 6680s
 21364061 9292693   18.03910   42  210          -   17.20833      -  77.2 6685s
 21379597 9298805   21.07306   36  239          -   17.20968      -  77.2 6690s
 21396222 9305235   17.97564   38  165          -   17.21126      -  77.2 6695s
 21412695 9311660   17.84711   36  202          -   17.21270      -  77.2 6700s
 21429013 9317760   18.38574   40  203          -   17.21429      -  77.2 6705s
 21443671 9323086   19.66572   32  258          -   17.21510      -  77.2 6710s
 21459422 9329334   17.91480   35  227          -   17.21667      -  77.2 6715s
 21474806 9335657   18.76886   39  236          -   17.21805      -  77.2 6720s
 21491013 9341721   19.82903   36  218          -   17.21951      -  77.2 6725s
 21506630 9347840   18.03686   36  216          -   17.22099      -  77.2 6730s
 21522321 9353392   19.34350   42  187          -   17.22222      -  77.2 6735s
 21537183 9358826   20.30840   36  165          -   17.22303      -  77.2 6740s
 21553828 9365331   20.71726   40  229          -   17.22451      -  77.2 6745s
 21570078 9371405   19.55585   64  184          -   17.22606      -  77.2 6750s
 21586258 9377995   19.24291   40  228          -   17.22729      -  77.2 6755s
 21602713 9384259   19.97533   39  248          -   17.22888      -  77.2 6760s
 21618497 9390252   18.21177   38  245          -   17.23031      -  77.2 6765s
 21634968 9396175   17.72533   39  226          -   17.23148      -  77.2 6770s
 21651326 9402643   17.71503   38  196          -   17.23295      -  77.2 6775s
 21667531 9408763   17.52778   44  189          -   17.23433      -  77.2 6780s
 21681901 9414440   19.28379   53  173          -   17.23542      -  77.2 6785s
 21698177 9420697   19.10130   56  231          -   17.23692      -  77.2 6790s
 21714520 9426904   17.60560   34  185          -   17.23825      -  77.2 6795s
 21730314 9433078   18.95041   37  208          -   17.23965      -  77.2 6800s
 21746145 9439417   21.26386   39  252          -   17.24116      -  77.2 6805s
 21762138 9445504   18.63719   36  207          -   17.24242      -  77.2 6810s
 21777604 9451692   17.61775   40  214          -   17.24372      -  77.2 6815s
 21793480 9457565   17.95581   45  214          -   17.24525      -  77.2 6820s
 21809782 9464090   17.62658   58  191          -   17.24672      -  77.2 6825s
 21825500 9470207   20.43684   38  181          -   17.24829      -  77.2 6830s
 21841405 9476157   19.58149   45  218          -   17.25000      -  77.2 6835s
 21855488 9480317   21.10330   45  192          -   17.25000      -  77.2 6840s
 21868812 9483737   19.89294   39  242          -   17.25000      -  77.2 6845s
 21882285 9487352   19.28777   41  232          -   17.25000      -  77.2 6850s
 21895124 9490963   18.91556   56  225          -   17.25000      -  77.2 6855s
 21908845 9494798   20.51007   53  211          -   17.25000      -  77.2 6860s
 21924018 9499828   17.83718   36  247          -   17.25037      -  77.2 6865s
 21940596 9506582   18.40649   48  204          -   17.25210      -  77.2 6870s
 21956909 9512996   20.88409   43  214          -   17.25366      -  77.2 6875s
 21973122 9519395   18.89931   33  211          -   17.25518      -  77.2 6880s
 21988793 9525415   18.39995   41  231          -   17.25669      -  77.2 6885s
 22003722 9531186   21.42529   39  239          -   17.25806      -  77.2 6890s
 22020460 9537637   18.07178   40  222          -   17.25943      -  77.2 6895s
 22035761 9543550   19.33334   37  207          -   17.26087      -  77.2 6900s
 22052146 9549844   17.78992   46  242          -   17.26230      -  77.2 6905s
 22068167 9555877   18.32576   58  218          -   17.26347      -  77.2 6910s
 22083155 9561980   17.71800   38  192          -   17.26486      -  77.2 6915s
 22099835 9568586   17.88276   41  227          -   17.26656      -  77.2 6920s
 22115843 9574601   17.81568   57  211          -   17.26761      -  77.2 6925s
 22131155 9580761   19.69620   40  198          -   17.26897      -  77.2 6930s
 22146736 9586628   19.45436   41  195          -   17.27025      -  77.2 6935s
 22162537 9592540   19.09894   41  217          -   17.27155      -  77.2 6940s
 22177762 9598379   20.68972   43  185          -   17.27273      -  77.2 6945s
 22194085 9604350   17.75295   37  221          -   17.27368      -  77.2 6950s
 22210013 9610672   19.73950   39  245          -   17.27505      -  77.2 6955s
 22224943 9616508   19.46284   39  215          -   17.27641      -  77.2 6960s
 22240636 9622743   18.03665   46  179          -   17.27778      -  77.2 6965s
 22256898 9628993   18.44829   37  205          -   17.27907      -  77.2 6970s
 22272071 9634908   17.57165   34  230          -   17.28037      -  77.2 6975s
 22288198 9641220   18.75600   45  207          -   17.28183      -  77.2 6980s
 22303992 9647596   17.91357   28  234          -   17.28316      -  77.2 6985s
 22321093 9654327   18.81367   47  198          -   17.28469      -  77.2 6990s
 22335657 9659628   21.11223   44  210          -   17.28571      -  77.2 6995s
 22350284 9664069   18.50000   69   20          -   17.28571      -  77.3 7000s
 22366814 9670923   18.34867   42  204          -   17.28736      -  77.3 7005s
 22382862 9677138   19.82980   54  202          -   17.28866      -  77.3 7010s
 22399070 9683629   17.85096   36  229          -   17.28998      -  77.3 7015s
 22414812 9689913   18.43253   49  216          -   17.29139      -  77.3 7020s
 22430390 9695824   18.96703   41  221          -   17.29255      -  77.3 7025s
 22445741 9701703   20.16600   40  228          -   17.29390      -  77.3 7030s
 22460204 9707267   18.30750   38  229          -   17.29501      -  77.3 7035s
 22476561 9713582   18.44597   35  199          -   17.29633      -  77.3 7040s
 22493856 9720497   18.29920   43  225          -   17.29774      -  77.3 7045s
 22509095 9726539   17.72531   34  209          -   17.29915      -  77.3 7050s
 22524219 9731887   19.74941   47  193          -   17.30000      -  77.3 7055s
 22538952 9737017   17.56225   34  248          -   17.30058      -  77.3 7060s
 22554570 9743202   19.07845   40  233          -   17.30201      -  77.3 7065s
 22569941 9749246   21.63291   54  212          -   17.30337      -  77.3 7070s
 22585522 9755425   18.60625   38  220          -   17.30456      -  77.3 7075s
 22601509 9761798   19.97818   41  206          -   17.30590      -  77.3 7080s
 22616300 9767365   17.92148   43  213          -   17.30731      -  77.3 7085s
 22631078 9772740   19.00000   45   36          -   17.30819      -  77.3 7090s
 22646706 9778820   19.89978   41  235          -   17.30952      -  77.3 7095s
 22662876 9785401   18.03344   38  219          -   17.31092      -  77.3 7100s
 22679102 9791751   17.69482   46  227          -   17.31243      -  77.3 7105s
 22693827 9797113   18.04147   39  230          -   17.31300      -  77.3 7110s
 22710043 9803378   19.76645   42  221          -   17.31447      -  77.3 7115s
 22725265 9809178   20.48614   52  206          -   17.31579      -  77.3 7120s
 22741352 9815302   18.27272   40  221          -   17.31714      -  77.3 7125s
 22756880 9821112   18.49593   34  252          -   17.31832      -  77.3 7130s
 22773091 9827612   18.45126   51  227          -   17.31993      -  77.3 7135s
 22788407 9833623   18.38531   45  211          -   17.32124      -  77.3 7140s
 22804038 9839769   19.11051   40  240          -   17.32249      -  77.3 7145s
 22819630 9845841   18.04344   44  212          -   17.32366      -  77.3 7150s
 22834911 9851958   19.52368   39  234          -   17.32489      -  77.3 7155s
 22850837 9857946   18.20918   41  227          -   17.32615      -  77.3 7160s
 22864971 9863025   19.14288   41  194          -   17.32756      -  77.3 7165s
 22876435 9868098   18.40132   40  212          -   17.32849      -  77.3 7170s
 22891790 9874031   21.48658   41  238          -   17.33000      -  77.3 7175s
 22908382 9880322   20.03167   52  236          -   17.33163      -  77.3 7180s
 22924264 9886481   19.35703   42  199          -   17.33327      -  77.3 7185s
 22939292 9890749   19.90137   48  217          -   17.33333      -  77.3 7190s
 22952209 9894050 infeasible   70               -   17.33333      -  77.3 7195s
 22965641 9897096   20.63416   45  215          -   17.33333      -  77.3 7200s
 22979445 9900473   19.27085   35  203          -   17.33333      -  77.3 7205s
 22992106 9904000     cutoff   71               -   17.33333      -  77.3 7210s
 23005384 9907416   21.48147   46  196          -   17.33333      -  77.3 7215s
 23018984 9910696   19.26322   48  214          -   17.33333      -  77.3 7220s
 23032743 9914685     cutoff   66               -   17.33333      -  77.3 7225s
 23049536 9921484   18.07071   37  164          -   17.33496      -  77.3 7230s
 23064772 9927656   18.70362   41  208          -   17.33643      -  77.3 7235s
 23080441 9933952   18.16364   42  235          -   17.33785      -  77.3 7240s
 23095507 9939565   18.24061   53  210          -   17.33916      -  77.3 7245s
 23111416 9945752   18.83829   39  237          -   17.34050      -  77.3 7250s
 23126179 9951729   18.43995   34  226          -   17.34182      -  77.4 7255s
 23142264 9957572   18.12422   41  172          -   17.34303      -  77.4 7260s
 23158377 9963638 infeasible   44               -   17.34442      -  77.4 7265s
 23160993 9964267   21.36741   40  197          -   17.34483      -  77.4 7270s
 23161121 9964380   18.86829   41  249          -   17.34499      -  77.4 7275s
 23161229 9964487   18.53538   44  202          -   17.34519      -  77.4 7281s
 23162523 9965820   17.80481   44  231          -   17.34531      -  77.4 7285s
 23177106 9970570   18.88812   52  209          -   17.34643      -  77.4 7290s
 23192804 9976556   17.90355   49  227          -   17.34783      -  77.4 7295s
 23209271 9982935   18.22513   45  215          -   17.34921      -  77.4 7300s
 23225449 9988838   18.94355   41  214          -   17.35034      -  77.4 7305s
 23240766 9994816   17.70052   38  231          -   17.35165      -  77.4 7310s
 23256732 10000694   19.85350   38  197          -   17.35294      -  77.4 7315s
 23273057 10006903   19.85317   45  232          -   17.35428      -  77.4 7320s
 23289128 10013149   18.32949   44  193          -   17.35576      -  77.4 7325s
 23305218 10019141   17.93754   32  227          -   17.35710      -  77.4 7330s
 23320237 10024365   19.03877   34  174          -   17.35767      -  77.4 7335s
 23335904 10030168   20.05894   41  199          -   17.35897      -  77.4 7340s
 23352563 10036479   18.05249   39  218          -   17.36019      -  77.4 7345s
 23369124 10042807   19.62064   40  216          -   17.36147      -  77.4 7350s
 23384313 10048673   17.62678   34  228          -   17.36280      -  77.4 7355s
 23400608 10054422   20.83018   54  209          -   17.36364      -  77.4 7360s
 23416030 10060320   20.96039   45  221          -   17.36486      -  77.4 7365s
 23432209 10066432   17.85236   36  164          -   17.36623      -  77.4 7370s
 23448186 10072301   18.11834   44  206          -   17.36740      -  77.4 7375s
 23463471 10077957   17.81283   33  192          -   17.36856      -  77.4 7380s
 23478343 10083656   20.18634   45  186          -   17.36987      -  77.4 7385s
 23495053 10090073   18.06234   37  217          -   17.37111      -  77.4 7390s
 23511428 10096128   18.64371   39  243          -   17.37241      -  77.4 7395s
 23527164 10102373   18.68324   47  206          -   17.37374      -  77.4 7400s
 23543425 10108434   20.54028   37  212          -   17.37500      -  77.4 7405s
 23556914 10112302   18.25000   38   65          -   17.37500      -  77.4 7410s
 23572057 10117444   19.71630   44  253          -   17.37555      -  77.4 7415s
 23587755 10123641   20.50943   36  233          -   17.37684      -  77.4 7420s
 23601976 10129319   18.14619   54  202          -   17.37806      -  77.4 7425s
 23618982 10135803     cutoff   44               -   17.37931      -  77.4 7430s
 23635062 10141896   18.17038   40  237          -   17.38078      -  77.4 7435s
 23650341 10147662   18.72836   43  219          -   17.38182      -  77.4 7440s
 23666988 10153678   18.31124   45  206          -   17.38309      -  77.4 7445s
 23682546 10159822   18.33333   44   68          -   17.38440      -  77.4 7450s
 23698076 10165315   18.48355   37  234          -   17.38525      -  77.4 7455s
 23713438 10171256   17.93327   41  252          -   17.38646      -  77.4 7460s
 23731011 10177713   20.96574   40  183          -   17.38784      -  77.4 7465s
 23746188 10183042   21.25921   52  196          -   17.38889      -  77.4 7470s
 23760953 10188827   19.98722   47  205          -   17.39000      -  77.4 7475s
 23776718 10194851   18.32221   43  224          -   17.39132      -  77.4 7480s
 23791906 10200731   18.44150   39  220          -   17.39275      -  77.4 7485s
 23807593 10207031   21.68071   54  218          -   17.39385      -  77.4 7490s
 23823362 10213045   18.77186   37  194          -   17.39502      -  77.4 7495s
 23839385 10219356   18.14730   48  208          -   17.39632      -  77.4 7500s
 23854661 10225141   20.36161   38  247          -   17.39758      -  77.4 7505s
 23869504 10230778   18.25997   39  244          -   17.39884      -  77.4 7510s
 23885160 10236297   18.04594   39  193          -   17.40000      -  77.4 7515s
 23898661 10239948   20.68787   53  188          -   17.40000      -  77.4 7520s
 23912189 10243352   19.21208   42  209          -   17.40000      -  77.4 7525s
 23927067 10248025   17.75150   53  194          -   17.40020      -  77.4 7530s
 23943485 10254287   19.05183   42  193          -   17.40164      -  77.4 7535s
 23959389 10260516   20.48567   41  215          -   17.40296      -  77.4 7540s
 23975026 10266420   18.73615   41  228          -   17.40428      -  77.4 7545s
 23991107 10272544   19.76376   41  210          -   17.40561      -  77.4 7550s
 24007692 10278783   18.08674   39  244          -   17.40681      -  77.4 7555s
 24022900 10284665   17.65348   37  223          -   17.40803      -  77.4 7560s
 24038129 10290232   17.96850   41  235          -   17.40909      -  77.4 7565s
 24054263 10296577   17.73125   45  226          -   17.41043      -  77.4 7570s
 24070454 10302528   18.70370   34  241          -   17.41176      -  77.4 7575s
 24085258 10308375   18.57345   58  210          -   17.41280      -  77.4 7580s
 24101425 10314631   18.29009   41  227          -   17.41406      -  77.4 7585s
 24117513 10320988   19.36184   44  227          -   17.41538      -  77.4 7590s
 24132223 10326647   19.12217   54  197          -   17.41667      -  77.4 7595s
 24147091 10331102   19.34891   78  170          -   17.41667      -  77.5 7600s
 24161688 10336791   17.50065   40  229          -   17.41794      -  77.5 7605s
 24178162 10343402     cutoff   49               -   17.41935      -  77.5 7610s
 24193817 10349204   18.17245   43  171          -   17.42067      -  77.5 7615s
 24210223 10355087   19.89229   39  198          -   17.42187      -  77.5 7620s
 24226101 10360899   20.51023   35  218          -   17.42308      -  77.5 7625s
 24241996 10366917   19.57375   49  248          -   17.42424      -  77.5 7630s
 24257187 10372961   20.64868   40  228          -   17.42545      -  77.5 7635s
 24271984 10378813   18.00000   37   64          -   17.42661      -  77.5 7640s
 24289123 10385157   20.25753   39  228          -   17.42798      -  77.5 7645s
 24303195 10389912   17.81409   38  207          -   17.42857      -  77.5 7650s
 24317691 10393923   21.39747   43  231          -   17.42857      -  77.5 7655s
 24333421 10400280   17.99306   40  216          -   17.42979      -  77.5 7660s
 24348812 10406505   21.42276   48  215          -   17.43103      -  77.5 7665s
 24364653 10412221   18.31206   40  225          -   17.43243      -  77.5 7670s
 24381317 10418805   18.87507   41  177          -   17.43372      -  77.5 7675s
 24396915 10424850   18.31039   40  249          -   17.43493      -  77.5 7680s
 24411857 10430723   18.74542   47  196          -   17.43609      -  77.5 7685s
 24427807 10436389   18.06942   43  238          -   17.43747      -  77.5 7690s
 24443431 10441452   17.88052   46  248          -   17.43798      -  77.5 7695s
 24457895 10447212   20.21674   39  214          -   17.43919      -  77.5 7700s
 24473431 10453401   18.76616   43  193          -   17.44037      -  77.5 7705s
 24488758 10459130   18.11126   38  232          -   17.44153      -  77.5 7710s
 24505294 10465059   18.29402   42  207          -   17.44279      -  77.5 7715s
 24521547 10471265   20.71204   31  200          -   17.44414      -  77.5 7720s
 24535179 10475218   18.44023   34  207          -   17.44444      -  77.5 7725s
 24550654 10480940   19.28238   38  231          -   17.44538      -  77.5 7730s
 24565591 10486725   18.69727   46  169          -   17.44663      -  77.5 7735s
 24580749 10492490   19.34803   42  235          -   17.44784      -  77.5 7740s
 24596323 10498492   18.56376   45  229          -   17.44904      -  77.5 7745s
 24610910 10503781   18.00000   40   37          -   17.45000      -  77.5 7750s
 24626106 10509686   19.05512   40  211          -   17.45115      -  77.5 7755s
 24642495 10515835   18.30091   55  201          -   17.45247      -  77.5 7760s
 24657382 10521794   19.61752   40  245          -   17.45372      -  77.5 7765s
 24671351 10526577   20.66910   43  217          -   17.45455      -  77.5 7770s
 24686251 10531891   18.71101   42  208          -   17.45543      -  77.5 7775s
 24703016 10538001   19.13928   44  222          -   17.45668      -  77.5 7780s
 24718912 10544262   18.80528   38  226          -   17.45801      -  77.5 7785s
 24733785 10549632   19.12435   42  220          -   17.45896      -  77.5 7790s
 24749668 10555718   18.43579   62  180          -   17.46005      -  77.5 7795s
 24765450 10561521   18.15763   38  174          -   17.46134      -  77.5 7800s
 24779684 10566196   18.77455   35  234          -   17.46187      -  77.5 7805s
 24795062 10572054   19.98036   40  245          -   17.46302      -  77.5 7810s
 24811330 10578108   17.83285   41  189          -   17.46429      -  77.5 7815s
 24827194 10584353   18.45125   36  215          -   17.46540      -  77.5 7820s
 24843393 10590312 infeasible   76               -   17.46667      -  77.5 7825s
 24857969 10595692   18.73165   39  229          -   17.46739      -  77.5 7830s
 24873153 10601068   18.42841   45  238          -   17.46850      -  77.5 7835s
 24890077 10607211   20.06659   38  242          -   17.46980      -  77.5 7840s
 24904999 10612811   18.91971   45  217          -   17.47083      -  77.5 7845s
 24920518 10618802   18.66106   38  241          -   17.47218      -  77.5 7850s
 24936664 10625108   18.38438   45  188          -   17.47337      -  77.5 7855s
 24951875 10630505   20.25280   45  211          -   17.47438      -  77.5 7860s
 24967789 10636669   18.27786   41  202          -   17.47566      -  77.5 7865s
 24983826 10642665   19.38763   45  217          -   17.47674      -  77.5 7870s
 24998987 10648435   17.92201   38  221          -   17.47783      -  77.5 7875s
 25013874 10654076   18.93193   34  177          -   17.47895      -  77.5 7880s
 25030813 10660338   19.30915   47  209          -   17.48008      -  77.5 7885s
 25046441 10666292   18.07879   39  180          -   17.48143      -  77.5 7890s
 25061293 10671697   19.03656   34  178          -   17.48252      -  77.5 7895s
 25077857 10677555   18.95937   43  217          -   17.48374      -  77.5 7900s
 25092511 10683085   17.85940   39  204          -   17.48483      -  77.5 7905s
 25109232 10689549   20.13702   49  188          -   17.48597      -  77.5 7910s
 25123538 10695001   18.50000   53   19          -   17.48706      -  77.5 7915s
 25140023 10701249   21.25183   49  221          -   17.48841      -  77.5 7920s
 25156120 10707294   18.16600   34  198          -   17.48958      -  77.5 7925s
 25172859 10713446   19.32080   40  224          -   17.49081      -  77.5 7930s
 25187803 10719339   19.05066   44  209          -   17.49194      -  77.5 7935s
 25202274 10724655   19.15116   36  249          -   17.49302      -  77.5 7940s
 25218493 10731103   18.47259   38  226          -   17.49420      -  77.5 7945s
 25234369 10736983   19.43731   46  209          -   17.49555      -  77.5 7950s
 25251025 10743291   19.95678   39  209          -   17.49688      -  77.5 7955s
 25267140 10749405   18.40034   37  187          -   17.49818      -  77.5 7960s
 25282124 10755521   18.66823   32  232          -   17.49970      -  77.5 7965s
 25297246 10759453   21.08786   37  259          -   17.50000      -  77.6 7970s
 25310477 10762956   20.78563   50  200          -   17.50000      -  77.6 7975s
 25323695 10766376   19.38784   38  213          -   17.50000      -  77.6 7980s
 25337711 10769951   19.40170   43  223          -   17.50000      -  77.6 7985s
 25351012 10773039   21.39196   43  244          -   17.50000      -  77.6 7990s
 25363795 10775831   20.54463   37  204          -   17.50000      -  77.6 7995s
 25376181 10778211   21.00000   62    1          -   17.50000      -  77.6 8000s
 25389260 10781141 infeasible   75               -   17.50000      -  77.6 8005s
 25402571 10784030   20.24636   49  156          -   17.50000      -  77.6 8010s
 25415627 10787032   20.24670   38  222          -   17.50000      -  77.6 8015s
 25428129 10789767   21.05000   38  199          -   17.50000      -  77.6 8020s
 25441549 10792389   19.75000   43   50          -   17.50000      -  77.6 8025s
 25453486 10794936     cutoff   41               -   17.50000      -  77.7 8030s
 25467088 10797877   19.47174   36  202          -   17.50000      -  77.7 8035s
 25479192 10800325   20.90114   40  205          -   17.50000      -  77.7 8040s
 25492566 10802865 infeasible   73               -   17.50000      -  77.7 8045s
 25505278 10805975     cutoff   60               -   17.50000      -  77.7 8050s
 25517883 10808832   20.85935   49  208          -   17.50000      -  77.7 8055s
 25532176 10811816   19.87037   37  161          -   17.50000      -  77.7 8060s
 25544205 10814235   18.61722   51  172          -   17.50000      -  77.7 8065s
 25558215 10817736   19.18337   35  220          -   17.50000      -  77.7 8070s
 25572082 10821389     cutoff   46               -   17.50000      -  77.7 8075s
 25585471 10824871   19.50000   76   43          -   17.50000      -  77.7 8080s
 25599424 10829008   19.00000   55    1          -   17.50000      -  77.7 8085s
 25614655 10834727   19.75953   38  257          -   17.50071      -  77.7 8090s
 25630430 10840733     cutoff   69               -   17.50193      -  77.7 8095s
 25646788 10846715   18.34695   33  215          -   17.50326      -  77.7 8100s
 25660899 10852460   17.94032   48  242          -   17.50437      -  77.7 8105s
 25677370 10858988   18.27099   40  183          -   17.50557      -  77.7 8110s
 25692163 10864569   18.45466   36  232          -   17.50670      -  77.7 8115s
 25709421 10871072   18.38069   36  212          -   17.50810      -  77.7 8120s
 25726625 10877185   19.13868   38  225          -   17.50940      -  77.7 8125s
 25742560 10883291   18.68182   63  106          -   17.51054      -  77.7 8130s
 25757718 10889030   18.13733   42  212          -   17.51155      -  77.7 8135s
 25774562 10895209   18.82070   40  204          -   17.51282      -  77.7 8140s
 25790321 10901142   19.20999   43  244          -   17.51406      -  77.8 8145s
 25805977 10907089   18.05123   45  218          -   17.51515      -  77.8 8150s
 25821200 10912921   19.17171   46  224          -   17.51639      -  77.8 8155s
 25837614 10918955   17.94126   36  219          -   17.51757      -  77.8 8160s
 25853479 10924905   20.60744   36  176          -   17.51870      -  77.8 8165s
 25869474 10931083   21.42598   44  231          -   17.51999      -  77.8 8170s
 25884140 10936616   18.91050   39  193          -   17.52105      -  77.8 8175s
 25900270 10942747   17.93906   39  227          -   17.52226      -  77.8 8180s
 25915882 10948346   18.82085   37  238          -   17.52353      -  77.8 8185s
 25930544 10954052   18.89277   36  222          -   17.52459      -  77.8 8190s
 25947084 10959952   18.84982   48  194          -   17.52581      -  77.8 8195s
 25962208 10965260   19.70289   39  235          -   17.52682      -  77.8 8200s
 25978357 10971503   20.76166   30  249          -   17.52808      -  77.8 8205s
 25992961 10977022   19.18920   39  189          -   17.52925      -  77.8 8210s
 26008584 10982769   18.36891   49  201          -   17.53023      -  77.8 8215s
 26023674 10988250   20.33914   43  228          -   17.53125      -  77.8 8220s
 26039414 10994058   18.37522   39  209          -   17.53241      -  77.8 8225s
 26055185 10999281     cutoff   42               -   17.53333      -  77.8 8230s
 26070484 11004979   18.41626   41  201          -   17.53441      -  77.8 8235s
 26086489 11011336   20.00737   36  222          -   17.53566      -  77.8 8240s
 26101486 11016994   18.19616   49  219          -   17.53662      -  77.8 8245s
 26117022 11022902   19.99430   38  250          -   17.53783      -  77.8 8250s
 26131465 11027663   22.22486   44  212          -   17.53846      -  77.8 8255s
 26148294 11033957   20.19828   36  187          -   17.53967      -  77.8 8260s
 26164329 11039991   18.70844   39  241          -   17.54082      -  77.8 8265s
 26180015 11045661   18.29959   36  251          -   17.54185      -  77.8 8270s
 26195175 11051484   18.13216   40  221          -   17.54303      -  77.8 8275s
 26211185 11057706   21.14147   43  228          -   17.54431      -  77.8 8280s
 26226251 11063327   20.62640   37  201          -   17.54545      -  77.8 8285s
 26241645 11068560   19.12899   37  224          -   17.54596      -  77.8 8290s
 26256177 11074181   18.73711   43  232          -   17.54705      -  77.8 8295s
 26272346 11080416   18.96597   50  207          -   17.54823      -  77.8 8300s
 26287613 11085878   18.07606   37  210          -   17.54936      -  77.8 8305s
 26303390 11091805   18.27183   50  216          -   17.55029      -  77.8 8310s
 26319961 11098096   19.53712   38  199          -   17.55166      -  77.8 8315s
 26334958 11103571   20.31813   39  249          -   17.55268      -  77.8 8320s
 26351052 11109429   19.12062   42  208          -   17.55387      -  77.8 8325s
 26366544 11115351   19.00000   33    1          -   17.55514      -  77.8 8330s
 26380936 11119734   19.74600   33  247          -   17.55556      -  77.8 8335s
 26395367 11124786   20.10126   48  202          -   17.55637      -  77.8 8340s
 26411329 11131015   18.26049   39  233          -   17.55766      -  77.8 8345s
 26427251 11136946   20.17613   42  227          -   17.55882      -  77.8 8350s
 26444612 11143216   19.60740   41  182          -   17.56000      -  77.8 8355s
 26460248 11148959   19.70726   37  252          -   17.56107      -  77.8 8360s
 26476329 11155180   19.60008   36  237          -   17.56237      -  77.8 8365s
 26490611 11159977   19.61073   44  228          -   17.56297      -  77.8 8370s
 26506396 11165827   17.80772   38  211          -   17.56416      -  77.8 8375s
 26522690 11171942   21.25360   75  172          -   17.56526      -  77.8 8380s
 26538972 11177994   18.81174   36  224          -   17.56659      -  77.8 8385s
 26553657 11183376   21.58607   44  205          -   17.56757      -  77.8 8390s
 26571433 11189975   18.14170   39  183          -   17.56884      -  77.8 8395s
 26587197 11195723   19.58154   41  209          -   17.57009      -  77.8 8400s
 26603224 11201758   18.16863   33  205          -   17.57143      -  77.8 8405s
 26617662 11205877   20.32183   39  218          -   17.57143      -  77.8 8410s
 26631530 11210374   21.00027   60  192          -   17.57167      -  77.8 8415s
 26648591 11216852   18.15193   35  225          -   17.57306      -  77.8 8420s
 26664283 11222748   20.72881   53  212          -   17.57420      -  77.8 8425s
 26678692 11228294   21.44439   41  224          -   17.57527      -  77.8 8430s
 26695588 11234626   19.76984   37  215          -   17.57646      -  77.8 8435s
 26711688 11240239   19.05487   35  204          -   17.57750      -  77.8 8440s
 26727635 11245954   18.26667   43  233          -   17.57867      -  77.8 8445s
 26742476 11251169   18.44520   42  242          -   17.57959      -  77.8 8450s
 26758586 11257067   18.48722   37  229          -   17.58077      -  77.8 8455s
 26773218 11262461   19.45080   39  212          -   17.58187      -  77.8 8460s
 26788468 11268278   17.83461   41  184          -   17.58315      -  77.8 8465s
 26802544 11272539   19.50995   63  205          -   17.58333      -  77.8 8470s
 26817628 11278234   18.19375   39  198          -   17.58432      -  77.8 8475s
 26833344 11283996   18.49269   33  197          -   17.58542      -  77.8 8480s
 26849671 11290065   19.22267   47  224          -   17.58656      -  77.8 8485s
 26865503 11295908   18.80872   41  207          -   17.58775      -  77.8 8490s
 26881154 11301684   19.04995   47  211          -   17.58865      -  77.8 8495s
 26896353 11307467   18.83345   35  233          -   17.58982      -  77.8 8500s
 26912039 11313185   19.93111   38  183          -   17.59091      -  77.8 8505s
 26926808 11318867   18.44359   32  207          -   17.59188      -  77.8 8510s
 26943009 11324663   18.65623   36  202          -   17.59293      -  77.9 8515s
 26959228 11330792   19.16223   45  215          -   17.59397      -  77.9 8520s
 26975050 11336701   20.27117   40  196          -   17.59512      -  77.9 8525s
 26990772 11342479   19.48998   40  209          -   17.59615      -  77.9 8530s
 27006008 11348230   19.58587   52  222          -   17.59722      -  77.9 8535s
 27022090 11354317   19.92342   41  182          -   17.59832      -  77.9 8540s
 27037939 11360233   17.86583   39  210          -   17.59952      -  77.9 8545s
 27052133 11364669   18.22065   33  239          -   17.60000      -  77.9 8550s
 27066161 11368423     cutoff   76               -   17.60000      -  77.9 8555s
 27078443 11371186   20.66999   46  230          -   17.60000      -  77.9 8560s
 27092291 11375229   18.05719   45  217          -   17.60008      -  77.9 8565s
 27107024 11380826   18.69408   36  194          -   17.60134      -  77.9 8570s
 27123066 11386519   17.90718   43  217          -   17.60254      -  77.9 8575s
 27139162 11392589   18.74362   45  218          -   17.60359      -  77.9 8580s
 27154498 11398473   18.88529   38  244          -   17.60465      -  77.9 8585s
 27169466 11404111   18.97343   66  204          -   17.60563      -  77.9 8590s
 27184338 11409835   18.87836   37  256          -   17.60664      -  77.9 8595s
 27201034 11415769   20.73454   56  202          -   17.60767      -  77.9 8600s
 27215357 11421019   19.94776   39  234          -   17.60870      -  77.9 8605s
 27230052 11426400   18.43001   43  234          -   17.60959      -  77.9 8610s
 27245409 11431919   18.93293   37  245          -   17.61062      -  77.9 8615s
 27260053 11436798   18.53474   42  208          -   17.61125      -  77.9 8620s
 27275381 11442387   21.19051   76  186          -   17.61236      -  77.9 8625s
 27291174 11448245   18.23839   41  219          -   17.61333      -  77.9 8630s
 27306719 11453996   18.06381   39  204          -   17.61434      -  77.9 8635s
 27321566 11459301   20.30477   52  207          -   17.61538      -  77.9 8640s
 27337042 11464640   19.88725   36  235          -   17.61601      -  77.9 8645s
 27342058 11465971   18.31835   46  194          -   17.61653      -  77.9 8650s
 27342194 11466099   18.74710   35  193          -   17.61667      -  77.9 8655s
 27342329 11466228   19.17726   59  206          -   17.61688      -  77.9 8660s
 27346200 11468409   20.20806   35  210          -   17.61714      -  77.9 8665s
 27362119 11473870   18.88773   50  236          -   17.61829      -  77.9 8670s
 27378036 11479677   18.19106   50  220          -   17.61913      -  77.9 8675s
 27394240 11485312   19.66042   34  217          -   17.62024      -  77.9 8680s
 27408660 11490763   18.57946   42  195          -   17.62121      -  77.9 8685s
 27423896 11496618   17.93669   37  210          -   17.62222      -  77.9 8690s
 27440454 11502705   20.99283   37  223          -   17.62335      -  77.9 8695s
 27456479 11508646   19.55765   43  238          -   17.62443      -  77.9 8700s
 27471419 11513194   20.78795   34  211          -   17.62500      -  77.9 8705s
 27485006 11516846   19.81823   41  221          -   17.62500      -  77.9 8710s
 27499459 11521680   18.01625   37  246          -   17.62555      -  77.9 8715s
 27515559 11527711   18.50455   43  209          -   17.62671      -  77.9 8720s
 27531459 11533597   18.28461   36  232          -   17.62782      -  77.9 8725s
 27547916 11539223   18.19961   40  210          -   17.62900      -  77.9 8730s
 27563602 11545145   18.28820   40  191          -   17.63000      -  77.9 8735s
 27579391 11551092   20.44540   36  228          -   17.63108      -  77.9 8740s
 27594064 11556270   19.36980   45  210          -   17.63199      -  77.9 8745s
 27610090 11562264   17.98578   40  206          -   17.63309      -  77.9 8750s
 27625332 11567456   19.10393   44  210          -   17.63393      -  77.9 8755s
 27641461 11573414   19.41728   43  216          -   17.63503      -  77.9 8760s
 27655972 11578816   18.22051   30  236          -   17.63607      -  77.9 8765s
 27670165 11582964   20.14400   51  201          -   17.63636      -  77.9 8770s
 27687463 11589388   20.72294   31  172          -   17.63750      -  77.9 8775s
 27702106 11594832   20.08741   41  251          -   17.63855      -  77.9 8780s
 27717495 11600260   18.50762   41  217          -   17.63949      -  77.9 8785s
 27732586 11605782   18.17621   44  205          -   17.64050      -  78.0 8790s
 27747800 11611257   17.93950   56  203          -   17.64155      -  78.0 8795s
 27763453 11617081   19.57124   39  224          -   17.64277      -  78.0 8800s
 27777691 11621628   18.18599   40  232          -   17.64305      -  78.0 8805s
 27793703 11627495   18.90902   41  187          -   17.64425      -  78.0 8810s
 27810024 11633496   18.00239   34  236          -   17.64523      -  78.0 8815s
 27825042 11638745   18.93900   35  238          -   17.64619      -  78.0 8820s
 27840955 11644343   21.11301   36  216          -   17.64706      -  78.0 8825s
 27856161 11650095   18.21668   43  230          -   17.64813      -  78.0 8830s
 27871237 11655710   18.56033   42  214          -   17.64906      -  78.0 8835s
 27887101 11661115   20.18921   45  242          -   17.65000      -  78.0 8840s
 27902748 11666726   20.41464   41  220          -   17.65098      -  78.0 8845s
 27917522 11672293   18.68572   38  205          -   17.65205      -  78.0 8850s
 27933497 11677867   18.32412   43  237          -   17.65301      -  78.0 8855s
 27949621 11683685   18.45073   72  185          -   17.65390      -  78.0 8860s
 27965540 11689545   18.80474   35  244          -   17.65500      -  78.0 8865s
 27980777 11694969   20.25037   36  199          -   17.65601      -  78.0 8870s
 27995132 11700550   19.00000   45    1          -   17.65691      -  78.0 8875s
 28010942 11706233   18.50000   39   19          -   17.65789      -  78.0 8880s
 28026501 11711875   19.53075   33  252          -   17.65888      -  78.0 8885s
 28040978 11717324   18.03797   34  214          -   17.65988      -  78.0 8890s
 28056813 11723243   19.67565   39  251          -   17.66086      -  78.0 8895s
 28072640 11729152   18.65087   51  209          -   17.66187      -  78.0 8900s
 28088537 11734989   18.20662   40  233          -   17.66291      -  78.0 8905s
 28104709 11741239   18.55246   53  176          -   17.66393      -  78.0 8910s
 28120655 11746905     cutoff   38               -   17.66505      -  78.0 8915s
 28136204 11752976   19.07342   38  245          -   17.66621      -  78.0 8920s
 28150300 11757047   21.02751   39  247          -   17.66667      -  78.0 8925s
 28163625 11760369   20.10596   45  201          -   17.66667      -  78.0 8930s
 28177232 11763474   19.51314   37  238          -   17.66667      -  78.0 8935s
 28190629 11766758   21.64707   71  173          -   17.66667      -  78.0 8940s
 28202429 11769262     cutoff   78               -   17.66667      -  78.0 8945s
 28216292 11772167   19.88468   42  228          -   17.66667      -  78.0 8950s
 28228214 11774715 infeasible   53               -   17.66667      -  78.0 8955s
 28240542 11777336   20.24478   39  222          -   17.66667      -  78.0 8960s
 28254137 11780522     cutoff   58               -   17.66667      -  78.0 8965s
 28267451 11783950     cutoff   44               -   17.66667      -  78.1 8970s
 28280982 11788060   19.26178   40  180          -   17.66698      -  78.1 8975s
 28297452 11794279   20.92232   51  217          -   17.66834      -  78.1 8980s
 28312572 11799644   19.48705   47  216          -   17.66935      -  78.1 8985s
 28328919 11805944   19.13424   46  227          -   17.67054      -  78.1 8990s
 28344741 11811629   20.45563   48  207          -   17.67164      -  78.1 8995s
 28359392 11817123   18.59778   42  232          -   17.67259      -  78.1 9000s
 28375726 11822969   18.09198   38  234          -   17.67368      -  78.1 9005s
 28390613 11828186   18.14898   43  230          -   17.67471      -  78.1 9010s
 28405456 11833100   22.22595   41  226          -   17.67568      -  78.1 9015s
 28421106 11839087   18.73623   34  198          -   17.67658      -  78.1 9020s
 28436064 11844233   19.49527   43  223          -   17.67756      -  78.1 9025s
 28450806 11849682   21.82943   35  208          -   17.67857      -  78.1 9030s
 28465426 11855128   20.01938   41  215          -   17.67946      -  78.1 9035s
 28481631 11861104     cutoff   53               -   17.68041      -  78.1 9040s
 28497528 11866746   18.90820   43  199          -   17.68146      -  78.1 9045s
 28512697 11871839   22.03780   39  218          -   17.68230      -  78.1 9050s
 28528401 11877544     cutoff   76               -   17.68333      -  78.1 9055s
 28543131 11882628     cutoff   49               -   17.68421      -  78.1 9060s
 28558083 11888093   18.03342   34  234          -   17.68531      -  78.1 9065s
 28574455 11894101   20.43771   34  224          -   17.68630      -  78.1 9070s
 28589135 11899693   21.17856   47  228          -   17.68737      -  78.1 9075s
 28603658 11904143   18.32808   39  246          -   17.68774      -  78.1 9080s
 28619463 11910005   19.17105   36  122          -   17.68882      -  78.1 9085s
 28634364 11915503   18.32194   39  227          -   17.68975      -  78.1 9090s
 28649043 11921063   20.83283   43  237          -   17.69068      -  78.1 9095s
 28663785 11926299   18.40735   37  210          -   17.69160      -  78.1 9100s
 28679586 11931686   18.97085   45  225          -   17.69231      -  78.1 9105s
 28695265 11937562   20.70393   39  209          -   17.69311      -  78.1 9110s
 28710519 11943066   19.96326   44  216          -   17.69412      -  78.1 9115s
 28725807 11948569   18.89210   49  228          -   17.69505      -  78.1 9120s
 28740589 11954157   18.71682   38  230          -   17.69603      -  78.1 9125s
 28756956 11960025   18.68510   50  215          -   17.69707      -  78.1 9130s
 28772541 11965715   18.81195   42  229          -   17.69811      -  78.1 9135s
 28787348 11971063   20.04011   48  225          -   17.69902      -  78.1 9140s
 28802444 11976301   19.00000   48   27          -   17.70000      -  78.1 9145s
 28816054 11980127   21.18152   43  210          -   17.70000      -  78.1 9150s
 28830111 11984977   18.77428   41  221          -   17.70058      -  78.1 9155s
 28845996 11990626   22.00000   60   32          -   17.70168      -  78.1 9160s
 28860917 11995868   20.80484   42  226          -   17.70263      -  78.1 9165s
 28876509 12001489   20.75728   48  217          -   17.70361      -  78.1 9170s
 28891599 12006505   18.22108   36  217          -   17.70453      -  78.1 9175s
 28906493 12011952   18.10674   38  236          -   17.70547      -  78.1 9180s
 28921061 12017066   19.04430   36  233          -   17.70619      -  78.1 9185s
 28936490 12022637   18.32747   43  195          -   17.70719      -  78.1 9190s
 28951970 12028285   20.75232   46  213          -   17.70822      -  78.1 9195s
 28966868 12033681   18.74773   41  224          -   17.70896      -  78.1 9200s
 28982663 12039185   18.84645   66  188          -   17.70993      -  78.1 9205s
 28997318 12044381   20.83365   53  183          -   17.71079      -  78.1 9210s
 29013550 12050450   20.10409   44  215          -   17.71174      -  78.1 9215s
 29027775 12055543   19.29626   41  233          -   17.71259      -  78.1 9220s
 29043140 12061055   19.36599   41  247          -   17.71359      -  78.1 9225s
 29058861 12066027   20.21050   63  199          -   17.71429      -  78.1 9230s
 29072169 12069109   20.60374   39  245          -   17.71429      -  78.1 9235s
 29086144 12073072   20.76246   43  242          -   17.71444      -  78.2 9240s
 29101274 12078631   20.69790   40  194          -   17.71545      -  78.2 9245s
 29116740 12084155   20.44300   53  206          -   17.71642      -  78.2 9250s
 29132562 12089937   20.73122   43  206          -   17.71739      -  78.2 9255s
 29148435 12095638   20.14425   37  193          -   17.71831      -  78.2 9260s
 29163868 12101309   17.98771   42  235          -   17.71927      -  78.2 9265s
 29178434 12106522   18.60460   45  227          -   17.72014      -  78.2 9270s
 29194110 12112254   18.92999   41  241          -   17.72112      -  78.2 9275s
 29208925 12117498   19.05505   41  216          -   17.72210      -  78.2 9280s
 29224482 12122609   18.77894   42  225          -   17.72272      -  78.2 9285s
 29239570 12128084   19.06811   41  183          -   17.72368      -  78.2 9290s
 29254520 12133340   18.13018   35  228          -   17.72459      -  78.2 9295s
 29269408 12138567   21.67136   47  221          -   17.72549      -  78.2 9300s
 29285488 12144439   20.18199   38  207          -   17.72656      -  78.2 9305s
 29302416 12150008   20.05199   40  232          -   17.72727      -  78.2 9310s
 29317872 12155262   18.31952   37  220          -   17.72790      -  78.2 9315s
 29335188 12161771   19.92850   44  219          -   17.72901      -  78.2 9320s
 29350707 12167450   19.14400   39  196          -   17.72989      -  78.2 9325s
 29365512 12172388   20.13018   39  219          -   17.73077      -  78.2 9330s
 29381752 12178242   19.33116   35  203          -   17.73171      -  78.2 9335s

Cutting planes:
  Gomory: 28
  Implied bound: 1101
  MIR: 104
  Inf proof: 4
  Zero half: 412
  Relax-and-lift: 3

Explored 29391520 nodes (2297933915 simplex iterations) in 9338.10 seconds (27792.22 work units)
Thread count was 12 (of 64 available processors)

Solution count 0

Memory limit reached
Best objective -, best bound 1.800000000000e+01, gap -
b336_12_23_ii_dZ_7: hit 12 GB soft limit (bound 18.00)
