
Gurobi 13.0.3 (linux64) logging started Wed Sep  9 21:57:16 2026

Set parameter LogFile to value "D3_4_dZ_5.log"
Set parameter Threads to value 64
Set parameter NodefileStart to value 60
Set parameter NodefileDir to value "."
Set parameter Cutoff to value 19.5
Set parameter MIPGap to value 0
Set parameter MIPFocus to value 3
Set parameter Symmetry to value 2
Gurobi Optimizer version 13.0.3 build v13.0.3rc0 (linux64 - "Ubuntu 24.04.4 LTS")

CPU model: AMD Ryzen Threadripper PRO 9975WX 32-Cores, instruction set [SSE2|AVX|AVX2|AVX512]
Thread count: 32 physical cores, 64 logical processors, using up to 64 threads

Non-default parameters:
Cutoff  19.5
MIPGap  0
MIPFocus  3
NodefileStart  60
Symmetry  2
Threads  64

Optimize a model with 121 rows, 361 columns and 905 nonzeros (Min)
Model fingerprint: 0xc3300db3
Model has 240 linear objective coefficients
Variable types: 0 continuous, 361 integer (240 binary)
Coefficient statistics:
  Matrix range     [1e+00, 2e+00]
  Objective range  [1e+00, 1e+00]
  Bounds range     [1e+00, 3e+01]
  RHS range        [1e+00, 1e+00]

Presolve time: 0.00s
Presolved: 121 rows, 361 columns, 905 nonzeros
Variable types: 0 continuous, 361 integer (240 binary)
Root relaxation presolve removed 121 rows and 361 columns
Root relaxation presolve: All rows and columns removed

Root relaxation: objective 1.000000e+00, 0 iterations, 0.00 seconds (0.00 work units)

    Nodes    |    Current Node    |     Objective Bounds      |     Work
 Expl Unexpl |  Obj  Depth IntInf | Incumbent    BestBd   Gap | It/Node Time

     0     0    1.00000    0    3          -    1.00000      -     -    0s
     0     0    1.00000    0    3          -    1.00000      -     -    0s
     0     0    1.00000    0    3          -    1.00000      -     -    0s
     0     0    2.00000    0    3          -    2.00000      -     -    0s
     0     0    2.00000    0    3          -    2.00000      -     -    0s
     0     2    2.00000    0    3          -    2.00000      -     -    0s
 30100 24211   13.29638   26   96          -    8.20352      -  51.6    5s
 147355 107170   12.42581   39  125          -    9.06544      -  34.3   10s
 284235 192488   10.95517   30   95          -    9.67562      -  31.2   15s
 285205 193438   10.37335   30  137          -    9.77963      -  31.5   20s
 358159 250814   10.06537   41   93          -    9.98765      -  30.8   25s
 530646 356914   11.50000   40   44          -   10.26316      -  29.8   30s
 725396 471581   11.90000   45   51          -   10.50000      -  29.4   35s
 908097 581759   12.10065   30   88          -   10.73016      -  29.2   40s
 1095832 695020   11.19403   27   72          -   10.94828      -  29.1   45s
 1279304 800359   11.57143   41   39          -   11.00000      -  29.0   50s
 1453665 902587   13.14286   47   80          -   11.19608      -  29.0   55s
 1640888 1010838   11.85714   50   41          -   11.33333      -  29.0   60s
 1828154 1114482   13.72727   45   77          -   11.43017      -  29.0   65s
 2016251 1218080   11.91667   43   46          -   11.50000      -  29.0   70s
 2192248 1316581   12.28571   43   57          -   11.60465      -  29.0   75s
 2369580 1414556   13.17333   40   70          -   11.68646      -  29.0   80s
 2543636 1508760   13.33333   30   36          -   11.76923      -  29.1   85s
 2717713 1601891   13.00000   43   17          -   11.85294      -  29.1   90s
 2898753 1698025   12.40112   48   98          -   11.94872      -  29.1   95s
 3063012 1774548   14.00000   45    8          -   12.00000      -  29.2  100s
 3072152 1780993   13.00000   47    7          -   12.00000      -  29.2  105s
 3115627 1803782   13.20370   53   50          -   12.00000      -  29.2  110s
 3229189 1859738   13.50000   48   57          -   12.00000      -  29.2  115s
 3391037 1942973   12.50000   47   39          -   12.00000      -  29.2  120s
 3554462 2029969   12.31870   54   86          -   12.09091      -  29.2  125s
 3730136 2119352   12.85311   47   65          -   12.16667      -  29.1  130s
 3900750 2205353   12.57143   49   38          -   12.22794      -  29.1  135s
 4083321 2297495   14.84500   54   81          -   12.28571      -  29.1  140s
 4263853 2387930   12.86667   45   47          -   12.33333      -  29.1  145s
 4439134 2474914   12.69674   28  123          -   12.38235      -  29.1  150s
 4620245 2563980   13.03846   49   69          -   12.43750      -  29.1  155s
 4802298 2651391   15.00000   50   11          -   12.50000      -  29.1  160s
 4999576 2743999   14.00000   34   11          -   12.50000      -  29.2  165s
 5181033 2833545   14.00000   48   22          -   12.51786      -  29.1  170s
 5359009 2918686   14.25000   45   30          -   12.58333      -  29.1  175s
 5541224 3005180   13.00000   35    5          -   12.63158      -  29.1  180s
 5722518 3089844   13.25000   46   33          -   12.66667      -  29.2  185s
 5901316 3175629   12.88889   34   59          -   12.69926      -  29.1  190s
 6079501 3258054   12.87500   51   75          -   12.75000      -  29.2  195s
 6260665 3344600   14.75000   39   31          -   12.77778      -  29.2  200s
 6435184 3425821   16.00000   44    8          -   12.81395      -  29.2  205s
 6618051 3509080   13.25000   33   47          -   12.85714      -  29.2  210s
 6789669 3587824   13.10997   43   90          -   12.89474      -  29.2  215s
 6959034 3666016   16.00000   47   50          -   12.94118      -  29.2  220s
 7124906 3741296   13.00000   38    6          -   13.00000      -  29.3  225s
 7290861 3807762   14.00000   38    4          -   13.00000      -  29.3  230s
 7470887 3878702   16.00000   50   53          -   13.00000      -  29.3  235s
 7649574 3954486   15.35906   37  103          -   13.00000      -  29.4  240s
 7825534 4030333   18.00000   57    7          -   13.00000      -  29.4  245s
 8018525 4116991   14.50000   48   55          -   13.00000      -  29.4  250s
 8213024 4202035   13.58824   40   56          -   13.00000      -  29.3  255s
 8405195 4289637   13.83065   51   84          -   13.00000      -  29.3  260s
 8590163 4374749   13.25000   46   35          -   13.03448      -  29.3  265s
 8766647 4456493   14.00000   39   18          -   13.09434      -  29.3  270s
 8949027 4537623   13.31690   50   82          -   13.13699      -  29.3  275s
 9137755 4620993   13.25000   32   59          -   13.16667      -  29.3  280s
 9309811 4697354   14.20000   51   65          -   13.20000      -  29.3  285s
 9480972 4773172   13.45455   46   62          -   13.23077      -  29.3  290s
 9662219 4850503   14.50000   46   18          -   13.25000      -  29.3  295s
 9841509 4928523   13.55000   38   73          -   13.27778      -  29.3  300s
 10020498 5005149   13.66667   39   41          -   13.30769      -  29.3  305s
 10191220 5076215   15.00000   55   17          -   13.33333      -  29.4  310s
 10387842 5157195   14.00000   45   29          -   13.33333      -  29.3  315s
 10567876 5232812   13.80303   34   98          -   13.35165      -  29.3  320s
 10737250 5306003   14.54545   41   52          -   13.38095      -  29.4  325s
 10918470 5380409   15.07692   57   64          -   13.40000      -  29.4  330s
 11093891 5453773   14.00000   52   10          -   13.42857      -  29.4  335s
 11265136 5525946   16.00000   40   12          -   13.45517      -  29.4  340s
 11429316 5595330   14.73529   41   70          -   13.49640      -  29.4  345s
 11612429 5662561   15.80000   40   48          -   13.50000      -  29.4  350s
 11802267 5734763   16.50000   47   40          -   13.50000      -  29.4  355s
 11998181 5812700   15.00000   46   21          -   13.50000      -  29.4  360s
 12190219 5890152   13.80000   42   64          -   13.50000      -  29.4  365s
 12382518 5968131   14.00000   40   30          -   13.50000      -  29.4  370s
 12562833 6043494   13.75093   41  139          -   13.52273      -  29.4  375s
 12734501 6113433   14.78115   38   87          -   13.55556      -  29.4  380s
 12902718 6180271   15.56250   44   72          -   13.57143      -  29.4  385s
 13072998 6248286   13.71875   47   68          -   13.60000      -  29.4  390s
 13250145 6319452 infeasible   47               -   13.61538      -  29.4  395s
 13433003 6391017   14.81522   47   84          -   13.63793      -  29.5  400s
 13602840 6456098   15.18354   42   83          -   13.66667      -  29.5  405s
 13785028 6524459   13.66667   36   22          -   13.66667      -  29.5  410s
 13964836 6594347   14.00000   35   50          -   13.66667      -  29.5  415s
 14140481 6665134   14.50000   40   39          -   13.68000      -  29.5  420s
 14309798 6731243   16.00000   44    8          -   13.70707      -  29.5  425s
 14480790 6796843   16.16667   47   45          -   13.72727      -  29.5  430s
 14650435 6859756   15.00000   41    6          -   13.75000      -  29.5  435s
 14837598 6931038   15.60000   51   56          -   13.75000      -  29.5  440s
 15014924 6999882   14.53097   53   73          -   13.76923      -  29.5  445s
 15183909 7064699   14.60714   31   97          -   13.79286      -  29.5  450s
 15351389 7124736   15.25000   34   60          -   13.80000      -  29.5  455s
 15523544 7192717   14.97959   53   90          -   13.82353      -  29.5  460s
 15700099 7257528   13.96667   41   80          -   13.83333      -  29.5  465s
 15871374 7322115   14.66667   46   25          -   13.85714      -  29.6  470s
 16031551 7382324   16.33333   55   42          -   13.87500      -  29.6  475s
 16201129 7445580   14.31034   49   83          -   13.88889      -  29.6  480s
 16371454 7508585   14.63306   55   89          -   13.91012      -  29.6  485s
 16548569 7574229   15.50059   43  121          -   13.93388      -  29.6  490s
 16719737 7636778   14.00000   39    9          -   13.96154      -  29.6  495s
 16879098 7693064   17.75000   43   49          -   14.00000      -  29.6  500s
 17045216 7745459   17.50000   57   25          -   14.00000      -  29.7  505s
 17210910 7798458   15.30556   39   68          -   14.00000      -  29.7  510s
 17396877 7854592   14.65315   52   67          -   14.00000      -  29.7  515s
 17581679 7909154   17.90625   45   75          -   14.00000      -  29.7  520s
 17760062 7961288   15.00000   39    9          -   14.00000      -  29.7  525s
 17945383 8015409   14.71429   35   36          -   14.00000      -  29.7  530s
 18115960 8072112   14.62500   42   42          -   14.00000      -  29.7  535s
 18286120 8129678   15.00000   41    9          -   14.00000      -  29.7  540s
 18471082 8193716   15.00000   40    7          -   14.00000      -  29.7  545s
 18648837 8254699   14.00000   46   13          -   14.00000      -  29.7  550s
 18825473 8315551   14.00000   40    8          -   14.00000      -  29.7  555s
 18998778 8377334   15.00000   47   12          -   14.00000      -  29.7  560s
 19177603 8441126   15.25000   32   30          -   14.00000      -  29.7  565s
 19364264 8507278   15.00000   44    9          -   14.00000      -  29.7  570s
 19552494 8575494   15.28571   46   40          -   14.00000      -  29.7  575s
 19740435 8642256   17.17308   39   59          -   14.00000      -  29.7  580s
 19923031 8707277   14.35714   36   40          -   14.00000      -  29.6  585s
 20112286 8776177   14.00000   37   19          -   14.00000      -  29.6  590s
 20304142 8845762   15.00000   43   11          -   14.00000      -  29.6  595s
 20489646 8912833   15.00000   39    5          -   14.00000      -  29.6  600s
 20670494 8980447   14.50000   28   25          -   14.00000      -  29.6  605s
 20841841 9044128   16.00000   48   12          -   14.03846      -  29.6  610s
 21017877 9107220   15.00000   38   11          -   14.07143      -  29.6  615s
 21186559 9167149   14.44444   45   38          -   14.09524      -  29.6  620s
 21364901 9229391   14.25000   44   32          -   14.11765      -  29.6  625s
 21545158 9293410   15.00000   34   27          -   14.13889      -  29.6  630s
 21721161 9355656   15.57895   33  109          -   14.15517      -  29.6  635s
 21906264 9418868   15.05000   39   94          -   14.16667      -  29.6  640s
 22084935 9480869   14.78641   50   73          -   14.18750      -  29.6  645s
 22271954 9542268   16.00000   53    9          -   14.20000      -  29.6  650s
 22449838 9605143     cutoff   50               -   14.21429      -  29.6  655s
 22626862 9665141   15.00000   42   11          -   14.23077      -  29.6  660s
 22796736 9721617   17.36842   45   70          -   14.25000      -  29.6  665s
 22981727 9784357   15.38462   44   49          -   14.25000      -  29.6  670s
 23176327 9851099   16.66667   41   79          -   14.25000      -  29.6  675s
 23345192 9911442   15.50000   48   44          -   14.27632      -  29.6  680s
 23519526 9969149   15.11765   43   55          -   14.28581      -  29.6  685s
 23696670 10029352   16.15556   40   81          -   14.30769      -  29.6  690s
 23866328 10084980   15.64516   38   70          -   14.33333      -  29.6  695s
 24044843 10139070   15.50000   39   21          -   14.33333      -  29.6  700s
 24225038 10196204   16.00000   60   12          -   14.33333      -  29.6  705s
 24410790 10256528   15.38462   31   86          -   14.33333      -  29.6  710s
 24601995 10319663   15.00000   48    6          -   14.33333      -  29.5  715s
 24783666 10382984   15.00000   34    9          -   14.33333      -  29.5  720s
 24950685 10438554   16.00000   45   11          -   14.35928      -  29.5  725s
 25119392 10493441   15.75000   52   36          -   14.37500      -  29.5  730s
 25297328 10553159   15.00000   41   45          -   14.39344      -  29.5  735s
 25475786 10606893   16.00000   38   21          -   14.40000      -  29.5  740s
 25659125 10667468   15.37234   43   78          -   14.40909      -  29.5  745s
 25834004 10724580   16.00000   51    8          -   14.42857      -  29.5  750s
 26002906 10780106   16.00000   51   10          -   14.43750      -  29.5  755s
 26175084 10836824   16.46154   50   63          -   14.45349      -  29.5  760s
 26351691 10892765   15.64063   34   92          -   14.47059      -  29.5  765s
 26517638 10945905   14.75000   56   63          -   14.50000      -  29.6  770s
 26693811 10993501   14.50442   42   62          -   14.50000      -  29.6  775s
 26869616 11041334   16.00000   39    6          -   14.50000      -  29.6  780s
 27047451 11093466   16.62500   51   41          -   14.50000      -  29.6  785s
 27232712 11147099   16.00000   52   28          -   14.50000      -  29.6  790s
 27417447 11201312   17.50000   50   27          -   14.50000      -  29.6  795s
 27597810 11256003   15.74074   38   83          -   14.50000      -  29.6  800s
 27776750 11311054   15.33333   47   38          -   14.50000      -  29.6  805s
 27965419 11369022   15.00000   35    9          -   14.50000      -  29.5  810s
 28152787 11425204   15.40000   37   46          -   14.50000      -  29.5  815s
 28340922 11482572   15.25000   40   40          -   14.50000      -  29.5  820s
 28526597 11539843   14.98639   36   64          -   14.50000      -  29.5  825s
 28716830 11599601   15.11111   43   42          -   14.50000      -  29.5  830s
 28890408 11655269   16.00000   45   30          -   14.50000      -  29.5  835s
 29074307 11714748   15.00000   41   29          -   14.50000      -  29.5  840s
 29153706 11739460 infeasible   60               -   14.51724      -  29.5  845s
 29154494 11740210   16.50000   41   58          -   14.51974      -  29.5  850s
 29155019 11740709   15.62500   52   71          -   14.52113      -  29.5  855s
 29157390 11742486   16.00000   45   46          -   14.52174      -  29.5  860s
 29189819 11751857   16.00000   38   28          -   14.52299      -  29.5  865s
 29290635 11782493   14.91667   37   50          -   14.53846      -  29.5  870s
 29424905 11824596   17.11429   53   75          -   14.55263      -  29.5  875s
 29590770 11875242   15.00000   47   44          -   14.56667      -  29.5  880s
 29760335 11928278   14.69106   45   69          -   14.57292      -  29.5  885s
 29885277 11966615   17.13423   56   75          -   14.58621      -  29.5  890s
 29995896 12000548   15.00000   44    9          -   14.60000      -  29.5  895s
 30118103 12036679   15.09524   41   74          -   14.60000      -  29.5  900s
 30236316 12073125   15.00000   33    9          -   14.60000      -  29.5  905s
 30349884 12110085   15.33333   33   34          -   14.60589      -  29.5  910s
 30457205 12143462   14.86842   37   60          -   14.61702      -  29.5  915s
 30568295 12176529   15.00000   39   11          -   14.62500      -  29.5  920s
 30688945 12214716 infeasible   48               -   14.63415      -  29.5  925s
 30796702 12248358   15.00000   32   26          -   14.64286      -  29.5  930s
 30907313 12283196   15.44444   50   45          -   14.65574      -  29.5  935s
 31022594 12314374   16.00000   47   29          -   14.66667      -  29.5  940s
 31132375 12342463   15.50000   40   52          -   14.66667      -  29.5  945s
 31257530 12376052   15.50000   48   36          -   14.66667      -  29.5  950s
 31374973 12408952   16.00000   43   19          -   14.66667      -  29.5  955s
 31500690 12443971   15.00000   55   13          -   14.66667      -  29.5  960s
 31616844 12477773   16.83333   35   49          -   14.66667      -  29.5  965s
 31734411 12512485   16.20833   37   66          -   14.66667      -  29.5  970s
 31858075 12548198   14.81818   43   52          -   14.66667      -  29.5  975s
 31974403 12582971   15.12903   47   74          -   14.66667      -  29.5  980s
 32091875 12618926   16.37500   45   65          -   14.66667      -  29.5  985s
 32206282 12655482   16.00000   44   30          -   14.66667      -  29.5  990s
 32315892 12689869   16.80000   54   44          -   14.68182      -  29.5  995s
 32419242 12721356   15.00000   38    8          -   14.69231      -  29.5 1000s
 32530076 12754656   15.00000   30    6          -   14.70000      -  29.5 1005s
 32642801 12789457   15.57143   39   53          -   14.71366      -  29.5 1010s
 32769848 12825688   15.00000   50    9          -   14.71429      -  29.5 1015s
 32878808 12859213   15.50000   49   15          -   14.72222      -  29.5 1020s
 32999310 12895590 infeasible   57               -   14.73333      -  29.5 1025s
 33111934 12929374   16.56098   31  110          -   14.74667      -  29.5 1030s
 33221523 12957050   17.50000   53   35          -   14.75000      -  29.5 1035s
 33345387 12989736   14.83333   47   45          -   14.75000      -  29.5 1040s
 33470327 13024495   15.20000   44   33          -   14.75000      -  29.5 1045s
 33593377 13060422   15.76923   41   60          -   14.75000      -  29.5 1050s
 33717310 13096275   15.00000   50   74          -   14.75000      -  29.5 1055s
 33844548 13134163   15.00000   36   18          -   14.75000      -  29.5 1060s
 33962824 13169789   14.82857   48   74          -   14.76471      -  29.5 1065s
 34081986 13204693   15.00000   50    9          -   14.77612      -  29.5 1070s
 34210263 13241037   16.34783   37   73          -   14.78049      -  29.5 1075s
 34332540 13277701   15.43750   40   64          -   14.79310      -  29.5 1080s
 34448082 13308412   14.83333   40   29          -   14.80000      -  29.5 1085s
 34577187 13344030   17.83333   52   75          -   14.80000      -  29.5 1090s
 34712701 13383512   15.20000   42   62          -   14.80000      -  29.5 1095s
 34832363 13420307   16.20000   42   37          -   14.80769      -  29.5 1100s
 34955346 13454903   17.66667   45   26          -   14.81818      -  29.5 1105s
 35075763 13490761   14.94118   51   55          -   14.82927      -  29.5 1110s
 35197438 13522890   15.81250   55   67          -   14.83333      -  29.5 1115s
 35318412 13555248   15.00000   53   39          -   14.83333      -  29.5 1120s
 35430168 13589271   16.18750   57   66          -   14.83333      -  29.5 1125s
 35537860 13619319   15.15767   40  100          -   14.84615      -  29.5 1130s
 35659447 13653869   18.00000   46   57          -   14.85714      -  29.6 1135s
 35774473 13685507   15.00000   59    9          -   14.85714      -  29.6 1140s
 35887349 13719108   16.41176   49   39          -   14.86567      -  29.6 1145s
 35998460 13749085   16.40625   50   72          -   14.87500      -  29.6 1150s
 36120518 13783426   16.00000   37   42          -   14.87500      -  29.6 1155s
 36225924 13812830   15.00000   51   11          -   14.88679      -  29.6 1160s
 36348322 13847025   15.00000   33    9          -   14.88889      -  29.6 1165s
 36448391 13874554   15.70968   44   64          -   14.90000      -  29.6 1170s
 36549969 13903150   15.60000   41   69          -   14.90551      -  29.6 1175s
 36650678 13931707   15.24000   53   93          -   14.91304      -  29.6 1180s
 36751974 13960512   16.00000   39   10          -   14.91845      -  29.6 1185s
 36861550 13991302   15.66667   35   37          -   14.92857      -  29.6 1190s
 36982605 14024797   15.26786   37   70          -   14.93750      -  29.6 1195s
 37082995 14052849   15.50000   42   18          -   14.94615      -  29.6 1200s
 37197154 14085016   17.00000   45   17          -   14.95652      -  29.6 1205s
 37318789 14118345   15.43182   45   67          -   14.97080      -  29.6 1210s
 37430956 14150573   15.82457   40  118          -   14.99122      -  29.6 1215s
 37538178 14173257   16.00000   41   10          -   15.00000      -  29.6 1220s
 37650544 14195691   17.50000   44   32          -   15.00000      -  29.6 1225s
 37770891 14219598   18.55556   45   37          -   15.00000      -  29.6 1230s
 37876722 14240776 infeasible   44               -   15.00000      -  29.7 1235s
 37994221 14264036     cutoff   51               -   15.00000      -  29.7 1240s
 38109315 14286492 infeasible   38               -   15.00000      -  29.7 1245s
 38235628 14310216   17.00000   49   18          -   15.00000      -  29.7 1250s
 38363864 14334878   15.50000   33   45          -   15.00000      -  29.7 1255s
 38492965 14359491   15.00000   36    7          -   15.00000      -  29.7 1260s
 38612780 14382210   15.33333   48   54          -   15.00000      -  29.7 1265s
 38726469 14403427   16.00000   49    8          -   15.00000      -  29.7 1270s
 38853989 14428059   16.00000   40    8          -   15.00000      -  29.7 1275s
 38968257 14449883   18.00000   53   26          -   15.00000      -  29.7 1280s
 39095879 14474748   17.88043   50   90          -   15.00000      -  29.7 1285s
 39217192 14497392   17.87500   58   57          -   15.00000      -  29.7 1290s
 39337913 14520670   15.60000   54   51          -   15.00000      -  29.7 1295s
 39450859 14541350   16.00000   41   23          -   15.00000      -  29.7 1300s
 39564870 14562677   17.50000   54   19          -   15.00000      -  29.7 1305s
 39685926 14584056   15.00000   38    9          -   15.00000      -  29.7 1310s
 39806884 14608174   15.00000   39    9          -   15.00000      -  29.7 1315s
 39929690 14632250   17.00000   45    5          -   15.00000      -  29.7 1320s
 40055657 14659258   17.36364   54   57          -   15.00000      -  29.7 1325s
 40174037 14686549   16.00000   43    8          -   15.00000      -  29.7 1330s
 40295990 14713239   16.44444   35   43          -   15.00000      -  29.7 1335s
 40411331 14738504   18.00000   42    9          -   15.00000      -  29.7 1340s
 40527330 14764432   16.00000   37    8          -   15.00000      -  29.7 1345s
 40637159 14787688   16.33333   45   19          -   15.00000      -  29.7 1350s
 40768265 14816697   16.00000   50   39          -   15.00000      -  29.7 1355s
 40892940 14846599   16.00000   39    8          -   15.00000      -  29.7 1360s
 41022656 14877974   16.00000   45    9          -   15.00000      -  29.7 1365s
 41145552 14907418   16.00000   47    8          -   15.00000      -  29.7 1370s
 41268529 14936737   16.00000   38   11          -   15.00000      -  29.7 1375s
 41387002 14965628   17.00000   43   22          -   15.00000      -  29.7 1380s
 41502957 14993533   17.00000   42   27          -   15.00000      -  29.7 1385s
 41633727 15024410 infeasible   51               -   15.00000      -  29.7 1390s
 41743591 15049834   17.11111   45   60          -   15.00000      -  29.7 1395s
 41875639 15081636   17.00000   58    8          -   15.00000      -  29.7 1400s
 42005246 15114023   16.48718   39   74          -   15.00000      -  29.7 1405s
 42133792 15146001 infeasible   60               -   15.00000      -  29.7 1410s
 42270025 15179444   16.00000   55   23          -   15.00000      -  29.7 1415s
 42393311 15211052   16.00000   43   14          -   15.00000      -  29.7 1420s
 42523937 15243235   16.61538   41   68          -   15.00000      -  29.7 1425s
 42654076 15275070   16.00000   48    8          -   15.00000      -  29.7 1430s
 42784503 15307300   16.55556   39   32          -   15.00000      -  29.7 1435s
 42909349 15339041   16.66667   48   36          -   15.00000      -  29.7 1440s
 43032139 15369764   16.00000   43    8          -   15.00000      -  29.7 1445s
 43168099 15403606   16.00000   51    8          -   15.00000      -  29.7 1450s
 43304765 15439288   17.00000   42    9          -   15.00000      -  29.7 1455s
 43433961 15472820   16.00000   49    9          -   15.00000      -  29.6 1460s
 43557332 15504501   17.66667   51   33          -   15.00000      -  29.6 1465s
 43678776 15535876   16.75000   51   38          -   15.00000      -  29.6 1470s
 43817813 15571296   16.00000   51    8          -   15.00000      -  29.6 1475s
 43949876 15605926   16.50000   38   18          -   15.00000      -  29.6 1480s
 44080109 15639081   16.00000   40   17          -   15.00000      -  29.6 1485s
 44205600 15671319   15.50000   47   23          -   15.00000      -  29.6 1490s
 44337769 15705101   15.00000   50   15          -   15.00000      -  29.6 1495s
 44474336 15741077   15.00000   49    7          -   15.00000      -  29.6 1500s
 44597638 15773179   17.00000   39   11          -   15.00000      -  29.6 1505s
 44728549 15808226   15.42857   51   36          -   15.00000      -  29.6 1510s
 44859356 15843031   16.50000   44   29          -   15.00000      -  29.6 1515s
 44977433 15874828   16.33333   47   38          -   15.00000      -  29.6 1520s
 45101906 15906579   17.00000   40   11          -   15.00000      -  29.6 1525s
 45231842 15940487   16.00000   40   18          -   15.00000      -  29.6 1530s
 45357785 15974764   16.62500   39   58          -   15.00000      -  29.6 1535s
 45489593 16010502   17.00000   57   13          -   15.00000      -  29.6 1540s
 45613205 16042726   16.00000   41   28          -   15.00000      -  29.6 1545s
 45735645 16074371   16.88235   40   91          -   15.00000      -  29.6 1550s
 45860745 16108697   16.00000   43   14          -   15.00000      -  29.6 1555s
 45992856 16144360   16.50000   46   36          -   15.00000      -  29.6 1560s
 46115964 16178586   17.33333   41   37          -   15.00000      -  29.6 1565s
 46239051 16212082   16.00000   43   14          -   15.00000      -  29.6 1570s
 46360449 16245357   16.00000   48   13          -   15.00000      -  29.6 1575s
 46477068 16278563   15.87500   40   62          -   15.00000      -  29.6 1580s
 46586022 16309772   15.00000   40   11          -   15.00000      -  29.6 1585s
 46687713 16338538   16.22667   37   95          -   15.00000      -  29.6 1590s
 46804209 16370742   16.00000   32    9          -   15.00000      -  29.6 1595s
 46908668 16399989   16.00000   45   38          -   15.02128      -  29.6 1600s
 47015921 16429375 infeasible   67               -   15.04000      -  29.6 1605s
 47122371 16459272   16.50000   51   18          -   15.05405      -  29.6 1610s
 47231254 16488484   15.50000   39   20          -   15.06667      -  29.6 1615s
 47335507 16516939   16.00596   53   96          -   15.07650      -  29.6 1620s
 47446960 16546192   15.29670   42   86          -   15.08333      -  29.6 1625s
 47557838 16576539   15.23333   52   62          -   15.09191      -  29.6 1630s
 47677246 16607889   16.10000   52   55          -   15.10000      -  29.6 1635s
 47783511 16636232   15.51613   34   52          -   15.11111      -  29.6 1640s
 47904672 16668416   15.90169   54  107          -   15.11589      -  29.6 1645s
 48025650 16698808   15.54545   59   71          -   15.12500      -  29.6 1650s
 48143853 16731715   15.28571   46   59          -   15.12903      -  29.6 1655s
 48264118 16763194   16.78138   44  117          -   15.14151      -  29.6 1660s
 48387433 16794021   16.99828   42   97          -   15.14286      -  29.6 1665s
 48499471 16823991 infeasible   50               -   15.15000      -  29.6 1670s
 48606721 16851794   15.39474   48   76          -   15.15789      -  29.6 1675s
 48719491 16879158   16.18421   49   45          -   15.16667      -  29.6 1680s
 48835852 16907230   15.51852   54   69          -   15.16667      -  29.6 1685s
 48958168 16937822   16.00000   60   29          -   15.16667      -  29.6 1690s
 49073438 16966748   15.70264   52   87          -   15.17143      -  29.6 1695s
 49181090 16995194   15.40000   34   47          -   15.18182      -  29.6 1700s
 49307307 17027653   15.87958   52  115          -   15.18878      -  29.6 1705s
 49421285 17054228 infeasible   63               -   15.20000      -  29.6 1710s
 49545059 17082620   17.00000   54   25          -   15.20000      -  29.6 1715s
 49689283 17117450   16.44000   47   52          -   15.20000      -  29.6 1720s
 49819179 17150077   16.30000   56   52          -   15.20000      -  29.6 1725s
 49940251 17181117   15.50000   39   34          -   15.20833      -  29.6 1730s
 50060010 17212530   15.33333   35   79          -   15.21739      -  29.6 1735s
 50183929 17242296   15.25000   38   71          -   15.22222      -  29.6 1740s
 50302211 17273291   17.37838   42   61          -   15.23077      -  29.6 1745s
 50421743 17304568   15.50000   38   31          -   15.23958      -  29.6 1750s
 50541008 17330366   16.80000   40   35          -   15.25000      -  29.6 1755s
 50669793 17357181   17.00000   37   22          -   15.25000      -  29.6 1760s
 50800295 17385628   15.33333   57   32          -   15.25000      -  29.6 1765s
 50939142 17417063   16.33333   42   48          -   15.25000      -  29.6 1770s
 51070193 17448221   16.33333   37   45          -   15.25000      -  29.5 1775s
 51200863 17479437   16.11594   41   83          -   15.25000      -  29.5 1780s
 51329219 17510581   15.31579   53   68          -   15.25000      -  29.5 1785s
 51458513 17543918   16.39024   42   77          -   15.25000      -  29.5 1790s
 51571584 17573321   15.34857   48   62          -   15.26087      -  29.5 1795s
 51686601 17601029   16.14286   53   33          -   15.26923      -  29.5 1800s
 51800211 17628584   15.96825   30   90          -   15.27451      -  29.5 1805s
 51900629 17652965   16.71429   35   42          -   15.28472      -  29.5 1810s
 51984595 17671159   16.00000   47   12          -   15.28571      -  29.5 1815s
 52099938 17699301   16.46154   43   74          -   15.28571      -  29.5 1820s
 52192535 17722625   16.66667   51   41          -   15.29167      -  29.5 1825s
 52279609 17744381   16.16667   33  113          -   15.29927      -  29.5 1830s
 52368780 17765273   16.50000   47   45          -   15.30000      -  29.5 1835s
 52454168 17786635   16.94000   46   81          -   15.30597      -  29.5 1840s
 52540293 17806887   16.00000   45    8          -   15.31081      -  29.5 1845s
 52625682 17827441 infeasible   39               -   15.31633      -  29.5 1850s
 52713587 17847740   16.52632   46   52          -   15.32500      -  29.5 1855s
 52788607 17862765   16.00000   56   57          -   15.33333      -  29.5 1860s
 52868514 17876871   15.50000   52   55          -   15.33333      -  29.6 1865s
 52950048 17892000   15.85000   38  100          -   15.33333      -  29.6 1870s
 53042816 17909719   15.50000   47   21          -   15.33333      -  29.6 1875s
 53130115 17927267   16.33333   49   28          -   15.33333      -  29.6 1880s
 53224339 17946568   17.33333   44   45          -   15.33333      -  29.6 1885s
 53312163 17964641   16.87500   42   56          -   15.33333      -  29.5 1890s
 53408016 17984790   16.20755   53   74          -   15.33333      -  29.5 1895s
 53502822 18004797   16.00000   33   34          -   15.33333      -  29.5 1900s
 53590333 18023809   16.00000   42   24          -   15.33333      -  29.5 1905s
 53678956 18042278   16.00000   43    9          -   15.33333      -  29.5 1910s
 53740631 18055498   17.00000   47   17          -   15.33333      -  29.5 1915s
 53796696 18067675   16.00000   40   46          -   15.33333      -  29.5 1920s
 53857405 18080695   17.69231   47   69          -   15.33333      -  29.5 1925s
 53919985 18094883   16.00000   40    7          -   15.33333      -  29.5 1930s
 53986817 18109291   18.00000   56   12          -   15.33333      -  29.5 1935s
 54027757 18118367   18.00000   51   21          -   15.33333      -  29.5 1940s
 54067764 18127500   15.66667   35   64          -   15.33333      -  29.5 1945s
 54107584 18137152   16.00000   47   37          -   15.33333      -  29.5 1950s
 54142025 18144862   16.00000   44   26          -   15.33333      -  29.5 1955s
 54182839 18154427   15.75000   55   49          -   15.33333      -  29.5 1960s
 54217255 18162163   15.50000   39   24          -   15.33333      -  29.5 1965s
 54264353 18173034   17.00000   55   13          -   15.33333      -  29.5 1970s
 54312421 18183998   15.33333   51   36          -   15.33333      -  29.5 1975s
 54354328 18193463   16.00000   56   12          -   15.33333      -  29.5 1980s
 54395718 18203461   15.50000   49   34          -   15.33333      -  29.5 1985s
 54444198 18215019   16.00000   45   10          -   15.33333      -  29.5 1990s
 54477703 18222988   15.42857   46   59          -   15.33333      -  29.5 1995s
 54531610 18235549   16.66667   36   39          -   15.33333      -  29.5 2000s
 54572807 18244975   16.38356   43   81          -   15.33333      -  29.5 2006s
 54607969 18253271   16.00000   46    6          -   15.33333      -  29.5 2010s
 54648096 18262903   16.49091   42   75          -   15.33333      -  29.5 2015s
 54680915 18271258   16.00000   36   19          -   15.33333      -  29.5 2020s
 54714499 18279505   15.50000   41   62          -   15.33333      -  29.5 2025s
 54754993 18289113   17.00000   33    9          -   15.33333      -  29.5 2030s
 54793956 18299227   16.33333   37   35          -   15.33333      -  29.5 2035s
 54841320 18310701   16.04167   38   85          -   15.33333      -  29.5 2040s
 54872385 18318850   16.18182   47   53          -   15.33758      -  29.5 2045s
 54911665 18328937   15.66667   41   49          -   15.34328      -  29.5 2051s
 54944768 18336848   16.00000   53    4          -   15.34646      -  29.5 2055s
 54971163 18342807   16.40000   41   79          -   15.34921      -  29.5 2060s
 55012342 18352494   17.00000   46   11          -   15.35294      -  29.5 2065s
 55046455 18360702   17.33333   54   15          -   15.35484      -  29.5 2070s
 55094746 18370975   15.50000   37   16          -   15.35714      -  29.5 2075s
 55139886 18382429   16.20000   38   54          -   15.36000      -  29.5 2080s
 55186870 18392635   15.57143   39   49          -   15.36364      -  29.5 2085s
 55234032 18403359   15.65574   35   91          -   15.36364      -  29.5 2090s
 55273042 18412595 infeasible   53               -   15.36709      -  29.5 2095s
 55318944 18422956   16.68421   37   76          -   15.37037      -  29.5 2100s
 55358450 18431536   15.66667   48   43          -   15.37500      -  29.5 2105s
 55420195 18444006   16.34783   45   49          -   15.37500      -  29.5 2110s
 55487200 18459006   15.66667   40   62          -   15.37500      -  29.5 2116s
 55533561 18469856   15.53846   46   74          -   15.37500      -  29.5 2120s
 55591544 18484384   17.00000   46   15          -   15.37838      -  29.5 2125s
 55619768 18491146   15.60653   54   85          -   15.38095      -  29.5 2130s
 55668072 18502413   16.00000   41    6          -   15.38462      -  29.5 2135s
 55713704 18513137   17.28571   46   62          -   15.38596      -  29.5 2140s
 55740214 18519592   16.00000   52   14          -   15.38889      -  29.5 2145s
 55780808 18529631   17.20896   44   68          -   15.39130      -  29.5 2150s
 55813849 18537078   17.00000   59    9          -   15.39394      -  29.5 2155s
 55838995 18543282   16.60000   42   66          -   15.39692      -  29.5 2160s
 55872628 18549264   15.80000   39   55          -   15.40000      -  29.5 2165s
 55899497 18554289   16.00000   46    8          -   15.40000      -  29.5 2170s
 55933789 18560706   16.97980   45   65          -   15.40000      -  29.5 2175s
 55974504 18568711   15.83333   40   67          -   15.40000      -  29.5 2180s
 56014714 18576992   17.04348   44   43          -   15.40000      -  29.5 2185s
 56049107 18583635   16.00000   52   12          -   15.40000      -  29.5 2191s
 56081794 18591235   16.00000   45   14          -   15.40000      -  29.5 2195s
 56109888 18596972   16.70000   49   69          -   15.40000      -  29.5 2201s
 56143754 18603977   16.57895   39   50          -   15.40000      -  29.5 2205s
 56184971 18612820   18.65217   39   98          -   15.40000      -  29.5 2211s
 56211378 18619071   16.00000   50    7          -   15.40000      -  29.5 2215s
 56260564 18629766   16.46154   56   58          -   15.40000      -  29.5 2220s
 56301266 18638794   16.00000   47    8          -   15.40000      -  29.5 2225s
 56341519 18647943   17.50000   44   66          -   15.40000      -  29.5 2230s
 56375321 18655955   16.67490   38  112          -   15.40000      -  29.5 2235s
 56410769 18664120   16.13333   44   84          -   15.40000      -  29.5 2240s
 56444839 18672473   16.00000   47   10          -   15.40000      -  29.5 2245s
 56479130 18680466   16.00000   45   17          -   15.40000      -  29.5 2250s
 56511879 18688056   16.00000   42   49          -   15.40127      -  29.5 2255s
 56543828 18695893   16.45098   37   69          -   15.40625      -  29.5 2261s
 56584707 18705727   15.54762   40   82          -   15.40909      -  29.5 2265s
 56618537 18713391   15.84416   41   82          -   15.41176      -  29.5 2270s
 56650578 18721263   15.98150   42  150          -   15.41436      -  29.5 2275s
 56679153 18727336   17.00000   40   14          -   15.41667      -  29.5 2280s
 56720671 18736213   16.00000   41    8          -   15.41667      -  29.5 2285s
 56759206 18745673   16.69231   45   78          -   15.41768      -  29.5 2290s
 56792719 18753382   17.00000   50    7          -   15.42105      -  29.5 2295s
 56824872 18760759   15.77049   35   89          -   15.42308      -  29.5 2300s
 56857507 18767880   17.56604   33   76          -   15.42697      -  29.5 2305s
 56892192 18774087   15.50000   60   22          -   15.42857      -  29.5 2310s
 56933451 18782392   16.00000   40   20          -   15.42857      -  29.5 2315s
 56973916 18790422   16.50000   51   22          -   15.42857      -  29.5 2320s
 57008186 18797766   16.26974   48   64          -   15.42857      -  29.5 2325s
 57068875 18810939   16.33333   49   40          -   15.42857      -  29.5 2330s
 57116059 18821792   17.31250   41   71          -   15.42857      -  29.5 2336s
 57148938 18829849   17.05882   41   54          -   15.42857      -  29.5 2340s
 57195658 18840960   16.60000   53   58          -   15.43333      -  29.5 2346s
 57221852 18847004   16.00000   41   10          -   15.43547      -  29.5 2350s
 57255009 18853914     cutoff   53               -   15.43750      -  29.5 2355s
 57293112 18863040   17.29565   38  101          -   15.44000      -  29.5 2360s
 57319220 18869026   17.00000   44   52          -   15.44262      -  29.5 2365s
 57360265 18876788   17.52174   44   75          -   15.44444      -  29.5 2371s
 57387974 18882508   16.00000   40   12          -   15.44444      -  29.5 2375s
 57435652 18892950   18.00000   49   31          -   15.44444      -  29.5 2381s
 57477110 18902170   18.05000   40   63          -   15.44444      -  29.5 2385s
 57508414 18910276   15.49275   41   81          -   15.44656      -  29.5 2390s
 57536255 18916540   16.66667   49   35          -   15.45000      -  29.5 2395s
 57583102 18926893   18.81355   38  126          -   15.45304      -  29.5 2400s
 57616964 18933526   17.00000   52    9          -   15.45455      -  29.5 2405s
 57658478 18942778   15.50000   46   30          -   15.45455      -  29.5 2410s
 57683438 18949058   17.38390   44   99          -   15.45537      -  29.5 2415s
 57717526 18956421   16.00000   51    6          -   15.45833      -  29.5 2421s
 57751808 18963607   16.80000   40   53          -   15.46154      -  29.5 2425s
 57792706 18972748   16.50000   33   20          -   15.46154      -  29.5 2430s
 57831228 18981648   16.16667   39   51          -   15.46517      -  29.5 2436s
 57852732 18986131   16.16667   56   44          -   15.46667      -  29.5 2440s
 57891405 18995432   16.66667   42   40          -   15.46774      -  29.5 2445s
 57931798 19004581   16.00000   52   22          -   15.47059      -  29.5 2450s
 57950668 19009034   16.20000   52   47          -   15.47183      -  29.5 2455s
 57979609 19015334   16.84127   44   79          -   15.47368      -  29.5 2460s
 58014422 19022589   16.59185   43  116          -   15.47619      -  29.5 2465s
 58051532 19030793   16.44156   45   94          -   15.47887      -  29.5 2470s
 58083220 19037858   15.50000   47   26          -   15.48148      -  29.5 2475s
 58115283 19044935   15.90792   59  102          -   15.48437      -  29.5 2480s
 58147687 19052187   17.00000   35   31          -   15.48780      -  29.5 2485s
 58179566 19059505   18.05882   44   66          -   15.49194      -  29.5 2490s
 58212320 19066570   15.75000   44   46          -   15.50000      -  29.5 2495s
 58238658 19070965   16.00000   39   32          -   15.50000      -  29.5 2500s
 58279252 19077106   15.80000   57   27          -   15.50000      -  29.5 2505s
 58325553 19084030     cutoff   40               -   15.50000      -  29.5 2510s
 58365525 19089874   17.00000   51   20          -   15.50000      -  29.5 2515s
 58400377 19095164   18.00000   41    8          -   15.50000      -  29.5 2520s
 58425980 19099165   17.00000   42   10          -   15.50000      -  29.5 2525s
 58458622 19104663   18.44444   41   60          -   15.50000      -  29.5 2530s
 58491307 19109972   17.16667   55   33          -   15.50000      -  29.5 2535s
 58525171 19115109   17.15385   41   58          -   15.50000      -  29.5 2540s
 58565634 19121689   16.50000   41   22          -   15.50000      -  29.6 2545s
 58605758 19128187   16.50000   37   13          -   15.50000      -  29.6 2550s
 58638969 19133595 infeasible   48               -   15.50000      -  29.6 2555s
 58679337 19140286   17.50000   47   39          -   15.50000      -  29.6 2560s
 58711771 19145793   18.00000   42   12          -   15.50000      -  29.6 2565s
 58738690 19149988   17.00000   56   45          -   15.50000      -  29.6 2570s
 58785433 19157134   18.00000   40   34          -   15.50000      -  29.6 2576s
 58819180 19162058   16.00000   34    6          -   15.50000      -  29.6 2580s
 58852920 19167871   16.00000   42    7          -   15.50000      -  29.6 2585s
 58893285 19174480   16.66667   40   32          -   15.50000      -  29.6 2590s
 58921000 19179362   16.33333   56   39          -   15.50000      -  29.6 2595s
 58953508 19184838   17.25000   59   28          -   15.50000      -  29.6 2600s
 58987476 19190518   17.50000   56   19          -   15.50000      -  29.6 2605s
 59027779 19197082   15.75000   32   24          -   15.50000      -  29.6 2610s
 59068247 19204327   16.33333   49   35          -   15.50000      -  29.6 2615s
 59108589 19211446   17.64286   55   52          -   15.50000      -  29.6 2620s
 59141743 19217096   16.00000   39    6          -   15.50000      -  29.6 2625s
 59175298 19223052   17.06383   51   71          -   15.50000      -  29.6 2630s
 59208764 19228555   16.33333   54   41          -   15.50000      -  29.6 2635s
 59256936 19236591   16.75000   54   32          -   15.50000      -  29.6 2640s
 59303856 19244659   17.20000   42   36          -   15.50000      -  29.6 2645s
 59337507 19250446   16.00000   48   11          -   15.50000      -  29.6 2650s
 59378357 19257702   16.00000   45   18          -   15.50000      -  29.6 2655s
 59419307 19265105   15.95122   46   62          -   15.50000      -  29.6 2661s
 59459988 19272035   17.00000   46   21          -   15.50000      -  29.6 2665s
 59494132 19277448   15.50000   48   19          -   15.50000      -  29.6 2670s
 59520980 19282439   17.40000   57   44          -   15.50000      -  29.6 2675s
 59562203 19289347   16.35467   45  105          -   15.50000      -  29.6 2681s
 59589605 19294180   16.90909   57   34          -   15.50000      -  29.6 2685s
 59623754 19299987   18.00000   53   35          -   15.50000      -  29.6 2690s
 59670613 19308467   16.57143   46   43          -   15.50000      -  29.6 2696s
 59704071 19314427   15.69231   46   41          -   15.50000      -  29.6 2700s
 59738994 19320434   18.00000   43   10          -   15.50000      -  29.6 2706s
 59772585 19326751   17.33333   42   28          -   15.50000      -  29.6 2710s
 59819066 19335256   16.60000   38   44          -   15.50000      -  29.6 2715s
 59852864 19341247   16.62500   58   48          -   15.50000      -  29.6 2720s
 59901458 19350438   15.51852   42   43          -   15.50000      -  29.5 2726s
 59935503 19356735   17.00000   42    8          -   15.50000      -  29.5 2730s
 59983142 19365398   15.68421   41   90          -   15.50000      -  29.5 2735s
 60029819 19373872   17.00000   50   10          -   15.50000      -  29.5 2740s
 60056960 19378860   16.60000   43   25          -   15.50000      -  29.5 2745s
 60111172 19388871   16.00000   41   10          -   15.50000      -  29.5 2750s
 60158840 19398046   16.00000   47   12          -   15.50000      -  29.5 2755s
 60200208 19405802   16.00000   34   22          -   15.50000      -  29.5 2760s
 60241553 19413920   16.00000   43   10          -   15.50000      -  29.5 2765s
 60276526 19420353   15.65979   48   56          -   15.50000      -  29.5 2770s
 60311320 19427109   16.00000   35    5          -   15.50000      -  29.5 2775s
 60345536 19433562   17.00000   42    7          -   15.50000      -  29.5 2780s
 60384970 19441304   16.00000   41    7          -   15.50000      -  29.5 2786s
 60418900 19447065   18.00000   31    6          -   15.50000      -  29.5 2790s
 60451455 19453218   16.00000   50   10          -   15.50000      -  29.5 2796s
 60492980 19460701   16.66667   61   25          -   15.50000      -  29.5 2800s
 60534895 19468555   17.00000   56    6          -   15.50000      -  29.5 2805s
 60576012 19476059   16.40000   36   36          -   15.50000      -  29.5 2810s
 60616353 19484002   16.55851   50   94          -   15.50000      -  29.5 2815s
 60657880 19491631   16.00000   46    4          -   15.50000      -  29.5 2820s
 60684982 19496904   16.71429   56   34          -   15.50000      -  29.5 2825s
 60725795 19504703   17.00000   43   30          -   15.50000      -  29.5 2830s
 60760607 19511376   16.00000   42   13          -   15.50000      -  29.5 2835s
 60808795 19520419   16.00000   36    7          -   15.50000      -  29.5 2840s
 60850481 19528617   18.00000   44   18          -   15.50000      -  29.5 2845s
 60885772 19534906   18.00000   44   18          -   15.50000      -  29.5 2851s
 60912332 19540090   16.40000   44   56          -   15.50000      -  29.5 2855s
 60959195 19549410   15.85366   41   79          -   15.50000      -  29.5 2860s
 61004354 19557705   17.00000   43   15          -   15.50000      -  29.5 2865s
 61042226 19565457   16.00000   49    9          -   15.50000      -  29.5 2870s
 61075684 19572620   17.00000   43   34          -   15.50000      -  29.5 2875s
 61110561 19578884   17.33333   46   35          -   15.50000      -  29.5 2880s
 61151329 19587006   16.00000   48    6          -   15.50000      -  29.5 2885s
 61192805 19595029   16.00000   40    7          -   15.50000      -  29.5 2890s
 61221275 19600889 infeasible   50               -   15.50000      -  29.5 2895s
 61256079 19607873     cutoff   56               -   15.50000      -  29.5 2900s
 61297275 19615983   17.50000   42   20          -   15.50000      -  29.5 2905s
 61337686 19623329   16.50000   55   20          -   15.50000      -  29.5 2910s
 61368554 19628369   17.51613   41  104          -   15.50000      -  29.5 2915s
 61399554 19635596   15.75000   39   24          -   15.50000      -  29.5 2920s
 61440098 19643600     cutoff   39               -   15.50000      -  29.5 2926s
 61474527 19650673   16.00000   42    9          -   15.50000      -  29.5 2930s
 61515917 19658798   15.50000   53   17          -   15.50000      -  29.5 2935s
 61548534 19665107   17.00000   48   41          -   15.50000      -  29.5 2940s
 61582214 19672155   16.00000   48    4          -   15.50000      -  29.5 2945s
 61628730 19681551   15.50000   46   16          -   15.50000      -  29.5 2950s
 61669818 19689200 infeasible   44               -   15.50000      -  29.5 2955s
 61723310 19699816   15.75000   48   30          -   15.50000      -  29.5 2960s
 61765429 19707728   16.00000   42   21          -   15.50000      -  29.5 2965s
 61799064 19714597 infeasible   42               -   15.50000      -  29.5 2970s
 61848384 19723865   16.00000   51   13          -   15.50000      -  29.5 2975s
 61888824 19731811   16.33333   44   22          -   15.50000      -  29.5 2980s
 61916839 19737215   16.00000   45   14          -   15.50000      -  29.5 2985s
 61949548 19744167   17.50000   54   31          -   15.50000      -  29.5 2990s
 61984720 19751112   16.00000   42   10          -   15.50000      -  29.5 2995s
 62019258 19757553   16.00000   40    8          -   15.50000      -  29.5 3000s
 62054806 19764791   17.00000   45    7          -   15.50000      -  29.5 3005s
 62082169 19769960   16.00000   46   17          -   15.50000      -  29.5 3010s
 62116267 19776733   16.33333   56   37          -   15.50000      -  29.5 3015s
 62150888 19783310   16.00000   44   10          -   15.50000      -  29.5 3020s
 62199435 19793046   16.00000   39   10          -   15.50000      -  29.5 3025s
 62247265 19802663   16.00000   49    8          -   15.50000      -  29.5 3030s
 62287206 19810403   15.75000   46   65          -   15.50000      -  29.5 3035s
 62321969 19817677   16.00000   45   21          -   15.50000      -  29.5 3040s
 62363792 19826359   17.00000   48    8          -   15.50000      -  29.5 3045s
 62404386 19834828   16.00000   41    8          -   15.50000      -  29.5 3050s
 62439919 19841819   16.98058   38  110          -   15.50000      -  29.5 3055s
 62481192 19850031   16.00000   41   19          -   15.50000      -  29.5 3060s
 62522172 19858334   17.00000   49   13          -   15.50000      -  29.5 3065s
 62557599 19865653   15.50000   48   22          -   15.50000      -  29.5 3070s
 62605504 19875675   18.00000   50   20          -   15.50000      -  29.5 3075s
 62647054 19884398   16.00000   41   10          -   15.50000      -  29.5 3080s
 62694712 19894284   15.58333   36   64          -   15.50000      -  29.5 3085s
 62722821 19900127   17.00000   36   10          -   15.50000      -  29.5 3090s
 62771534 19910130   16.39881   40   70          -   15.50000      -  29.5 3095s
 62817870 19919877   17.00000   53    7          -   15.50000      -  29.5 3101s
 62851331 19926808   15.84615   47   62          -   15.50000      -  29.5 3105s
 62887156 19934064   16.75000   43   67          -   15.50000      -  29.5 3110s
 62921678 19941371   15.50000   40   19          -   15.50000      -  29.5 3115s
 62948817 19947477   19.00000   46    9          -   15.50000      -  29.5 3120s
 62990385 19956706   16.00000   60   13          -   15.50000      -  29.5 3125s
 63023725 19963850   17.00000   58    7          -   15.50000      -  29.5 3130s
 63064931 19972467   16.00000   60   30          -   15.50000      -  29.5 3135s
 63098875 19979526   16.00000   42   30          -   15.50000      -  29.5 3140s
 63133171 19986660   18.00000   52   44          -   15.50000      -  29.5 3145s
 63167081 19993871   17.52703   36   80          -   15.50000      -  29.5 3150s
 63202472 20001493   16.50000   48   47          -   15.50000      -  29.5 3155s
 63236166 20008853   16.40000   41   41          -   15.50000      -  29.5 3160s
 63278759 20017958   16.00000   39    8          -   15.50000      -  29.5 3166s
 63311479 20025324   17.00000   45   27          -   15.50000      -  29.5 3170s
 63345374 20032586   15.97561   57   81          -   15.50000      -  29.5 3175s
 63387064 20041423   16.00000   42    8          -   15.50000      -  29.5 3180s
 63434890 20051177   15.75000   41   38          -   15.50000      -  29.5 3185s
 63468106 20059072   16.50000   46   37          -   15.50000      -  29.5 3190s
 63501962 20066545   16.00000   36   18          -   15.50000      -  29.5 3196s
 63542560 20075138   16.12500   58   59          -   15.50000      -  29.5 3200s
 63576987 20082707   16.00000   41   15          -   15.50000      -  29.5 3205s
 63603454 20088693   17.00000   44   11          -   15.50000      -  29.5 3210s
 63651229 20099356   16.50000   50   47          -   15.50000      -  29.5 3215s
 63698953 20110037   15.50000   54   47          -   15.50000      -  29.5 3220s
 63724944 20116311 infeasible   38               -   15.50000      -  29.5 3225s
 63779955 20128601   17.00000   60    9          -   15.50000      -  29.5 3230s
 63813192 20136118   17.33333   43   29          -   15.50000      -  29.5 3235s
 63845099 20143676   17.60000   38   38          -   15.50000      -  29.5 3240s
 63891865 20153768   15.50000   43   30          -   15.50000      -  29.5 3245s
 63925686 20160960   15.83333   40   54          -   15.50000      -  29.5 3250s
 63966727 20170064   16.00000   52   11          -   15.50000      -  29.5 3255s
 64017994 20182007   15.51724   35   74          -   15.50162      -  29.5 3260s
 64054853 20190999   16.04548   30  101          -   15.50909      -  29.5 3266s
 64094184 20199865   15.66667   51   22          -   15.51389      -  29.5 3270s
 64140738 20209781   19.00000   45    9          -   15.51852      -  29.5 3275s
 64173890 20216923   16.32895   39  104          -   15.52174      -  29.5 3280s
 64220420 20227219   17.00000   42    9          -   15.52475      -  29.5 3285s
 64266236 20236838   15.65094   37   77          -   15.52885      -  29.5 3291s
 64305166 20244826   16.00000   38    8          -   15.53043      -  29.5 3295s
 64352988 20254651   16.29412   53   63          -   15.53333      -  29.5 3300s
 64408078 20266257   16.50000   41   21          -   15.53846      -  29.5 3305s
 64465635 20278759   16.00000   37   10          -   15.53846      -  29.5 3310s
 64515045 20290005   17.00000   44   15          -   15.54400      -  29.5 3315s
 64575986 20301553   18.00000   51   31          -   15.54545      -  29.5 3320s
 64627175 20313132   16.00000   50   57          -   15.54762      -  29.5 3325s
 64678768 20324383   18.00000   39    8          -   15.55172      -  29.5 3330s
 64733884 20335145   16.12500   41   79          -   15.55556      -  29.5 3335s
 64787664 20345826   15.60000   36   75          -   15.55556      -  29.5 3340s
 64849087 20358458   15.73469   41   75          -   15.55556      -  29.5 3345s
 64898850 20369713   16.56818   34  105          -   15.55830      -  29.5 3350s
 64960434 20382665   16.00000   46   18          -   15.56250      -  29.5 3355s
 65011677 20394294   16.33333   57   48          -   15.56667      -  29.5 3360s
 65066382 20404707   16.00000   40    5          -   15.57143      -  29.5 3365s
 65120903 20414171   16.00000   46   16          -   15.57143      -  29.5 3370s
 65180632 20425443   16.00000   39    8          -   15.57143      -  29.5 3375s
 65241559 20437938   16.36842   58   51          -   15.57143      -  29.5 3380s
 65302350 20451356   16.66667   43   70          -   15.57143      -  29.5 3385s
 65365942 20465641   16.73636   37   64          -   15.57280      -  29.5 3390s
 65430384 20479708   16.28571   36   43          -   15.57895      -  29.5 3395s
 65498662 20492934   16.50000   55   26          -   15.58333      -  29.5 3400s
 65570556 20507896   17.00000   42    9          -   15.58333      -  29.5 3405s
 65643410 20523393   16.30556   44   96          -   15.58974      -  29.5 3410s
 65715664 20538951   17.50000   50   25          -   15.59574      -  29.5 3415s
 65797536 20552251   16.37500   41   47          -   15.60000      -  29.5 3420s
 65884984 20566780   16.20000   49   53          -   15.60000      -  29.5 3425s
 65965272 20581021   16.09091   50   60          -   15.60000      -  29.5 3430s
 66059218 20597947   16.00000   48   34          -   15.60000      -  29.5 3435s
 66141760 20613882   18.00000   48    9          -   15.60000      -  29.5 3440s
 66229191 20631100   18.57143   51   51          -   15.60000      -  29.5 3445s
 66318055 20649180   16.75000   38   69          -   15.60000      -  29.5 3450s
 66372556 20660339   15.91667   40   64          -   15.60000      -  29.5 3456s
 66399392 20666039   16.00000   49   52          -   15.60000      -  29.5 3461s
 66426198 20671458   16.00000   33   36          -   15.60000      -  29.5 3465s
 66466088 20680171   16.00000   53   20          -   15.60000      -  29.5 3470s
 66491963 20686144   16.45455   40   68          -   15.60000      -  29.5 3475s
 66523154 20692790   16.41568   50   94          -   15.60318      -  29.5 3480s
 66562312 20700635   16.29167   48   50          -   15.60714      -  29.5 3485s
 66594330 20707163   17.46809   63   71          -   15.61039      -  29.5 3490s
 66629107 20714359   16.50000   56   30          -   15.61111      -  29.5 3495s
 66654220 20719547   17.80000   43   61          -   15.61404      -  29.5 3500s
 66689441 20726262   18.00000   45   67          -   15.61538      -  29.5 3505s
 66722977 20733341   18.00000   43   13          -   15.61538      -  29.5 3510s
 66761655 20741857   16.00000   38    7          -   15.61905      -  29.5 3515s
 66795212 20748656   16.00000   48    6          -   15.62162      -  29.5 3520s
 66829030 20754613   18.66667   61   47          -   15.62500      -  29.5 3525s
 66863788 20760507 infeasible   50               -   15.62500      -  29.5 3530s
 66905283 20768530   16.85000   55   35          -   15.62500      -  29.5 3535s
 66945953 20776544   16.00000   42   10          -   15.62500      -  29.5 3540s
 66987091 20785340   16.68696   45   92          -   15.62500      -  29.5 3545s
 67028137 20793933   15.77778   39   55          -   15.62500      -  29.5 3550s
 67061130 20801375   16.38095   35   39          -   15.62500      -  29.5 3555s
 67085328 20807041   17.57692   54   88          -   15.62667      -  29.5 3560s
 67120066 20814250   16.13636   40   59          -   15.63004      -  29.5 3565s
 67153135 20820903   16.80000   41   33          -   15.63158      -  29.5 3570s
 67191212 20828983 infeasible   42               -   15.63636      -  29.5 3576s
 67220681 20833843     cutoff   52               -   15.63636      -  29.5 3580s
 67267603 20843265   18.00000   47    4          -   15.63636      -  29.5 3585s
 67292853 20848982   16.00000   35   10          -   15.63636      -  29.5 3590s
 67324912 20856047   16.50000   36   28          -   15.64000      -  29.5 3595s
 67357831 20862684   18.02817   55   90          -   15.64286      -  29.5 3600s
 67398887 20870762   15.91667   38   75          -   15.64286      -  29.5 3605s
 67430212 20877867   16.64557   43   82          -   15.64516      -  29.5 3610s
 67465006 20884534   16.00000   38   33          -   15.64706      -  29.5 3615s
 67503424 20892170   17.66667   35   36          -   15.65000      -  29.5 3620s
 67536999 20899497   16.52941   49   41          -   15.65169      -  29.5 3625s
 67571859 20906338   16.00000   48   40          -   15.65385      -  29.5 3630s
 67610870 20914556   18.23077   55   88          -   15.65728      -  29.5 3635s
 67644259 20920914   16.00000   54    8          -   15.66094      -  29.5 3640s
 67682959 20927673   16.50000   35   18          -   15.66667      -  29.5 3645s
 67723410 20932736   16.63333   46   65          -   15.66667      -  29.5 3650s
 67757142 20937406   16.00000   49    8          -   15.66667      -  29.5 3655s
 67797958 20943080     cutoff   43               -   15.66667      -  29.5 3660s
 67839059 20948966   17.00000   53   10          -   15.66667      -  29.5 3665s
 67886830 20955211   15.80000   62   29          -   15.66667      -  29.5 3671s
 67927358 20961113   17.00000   48   13          -   15.66667      -  29.5 3675s
 67975033 20968389   16.15385   55   47          -   15.66667      -  29.5 3680s
 68029720 20976767   17.00000   47   30          -   15.66667      -  29.5 3685s
 68070183 20983199 infeasible   59               -   15.66667      -  29.5 3690s
 68111327 20989007   16.50000   35   38          -   15.66667      -  29.5 3695s
 68166313 20997497   17.00000   35   36          -   15.66667      -  29.5 3700s
 68214279 21005035   16.00000   63   27          -   15.66667      -  29.5 3705s
 68262080 21012798   17.80000   42   71          -   15.66667      -  29.5 3710s
 68310325 21020822   17.50000   40   42          -   15.66667      -  29.5 3715s
 68366088 21029739   17.00000   37   27          -   15.66667      -  29.5 3720s
 68426755 21040111   17.22222   54   37          -   15.66667      -  29.5 3725s
 68481244 21049061 infeasible   44               -   15.66667      -  29.5 3730s
 68536296 21057919   16.00000   46    8          -   15.66667      -  29.5 3735s
 68590905 21067036   17.00000   55   33          -   15.66667      -  29.5 3740s
 68645931 21076534   16.00000   48   12          -   15.66667      -  29.5 3745s
 68693423 21084762   16.00000   47    8          -   15.66667      -  29.5 3750s
 68748657 21094231   17.50000   42   47          -   15.66667      -  29.5 3755s
 68804431 21103190   16.00000   54   10          -   15.66667      -  29.5 3760s
 68858414 21112305   16.66667   45   35          -   15.66667      -  29.5 3765s
 68905940 21120272   17.25000   59   31          -   15.66667      -  29.5 3770s
 68954482 21128370   17.00000   45    9          -   15.66667      -  29.5 3775s
 69009171 21138326   16.92308   54   55          -   15.66667      -  29.5 3780s
 69057362 21146901   16.66667   38   32          -   15.66667      -  29.5 3785s
 69119940 21158216   16.00000   49   20          -   15.66667      -  29.5 3790s
 69168763 21167133   16.00000   38   24          -   15.66667      -  29.5 3795s
 69229025 21177581   17.00000   54   18          -   15.66667      -  29.5 3800s
 69289896 21187535   16.00000   37   63          -   15.66667      -  29.5 3805s
 69344017 21197438   16.50000   36   34          -   15.66667      -  29.5 3810s
 69392143 21206022   16.00000   43    6          -   15.66667      -  29.5 3815s
 69452205 21216760   16.40000   32   38          -   15.66667      -  29.5 3820s
 69506542 21227011   17.00000   37    9          -   15.66667      -  29.5 3825s
 69573965 21240084   16.00000   37   15          -   15.66667      -  29.5 3830s
 69628080 21249976   17.40000   51   51          -   15.66667      -  29.5 3835s
 69689024 21261314   16.00000   38   26          -   15.66667      -  29.5 3840s
 69742565 21271613   15.72727   50   47          -   15.66667      -  29.5 3845s
 69803825 21283991   16.27778   41   53          -   15.66667      -  29.5 3850s
 69857959 21294099   17.50000   51   41          -   15.66667      -  29.5 3855s
 69918946 21305821   15.83333   51   50          -   15.66667      -  29.5 3860s
 69965964 21315197   15.66667   39   24          -   15.66667      -  29.5 3865s
 70005273 21323249   16.77778   50   57          -   15.66667      -  29.5 3870s
 70061058 21333370   17.50000   37   44          -   15.66667      -  29.5 3875s
 70108039 21342868   16.27778   42   43          -   15.66667      -  29.5 3880s
 70161867 21353453   16.33333   47   48          -   15.66667      -  29.5 3885s
 70208616 21363194   15.77778   44   39          -   15.66667      -  29.5 3890s
 70270472 21376077   16.00000   35   10          -   15.66667      -  29.5 3895s
 70316222 21386050   16.36364   33   54          -   15.66667      -  29.5 3901s
 70355925 21394075   16.40000   34   69          -   15.66667      -  29.5 3905s
 70395859 21400794   16.13043   50   70          -   15.66667      -  29.5 3910s
 70396055 21400981   16.00000   45   10          -   15.66667      -  29.5 3915s
 70396315 21401234   16.50000   50   27          -   15.66667      -  29.5 3920s
 70396574 21401486   17.17647   48   52          -   15.66667      -  29.5 3926s
 70396772 21401671   17.00000   38   10          -   15.66667      -  29.5 3930s
 70396974 21401854   16.16667   42   60          -   15.66667      -  29.5 3935s
 70397242 21402098   17.00000   49   52          -   15.66667      -  29.5 3941s
 70397374 21402221   17.71429   47   63          -   15.66667      -  29.5 3946s
 70397505 21402346   16.00000   58   12          -   15.66667      -  29.5 3950s
 70397706 21402523   16.06383   45   87          -   15.66834      -  29.5 3956s
 70397778 21402585   17.00000   47    5          -   15.66871      -  29.5 3960s
 70397913 21402705   16.50000   48   32          -   15.66923      -  29.5 3965s
 70398115 21402887   16.25000   28   62          -   15.67000      -  29.5 3973s
 70398182 21402948   16.16667   48  102          -   15.67018      -  29.5 3977s
 70398318 21403067   16.18519   58   54          -   15.67049      -  29.5 3981s
 70398459 21403182   17.19048   58   55          -   15.67089      -  29.5 3986s
 70398593 21403304   17.33333   42   24          -   15.67123      -  29.5 3991s
 70399113 21403592   16.39109   44   86          -   15.67153      -  29.5 3999s
 70399605 21403740   16.75000   46   45          -   15.67164      -  29.5 4003s
 70400249 21404146   16.40000   41   44          -   15.67187      -  29.5 4006s
 70402432 21404926   16.43077   40  108          -   15.67208      -  29.5 4011s
 70406631 21406316   15.92188   52   98          -   15.67213      -  29.5 4016s
 70414945 21409185   15.83336   42  132          -   15.67262      -  29.5 4026s
 70429496 21411751 infeasible   39               -   15.67284      -  29.5 4032s
 70444257 21413831   17.48571   44   69          -   15.67308      -  29.5 4038s
 70456330 21414249   16.50000   37   46          -   15.67361      -  29.5 4040s
 70470250 21418219   17.00000   33   36          -   15.67500      -  29.5 4051s
 70480125 21420429   16.00000   41    9          -   15.67606      -  29.5 4056s
 70504490 21422999   15.82601   45  107          -   15.67742      -  29.5 4061s
 70507548 21425093   17.00000   41   47          -   15.68000      -  29.5 4066s
 70519702 21426916   17.00000   51   63          -   15.68182      -  29.5 4070s
 70542431 21430839   16.33333   37   36          -   15.68277      -  29.5 4078s
 70555896 21433120   16.00000   41   26          -   15.68421      -  29.5 4083s
 70562775 21434952   16.48980   35   74          -   15.68468      -  29.5 4085s
 70599549 21440103   16.00000   52   22          -   15.68750      -  29.5 4090s
 70646947 21449566   16.00000   48   44          -   15.69021      -  29.5 4095s
 70695505 21457809   17.00000   42   13          -   15.69231      -  29.5 4100s
 70745368 21467720     cutoff   41               -   15.69565      -  29.5 4105s
 70784674 21474838   15.80000   56   45          -   15.69892      -  29.5 4110s
 70841271 21483276   16.00000   50   17          -   15.70000      -  29.5 4115s
 70889168 21491341   16.32143   46   67          -   15.70000      -  29.5 4120s
 70947868 21502967   17.17857   47   72          -   15.70114      -  29.5 4125s
 70994009 21511266 infeasible   44               -   15.70588      -  29.5 4130s
 71047823 21521772   16.28571   52   51          -   15.70833      -  29.5 4135s
 71099988 21530504   17.00000   51    9          -   15.71429      -  29.5 4140s
 71148315 21537484   17.00000   39   27          -   15.71429      -  29.5 4145s
 71202870 21545398   16.00000   37    7          -   15.71429      -  29.5 4150s
 71256743 21554039   16.75000   37   41          -   15.71429      -  29.5 4155s
 71297907 21561309   16.00000   47   22          -   15.71429      -  29.5 4160s
 71351988 21571421 infeasible   38               -   15.71429      -  29.5 4165s
 71405087 21581586   16.00000   40   41          -   15.71429      -  29.5 4170s
 71456171 21592308 infeasible   51               -   15.71739      -  29.5 4175s
 71511608 21603138   16.00000   37    8          -   15.72222      -  29.5 4180s
 71559042 21611938   17.00000   55    9          -   15.72414      -  29.5 4185s
 71614008 21621438   15.81818   54   50          -   15.72727      -  29.5 4190s
 71674163 21633332   16.00000   56   10          -   15.72727      -  29.5 4195s
 71719270 21642362   16.13443   45  105          -   15.73016      -  29.5 4200s
 71773933 21652084   15.77500   49   55          -   15.73333      -  29.5 4205s
 71812949 21660138   16.00000   44   63          -   15.73437      -  29.5 4210s
 71866860 21670330   16.07143   43   83          -   15.73795      -  29.5 4215s
 71921365 21680867   16.46154   49   65          -   15.74194      -  29.5 4220s
 71959918 21688745   15.89309   36  114          -   15.74576      -  29.5 4225s
 72000888 21694277   16.00000   46    9          -   15.75000      -  29.5 4230s
 72055509 21700835   16.25000   49   48          -   15.75000      -  29.5 4235s
 72110297 21708079   16.00000   42   67          -   15.75000      -  29.5 4240s
 72157870 21714272   17.69231   44   51          -   15.75000      -  29.5 4245s
 72205393 21721400 infeasible   58               -   15.75000      -  29.5 4250s
 72258251 21729673   16.00000   48   10          -   15.75000      -  29.5 4255s
 72307606 21736709   16.16667   43   43          -   15.75000      -  29.5 4260s
 72354917 21743896 infeasible   53               -   15.75000      -  29.5 4265s
 72395828 21750212   15.75000   39   33          -   15.75000      -  29.5 4270s
 72450874 21759352   17.00000   53   26          -   15.75000      -  29.5 4275s
 72485339 21765181   17.25000   42   46          -   15.75000      -  29.5 4280s
 72525743 21771605   16.00000   40   11          -   15.75000      -  29.5 4285s
 72567685 21778268   17.00000   47   19          -   15.75000      -  29.5 4290s
 72615478 21786068   16.83175   41  105          -   15.75000      -  29.5 4295s
 72664151 21793976   16.13699   37   87          -   15.75000      -  29.5 4300s
 72712323 21802191   17.50000   54   26          -   15.75000      -  29.5 4305s
 72760680 21810561   18.75000   43   62          -   15.75000      -  29.5 4310s
 72815129 21820066   17.00000   53   41          -   15.75000      -  29.5 4315s
 72857284 21827339   16.00000   51   25          -   15.75000      -  29.5 4320s
 72913497 21837323   17.50000   50   16          -   15.75000      -  29.5 4325s
 72961211 21846165   15.90000   44   47          -   15.75000      -  29.5 4330s
 73016461 21855618   16.00000   55   33          -   15.75000      -  29.5 4335s
 73063935 21864316   16.44444   52   64          -   15.75000      -  29.5 4340s
 73119104 21875219   17.56410   48   62          -   15.75000      -  29.5 4345s
 73173779 21884872   15.80000   50   69          -   15.75000      -  29.5 4350s
 73227928 21895323   16.50000   45   20          -   15.75000      -  29.5 4355s
 73283088 21905730   16.00000   38    7          -   15.75000      -  29.5 4360s
 73329809 21915108   16.42857   41   54          -   15.75000      -  29.5 4365s
 73377857 21924686   17.12500   43   50          -   15.75000      -  29.5 4370s
 73439408 21936578   16.00000   39   17          -   15.75000      -  29.5 4375s
 73479602 21944986   17.50000   36   30          -   15.75000      -  29.5 4380s
 73527168 21954677   17.00000   47   64          -   15.75000      -  29.5 4385s
 73572941 21963057   15.87179   42   61          -   15.75342      -  29.5 4390s
 73618751 21972078   16.00000   40   16          -   15.75862      -  29.5 4395s
 73672508 21982534   16.45455   39   84          -   15.76190      -  29.5 4400s
 73718243 21991477   16.71429   46   53          -   15.76471      -  29.5 4405s
 73768996 22000927   16.00000   51   14          -   15.76923      -  29.5 4410s
 73819027 22009324   17.00000   46   17          -   15.76923      -  29.5 4415s
 73865893 22018448   16.25000   37   53          -   15.77212      -  29.5 4420s
 73912912 22027711   16.00000   49   25          -   15.77519      -  29.5 4425s
 73959376 22035019   16.66667   49   33          -   15.77778      -  29.5 4430s
 74008826 22043032   17.66667   52   35          -   15.77778      -  29.5 4435s
 74063059 22052706     cutoff   51               -   15.77778      -  29.5 4440s
 74111116 22062447   17.26777   42   79          -   15.77778      -  29.5 4445s
 74163006 22073035   16.51892   41  100          -   15.78000      -  29.5 4450s
 74211658 22082165   15.91429   38   69          -   15.78378      -  29.5 4455s
 74253780 22089429   18.40000   36   59          -   15.78571      -  29.5 4460s
 74300082 22098093   17.69565   38   79          -   15.78652      -  29.5 4465s
 74353563 22107825   16.04253   49  123          -   15.78947      -  29.5 4470s
 74399640 22116841   16.17391   32   75          -   15.79310      -  29.5 4475s
 74445722 22125592   17.04000   41   78          -   15.79832      -  29.5 4480s
 74494526 22131323   16.86364   45   77          -   15.80000      -  29.5 4485s
 74542310 22137485   16.00000   40   25          -   15.80000      -  29.5 4490s
 74588933 22144374   17.00000   35   24          -   15.80000      -  29.5 4495s
 74637328 22151640   18.00000   43   65          -   15.80000      -  29.5 4500s
 74692814 22159761   17.08824   46   77          -   15.80000      -  29.5 4505s
 74748226 22169520   17.00000   52    9          -   15.80000      -  29.5 4510s
 74803965 22178368   15.93750   47   52          -   15.80000      -  29.5 4515s
 74860091 22187569   17.33333   54   52          -   15.80000      -  29.5 4520s
 74927602 22198270   16.89744   40   77          -   15.80000      -  29.5 4525s
 74988410 22208981   17.72727   37   75          -   15.80000      -  29.5 4530s
 75069357 22223371   16.00000   41    8          -   15.80000      -  29.5 4535s
 75150252 22238838   16.90741   43   68          -   15.80000      -  29.5 4540s
 75230117 22253658   16.16667   41   40          -   15.80000      -  29.5 4545s
 75316261 22270209   16.60000   40   60          -   15.80000      -  29.5 4550s
 75393910 22284865   17.10000   53   44          -   15.80769      -  29.5 4555s
 75484622 22301707   16.00000   51   35          -   15.81250      -  29.5 4560s
 75579959 22318011   17.19748   36  115          -   15.81818      -  29.5 4565s
 75683233 22337516   17.17500   44   42          -   15.82022      -  29.5 4570s
 75781275 22355822   16.48810   35   80          -   15.82609      -  29.5 4575s
 75880433 22371626   17.00000   49   12          -   15.83333      -  29.5 4580s
 75954904 22382390   16.20000   54   50          -   15.83333      -  29.5 4585s
 76008897 22389479   16.00000   40   14          -   15.83333      -  29.5 4590s
 76069711 22398455   17.04000   38   59          -   15.83333      -  29.5 4595s
 76151451 22411849   16.66667   46   30          -   15.83333      -  29.5 4600s
 76219564 22422484   16.16667   57   30          -   15.83333      -  29.5 4605s
 76294856 22435263   17.00000   46   38          -   15.83333      -  29.5 4610s
 76369409 22448175   17.02778   46   59          -   15.83333      -  29.5 4615s
 76442838 22461880   17.00000   43   25          -   15.83333      -  29.5 4620s
 76508505 22474442   17.61364   47   87          -   15.83333      -  29.5 4625s
 76572626 22487305   16.06250   44   46          -   15.83673      -  29.5 4630s
 76638126 22499280   16.35714   53   60          -   15.84211      -  29.5 4635s
 76698556 22510185   16.00000   46   26          -   15.84615      -  29.5 4640s
 76759397 22520757   16.50000   42   35          -   15.84615      -  29.5 4645s
 76825142 22532808   16.80000   54   51          -   15.85000      -  29.5 4650s
 76877400 22542489   16.24615   31  110          -   15.85417      -  29.5 4655s
 76935915 22550454   17.66667   39   36          -   15.85714      -  29.6 4660s
 77004037 22559891   18.00000   57   40          -   15.85714      -  29.6 4665s
 77071176 22570305   16.66667   38   51          -   15.85714      -  29.6 4670s
 77131789 22580669   16.33333   42   27          -   15.85714      -  29.6 4675s
 77199131 22593215   16.07692   42   59          -   15.85714      -  29.6 4680s
 77265961 22605948   17.18519   44   74          -   15.85714      -  29.6 4685s
 77324562 22617024   16.88889   55   43          -   15.86207      -  29.6 4690s
 77391759 22628306   16.66667   38   30          -   15.86667      -  29.6 4695s
 77457088 22640292   16.21296   46   85          -   15.86842      -  29.6 4700s
 77523894 22651788   16.50000   40   11          -   15.87500      -  29.6 4705s
 77599162 22661588   16.95238   39   45          -   15.87500      -  29.6 4710s
 77666806 22671680   16.50000   40   20          -   15.87500      -  29.6 4715s
 77735445 22683237   17.00000   45   39          -   15.87500      -  29.6 4720s
 77801456 22695573   18.55118   35  103          -   15.87500      -  29.6 4725s
 77860054 22707130     cutoff   40               -   15.87692      -  29.6 4730s
 77913158 22716936     cutoff   45               -   15.88136      -  29.6 4735s
 77980642 22728623   16.00000   44    6          -   15.88462      -  29.6 4740s
 78047808 22738180   18.02083   49   59          -   15.88889      -  29.6 4745s
 78109074 22747363   16.00000   53   28          -   15.88889      -  29.6 4750s
 78182627 22759592   16.09150   39   78          -   15.88889      -  29.6 4755s
 78249653 22771414   16.38889   31   55          -   15.88889      -  29.6 4760s
 78301405 22780568   17.00000   46   38          -   15.89442      -  29.6 4765s
 78362137 22790880   17.01985   33   91          -   15.89744      -  29.6 4770s
 78430198 22800776   16.57143   50   71          -   15.90000      -  29.6 4775s
 78498248 22811958   16.50000   43   49          -   15.90000      -  29.6 4780s
 78564347 22823216   16.15385   38   86          -   15.90000      -  29.6 4785s
 78636928 22835960   16.33333   36   22          -   15.90608      -  29.6 4790s
 78697107 22844894   16.33333   36   41          -   15.90909      -  29.6 4795s
 78770914 22857393   16.50000   43   16          -   15.90909      -  29.6 4800s
 78829297 22868410   16.00000   55    8          -   15.91304      -  29.6 4805s
 78896593 22878503   16.25000   43   42          -   15.91667      -  29.6 4810s
 78964283 22889129   16.83333   45   48          -   15.91667      -  29.6 4815s
 79029273 22900693   16.66667   60   24          -   15.92000      -  29.6 4820s
 79097742 22910994   15.92308   40   44          -   15.92308      -  29.6 4825s
 79155954 22921610   16.68571   40   62          -   15.92562      -  29.6 4830s
 79224164 22932445   16.90000   44   52          -   15.92857      -  29.6 4835s
 79282833 22943677   17.00000   53    7          -   15.93103      -  29.6 4840s
 79351424 22954724 infeasible   46               -   15.93333      -  29.6 4845s
 79411712 22964700   17.00000   47   28          -   15.93750      -  29.6 4850s
 79476611 22976288   17.00000   47   27          -   15.94017      -  29.6 4855s
 79537381 22985775   18.12121   51  105          -   15.94286      -  29.6 4860s
 79602602 22996110   18.00000   41    5          -   15.94595      -  29.6 4865s
 79662586 23005800   17.00000   49   33          -   15.95000      -  29.6 4870s
 79724012 23015166   16.22222   42   59          -   15.95238      -  29.6 4875s
 79783360 23025011   17.45173   43  138          -   15.95556      -  29.6 4880s
 79842879 23034796   16.76471   51   63          -   15.95890      -  29.6 4885s
 79903724 23044374   17.00000   59   12          -   15.96296      -  29.6 4890s
 79956547 23053059 infeasible   43               -   15.96667      -  29.6 4895s
 80016123 23062354   16.91667   51   74          -   15.97101      -  29.6 4900s
 80075554 23072697   16.50000   38   71          -   15.97619      -  29.6 4905s
 80128507 23081640   17.52713   50   85          -   15.98113      -  29.6 4910s
 80180749 23090289   18.00000   51   29          -   15.98788      -  29.6 4915s
 80239998 23098962   17.20000   57   45          -   16.00000      -  29.6 4920s
 80299475 23103362   16.00000   44   10          -   16.00000      -  29.6 4925s
 80365603 23108503   17.66667   44   33          -   16.00000      -  29.6 4930s
 80427856 23112964   18.50000   39   31          -   16.00000      -  29.6 4935s
 80492365 23117989     cutoff   47               -   16.00000      -  29.6 4940s
 80552161 23122567   16.00000   53   10          -   16.00000      -  29.6 4945s
 80618479 23127058   17.00000   53   13          -   16.00000      -  29.6 4950s
 80685776 23131500   17.00000   46    5          -   16.00000      -  29.6 4955s
 80747254 23136071   17.00000   39   59          -   16.00000      -  29.6 4960s
 80814253 23140438   17.00000   44   10          -   16.00000      -  29.6 4965s
 80887781 23145774   17.00000   43    9          -   16.00000      -  29.6 4970s
 80954092 23150707   16.46154   48   54          -   16.00000      -  29.6 4975s
 81021299 23155574   17.00000   59   19          -   16.00000      -  29.6 4980s
 81074154 23159282 infeasible   54               -   16.00000      -  29.6 4985s
 81141259 23163838     cutoff   47               -   16.00000      -  29.7 4990s
 81206661 23167731   18.28571   49   65          -   16.00000      -  29.7 4995s
 81266850 23172007   19.00000   41   14          -   16.00000      -  29.7 5000s
 81326952 23176010   17.00000   40    7          -   16.00000      -  29.7 5005s
 81386071 23179593 infeasible   54               -   16.00000      -  29.7 5010s
 81445633 23183407   17.81250   35   81          -   16.00000      -  29.7 5015s
 81505461 23186985   17.00000   43   12          -   16.00000      -  29.7 5020s
 81565396 23190094   18.00000   39   12          -   16.00000      -  29.7 5025s
 81624176 23193518   18.71429   43   62          -   16.00000      -  29.7 5030s
 81691142 23198093   17.00000   41   18          -   16.00000      -  29.7 5035s
 81757917 23202202   16.50000   42   22          -   16.00000      -  29.7 5040s
 81817534 23205848   17.50000   49   42          -   16.00000      -  29.7 5045s
 81870469 23209466   17.00000   40   13          -   16.00000      -  29.7 5050s
 81930056 23213509 infeasible   49               -   16.00000      -  29.7 5055s
 81989873 23217358   18.00000   31    8          -   16.00000      -  29.7 5060s
 82062309 23222234   17.04545   38   74          -   16.00000      -  29.7 5065s
 82128845 23226486 infeasible   53               -   16.00000      -  29.7 5070s
 82188860 23230653   17.00000   44   38          -   16.00000      -  29.7 5075s
 82253805 23234696   18.00000   53   34          -   16.00000      -  29.7 5080s
 82315603 23238523   17.00000   53   27          -   16.00000      -  29.7 5085s
 82368973 23241840     cutoff   50               -   16.00000      -  29.7 5090s
 82433887 23245855     cutoff   51               -   16.00000      -  29.7 5095s
 82487945 23249333   17.51205   39   84          -   16.00000      -  29.7 5100s
 82553982 23253219   17.33333   59   25          -   16.00000      -  29.7 5105s
 82613023 23257286   18.00000   42   10          -   16.00000      -  29.7 5110s
 82688457 23261686   16.00000   50    8          -   16.00000      -  29.7 5115s
 82762175 23266465 infeasible   47               -   16.00000      -  29.7 5120s
 82836132 23271897 infeasible   54               -   16.00000      -  29.7 5125s
 82902686 23276450   18.00000   39   13          -   16.00000      -  29.7 5130s
 82971089 23281379   17.00000   47    6          -   16.00000      -  29.7 5135s
 83037895 23286656   17.00000   42   47          -   16.00000      -  29.7 5140s
 83106274 23291247   17.00000   43    7          -   16.00000      -  29.7 5145s
 83180755 23296395   18.00000   44   10          -   16.00000      -  29.7 5150s
 83241562 23300664   19.00000   48   10          -   16.00000      -  29.7 5155s
 83309503 23305249   16.27273   38   53          -   16.00000      -  29.7 5160s
 83369732 23309215     cutoff   46               -   16.00000      -  29.7 5165s
 83423626 23312779   18.00000   46    7          -   16.00000      -  29.7 5170s
 83484894 23316571   17.00000   47    9          -   16.00000      -  29.7 5175s
 83545635 23320694   17.00000   42   19          -   16.00000      -  29.7 5180s
 83605874 23324738   18.33333   60   16          -   16.00000      -  29.7 5185s
 83666405 23328455   18.50000   43   17          -   16.00000      -  29.7 5190s
 83733055 23332714   17.00000   51   13          -   16.00000      -  29.7 5195s
 83792891 23336691   18.00000   47    6          -   16.00000      -  29.7 5200s
 83859332 23341068   17.23529   48   62          -   16.00000      -  29.7 5205s
 83925744 23345475 infeasible   55               -   16.00000      -  29.7 5210s
 83993065 23350351   16.50000   43   38          -   16.00000      -  29.7 5215s
 84059558 23354537   17.00000   34   11          -   16.00000      -  29.7 5220s
 84119524 23358261   17.80000   49   28          -   16.00000      -  29.7 5225s
 84178626 23361478   19.00000   50    7          -   16.00000      -  29.7 5230s
 84240479 23366073   17.27273   53   76          -   16.00000      -  29.7 5235s
 84307856 23370873   18.50000   50   25          -   16.00000      -  29.7 5240s
 84381255 23375474   17.50000   51   29          -   16.00000      -  29.7 5245s
 84448375 23379881   18.00000   42   55          -   16.00000      -  29.7 5250s
 84509072 23383440   17.00000   34    7          -   16.00000      -  29.7 5255s
 84581974 23388326   18.00000   51   12          -   16.00000      -  29.7 5260s
 84635898 23391550   17.00000   46    5          -   16.00000      -  29.7 5265s
 84703512 23395416   16.00000   49    4          -   16.00000      -  29.7 5270s
 84756488 23398656   17.00000   54   37          -   16.00000      -  29.7 5275s
 84816578 23402414   18.00000   49   19          -   16.00000      -  29.7 5280s
 84876716 23406012   17.00000   40    6          -   16.00000      -  29.7 5285s
 84936486 23409496   16.00000   35    8          -   16.00000      -  29.7 5290s
 85002370 23413490   17.54545   54   40          -   16.00000      -  29.7 5295s
 85062308 23416915   17.00000   54   11          -   16.00000      -  29.7 5300s
 85121057 23420264   17.63158   39   65          -   16.00000      -  29.7 5305s
 85187731 23424780   16.00000   49   13          -   16.00000      -  29.7 5310s
 85254072 23429086 infeasible   52               -   16.00000      -  29.7 5315s
 85320188 23433379   18.27273   49   36          -   16.00000      -  29.7 5320s
 85380223 23436938   17.00000   49   11          -   16.00000      -  29.7 5325s
 85446828 23441061   16.83333   44   58          -   16.00000      -  29.7 5330s
 85501244 23444535   18.00000   47   18          -   16.00000      -  29.7 5335s
 85574418 23449892   17.00000   45   11          -   16.00000      -  29.7 5340s
 85640846 23454511   19.00000   49    9          -   16.00000      -  29.7 5345s
 85721180 23460775   17.50000   51   38          -   16.00000      -  29.7 5350s
 85803991 23470938   18.00000   47   24          -   16.00000      -  29.7 5355s
 85885364 23480719   18.00000   40    8          -   16.00000      -  29.7 5360s
 85975002 23491570   17.00000   40   13          -   16.00000      -  29.7 5365s
 86061662 23501790   16.50000   48   15          -   16.00000      -  29.7 5370s
 86149507 23511408   17.50000   46   53          -   16.00000      -  29.7 5375s
 86250207 23522479   16.00000   38   11          -   16.00000      -  29.7 5380s
 86351819 23534409 infeasible   50               -   16.00000      -  29.7 5385s
 86466660 23547643   17.00000   40   11          -   16.00000      -  29.7 5390s
 86587698 23561448   18.00000   42    9          -   16.00000      -  29.7 5395s
 86729275 23577706 infeasible   51               -   16.00000      -  29.7 5400s
 86871549 23594269   18.40741   50   68          -   16.00000      -  29.7 5405s
 87034365 23614399 infeasible   60               -   16.00000      -  29.7 5410s
 87205722 23634667   17.16667   57   26          -   16.00000      -  29.7 5415s
 87335806 23649992   17.00000   52    6          -   16.00000      -  29.7 5420s
 87398978 23657731   19.00000   55    7          -   16.00000      -  29.7 5425s
 87468036 23666221   18.00000   45   10          -   16.00000      -  29.7 5430s
 87529653 23673875   16.00000   52   33          -   16.00000      -  29.7 5435s
 87597270 23681766   16.00000   48    7          -   16.00000      -  29.7 5440s
 87665135 23690428   17.00000   40    9          -   16.00000      -  29.7 5445s
 87732617 23698052   18.00000   49   17          -   16.00000      -  29.7 5450s
 87807511 23707094   17.00000   51    9          -   16.00000      -  29.7 5455s
 87876017 23715258   17.50000   45   22          -   16.00000      -  29.7 5460s
 87950445 23723719   17.00000   43    5          -   16.00000      -  29.7 5465s
 88018793 23731512   18.00000   41    8          -   16.00000      -  29.7 5470s
 88086536 23739043   17.00000   44   13          -   16.00000      -  29.7 5475s
 88146213 23746113   17.50000   44   16          -   16.00000      -  29.7 5480s
 88221936 23754919   18.00000   43    8          -   16.00000      -  29.7 5485s
 88290901 23762868   16.37778   38   71          -   16.00000      -  29.7 5490s
 88358913 23770904   16.77500   41   58          -   16.00000      -  29.7 5495s
 88427125 23778452   17.00000   44   31          -   16.00000      -  29.7 5500s
 88489020 23785657   17.39062   43   89          -   16.00000      -  29.7 5505s
 88557459 23794018   18.00000   43   10          -   16.00000      -  29.7 5510s
 88632848 23802857   17.50000   46   24          -   16.00000      -  29.7 5515s
 88700484 23810981   17.00000   42    3          -   16.00000      -  29.7 5520s
 88776029 23819947 infeasible   44               -   16.00000      -  29.7 5525s
 88844561 23827788   18.50000   50   18          -   16.00000      -  29.7 5530s
 88926166 23837406   18.00000   37   10          -   16.00000      -  29.7 5535s
 88994217 23844973   17.00000   48   16          -   16.00000      -  29.7 5540s
 89062559 23853081   18.00000   37   35          -   16.00000      -  29.7 5545s
 89128849 23861064   16.64530   44  105          -   16.00000      -  29.7 5550s
 89203770 23869698   17.00000   40    8          -   16.00000      -  29.7 5555s
 89271958 23877893   18.00000   50   10          -   16.00000      -  29.7 5560s
 89347526 23886495   17.00000   38    6          -   16.00000      -  29.7 5565s
 89416266 23894940     cutoff   47               -   16.00000      -  29.7 5570s
 89477479 23902147   17.00000   42   32          -   16.00000      -  29.7 5575s
 89553536 23910794   18.11111   54   50          -   16.00000      -  29.7 5580s
 89622240 23918706   17.42857   55   42          -   16.00000      -  29.7 5585s
 89691330 23926925   19.00000   45   10          -   16.00000      -  29.7 5590s
 89768616 23937199     cutoff   54               -   16.00000      -  29.7 5595s
 89844100 23947883   17.00000   52   10          -   16.00000      -  29.7 5600s
 89914779 23957644   17.60000   44   21          -   16.00000      -  29.7 5605s
 89982692 23967051   17.00000   41   14          -   16.00000      -  29.7 5610s
 90051844 23976232   17.66667   37   53          -   16.00000      -  29.7 5615s
 90120860 23985465   18.15625   44   68          -   16.00000      -  29.7 5620s
 90181267 23993286   17.00000   43    5          -   16.00000      -  29.7 5625s
 90248454 24002238   18.00000   44   15          -   16.00000      -  29.7 5630s
 90321881 24012342   17.00000   46   65          -   16.00000      -  29.7 5635s
 90389942 24021655   17.00000   45    7          -   16.00000      -  29.7 5640s
 90465094 24031731   17.00000   48   19          -   16.00000      -  29.7 5645s
 90531919 24040824   17.00000   40   17          -   16.00000      -  29.7 5650s
 90599894 24049886   17.00000   42    7          -   16.00000      -  29.7 5655s
 90673252 24060153   16.50000   48   20          -   16.00000      -  29.7 5660s
 90748307 24070285   18.00000   53   13          -   16.00000      -  29.7 5665s
 90823161 24080851   18.00000   46   41          -   16.00000      -  29.7 5670s
 90892518 24089832   17.40000   52   38          -   16.00000      -  29.7 5675s
 90960935 24099491   17.00000   43   14          -   16.00000      -  29.7 5680s
 91030251 24108678   18.00000   39   10          -   16.00000      -  29.7 5685s
 91106272 24119547   16.70000   51   39          -   16.00000      -  29.7 5690s
 91181909 24130318   17.00000   50   11          -   16.00000      -  29.7 5695s
 91264767 24142552   18.00000   51   12          -   16.00000      -  29.7 5700s
 91347274 24154399   17.00000   41   15          -   16.00000      -  29.7 5705s
 91415789 24163907   18.22222   44   47          -   16.00000      -  29.7 5710s
 91477645 24172179   17.00000   48   18          -   16.00000      -  29.7 5715s
 91547526 24181655   17.87500   48   47          -   16.00000      -  29.7 5720s
 91622958 24192190   17.50000   58   34          -   16.00000      -  29.7 5725s
 91705682 24203787   16.25301   39   70          -   16.00000      -  29.7 5730s
 91780724 24214177   17.00000   52    9          -   16.00000      -  29.7 5735s
 91856536 24224047   17.66667   61   29          -   16.00000      -  29.7 5740s
 91931577 24234072 infeasible   49               -   16.00000      -  29.7 5745s
 92007371 24244126   17.66667   46   32          -   16.00000      -  29.7 5750s
 92074382 24252997   17.50000   58   49          -   16.00000      -  29.7 5755s
 92134217 24261117   17.86667   49   85          -   16.00000      -  29.7 5760s
 92209603 24271452   17.00000   42    9          -   16.00000      -  29.7 5765s
 92278405 24280747   17.00000   38    3          -   16.00000      -  29.7 5770s
 92346716 24289787   16.00000   45    9          -   16.00000      -  29.7 5775s
 92422825 24300288   17.00000   50   11          -   16.00000      -  29.7 5780s
 92498729 24310564   17.50000   43   19          -   16.00000      -  29.7 5785s
 92566303 24320096   17.00000   35   10          -   16.00000      -  29.7 5790s
 92642163 24330728   17.00000   50   22          -   16.00000      -  29.7 5795s
 92711377 24340100 infeasible   48               -   16.00000      -  29.7 5800s
 92780512 24349294   18.00000   43   28          -   16.00000      -  29.7 5805s
 92863983 24360106   18.00000   37    6          -   16.00000      -  29.7 5810s
 92924884 24368563   18.50000   46   31          -   16.00000      -  29.7 5815s
 92999624 24378403   17.00000   48   10          -   16.00000      -  29.7 5820s
 93074872 24388317   17.00000   45   10          -   16.00000      -  29.7 5825s
 93136100 24396350     cutoff   45               -   16.00000      -  29.7 5830s
 93211411 24407020   16.22222   31   43          -   16.00000      -  29.7 5835s
 93286891 24417167   17.00000   50   11          -   16.00000      -  29.7 5840s
 93355874 24426047   17.00000   43    5          -   16.00000      -  29.7 5845s
 93417408 24434633   17.20000   41   32          -   16.00000      -  29.7 5850s
 93485650 24443714   17.44737   40   75          -   16.00000      -  29.7 5855s
 93547909 24452243   17.00000   49   11          -   16.00000      -  29.7 5860s
 93616974 24461751   17.00000   41   10          -   16.00000      -  29.7 5865s
 93686287 24471410     cutoff   51               -   16.00000      -  29.7 5870s
 93756327 24481970   17.72727   40   87          -   16.00000      -  29.7 5875s
 93824327 24492279   17.00000   35   11          -   16.00000      -  29.7 5880s
 93893678 24502141   16.00000   35    8          -   16.00000      -  29.7 5885s
 93964405 24512097   18.00000   53   14          -   16.00000      -  29.7 5890s
 94032740 24522395   18.00000   53    8          -   16.00000      -  29.7 5895s
 94099208 24532521   16.00000   50    6          -   16.00000      -  29.7 5900s
 94161443 24541369   17.00000   35    8          -   16.00000      -  29.6 5905s
 94229678 24551174   17.50000   45   38          -   16.00000      -  29.6 5910s
 94298195 24561743   16.00000   41   14          -   16.00000      -  29.6 5915s
 94374298 24572838   19.00000   42   20          -   16.00000      -  29.6 5920s
 94442016 24583084   17.50000   40   20          -   16.00000      -  29.6 5925s
 94511605 24593905   17.00000   44   12          -   16.00000      -  29.6 5930s
 94587299 24604856   16.00000   46    8          -   16.00000      -  29.6 5935s
 94658725 24615489   17.00000   38   22          -   16.00000      -  29.6 5940s
 94734694 24627247   17.00000   38   11          -   16.00000      -  29.6 5945s
 94809506 24638779   17.50000   47   19          -   16.00000      -  29.6 5950s
 94878051 24649128   18.00000   56   32          -   16.00000      -  29.6 5955s
 94947904 24659628   17.50000   51   31          -   16.00000      -  29.6 5960s
 95009872 24668860   16.57727   45   85          -   16.00000      -  29.6 5965s
 95070929 24678032   17.00000   46    6          -   16.00000      -  29.6 5970s
 95146357 24689260   16.85714   50   31          -   16.00000      -  29.6 5975s
 95221629 24700031   16.50000   55   23          -   16.00000      -  29.6 5980s
 95283731 24708653   17.00000   42   21          -   16.00000      -  29.6 5985s
 95351951 24718893   17.23529   50   62          -   16.00000      -  29.6 5990s
 95421678 24728975     cutoff   58               -   16.00000      -  29.6 5995s
 95490128 24739063   17.50000   48   22          -   16.00000      -  29.6 6000s
 95566018 24749960   18.08333   47   51          -   16.00000      -  29.6 6005s
 95634227 24760277   17.50000   48   17          -   16.00000      -  29.6 6010s
 95706570 24770378   18.00000   44   47          -   16.00000      -  29.6 6015s
 95757575 24777887   17.40000   55   33          -   16.00000      -  29.6 6020s
 95758053 24778305   18.00000   53    8          -   16.00000      -  29.6 6025s
 95758459 24778664   17.00000   48   10          -   16.00000      -  29.6 6030s
 95758936 24779082   16.84146   40   59          -   16.00000      -  29.6 6035s
 95759279 24779382   17.00000   38    5          -   16.00000      -  29.6 6040s
 95759627 24779667   16.00000   41    7          -   16.00000      -  29.6 6045s
 95759902 24779908   17.00000   42    5          -   16.00000      -  29.6 6050s
 95760185 24780203   17.00000   42   10          -   16.00000      -  29.6 6056s
 95765684 24781488   17.42857   45   37          -   16.00000      -  29.6 6060s
 95782781 24783874   17.00000   47    7          -   16.00000      -  29.6 6065s
 95818457 24788286   17.00000   42    5          -   16.00000      -  29.6 6070s
 95858180 24792750   16.33333   63   48          -   16.00000      -  29.6 6075s
 95910413 24798988   17.66667   49   31          -   16.00000      -  29.6 6080s
 95967185 24805642   17.00000   44    8          -   16.00000      -  29.6 6085s
 96029782 24813810   17.36364   51   64          -   16.00000      -  29.6 6090s
 96091313 24821941   17.00000   49    6          -   16.00000      -  29.6 6095s
 96159070 24830989   16.00000   49   12          -   16.00000      -  29.6 6100s
 96234487 24840820   17.00000   42   27          -   16.00000      -  29.6 6105s
 96307554 24851551   18.00000   56   10          -   16.00000      -  29.6 6110s
 96390781 24863603   17.33333   50   40          -   16.00000      -  29.6 6115s
 96459579 24873840   17.33333   43   43          -   16.00000      -  29.6 6120s
 96534499 24885523     cutoff   48               -   16.00000      -  29.6 6125s
 96614098 24897840     cutoff   60               -   16.00000      -  29.6 6130s
 96682573 24908443   17.00000   45   23          -   16.00000      -  29.6 6135s
 96749992 24919666   17.00000   59   10          -   16.00000      -  29.6 6140s
 96811273 24929581   18.00000   44   11          -   16.00000      -  29.6 6145s
 96885804 24941238   16.00000   39    7          -   16.00000      -  29.6 6150s
 96967703 24954011   17.00000   44   29          -   16.00000      -  29.6 6155s
 97036835 24965030   17.00000   49    7          -   16.00000      -  29.6 6160s
 97112031 24977577 infeasible   48               -   16.00000      -  29.6 6165s
 97179103 24988459 infeasible   47               -   16.00000      -  29.6 6170s
 97258105 25000664   16.77778   46   64          -   16.00000      -  29.6 6175s
 97330144 25012522   17.00000   51   13          -   16.00000      -  29.6 6180s
 97406108 25024371   17.00000   53   11          -   16.00000      -  29.6 6185s
 97479824 25035940   17.00000   41    5          -   16.00000      -  29.6 6190s
 97554731 25047363   17.85714   53   59          -   16.00000      -  29.6 6195s
 97622646 25057322   17.30435   58   59          -   16.00000      -  29.6 6200s
 97691125 25067942   17.00000   34   10          -   16.00000      -  29.6 6205s
 97766367 25080051   17.00000   41    8          -   16.00000      -  29.6 6210s
 97834407 25090526   17.00000   46    8          -   16.00000      -  29.6 6215s
 97901616 25101089   18.00000   39   51          -   16.00000      -  29.6 6220s
 97970210 25111303   17.00000   52   11          -   16.00000      -  29.6 6225s
 98038690 25121740   17.33333   47   41          -   16.00000      -  29.6 6230s
 98112590 25133182   16.00000   44   10          -   16.00000      -  29.6 6235s
 98194059 25145294   17.00000   53    9          -   16.00000      -  29.6 6240s
 98261007 25155706   17.00000   51   10          -   16.00000      -  29.6 6245s
 98343629 25169072   17.00000   45   34          -   16.00000      -  29.6 6250s
 98418768 25180749   17.20000   48   20          -   16.00000      -  29.6 6255s
 98486828 25192175   16.00000   42   16          -   16.00000      -  29.6 6260s
 98569326 25205554   17.66667   36   17          -   16.00000      -  29.6 6265s
 98656120 25219255   17.00000   41    8          -   16.00000      -  29.6 6270s
 98750330 25234249   16.50000   44   47          -   16.00000      -  29.6 6275s
 98845188 25249631   18.00000   41    6          -   16.00000      -  29.6 6280s
 98959227 25268474   17.00000   38   73          -   16.00000      -  29.6 6285s
 99066879 25287113   17.00000   49   11          -   16.00000      -  29.6 6290s
 99186982 25307230   16.33333   40   18          -   16.00000      -  29.6 6295s
 99314694 25328555   17.00000   38   28          -   16.00000      -  29.6 6300s
 99448986 25351411 infeasible   44               -   16.00000      -  29.6 6305s
 99583860 25374367     cutoff   48               -   16.00000      -  29.6 6310s
 99728181 25397608   17.00000   55   40          -   16.00000      -  29.6 6315s
 99869062 25420944   17.00000   49   46          -   16.00000      -  29.6 6320s
 99928300 25430884     cutoff   43               -   16.00000      -  29.6 6325s
 99979701 25439694   17.00000   41   15          -   16.01587      -  29.6 6330s
 100047097 25450150   17.72222   44   64          -   16.02564      -  29.6 6335s
 100105543 25458708   17.33333   35   29          -   16.03226      -  29.6 6340s
 100172518 25469305   16.62791   49   68          -   16.03883      -  29.6 6345s
 100232421 25478794   16.25000   33   46          -   16.04412      -  29.6 6350s
 100297699 25489591     cutoff   42               -   16.05000      -  29.6 6355s
 100365809 25499815   16.90000   38   51          -   16.05455      -  29.6 6360s
 100435249 25510783   17.00000   57   42          -   16.05882      -  29.6 6365s
 100502179 25521206   16.25000   48   40          -   16.06250      -  29.6 6370s
 100554253 25528994   16.13333   49   47          -   16.06667      -  29.6 6375s
 100617925 25539541     cutoff   50               -   16.07143      -  29.6 6380s
 100686440 25550136   17.00000   52    7          -   16.07354      -  29.6 6385s
 100749048 25559435   16.42857   45   60          -   16.07692      -  29.6 6390s
 100813357 25570679   16.95076   36   95          -   16.08163      -  29.6 6395s
 100882419 25579861     cutoff   48               -   16.08333      -  29.6 6400s
 100955733 25592134   17.45946   37   93          -   16.08696      -  29.6 6405s
 101024977 25601831     cutoff   52               -   16.09091      -  29.6 6410s
 101090900 25613352   16.75000   30   34          -   16.09237      -  29.6 6415s
 101157830 25623960   18.52542   37  109          -   16.09756      -  29.6 6420s
 101226528 25632666   16.48410   50  105          -   16.10000      -  29.6 6425s
 101299863 25644768   16.33333   43   49          -   16.10000      -  29.6 6430s
 101366881 25655144   16.28571   37   53          -   16.10526      -  29.6 6435s
 101430898 25665241   17.36364   53   60          -   16.11087      -  29.6 6440s
 101494215 25673626 infeasible   50               -   16.11111      -  29.6 6445s
 101555910 25682978   17.50000   57   54          -   16.11111      -  29.6 6450s
 101616906 25692413   16.56757   55   40          -   16.11111      -  29.6 6455s
 101681883 25702493   16.95455   36   70          -   16.11712      -  29.6 6460s
 101747453 25712613   18.50000   44   54          -   16.12022      -  29.6 6465s
 101815855 25720467   16.75000   48   35          -   16.12500      -  29.6 6470s
 101891787 25730756   16.42857   36   40          -   16.12500      -  29.6 6475s
 101960552 25740499   16.33333   42   50          -   16.12500      -  29.6 6480s
 102033177 25752075   16.29412   38   65          -   16.12500      -  29.6 6485s
 102093213 25761647   17.29897   45  103          -   16.12963      -  29.6 6490s
 102165973 25772631   17.63158   44   50          -   16.13333      -  29.6 6495s
 102236034 25783451     cutoff   59               -   16.13725      -  29.6 6500s
 102302538 25791962   16.50000   48   18          -   16.14286      -  29.6 6505s
 102377305 25800936   16.78947   44   73          -   16.14286      -  29.6 6510s
 102452426 25811192   18.00000   47   63          -   16.14286      -  29.6 6515s
 102532822 25822940   16.69048   39   74          -   16.14286      -  29.6 6520s
 102607413 25834534   16.50000   48   35          -   16.14286      -  29.6 6525s
 102678320 25845501   16.50000   53   34          -   16.14754      -  29.6 6530s
 102750625 25856855   18.00000   38   84          -   16.15158      -  29.6 6535s
 102825910 25866198   17.11765   33  115          -   16.15385      -  29.6 6540s
 102891342 25875927   18.00000   61   59          -   16.15789      -  29.6 6545s
 102956303 25885615 infeasible   55               -   16.16239      -  29.6 6550s
 103023049 25891930   16.71429   51   50          -   16.16667      -  29.6 6555s
 103096244 25899269   16.50000   44   24          -   16.16667      -  29.6 6560s
 103171148 25908257     cutoff   38               -   16.16667      -  29.6 6565s
 103240488 25916972   16.75000   40   47          -   16.16667      -  29.6 6570s
 103321349 25927880   18.00000   58   34          -   16.16667      -  29.6 6575s
 103396315 25938177   16.50000   50   18          -   16.16667      -  29.6 6580s
 103470921 25948488   18.06667   59   53          -   16.16667      -  29.6 6585s
 103546011 25959125   16.43750   34   62          -   16.16667      -  29.6 6590s
 103618895 25970714   16.66667   55   45          -   16.16667      -  29.6 6595s
 103685702 25980974   17.43548   32   83          -   16.16708      -  29.6 6600s
 103751190 25991142   16.61302   42  131          -   16.17391      -  29.6 6605s
 103817120 26000540   16.33333   41   51          -   16.17647      -  29.6 6610s
 103884007 26009728   16.50000   52   18          -   16.18182      -  29.6 6615s
 103957894 26020484   16.30000   37   69          -   16.18182      -  29.6 6620s
 104024605 26030614     cutoff   61               -   16.18519      -  29.6 6625s
 104092248 26039941   16.84615   31   75          -   16.18750      -  29.6 6630s
 104164592 26050016   18.37500   57   65          -   16.19231      -  29.6 6635s
 104228963 26059607   16.61538   41   86          -   16.19792      -  29.6 6640s
 104296582 26064055   18.11111   41   35          -   16.20000      -  29.6 6645s
 104370976 26071456   16.39474   38   68          -   16.20000      -  29.6 6650s
 104446050 26079663   16.60000   42   18          -   16.20000      -  29.6 6655s
 104514899 26087679   16.47191   56   76          -   16.20000      -  29.6 6660s
 104590777 26096745   17.00000   52    9          -   16.20000      -  29.6 6665s
 104671526 26106923   16.33333   34   35          -   16.20000      -  29.6 6670s
 104747554 26116500   17.57895   49   64          -   16.20000      -  29.6 6675s
 104822554 26126536   16.60000   34   49          -   16.20000      -  29.6 6680s
 104896555 26136276 infeasible   48               -   16.20000      -  29.6 6685s
 104970079 26146447   16.40625   35   81          -   16.20000      -  29.6 6690s
 105044615 26157197   16.59091   34   78          -   16.20000      -  29.6 6695s
 105117769 26168004   16.34000   54   71          -   16.20000      -  29.6 6700s
 105186923 26178810   17.00000   52   43          -   16.20513      -  29.6 6705s
 105258302 26188801   16.77186   35  119          -   16.20988      -  29.6 6710s
 105317554 26196985   17.00000   35   54          -   16.21333      -  29.6 6715s
 105398493 26207962   17.54545   33   99          -   16.21429      -  29.6 6720s
 105463247 26217443   16.83333   39   82          -   16.21875      -  29.6 6725s
 105531329 26224590   17.50000   47   24          -   16.22222      -  29.6 6730s
 105614092 26234409   17.00000   37   53          -   16.22222      -  29.6 6735s
 105682038 26244419   16.30000   53   53          -   16.22222      -  29.6 6740s
 105747628 26254006   16.50000   35   38          -   16.22500      -  29.6 6745s
 105813607 26263148   16.62500   44   81          -   16.22917      -  29.6 6750s
 105883604 26271785   16.76923   48   62          -   16.23077      -  29.6 6755s
 105948416 26281210   17.66667   45   71          -   16.23404      -  29.6 6760s
 106016132 26290239   16.85000   42   51          -   16.23724      -  29.6 6765s
 106087813 26300329   16.83333   45   45          -   16.24113      -  29.6 6770s
 106148136 26308869   16.80488   28   97          -   16.24615      -  29.6 6775s
 106207985 26311281   17.00000   42    9          -   16.25000      -  29.6 6780s
 106268875 26315277   17.61111   59   37          -   16.25000      -  29.6 6785s
 106344120 26321048   17.33333   38   22          -   16.25000      -  29.6 6790s
 106419243 26328168   17.00000   46   12          -   16.25000      -  29.6 6795s
 106487884 26334578   17.50000   53   24          -   16.25000      -  29.6 6800s
 106563541 26341643   16.50000   62   17          -   16.25000      -  29.6 6805s
 106637571 26348444   16.50000   47   23          -   16.25000      -  29.6 6810s
 106713137 26355502   16.65385   50   70          -   16.25000      -  29.6 6815s
 106788790 26363244   17.50000   46   36          -   16.25000      -  29.6 6820s
 106864742 26371504   18.50000   39   18          -   16.25000      -  29.6 6825s
 106939486 26380178   17.66667   55   40          -   16.25000      -  29.6 6830s
 107016195 26388541   16.32915   44   82          -   16.25000      -  29.6 6835s
 107097777 26397339   16.57143   40   67          -   16.25000      -  29.6 6840s
 107173498 26405324 infeasible   60               -   16.25000      -  29.6 6845s
 107243887 26412734   18.00000   45   34          -   16.25000      -  29.6 6850s
 107316292 26420875   17.60000   43   43          -   16.25000      -  29.6 6855s
 107392375 26430304   17.50000   55   25          -   16.25000      -  29.6 6860s
 107469298 26439728   17.00000   42   25          -   16.25000      -  29.6 6865s
 107550044 26450001   19.00000   44    9          -   16.25000      -  29.6 6870s
 107633432 26460412   16.84314   50   67          -   16.25000      -  29.6 6875s
 107701409 26469309   16.28571   43   51          -   16.25000      -  29.6 6880s
 107774999 26479596   16.75000   40   43          -   16.25000      -  29.6 6885s
 107843216 26489142 infeasible   54               -   16.25000      -  29.6 6890s
 107917815 26499630   16.25000   41   33          -   16.25000      -  29.6 6895s
 107991551 26510058   17.30000   40   67          -   16.25000      -  29.6 6900s
 108066238 26520791   16.77778   44   63          -   16.25000      -  29.6 6905s
 108116077 26528308   18.00000   42    9          -   16.25581      -  29.6 6910s
 108184051 26538351   17.12500   48   42          -   16.26087      -  29.6 6915s
 108251852 26547331   17.50000   48   34          -   16.26389      -  29.6 6920s
 108326093 26556252   16.75281   48   88          -   16.26667      -  29.6 6925s
 108391715 26565467   16.88889   56   35          -   16.27027      -  29.6 6930s
 108467160 26574063   17.60000   45   51          -   16.27273      -  29.6 6935s
 108533351 26583420   17.33333   44   27          -   16.27273      -  29.6 6940s
 108606097 26593069   16.74400   42   85          -   16.27778      -  29.6 6945s

Cutting planes:
  Gomory: 5
  Implied bound: 335
  MIR: 286
  Zero half: 439
  Relax-and-lift: 8

Explored 108618879 nodes (3213855953 simplex iterations) in 6946.01 seconds (4491.84 work units)
Thread count was 64 (of 64 available processors)

Solution count 0

Solve interrupted
Best objective -, best bound 1.700000000000e+01, gap -
