
Gurobi 13.0.3 (linux64) logging started Sat Sep 12 20:55:09 2026

Set parameter LogFile to value "H10_n360k20d20_dX_8-13_gurobi.log"
Set parameter Threads to value 12
Set parameter NodefileStart to value 6
Set parameter NodefileDir to value "."
Set parameter SoftMemLimit to value 20
Set parameter Cutoff to value 19.5
Set parameter MIPFocus to value 3
Set parameter Symmetry to value 2
Gurobi Optimizer version 13.0.3 build v13.0.3rc0 (linux64 - "Ubuntu 24.04.4 LTS")

CPU model: AMD Ryzen Threadripper PRO 9975WX 32-Cores, instruction set [SSE2|AVX|AVX2|AVX512]
Thread count: 32 physical cores, 64 logical processors, using up to 12 threads

Non-default parameters:
Cutoff  19.5
SoftMemLimit  20
MIPFocus  3
NodefileStart  6
Symmetry  2
Threads  12

Optimize a model with 181 rows, 541 columns and 1301 nonzeros (Min)
Model fingerprint: 0xa364f110
Model has 360 linear objective coefficients
Variable types: 0 continuous, 541 integer (360 binary)
Coefficient statistics:
  Matrix range     [1e+00, 2e+00]
  Objective range  [1e+00, 1e+00]
  Bounds range     [1e+00, 2e+01]
  RHS range        [1e+00, 1e+00]

Presolve time: 0.00s
Presolved: 181 rows, 541 columns, 1301 nonzeros
Variable types: 0 continuous, 541 integer (360 binary)
Root relaxation presolve removed 181 rows and 541 columns
Root relaxation presolve: All rows and columns removed

Root relaxation: objective 1.000000e+00, 0 iterations, 0.00 seconds (0.00 work units)

    Nodes    |    Current Node    |     Objective Bounds      |     Work
 Expl Unexpl |  Obj  Depth IntInf | Incumbent    BestBd   Gap | It/Node Time

     0     0    1.00000    0    3          -    1.00000      -     -    0s
     0     0    1.00000    0    3          -    1.00000      -     -    0s
     0     0    1.00000    0    3          -    1.00000      -     -    0s
     0     0    2.00000    0    3          -    2.00000      -     -    0s
     0     0    2.00000    0    3          -    2.00000      -     -    0s
     0     2    3.00000    0    3          -    3.00000      -     -    0s
 48105 36978   12.28571   25   79          -    8.00000      -  26.1    5s
 75794 53120   11.00000   35    3          -    8.38837      -  34.7   10s
 89166 62276    8.92830   32  185          -    8.64865      -  41.1   15s
 109723 74952   15.00000   40    9          -    9.00000      -  47.0   20s
 144096 93539   11.75000   21   75          -    9.24790      -  46.6   25s
 164356 104382   15.76216   45  127          -    9.80460      -  47.5   30s
 192619 119162   16.75000   67   84          -   10.00000      -  46.9   35s
 227073 137799   11.00000   51   54          -   10.50000      -  46.8   40s
 256517 154299   13.00000   22   38          -   10.85714      -  47.4   45s
 289691 170499   11.75000   29   34          -   11.00000      -  47.4   50s
 323572 186609   11.66667   41   28          -   11.00000      -  47.3   55s
 351611 202786   12.66667   31   31          -   11.33333      -  48.0   60s
 379646 218014   11.50000   48   20          -   11.50000      -  48.5   65s
 408750 233976   13.00000   42   40          -   11.63636      -  48.9   70s
 436045 249206   12.33333   24   47          -   11.75000      -  49.3   75s
 459658 262184   14.00000   47   33          -   11.85714      -  50.0   80s
 482577 274422   12.85714   33   68          -   11.96364      -  50.8   85s
 513054 288540   14.34615   37  105          -   12.00000      -  50.9   90s
 546709 303598   13.60976   29   98          -   12.00000      -  50.6   95s
 579248 318077   13.50000   32   36          -   12.00000      -  50.5  100s
 605464 331654   14.00000   36   20          -   12.01838      -  50.7  105s
 619095 338147   16.00000   29    1          -   12.10976      -  51.2  110s
 623823 341917   16.00000   28   73          -   12.11384      -  51.3  115s
 647301 352734   12.55706   28  181          -   12.20000      -  51.7  120s
 670512 364263   12.58559   22   84          -   12.26316      -  52.1  125s
 690975 374956   15.79167   29   77          -   12.33333      -  52.6  130s
 718200 387662   16.21429   51   74          -   12.37500      -  52.8  135s
 740846 398377   13.33333   24   50          -   12.42894      -  53.2  140s
 761806 408624   14.17156   37  183          -   12.49808      -  53.6  145s
 794948 423675   12.51429   30   79          -   12.50000      -  53.5  150s
 821252 436021   13.55556   37   55          -   12.53846      -  53.6  155s
 845530 447715   14.57143   33  111          -   12.60000      -  53.8  160s
 868828 458466   13.70215   26  204          -   12.66164      -  54.1  165s
 897555 471349   16.00000   47  102          -   12.68750      -  54.1  170s
 921164 482203   13.50000   38   26          -   12.75000      -  54.3  175s
 946251 493271   13.32203   35  120          -   12.78571      -  54.4  180s
 972584 504955   18.53398   45  169          -   12.83333      -  54.6  185s
 997083 516044   14.00000   39    8          -   12.88889      -  54.7  190s
 1021289 526974   16.00000   41   27          -   12.94737      -  54.9  195s
 1046054 537543   14.00000   45    6          -   13.00000      -  55.0  200s
 1080474 551548     cutoff   58               -   13.00000      -  54.8  205s
 1116473 565526   14.00000   34   10          -   13.00000      -  54.5  210s
 1150501 578907   13.50000   41   45          -   13.00000      -  54.2  215s
 1183821 591926   15.00000   48   17          -   13.00000      -  54.0  220s
 1213931 603898   14.00000   42   21          -   13.00000      -  54.0  225s
 1245684 617268   15.50000   41   27          -   13.00178      -  53.9  230s
 1270733 628479   17.40909   31  103          -   13.10000      -  54.0  235s
 1297880 640279   15.66667   24   44          -   13.16667      -  54.0  240s
 1326336 652671   16.66667   30   54          -   13.21053      -  54.0  245s
 1355692 665534   17.24545   35  136          -   13.25000      -  54.0  250s
 1383423 677338   13.96154   46  160          -   13.29231      -  54.0  255s
 1410550 689057   14.00000   48    6          -   13.33333      -  54.0  260s
 1442110 701947   15.58065   40   73          -   13.33824      -  54.0  265s
 1467855 713387   14.00000   51   15          -   13.38889      -  54.0  270s
 1495359 724880   16.00000   29   87          -   13.42326      -  54.1  275s
 1521538 736168   14.00000   29   28          -   13.45993      -  54.1  280s
 1545844 746052   15.20000   29   99          -   13.50000      -  54.2  285s
 1579027 758917   13.50000   30   58          -   13.50000      -  54.1  290s
 1611778 771699   14.00000   33   12          -   13.50000      -  54.0  295s
 1645759 784948   14.75000   31   64          -   13.50000      -  53.8  300s
 1673062 796142   13.77419   33   90          -   13.52521      -  53.9  305s
 1697787 806399   14.50000   26   16          -   13.56697      -  54.0  310s
 1723860 817243   17.10000   27   68          -   13.60000      -  54.0  315s
 1749648 827665   15.00000   33   11          -   13.62500      -  54.1  320s
 1774531 837839   16.00000   25   22          -   13.65625      -  54.2  325s
 1803013 848882   16.00000   29   14          -   13.66667      -  54.1  330s
 1835356 860904   14.05695   29  144          -   13.66964      -  54.1  335s
 1856856 870002   15.42857   30   64          -   13.70000      -  54.2  340s
 1881509 879404   16.50000   32   48          -   13.72000      -  54.3  345s
 1900373 886883   15.20000   29   63          -   13.74093      -  54.4  350s
 1928012 897355   15.00000   50    7          -   13.75000      -  54.4  355s
 1952990 906849   13.94274   26  220          -   13.76471      -  54.5  360s
 1974975 915540   14.33333   25   68          -   13.78613      -  54.6  365s
 1998937 924761   15.44444   26   60          -   13.80000      -  54.7  370s
 2019244 932770   15.00000   31    7          -   13.81818      -  54.8  375s
 2042400 941293   14.78947   34   74          -   13.83333      -  55.0  380s
 2063394 949045   16.16667   27   61          -   13.84848      -  55.1  385s
 2086054 957366   16.07981   37  134          -   13.86370      -  55.2  390s
 2106537 964925   15.92000   27   89          -   13.87845      -  55.3  395s
 2126533 972147   16.98036   28  147          -   13.89435      -  55.5  400s
 2147388 979871   14.62500   30   72          -   13.90909      -  55.6  405s
 2166441 986577   17.25806   38  111          -   13.92396      -  55.8  410s
 2187039 994141   14.33333   46   31          -   13.94118      -  55.9  415s
 2204134 1000189   14.38639   33  154          -   13.95556      -  56.1  420s
 2223135 1006703   16.00000   32    6          -   13.97111      -  56.2  425s
 2240950 1012654   17.00000   30   27          -   13.98876      -  56.4  430s
 2260259 1019242   14.33333   33   61          -   14.00000      -  56.5  435s
 2289565 1029210   15.70000   38   97          -   14.00000      -  56.5  440s
 2319921 1038886   18.00000   44   24          -   14.00000      -  56.4  445s
 2344784 1046441     cutoff   52               -   14.00000      -  56.4  450s
 2373612 1055338   16.25000   36   64          -   14.00000      -  56.3  455s
 2407478 1066304   14.50000   25   72          -   14.00000      -  56.2  460s
 2442105 1077514   14.60000   41   62          -   14.00000      -  56.1  465s
 2475815 1088610   15.00000   57   13          -   14.00000      -  55.9  470s
 2509821 1099697   14.15000   43   89          -   14.00000      -  55.8  475s
 2543068 1110316   15.00000   41   21          -   14.00000      -  55.7  480s
 2575652 1120978   15.00000   44   20          -   14.00000      -  55.7  485s
 2607582 1130941   15.00000   34   17          -   14.00000      -  55.6  490s
 2638737 1141034   14.50000   51   17          -   14.00000      -  55.5  495s
 2661795 1148982   15.66667   52   34          -   14.00000      -  55.5  500s
 2692497 1159304   14.00000   59    8          -   14.00000      -  55.4  505s
 2719868 1168266   16.00000   30    1          -   14.00183      -  55.4  510s
 2736817 1173752   14.50000   32   41          -   14.02717      -  55.6  515s
 2755550 1179977   15.09891   31  222          -   14.05000      -  55.7  520s
 2775232 1186466   18.62162   31  109          -   14.06796      -  55.8  525s
 2795632 1192990   17.60000   33   44          -   14.08541      -  55.9  530s
 2815853 1199825   17.27273   40   94          -   14.10000      -  56.0  535s
 2837129 1206222   16.89962   32  159          -   14.11487      -  56.1  540s
 2858992 1213080   15.76190   32   47          -   14.12675      -  56.2  545s
 2878093 1219041   15.39877   37  173          -   14.14286      -  56.3  550s
 2899572 1225490   15.00000   28   17          -   14.15441      -  56.4  555s
 2920454 1232142   15.00000   35    9          -   14.16667      -  56.4  560s
 2942424 1238708   18.00000   38    1          -   14.18018      -  56.5  565s
 2962335 1244798   16.60000   30   41          -   14.19397      -  56.6  570s
 2989368 1253079   16.00000   33   24          -   14.20000      -  56.6  575s
 3007650 1258726   14.94444   22   66          -   14.21429      -  56.7  580s
 3027907 1264836   15.78875   38  160          -   14.22727      -  56.8  585s
 3047665 1270625   15.17647   50   97          -   14.24138      -  56.9  590s
 3057325 1272953   14.88108   44  198          -   14.25000      -  57.0  595s
 3074301 1278757 infeasible   33               -   14.25000      -  57.0  600s
 3102532 1287249   15.50000   23   30          -   14.25015      -  56.9  605s
 3121070 1292809   15.65385   33   75          -   14.26632      -  57.0  610s
 3140199 1297748   14.48936   33  171          -   14.27883      -  57.1  615s
 3146239 1299079   14.66667   40   43          -   14.28571      -  57.1  620s
 3146349 1299186   17.04545   38   82          -   14.28571      -  57.1  625s
 3146501 1299414   14.92857   32  128          -   14.28571      -  57.2  630s
 3150193 1300730   17.00000   33    5          -   14.28571      -  57.1  635s
 3163107 1304258   17.09091   31   74          -   14.29474      -  57.2  640s
 3181233 1309475   17.80000   31   73          -   14.30715      -  57.3  645s
 3201278 1315088   17.00000   37   15          -   14.32000      -  57.4  650s
 3220196 1320193   15.00000   35   11          -   14.33333      -  57.5  655s
 3249747 1329269   14.92308   45   40          -   14.33333      -  57.4  660s
 3281333 1339315   14.60000   35   69          -   14.33333      -  57.4  665s
 3308770 1347319   16.33333   34   38          -   14.33684      -  57.3  670s
 3326393 1352107   17.25000   40   64          -   14.35136      -  57.4  675s
 3347567 1357513   17.00000   37   53          -   14.36364      -  57.5  680s
 3368761 1363351   14.37500   35   38          -   14.37500      -  57.6  685s
 3389755 1368792   15.00000   41   26          -   14.38605      -  57.6  690s
 3408875 1374111   14.56954   33  123          -   14.40000      -  57.7  695s
 3437464 1382701   16.00000   36    4          -   14.40179      -  57.7  700s
 3456014 1388085   14.62287   39  196          -   14.41667      -  57.8  705s
 3475807 1392969   14.75000   45   33          -   14.42857      -  57.8  710s
 3498147 1398912   14.93066   41  145          -   14.43695      -  57.9  715s
 3520113 1404731   17.00000   36   21          -   14.44780      -  57.9  720s
 3539414 1409615   16.00000   42   20          -   14.45954      -  58.0  725s
 3560152 1415218   16.34784   39  160          -   14.47222      -  58.1  730s
 3579220 1420011   16.33333   31   62          -   14.48571      -  58.2  735s
 3598613 1425090   16.00000   43    6          -   14.50000      -  58.2  740s
 3628649 1433859   16.00000   35   20          -   14.50000      -  58.2  745s
 3660573 1443394   16.61905   32   87          -   14.50000      -  58.1  750s
 3693813 1453207   16.50000   31   56          -   14.50000      -  58.0  755s
 3724867 1462319   17.33333   38   83          -   14.50000      -  57.9  760s
 3758510 1471867   18.60000   36   95          -   14.50000      -  57.9  765s
 3792921 1482274   14.50000   35   25          -   14.50000      -  57.8  770s
 3827830 1492261   16.50000   27   53          -   14.50000      -  57.6  775s
 3859351 1501305   16.83333   38   88          -   14.50000      -  57.6  780s
 3879898 1506186   17.00000   42    3          -   14.51087      -  57.6  785s
 3898635 1510870   19.00000   40   31          -   14.52688      -  57.7  790s
 3920351 1516349   16.00000   27   28          -   14.54321      -  57.7  795s
 3942645 1522074   14.88889   41   67          -   14.55556      -  57.8  800s
 3961592 1527131   15.00000   45   13          -   14.57143      -  57.8  805s
 3985403 1533396   18.00000   47   28          -   14.58121      -  57.9  810s
 4006409 1538428   17.50000   44   28          -   14.59375      -  57.9  815s
 4033086 1546051   16.00000   27   26          -   14.60000      -  57.9  820s
 4056761 1552144   17.70513   37   69          -   14.61071      -  57.9  825s
 4077460 1557377   18.00000   46   32          -   14.62500      -  58.0  830s
 4101036 1563212   18.00000   47   22          -   14.63492      -  58.0  835s
 4122314 1568884   15.50000   35   80          -   14.64706      -  58.0  840s
 4142219 1573410   18.00000   45    1          -   14.66157      -  58.1  845s
 4169455 1581031   14.94444   28  112          -   14.66667      -  58.1  850s
 4201377 1590320   15.00000   31   29          -   14.66667      -  58.0  855s
 4232979 1599034   16.58333   25   58          -   14.66667      -  57.9  860s
 4264974 1607932   16.09524   37   99          -   14.66667      -  57.9  865s
 4284004 1612552   15.73529   41  155          -   14.68182      -  57.9  870s
 4304769 1617422   18.16667   41   36          -   14.69472      -  58.0  875s
 4326551 1622822   17.00000   40    5          -   14.70690      -  58.0  880s
 4351525 1629364   16.72152   32  184          -   14.71519      -  58.0  885s
 4372620 1634640   16.87500   42   34          -   14.72754      -  58.1  890s
 4392391 1639299   17.00000   40   17          -   14.74242      -  58.1  895s
 4417746 1645811   15.00000   52   17          -   14.75000      -  58.1  900s
 4448506 1654389   14.97150   29  185          -   14.75000      -  58.1  905s
 4478935 1662826   15.50000   28   76          -   14.75000      -  58.0  910s
 4498248 1667054   17.00000   41   33          -   14.76758      -  58.1  915s
 4508547 1669633   15.89576   36  219          -   14.77395      -  58.1  920s
 4529233 1674664   15.00000   50    7          -   14.78571      -  58.1  925s
 4550192 1679258   16.22096   38  183          -   14.80000      -  58.1  930s
 4580053 1687037   15.00000   35    9          -   14.80000      -  58.1  935s
 4602569 1692458   15.96842   41  107          -   14.80952      -  58.1  940s
 4624683 1697761   17.00000   35    3          -   14.82186      -  58.2  945s
 4646075 1703088   15.81250   38   78          -   14.83333      -  58.2  950s
 4674044 1710174   15.46154   43   74          -   14.83370      -  58.2  955s
 4693438 1714670   18.00000   48   18          -   14.84722      -  58.2  960s
 4716289 1720455   15.88889   39   74          -   14.85714      -  58.2  965s
 4738218 1725589   16.00000   29   31          -   14.86667      -  58.2  970s
 4761701 1731469   16.00000   35   18          -   14.87500      -  58.2  975s
 4781449 1735941   15.64977   34  114          -   14.88800      -  58.3  980s
 4803684 1741366   18.28571   41   71          -   14.89658      -  58.3  985s
 4824999 1746305   15.12500   41   36          -   14.90698      -  58.3  990s
 4846680 1751665   17.35714   46   43          -   14.91667      -  58.3  995s
 4868627 1756565   15.23881   48  130          -   14.92857      -  58.4 1000s
 4889889 1761492   17.00000   38    9          -   14.94118      -  58.4 1005s
 4911158 1766231   16.00000   40    8          -   14.95455      -  58.4 1010s
 4930971 1770882   17.90698   39  137          -   14.96875      -  58.5 1015s
 4950517 1775200   15.57708   44  186          -   14.98387      -  58.5 1020s
 4970138 1779243   16.51887   24  147          -   15.00000      -  58.5 1025s
 4996626 1785651   17.10870   46  109          -   15.00000      -  58.5 1030s
 5024932 1792459   17.00000   45    9          -   15.00000      -  58.5 1035s
 5053272 1799228   18.80851   45  122          -   15.00000      -  58.4 1040s
 5082308 1806153   16.50000   35   29          -   15.00000      -  58.4 1045s
 5111388 1812327     cutoff   58               -   15.00000      -  58.4 1050s
 5140843 1818956   18.00000   25   61          -   15.00000      -  58.3 1055s
 5168360 1824610   17.00000   40    9          -   15.00000      -  58.3 1060s
 5199125 1831261   16.00000   37   11          -   15.00000      -  58.2 1065s
 5228003 1837731   17.00000   35    7          -   15.00000      -  58.2 1070s
 5257434 1844036   15.70000   36   68          -   15.00000      -  58.2 1075s
 5287954 1850478   16.00000   43   10          -   15.00000      -  58.1 1080s
 5317132 1856877   16.50000   43   97          -   15.00000      -  58.1 1085s
 5347439 1863164   17.00000   44   11          -   15.00000      -  58.0 1090s
 5379028 1870126   16.00000   45   10          -   15.00000      -  58.0 1095s
 5411129 1876798   17.90909   35  102          -   15.00000      -  57.9 1100s
 5441386 1883669   17.47619   39   80          -   15.00000      -  57.9 1105s
 5470759 1890656   15.36364   30   77          -   15.00000      -  57.8 1110s
 5484217 1893474     cutoff   43               -   15.00000      -  57.8 1115s
 5495203 1896005   16.00000   34   18          -   15.00000      -  57.8 1120s
 5524455 1902229   17.00000   40    5          -   15.00000      -  57.7 1125s
 5556112 1909190   16.00000   30   13          -   15.00000      -  57.7 1130s
 5587833 1916333   17.00000   32    8          -   15.00000      -  57.6 1135s
 5623433 1924216     cutoff   44               -   15.00000      -  57.5 1140s
 5657970 1931936   15.00000   32    7          -   15.00000      -  57.5 1145s
 5691694 1939680   16.75000   35   49          -   15.00000      -  57.4 1150s
 5722013 1946566   15.98113   37  186          -   15.00000      -  57.4 1155s
 5752450 1953353   16.23077   39   46          -   15.00000      -  57.3 1160s
 5782643 1960493   15.00000   37    9          -   15.00000      -  57.3 1165s
 5812924 1967620   15.00000   58   17          -   15.00000      -  57.2 1170s
 5841923 1974240     cutoff   42               -   15.00000      -  57.2 1175s
 5873422 1981395   17.00000   46   22          -   15.00000      -  57.2 1180s
 5902466 1987888   15.52632   33   77          -   15.00000      -  57.1 1185s
 5929462 1993947   15.75000   41   47          -   15.00000      -  57.1 1190s
 5949467 1997918   15.34615   44   59          -   15.02203      -  57.1 1195s
 5971584 2002989   17.00000   51   18          -   15.04885      -  57.2 1200s
 5995384 2008576   15.66667   31   79          -   15.07143      -  57.2 1205s
 6019601 2014308   18.50000   41   35          -   15.08833      -  57.2 1210s
 6043895 2020103   15.44444   46   88          -   15.10256      -  57.1 1215s
 6068659 2026124   15.75342   52  196          -   15.11837      -  57.1 1220s
 6093165 2032232   15.45695   59  164          -   15.12940      -  57.1 1225s
 6118357 2038335   15.50000   32   32          -   15.14286      -  57.1 1230s
 6142126 2044064   16.00000   36   18          -   15.15686      -  57.1 1235s
 6169337 2050493   15.69925   33   99          -   15.16667      -  57.1 1240s
 6196690 2056959   16.50000   41   36          -   15.17647      -  57.1 1245s
 6220744 2062998   16.16667   32   82          -   15.19048      -  57.1 1250s
 6247337 2069170   15.66667   38   53          -   15.20000      -  57.1 1255s
 6275337 2075649   15.53154   46  168          -   15.20073      -  57.0 1260s
 6299320 2081545   17.16822   37  160          -   15.21875      -  57.0 1265s
 6322421 2086941   15.85714   35   61          -   15.23077      -  57.0 1270s
 6346863 2092504   19.00000   48   19          -   15.24590      -  57.0 1275s
 6374117 2098703   15.48649   34   85          -   15.25000      -  57.0 1280s
 6404608 2105556   17.62500   34   62          -   15.25000      -  57.0 1285s
 6434956 2112336   15.43478   44  141          -   15.25000      -  56.9 1290s
 6459359 2118040     cutoff   47               -   15.26016      -  56.9 1295s
 6482754 2123522   15.75000   42   78          -   15.27273      -  56.9 1300s
 6507644 2129396   15.55556   29   96          -   15.28571      -  56.9 1305s
 6533169 2135258   16.15152   31   91          -   15.29474      -  56.9 1310s
 6557757 2141155   18.00000   41   10          -   15.30727      -  56.9 1315s
 6581493 2146434   16.45957   31   96          -   15.31825      -  56.9 1320s
 6604868 2151912   16.00000   30    6          -   15.33333      -  56.9 1325s
 6633967 2158656   16.50000   29   35          -   15.33333      -  56.9 1330s
 6664249 2165420   15.45455   29   50          -   15.33333      -  56.9 1335s
 6695747 2172011   17.80000   35  104          -   15.33333      -  56.8 1340s
 6725877 2178376   16.33333   33   41          -   15.33333      -  56.8 1345s
 6757011 2185109   15.75000   36   37          -   15.33333      -  56.7 1350s
 6784113 2190603   17.00000   30    9          -   15.34085      -  56.7 1355s
 6806870 2195706   16.14286   38   66          -   15.35714      -  56.7 1360s
 6830299 2201042   17.00000   33   40          -   15.36842      -  56.7 1365s
 6856370 2206887   16.00000   31    8          -   15.37500      -  56.7 1370s
 6878801 2211872   18.00000   44    6          -   15.38889      -  56.7 1375s
 6903852 2217494   15.50000   25   94          -   15.40000      -  56.7 1380s
 6932977 2223814   16.00000   28   57          -   15.40000      -  56.7 1385s
 6958886 2229318   15.92916   36  189          -   15.40854      -  56.7 1390s
 6982958 2234471   16.09955   46  145          -   15.41813      -  56.7 1395s
 7005928 2239490   19.00000   45   32          -   15.42857      -  56.7 1400s
 7031936 2245285   15.72020   33  219          -   15.43689      -  56.7 1405s
 7057722 2250657   17.62500   46   65          -   15.44444      -  56.7 1410s
 7080652 2255628   15.72222   35  104          -   15.45455      -  56.7 1415s
 7105275 2261153   16.00000   37   77          -   15.46667      -  56.7 1420s
 7129205 2266343   16.35294   38   97          -   15.48125      -  56.7 1425s
 7151183 2271456   18.00000   53    8          -   15.50000      -  56.7 1430s
 7181008 2277514   16.50000   33   32          -   15.50000      -  56.7 1435s
 7209562 2283343   16.50000   47  136          -   15.50000      -  56.7 1440s
 7239218 2288968   16.00000   29    8          -   15.50000      -  56.6 1445s
 7270053 2294382   17.50000   31   39          -   15.50000      -  56.6 1450s
 7299385 2300113   17.00000   31    9          -   15.50000      -  56.6 1455s
 7331218 2305594   18.00000   34   54          -   15.50000      -  56.5 1460s
 7361509 2311230   16.00000   42   30          -   15.50000      -  56.5 1465s
 7392050 2316932   17.00000   51   17          -   15.50000      -  56.5 1470s
 7422627 2322476   16.00000   30    8          -   15.50000      -  56.4 1475s
 7452510 2327961   16.00000   43   28          -   15.50000      -  56.4 1480s
 7481092 2333465   16.10000   40   34          -   15.50000      -  56.4 1485s
 7513625 2339474   18.00000   25   68          -   15.50000      -  56.4 1490s
 7544094 2344970   17.48276   38   76          -   15.50000      -  56.3 1495s
 7573630 2350863   15.50000   43   29          -   15.50000      -  56.3 1500s
 7608015 2357487   16.00000   41    1          -   15.50000      -  56.3 1505s
 7639305 2363269   16.00000   32   21          -   15.50000      -  56.2 1510s
 7669303 2369159   16.00000   26   24          -   15.50000      -  56.2 1515s
 7698272 2374758   17.00000   34    8          -   15.50000      -  56.2 1520s
 7720722 2379193   15.93413   44  118          -   15.51443      -  56.2 1525s
 7743331 2383833   18.00000   35    9          -   15.52941      -  56.2 1530s
 7766885 2388883   15.80000   35   73          -   15.54184      -  56.2 1535s
 7781455 2391711   16.33333   37   56          -   15.55000      -  56.2 1540s
 7788733 2393515     cutoff   45               -   15.55556      -  56.2 1545s
 7807938 2397367   15.96364   49  176          -   15.56150      -  56.2 1550s
 7832308 2402481   18.23333   29   77          -   15.57143      -  56.2 1555s
 7858681 2407631   17.00000   47   21          -   15.57823      -  56.2 1560s
 7881631 2412275   17.00000   38   17          -   15.58824      -  56.2 1565s
 7904734 2417126   16.00000   42    6          -   15.60000      -  56.2 1570s
 7933698 2422821   16.00000   29   95          -   15.60000      -  56.2 1575s
 7962225 2428205   18.00000   33    8          -   15.60044      -  56.2 1580s
 7984287 2432999   15.92857   44   86          -   15.61538      -  56.2 1585s
 8007249 2437412   16.64286   39   84          -   15.62500      -  56.2 1590s
 8032895 2442530   16.07653   28  141          -   15.62963      -  56.2 1595s
 8056362 2447304   16.64522   44  167          -   15.63874      -  56.2 1600s
 8079030 2452070   15.88571   44  121          -   15.65000      -  56.2 1605s
 8100821 2456626   18.41667   53   69          -   15.66512      -  56.2 1610s
 8127680 2461903   16.50000   45   48          -   15.66667      -  56.2 1615s
 8156190 2467163   17.00000   42    9          -   15.66667      -  56.2 1620s
 8186787 2472739   16.37500   35   85          -   15.66667      -  56.2 1625s
 8218750 2478207   17.00000   36    3          -   15.66667      -  56.2 1630s
 8247292 2483043   17.83333   28   75          -   15.66667      -  56.1 1635s
 8278821 2488280   17.00000   30    7          -   15.66667      -  56.1 1640s
 8308814 2493479   15.80000   46   43          -   15.66667      -  56.1 1645s
 8338843 2498694   17.87500   44   36          -   15.66667      -  56.1 1650s
 8362145 2503090   16.00000   27    1          -   15.68000      -  56.1 1655s
 8383580 2507382   15.92685   50  177          -   15.69125      -  56.1 1660s
 8406991 2512040   17.80000   40   57          -   15.70000      -  56.1 1665s
 8430823 2516470     cutoff   43               -   15.70938      -  56.1 1670s
 8456785 2521510   17.00000   37   10          -   15.71429      -  56.1 1675s
 8480914 2526254   15.77778   39   64          -   15.72222      -  56.1 1680s
 8503864 2530617   16.42000   37  132          -   15.73077      -  56.1 1685s
 8526738 2535085   16.61531   32  182          -   15.74074      -  56.1 1690s
 8550689 2539298   15.85714   40   66          -   15.75000      -  56.1 1695s
 8581121 2544467   16.50000   35   16          -   15.75000      -  56.1 1700s
 8609424 2549325   16.00000   30   30          -   15.75000      -  56.1 1705s
 8638269 2554348   17.00000   37    9          -   15.75000      -  56.1 1710s
 8668357 2559606   16.75000   31   58          -   15.75000      -  56.1 1715s
 8694429 2564346   17.50000   35   27          -   15.75281      -  56.1 1720s
 8715731 2568333   16.00000   31   20          -   15.76471      -  56.1 1725s
 8737363 2572246   17.00000   42    7          -   15.77518      -  56.1 1730s
 8761170 2576497   16.76190   33   73          -   15.77969      -  56.1 1735s
 8783018 2580417     cutoff   38               -   15.78947      -  56.1 1740s
 8804449 2584127   16.00000   34   10          -   15.80000      -  56.1 1745s
 8832066 2589124   16.84647   30  142          -   15.80000      -  56.1 1750s
 8859881 2593763   16.00000   35   20          -   15.80000      -  56.1 1755s
 8885159 2598092   15.89869   36  150          -   15.80470      -  56.1 1760s
 8907649 2602326   19.00000   36   19          -   15.81544      -  56.1 1765s
 8932017 2607097   17.00000   27   44          -   15.82353      -  56.1 1770s
 8952791 2610910   17.50000   32   33          -   15.83333      -  56.2 1775s
 8981709 2615775   16.27500   32  105          -   15.83333      -  56.1 1780s
 9010239 2620691   17.00000   52   73          -   15.83333      -  56.1 1785s
 9031852 2624557   16.92233   33  186          -   15.84375      -  56.1 1790s
 9055148 2628440   17.91753   48  137          -   15.85185      -  56.2 1795s
 9078417 2632369   18.00000   28   28          -   15.85714      -  56.2 1800s
 9103611 2636395   17.71642   38  110          -   15.86092      -  56.2 1805s
 9125473 2640435   18.40000   46  117          -   15.86975      -  56.2 1810s
 9148573 2644374   17.50000   54   21          -   15.87500      -  56.2 1815s
 9173599 2648668   16.21311   35  145          -   15.87963      -  56.2 1820s
 9195247 2652534   17.85714   35   64          -   15.88889      -  56.2 1825s
 9220405 2656497   16.36538   33  125          -   15.89286      -  56.2 1830s
 9242753 2660314 infeasible   40               -   15.90000      -  56.2 1835s
 9265600 2664217   16.73333   32   80          -   15.90678      -  56.2 1840s
 9288917 2668032   17.24138   29   83          -   15.91304      -  56.2 1845s
 9311310 2671588   19.07895   44  104          -   15.91896      -  56.2 1850s
 9333618 2675448   16.40000   26   69          -   15.92725      -  56.3 1855s
 9356179 2679190   16.00000   32   14          -   15.93333      -  56.3 1860s
 9377700 2682870   16.95181   50  120          -   15.94118      -  56.3 1865s
 9399296 2686610   17.50000   34   38          -   15.95000      -  56.3 1870s
 9421162 2690246   18.00000   36   24          -   15.95833      -  56.3 1875s
 9441858 2693531   17.00000   31   10          -   15.96667      -  56.3 1880s
 9462324 2696906   17.87755   32  128          -   15.97701      -  56.3 1885s
 9481115 2699847     cutoff   31               -   15.98885      -  56.4 1890s
 9498279 2703303   16.00000   35   12          -   16.00000      -  56.4 1895s
 9524344 2706940   17.00000   41   19          -   16.00000      -  56.4 1900s
 9550044 2710725     cutoff   56               -   16.00000      -  56.4 1905s
 9577883 2714420   16.32000   34   67          -   16.00000      -  56.4 1910s
 9604973 2717554   19.00000   50    7          -   16.00000      -  56.4 1915s
 9633497 2721592   17.49580   37  125          -   16.00000      -  56.4 1920s
 9660533 2725230   16.50782   46  178          -   16.00000      -  56.4 1925s
 9688365 2728872   17.00000   32    9          -   16.00000      -  56.4 1930s
 9716680 2732822   16.71429   26   65          -   16.00000      -  56.3 1935s
 9744894 2735871   16.00000   47   17          -   16.00000      -  56.3 1940s
 9774749 2739063   17.50000   28   62          -   16.00000      -  56.3 1945s
 9804861 2742094   18.00000   34   22          -   16.00000      -  56.3 1950s
 9832543 2745238   17.33333   38   42          -   16.00000      -  56.3 1955s
 9862090 2748451   18.33333   41   67          -   16.00000      -  56.3 1960s
 9889763 2751080   17.96000   33  100          -   16.00000      -  56.3 1965s
 9919133 2753934   16.05172   31  123          -   16.00000      -  56.2 1970s
 9948076 2756867   17.75000   31   81          -   16.00000      -  56.2 1975s
 9971310 2759186   18.00000   29   18          -   16.00000      -  56.2 1980s
 9995865 2761445   18.00000   40   12          -   16.00000      -  56.2 1985s
 10025626 2764544     cutoff   35               -   16.00000      -  56.2 1990s
 10054386 2767371   16.00000   48    5          -   16.00000      -  56.2 1995s
 10084531 2770251     cutoff   34               -   16.00000      -  56.1 2000s
 10112521 2772882   16.00000   41   10          -   16.00000      -  56.1 2005s
 10139215 2775600   16.50000   46   27          -   16.00000      -  56.1 2010s
 10168342 2778532   16.50000   55   22          -   16.00000      -  56.1 2015s
 10197536 2781655   18.00000   31   10          -   16.00000      -  56.1 2020s
 10224233 2784300     cutoff   38               -   16.00000      -  56.1 2025s
 10252544 2787597   17.75000   29   62          -   16.00000      -  56.1 2030s
 10281782 2790426   17.46667   28  102          -   16.00000      -  56.0 2035s
 10312773 2793810   19.00000   41   11          -   16.00000      -  56.0 2040s
 10343255 2797040   18.00000   40   10          -   16.00000      -  56.0 2045s
 10372165 2800068   18.20000   30   78          -   16.00000      -  56.0 2050s
 10399274 2803060   17.00000   38   18          -   16.00000      -  56.0 2055s
 10427482 2805999   16.50000   33   42          -   16.00000      -  56.0 2060s
 10456015 2809237   17.00000   39    9          -   16.00000      -  55.9 2065s
 10484636 2812386   16.00000   28   48          -   16.00000      -  55.9 2070s
 10514201 2815442   16.00000   43    1          -   16.00000      -  55.9 2075s
 10542494 2818351   18.25000   49   72          -   16.00000      -  55.9 2080s
 10571063 2821192   16.00000   30    4          -   16.00000      -  55.9 2085s
 10601163 2824134   18.00000   40    8          -   16.00000      -  55.9 2090s
 10603889 2824499   18.50000   40   60          -   16.00000      -  55.9 2095s
 10615327 2825660   17.50000   30   54          -   16.00000      -  55.9 2100s
 10645150 2828404   18.00000   47   32          -   16.00000      -  55.8 2105s
 10674811 2831363   18.00000   57   56          -   16.00000      -  55.8 2110s
 10704168 2834161   17.00000   38    9          -   16.00000      -  55.8 2115s
 10736183 2837443   19.00000   42    9          -   16.00000      -  55.8 2120s
 10769506 2840773   18.55556   35   84          -   16.00000      -  55.8 2125s
 10803390 2844164   17.50000   33   47          -   16.00000      -  55.7 2130s
 10836039 2847697   17.00000   41    9          -   16.00000      -  55.7 2135s
 10868679 2851288   17.50000   38   44          -   16.00000      -  55.7 2140s
 10900320 2855003   18.00000   34    6          -   16.00000      -  55.6 2145s
 10933611 2858406   17.75000   31   56          -   16.00000      -  55.6 2150s
 10963166 2861594   16.00000   34   10          -   16.00000      -  55.6 2155s
 10993649 2865268     cutoff   49               -   16.00000      -  55.6 2160s
 11023393 2868914   18.00000   38    1          -   16.00000      -  55.6 2165s
 11051219 2872357   16.00000   48   14          -   16.00000      -  55.5 2170s
 11080698 2875853   16.33333   26   61          -   16.00000      -  55.5 2175s
 11110149 2879416   16.75000   25   77          -   16.00000      -  55.5 2180s
 11140039 2882918   17.20000   36   53          -   16.00000      -  55.5 2185s
 11167577 2886330   17.00000   30    5          -   16.00000      -  55.5 2190s
 11195500 2889705     cutoff   53               -   16.00000      -  55.5 2195s
 11222154 2892823   17.00000   43   32          -   16.00000      -  55.5 2200s
 11247763 2896131   16.33333   33   55          -   16.00000      -  55.5 2205s
 11265123 2898596   17.75000   37   62          -   16.01961      -  55.5 2210s
 11286137 2901853   16.50000   35   52          -   16.03704      -  55.5 2215s
 11307780 2905310   17.20000   50   77          -   16.05000      -  55.5 2220s
 11329496 2908843   18.00000   34    8          -   16.06250      -  55.6 2225s
 11352610 2912398     cutoff   35               -   16.07207      -  55.6 2230s
 11373738 2915798   16.97790   37  138          -   16.08333      -  55.6 2235s
 11396634 2919331   17.00000   34   15          -   16.09091      -  55.6 2240s
 11419172 2922830   16.84524   41  137          -   16.10000      -  55.6 2245s
 11441803 2926278   17.91667   39   77          -   16.10770      -  55.6 2250s
 11466648 2929996   17.61387   33  208          -   16.11429      -  55.6 2255s
 11488401 2933370   16.50877   43   79          -   16.12500      -  55.6 2260s
 11513868 2937053   17.00000   29    8          -   16.12644      -  55.6 2265s
 11534737 2940170   17.75000   47   78          -   16.13636      -  55.6 2270s
 11558267 2943481   18.00000   39   96          -   16.14286      -  55.6 2275s
 11583465 2946813   17.12587   36   94          -   16.14815      -  55.6 2280s
 11605563 2950019   16.79487   31  125          -   16.15625      -  55.6 2285s
 11625902 2953207     cutoff   39               -   16.16667      -  55.6 2290s
 11654256 2956829   16.75000   41   58          -   16.16667      -  55.6 2295s
 11682351 2960463   18.50000   44   26          -   16.16667      -  55.6 2300s
 11702394 2963175   18.20000   38   70          -   16.17647      -  55.6 2305s
 11726086 2966251   17.00000   44    9          -   16.18305      -  55.6 2310s
 11748596 2969479   17.69231   43   88          -   16.19231      -  55.6 2315s
 11771802 2972490   18.00000   32   49          -   16.20000      -  55.6 2320s
 11798465 2976077   16.61538   41  107          -   16.20000      -  55.6 2325s
 11827388 2979578   17.00000   40   19          -   16.20000      -  55.6 2330s
 11850056 2982584   18.36364   27  106          -   16.20588      -  55.6 2335s
 11873011 2985731 infeasible   58               -   16.21429      -  55.6 2340s
 11894048 2988730   16.50000   55   75          -   16.22222      -  55.6 2345s
 11917414 2991960   17.33333   47   41          -   16.22694      -  55.6 2350s
 11940049 2995187   17.62500   38  124          -   16.23485      -  55.6 2355s
 11961553 2998296   16.50250   50  138          -   16.24350      -  55.7 2360s
 11986772 3001538   18.30000   39   71          -   16.25000      -  55.7 2365s
 12015034 3004782   16.57143   40   78          -   16.25000      -  55.6 2370s
 12042252 3007882   17.70968   35  137          -   16.25000      -  55.6 2375s
 12070987 3011243   17.00000   47   27          -   16.25000      -  55.6 2380s
 12099290 3014273   16.60000   41   47          -   16.25000      -  55.6 2385s
 12128747 3017632   18.00000   41    8          -   16.25000      -  55.6 2390s
 12153107 3020517   16.52381   61   75          -   16.25414      -  55.6 2395s
 12173802 3023344   17.12500   36   80          -   16.26471      -  55.6 2400s
 12195163 3026399   16.66667   38   54          -   16.27273      -  55.6 2405s
 12218369 3029337 infeasible   51               -   16.27778      -  55.6 2410s
 12239693 3031784 infeasible   54               -   16.28571      -  55.6 2415s
 12267335 3035108   17.25000   41   42          -   16.28571      -  55.6 2420s
 12288632 3037758   17.00000   24  110          -   16.29412      -  55.6 2425s
 12311203 3040477   18.17808   42  179          -   16.30000      -  55.6 2430s
 12332621 3043067   16.94737   52  114          -   16.30618      -  55.6 2435s
 12355525 3045669   16.50000   25   47          -   16.31250      -  55.7 2440s
 12374896 3048160   16.60776   51  154          -   16.32051      -  55.7 2445s
 12394694 3050612   17.97945   39  104          -   16.33221      -  55.7 2450s
 12420513 3053408   16.55556   41   68          -   16.33333      -  55.7 2455s
 12447141 3056353   19.00000   44    3          -   16.33333      -  55.7 2460s
 12475945 3059244   16.91228   38  125          -   16.33333      -  55.7 2465s
 12504145 3061982   17.00000   38   10          -   16.33333      -  55.6 2470s
 12531276 3064586   17.19588   33  127          -   16.33333      -  55.6 2475s
 12559993 3067531   16.93103   27  125          -   16.33333      -  55.6 2480s
 12588738 3070201   16.40000   33   63          -   16.33333      -  55.6 2485s
 12617531 3072924 infeasible   56               -   16.33333      -  55.6 2490s
 12647122 3075158   16.82609   48   91          -   16.33333      -  55.6 2495s
 12676662 3077809   16.50000   50   20          -   16.33333      -  55.6 2500s
 12705681 3080667     cutoff   36               -   16.33333      -  55.5 2505s
 12728282 3082983   19.50000   44   24          -   16.34058      -  55.5 2510s
 12748156 3085379   17.64214   38  189          -   16.35000      -  55.6 2515s
 12769546 3088052   17.98235   43  153          -   16.35714      -  55.6 2520s
 12792145 3090577   17.50000   44   40          -   16.36364      -  55.6 2525s
 12814396 3093251   17.00000   28   17          -   16.36992      -  55.6 2530s
 12837320 3095740   16.38889   36  122          -   16.37500      -  55.6 2535s
 12862771 3098504   19.00000   43   19          -   16.37705      -  55.6 2540s
 12884335 3101052     cutoff   38               -   16.38462      -  55.6 2545s
 12903794 3103053   16.81801   32  166          -   16.39179      -  55.6 2550s
 12925595 3105661   16.80000   32   73          -   16.40000      -  55.6 2555s
 12952187 3108427   17.62745   36   96          -   16.40000      -  55.6 2560s
 12980549 3111156   16.66667   31   23          -   16.40000      -  55.6 2565s
 13008383 3113911 infeasible   49               -   16.40000      -  55.6 2570s
 13032183 3116420   16.59728   46  204          -   16.40523      -  55.6 2575s
 13053335 3118893   17.78261   41  100          -   16.41374      -  55.6 2580s
 13075325 3121098     cutoff   54               -   16.41772      -  55.6 2585s
 13095417 3123405 infeasible   41               -   16.42667      -  55.6 2590s
 13121545 3126064   16.66667   66   33          -   16.42857      -  55.6 2595s
 13146678 3128414     cutoff   42               -   16.43011      -  55.6 2600s
 13167706 3130797   16.64286   36  116          -   16.43750      -  55.6 2605s
 13190579 3133316   16.44444   36   69          -   16.44444      -  55.6 2610s
 13208259 3135029   16.50000   41   25          -   16.44534      -  55.6 2615s
 13224165 3136633 infeasible   40               -   16.45205      -  55.6 2620s
 13246727 3138869   17.00000   34   21          -   16.45652      -  55.7 2625s
 13268370 3141022   19.00000   33    6          -   16.46256      -  55.7 2630s
 13288921 3143393   19.00000   32   22          -   16.46984      -  55.7 2635s
 13310081 3145531   17.37037   44  112          -   16.47619      -  55.7 2640s
 13330689 3147758   16.93750   45  116          -   16.48421      -  55.7 2645s
 13349347 3149679     cutoff   39               -   16.49398      -  55.7 2650s
 13371484 3151642   17.18660   44  152          -   16.50000      -  55.7 2655s
 13397521 3153889   16.75000   35   69          -   16.50000      -  55.7 2660s
 13425319 3156014   17.10366   40  129          -   16.50000      -  55.7 2665s
 13452519 3158005   17.00000   32   23          -   16.50000      -  55.7 2670s
 13481988 3159857   18.00000   43   26          -   16.50000      -  55.7 2675s
 13513363 3161694   17.00000   41    4          -   16.50000      -  55.7 2680s
 13540402 3163120   18.07692   32   65          -   16.50000      -  55.7 2685s
 13569407 3164584   17.75000   32   58          -   16.50000      -  55.6 2690s
 13597589 3166063   16.94805   53  116          -   16.50000      -  55.6 2695s
 13625442 3167795   17.33333   33   46          -   16.50000      -  55.6 2700s
 13656211 3169459   16.66667   57   62          -   16.50000      -  55.6 2705s
 13684816 3171011   17.00000   55   34          -   16.50000      -  55.6 2710s
 13713354 3172668 infeasible   44               -   16.50000      -  55.6 2715s
 13742404 3173933   17.83333   43   66          -   16.50000      -  55.6 2720s
 13771230 3175036   17.00000   50   23          -   16.50000      -  55.6 2725s
 13801118 3176702   18.00000   27   19          -   16.50000      -  55.5 2730s
 13831406 3178422   17.00000   53    7          -   16.50000      -  55.5 2735s
 13862641 3180115   16.58333   30   80          -   16.50000      -  55.5 2740s
 13863776 3179842   17.40000   45   40          -   16.50000      -  55.5 2751s
 13889493 3179772   17.00000   35   27          -   16.50000      -  55.5 2755s
 13918045 3181503   16.50000   46   22          -   16.50000      -  55.5 2760s
 13945666 3182978   18.20000   41   37          -   16.50000      -  55.5 2765s
 13973778 3184454   16.50000   40   33          -   16.50000      -  55.5 2770s
 14001233 3185862   17.00000   54    7          -   16.50000      -  55.4 2775s
 14030202 3187303   19.00000   50   25          -   16.50000      -  55.4 2780s
 14058152 3188886   17.00000   29   26          -   16.50000      -  55.4 2785s
 14087977 3190606   17.00000   36    7          -   16.50000      -  55.4 2790s
 14118107 3192205   18.00000   30   14          -   16.50000      -  55.4 2795s
 14135898 3193309   17.50000   39   21          -   16.50000      -  55.4 2800s
 14153443 3194212   17.01613   47   96          -   16.50000      -  55.4 2805s
 14180676 3195566     cutoff   33               -   16.50000      -  55.3 2810s
 14209616 3197573   17.00000   37   23          -   16.50000      -  55.3 2815s
 14236716 3199101   16.66667   39   38          -   16.50000      -  55.3 2820s
 14264372 3200973   18.21053   29   84          -   16.50000      -  55.3 2825s
 14289774 3202605   17.00000   32   19          -   16.50220      -  55.3 2830s
 14308199 3204442     cutoff   44               -   16.51462      -  55.3 2835s
 14328719 3206507 infeasible   30               -   16.52381      -  55.3 2840s
 14348982 3208631   18.20000   46   54          -   16.53125      -  55.4 2845s
 14369329 3210538   18.51515   32   90          -   16.53846      -  55.4 2850s
 14391105 3212516   16.62105   41  126          -   16.54545      -  55.4 2855s
 14412405 3214365   16.65251   29  200          -   16.55042      -  55.4 2860s
 14434879 3216362   16.67143   35  117          -   16.55556      -  55.4 2865s
 14457866 3218586 infeasible   36               -   16.56216      -  55.4 2870s
 14478450 3220513   16.82759   36  130          -   16.56951      -  55.4 2875s
 14503912 3222583   17.75000   39   61          -   16.57143      -  55.4 2880s
 14528883 3224434   16.94655   34  187          -   16.57377      -  55.4 2885s
 14548617 3226323   18.10256   37  174          -   16.58242      -  55.4 2890s
 14570563 3228205   18.34694   52  134          -   16.58700      -  55.4 2895s
 14590709 3229967   17.11049   33  169          -   16.59463      -  55.4 2900s
 14612869 3231909   17.00000   31   28          -   16.60000      -  55.4 2905s
 14638751 3233781   17.00000   40   39          -   16.60000      -  55.4 2910s
 14666116 3235617   17.06667   46   80          -   16.60000      -  55.4 2915s
 14693405 3237235   18.50000   40   59          -   16.60000      -  55.4 2920s
 14714082 3239005   16.87500   33   84          -   16.60714      -  55.4 2925s
 14734561 3240998     cutoff   41               -   16.61429      -  55.5 2930s
 14757333 3243078   17.76923   38   99          -   16.62000      -  55.5 2935s
 14779580 3244985     cutoff   30               -   16.62500      -  55.5 2940s
 14804690 3246998   17.00000   49    7          -   16.62500      -  55.5 2945s
 14825412 3248969   16.80313   48  180          -   16.63356      -  55.5 2950s
 14848116 3250809   19.14101   37  202          -   16.63766      -  55.5 2955s
 14869795 3252612   17.00000   46   22          -   16.64327      -  55.5 2960s
 14890162 3254429   18.73810   35  100          -   16.65000      -  55.5 2965s
 14909027 3255990   16.89247   37  158          -   16.65751      -  55.5 2970s
 14929141 3257420   18.00000   51   56          -   16.66667      -  55.5 2975s
 14953885 3258734   17.66667   44   35          -   16.66667      -  55.5 2980s
 14979851 3260128   17.75000   34   34          -   16.66667      -  55.5 2985s
 15006412 3261174   17.60236   36  124          -   16.66667      -  55.5 2990s
 15033370 3262230   18.33333   41   29          -   16.66667      -  55.5 2995s
 15058583 3263180   17.00000   34   33          -   16.66667      -  55.5 3000s
 15086719 3264316 infeasible   49               -   16.66667      -  55.5 3005s
 15115975 3265506   17.00000   37   10          -   16.66667      -  55.5 3010s
 15143673 3266570   17.00000   35    9          -   16.66667      -  55.5 3015s
 15171994 3267599 infeasible   41               -   16.66667      -  55.5 3020s
 15199239 3268783   18.50000   33   46          -   16.66667      -  55.5 3025s
 15227327 3269712   16.87500   37   82          -   16.66667      -  55.5 3030s
 15255418 3270842   18.75000   30   87          -   16.66667      -  55.4 3035s
 15282630 3271704   17.33333   41   76          -   16.66667      -  55.4 3040s
 15308202 3272680 infeasible   39               -   16.66667      -  55.4 3045s
 15325848 3273986     cutoff   35               -   16.67742      -  55.5 3050s
 15345985 3275574   17.00000   31    7          -   16.68421      -  55.5 3055s
 15365780 3277021   17.88235   39   83          -   16.69224      -  55.5 3060s
 15386465 3278525   17.33333   56   69          -   16.69697      -  55.5 3065s
 15408254 3279887 infeasible   44               -   16.70000      -  55.5 3070s
 15429313 3281455   17.22449   34  108          -   16.70588      -  55.5 3075s
 15448409 3282985     cutoff   31               -   16.71411      -  55.5 3080s
 15473700 3284443   18.82222   37  165          -   16.71429      -  55.5 3085s
 15498749 3285707   18.00000   35   24          -   16.71429      -  55.5 3090s
 15518640 3287381   17.58333   40   70          -   16.72222      -  55.5 3095s
 15538855 3288765   18.00000   42   65          -   16.72727      -  55.5 3100s
 15559029 3290455   18.00000   35    6          -   16.73203      -  55.5 3105s
 15580258 3291816   17.50000   37   49          -   16.73684      -  55.6 3110s
 15588710 3292494   17.00000   41   42          -   16.74074      -  55.6 3115s
 15606324 3293734   17.77778   38  129          -   16.75000      -  55.6 3120s
 15632806 3294938   17.25166   34  158          -   16.75000      -  55.6 3125s
 15661229 3295911 infeasible   39               -   16.75000      -  55.6 3130s
 15687409 3296707   17.00000   43   11          -   16.75000      -  55.6 3135s
 15713831 3297393 infeasible   52               -   16.75000      -  55.6 3140s
 15740602 3298330   18.87831   34  154          -   16.75000      -  55.6 3145s
 15766200 3299100   17.81633   38  111          -   16.75000      -  55.6 3150s
 15791833 3300014   17.64427   30  161          -   16.75000      -  55.5 3155s
 15820047 3301135 infeasible   36               -   16.75000      -  55.5 3160s
 15844707 3302299   16.99462   36  142          -   16.75123      -  55.5 3165s
 15863894 3303672   17.98571   39  123          -   16.76056      -  55.6 3170s
 15883410 3305078   18.50000   37   49          -   16.76667      -  55.6 3175s
 15904243 3306583   17.85714   37   68          -   16.77206      -  55.6 3180s
 15923765 3308139   17.00000   52   17          -   16.77778      -  55.6 3185s
 15947228 3309274   18.00000   31   23          -   16.77778      -  55.6 3190s
 15967346 3310644   17.75000   40   45          -   16.78571      -  55.6 3195s
 15987748 3311823     cutoff   35               -   16.79148      -  55.6 3200s
 16007209 3313198   17.50000   53   82          -   16.80000      -  55.6 3205s
 16030945 3314260   18.00000   26   16          -   16.80000      -  55.6 3210s
 16055850 3314966   18.00000   42   10          -   16.80000      -  55.6 3215s
 16080280 3315668   17.00000   43   20          -   16.80000      -  55.6 3220s
 16106350 3316497     cutoff   38               -   16.80000      -  55.6 3225s
 16130920 3317292   16.98750   34  145          -   16.80000      -  55.6 3230s
 16149047 3318525     cutoff   52               -   16.80769      -  55.6 3235s
 16169284 3319639   17.88928   34  202          -   16.81333      -  55.6 3240s
 16189495 3320774     cutoff   44               -   16.81818      -  55.7 3245s
 16209911 3321996   18.00000   42   45          -   16.82353      -  55.7 3250s
 16227868 3323066     cutoff   44               -   16.83082      -  55.7 3255s
 16251586 3324282   16.88889   28   80          -   16.83333      -  55.7 3260s
 16276122 3324992   17.00000   41   19          -   16.83333      -  55.7 3265s
 16300626 3325694   16.83333   40   55          -   16.83333      -  55.7 3270s
 16325422 3326158   18.36379   39  140          -   16.83333      -  55.7 3275s
 16344799 3327247   18.37091   44  179          -   16.84000      -  55.7 3280s
 16363802 3328364   17.58681   30  183          -   16.84615      -  55.7 3285s
 16383901 3329464   17.97945   36  194          -   16.85000      -  55.7 3290s
 16403385 3330576   17.00000   39   19          -   16.85714      -  55.7 3295s
 16427177 3331324   17.00000   38    7          -   16.85714      -  55.7 3300s
 16451984 3331900     cutoff   40               -   16.85714      -  55.7 3305s
 16471494 3332913   17.00000   39   22          -   16.86373      -  55.7 3310s
 16489748 3333779   17.77778   36   92          -   16.86957      -  55.7 3315s
 16510498 3334547     cutoff   31               -   16.87500      -  55.8 3320s
 16534200 3335061   19.00000   35   11          -   16.87500      -  55.8 3325s
 16555175 3335733   17.01992   34  177          -   16.87678      -  55.8 3330s
 16560193 3336146 infeasible   40               -   16.87946      -  55.8 3335s
 16578402 3337011   17.83333   30   86          -   16.88477      -  55.8 3340s
 16599812 3337795   18.30000   33   91          -   16.88889      -  55.8 3345s
 16621533 3338503   19.00000   48    3          -   16.89062      -  55.8 3350s
 16641103 3339494     cutoff   38               -   16.89700      -  55.8 3355s
 16663073 3340248 infeasible   37               -   16.90000      -  55.8 3360s
 16684028 3341147   17.00000   32   20          -   16.90409      -  55.8 3365s
 16704021 3341914   17.00000   34   15          -   16.90909      -  55.8 3370s
 16724155 3342695   17.00000   53   17          -   16.91294      -  55.8 3375s
 16745111 3343337   17.54031   32  199          -   16.91667      -  55.9 3380s
 16764934 3344137 infeasible   47               -   16.92188      -  55.9 3385s
 16784362 3345059   18.31250   46   41          -   16.92523      -  55.9 3390s
 16805362 3345709   17.66667   29   46          -   16.92908      -  55.9 3395s
 16825704 3346622   18.00000   41   44          -   16.93388      -  55.9 3400s
 16845231 3347469   18.20103   46  201          -   16.93919      -  55.9 3405s
 16865106 3348364   18.34286   33  103          -   16.94444      -  55.9 3410s
 16884007 3349119   18.06050   41  152          -   16.95000      -  55.9 3415s
 16903557 3349772     cutoff   40               -   16.95455      -  55.9 3420s
 16922709 3350594   18.00000   31   20          -   16.96020      -  56.0 3425s
 16940601 3351297     cutoff   61               -   16.96639      -  56.0 3430s
 16960060 3352201   18.87500   40   66          -   16.97297      -  56.0 3435s
 16979256 3353321     cutoff   36               -   16.98039      -  56.0 3440s
 16996025 3353954   17.13793   35   93          -   16.98913      -  56.0 3445s
 17014028 3354172   17.00000   43   47          -   17.00000      -  56.0 3450s
 17037302 3354209   19.00000   41   17          -   17.00000      -  56.0 3455s
 17061067 3354205   17.00000   53   13          -   17.00000      -  56.0 3460s
 17090715 3353968   17.42857   37   68          -   17.00000      -  56.0 3465s
 17117341 3353453   19.00000   58   19          -   17.00000      -  56.0 3470s
 17143169 3353079   18.05263   31   86          -   17.00000      -  56.0 3475s
 17170341 3352747   18.33333   38   43          -   17.00000      -  56.0 3480s
 17195452 3352751   18.40000   54   60          -   17.00000      -  56.0 3485s
 17221173 3352519 infeasible   59               -   17.00000      -  56.0 3490s
 17248142 3351394   18.00000   44   18          -   17.00000      -  56.0 3495s
 17275288 3349579   18.50000   35   34          -   17.00000      -  56.0 3500s
 17298430 3347919   17.00000   42    3          -   17.00000      -  56.0 3505s
 17324976 3346280   17.00000   39   11          -   17.00000      -  56.0 3510s
 17352541 3344608   18.00000   37   18          -   17.00000      -  56.0 3515s
 17382117 3342980     cutoff   38               -   17.00000      -  56.0 3520s
 17411772 3341182     cutoff   32               -   17.00000      -  56.0 3525s
 17440136 3339438 infeasible   54               -   17.00000      -  56.0 3530s
 17468384 3337663   18.00000   42   12          -   17.00000      -  56.0 3535s
 17495298 3336141     cutoff   35               -   17.00000      -  56.0 3540s
 17523326 3334367   17.50000   35   38          -   17.00000      -  55.9 3545s
 17546746 3332689     cutoff   42               -   17.00000      -  55.9 3550s
 17572368 3330987   18.00000   32   14          -   17.00000      -  55.9 3555s
 17600038 3329019     cutoff   44               -   17.00000      -  55.9 3560s
 17625213 3327449   18.00000   40   30          -   17.00000      -  55.9 3565s
 17653051 3325753   18.00000   46   14          -   17.00000      -  55.9 3570s
 17680233 3324025   17.18182   38   92          -   17.00000      -  55.9 3575s
 17704516 3322407     cutoff   32               -   17.00000      -  55.9 3580s
 17730705 3320826 infeasible   46               -   17.00000      -  55.9 3585s
 17756616 3319316   18.00000   34   10          -   17.00000      -  55.9 3590s
 17782522 3317814   18.13333   45  122          -   17.00000      -  55.9 3595s
 17807818 3316296   17.33333   28   54          -   17.00000      -  55.9 3600s
 17832728 3314707   18.00000   31   14          -   17.00000      -  55.9 3605s
 17856968 3313389 infeasible   47               -   17.00000      -  55.9 3610s
 17875112 3312172     cutoff   40               -   17.00000      -  55.9 3616s
 17890594 3311041     cutoff   43               -   17.00000      -  55.9 3620s
 17919917 3309394   18.00000   32    8          -   17.00000      -  55.9 3625s
 17945542 3307755   17.54545   32   60          -   17.00000      -  55.9 3630s
 17970890 3306351     cutoff   35               -   17.00000      -  55.9 3635s
 17997102 3304767   18.00000   38    8          -   17.00000      -  55.9 3640s
 18025064 3303115   17.50000   39   16          -   17.00000      -  55.8 3645s
 18050733 3301551     cutoff   33               -   17.00000      -  55.8 3650s
 18076494 3300073   19.00000   38   23          -   17.00000      -  55.8 3655s
 18104316 3298483     cutoff   51               -   17.00000      -  55.8 3660s
 18130790 3297019   17.00000   52   36          -   17.00000      -  55.8 3665s
 18156615 3295486   17.00000   44   11          -   17.00000      -  55.8 3670s
 18182833 3294063   18.00000   43   18          -   17.00000      -  55.8 3675s
 18214236 3292351   18.00000   37    6          -   17.00000      -  55.8 3680s
 18244439 3290624   18.00000   38   41          -   17.00000      -  55.8 3685s
 18273158 3288907     cutoff   56               -   17.00000      -  55.8 3690s
 18300279 3287271     cutoff   29               -   17.00000      -  55.8 3695s
 18328863 3285731   17.86364   49  105          -   17.00000      -  55.8 3700s
 18356683 3284172   18.00000   38   10          -   17.00000      -  55.7 3705s
 18384594 3282683   17.00000   39    7          -   17.00000      -  55.7 3710s
 18409016 3281406   17.00000   42  106          -   17.00000      -  55.7 3715s
 18434896 3280168   18.75000   34   47          -   17.00000      -  55.7 3720s
 18459834 3278869     cutoff   44               -   17.00000      -  55.7 3725s
 18485149 3277320   17.00000   28    7          -   17.00000      -  55.7 3730s
 18509794 3276154   18.00000   38   18          -   17.00000      -  55.7 3735s
 18537239 3274655   18.00000   28    8          -   17.00000      -  55.7 3740s
 18563221 3273337   17.00000   32   11          -   17.00000      -  55.7 3745s
 18588323 3271785   17.50000   45   40          -   17.00000      -  55.7 3750s
 18614697 3270339     cutoff   42               -   17.00000      -  55.7 3755s
 18641139 3268704   17.00000   27   57          -   17.00000      -  55.7 3760s
 18667741 3267189   18.00000   37   10          -   17.00000      -  55.7 3765s
 18692772 3265795   17.66667   47   63          -   17.00000      -  55.7 3770s
 18718622 3264219   17.00000   43   13          -   17.00000      -  55.7 3775s
 18746536 3262745   18.00000   33    6          -   17.00000      -  55.7 3780s
 18775909 3261123   17.37705   30   84          -   17.00000      -  55.7 3785s
 18806214 3259624 infeasible   32               -   17.00000      -  55.7 3790s
 18834785 3257950   18.00000   33   18          -   17.00000      -  55.6 3795s
 18862436 3256305     cutoff   47               -   17.00000      -  55.6 3800s
 18890232 3254552   18.00000   52   33          -   17.00000      -  55.6 3805s
 18920070 3252659   17.00000   41    9          -   17.00000      -  55.6 3810s
 18949539 3250883   18.12500   32   85          -   17.00000      -  55.6 3815s
 18977376 3249177   19.00000   54  104          -   17.00000      -  55.6 3820s
 19005610 3247684   19.00000   38   59          -   17.00000      -  55.6 3825s
 19032258 3247080     cutoff   41               -   17.00000      -  55.6 3830s
 19057212 3246266   17.00000   37    7          -   17.00000      -  55.6 3835s
 19083888 3245317   18.00000   39   20          -   17.00000      -  55.6 3840s
 19109636 3244557   18.33333   37   66          -   17.00000      -  55.6 3845s
 19136137 3243778     cutoff   45               -   17.00000      -  55.6 3850s
 19162688 3243338   17.75000   34   50          -   17.00000      -  55.6 3855s
 19186223 3242519     cutoff   42               -   17.00000      -  55.6 3860s
 19212291 3241760     cutoff   48               -   17.00000      -  55.6 3865s
 19238951 3240907   17.50000   43   37          -   17.00000      -  55.5 3870s
 19256956 3240252   18.00000   45   16          -   17.00000      -  55.5 3875s
 19275379 3239532   18.00000   30   10          -   17.00000      -  55.5 3880s
 19298251 3238603     cutoff   49               -   17.00000      -  55.5 3885s
 19323062 3237600   17.66667   43   43          -   17.00000      -  55.5 3890s
 19344784 3237016     cutoff   33               -   17.00000      -  55.6 3895s
 19362701 3237360     cutoff   33               -   17.01587      -  55.6 3900s
 19380369 3238153   17.30000   39  110          -   17.02941      -  55.6 3905s
 19398452 3238776     cutoff   46               -   17.04021      -  55.6 3910s
 19418221 3239403   18.40000   37   92          -   17.05012      -  55.6 3915s
 19436923 3240109   17.28571   43   82          -   17.05882      -  55.6 3920s
 19455983 3240988   17.23077   35   98          -   17.06667      -  55.6 3925s
 19476247 3241540   17.16667   38   97          -   17.07353      -  55.6 3930s
 19495848 3242170   17.56132   45  205          -   17.08040      -  55.6 3935s
 19516509 3242787     cutoff   35               -   17.08696      -  55.6 3940s
 19538017 3243431     cutoff   41               -   17.09259      -  55.6 3945s
 19557886 3243985   18.33333   43   36          -   17.10000      -  55.7 3950s
 19579851 3244558   18.35294   37   94          -   17.10442      -  55.7 3955s
 19599540 3245228   18.00000   40   89          -   17.11111      -  55.7 3960s
 19621111 3245713   17.33333   30  103          -   17.11382      -  55.7 3965s
 19640622 3246324   17.81820   33  209          -   17.12162      -  55.7 3970s
 19662615 3246330     cutoff   30               -   17.12500      -  55.7 3975s
 19684129 3246554   17.50000   34   16          -   17.12756      -  55.7 3980s
 19704540 3247192   17.92805   33  175          -   17.13488      -  55.7 3985s
 19722962 3247620   18.50000   51   47          -   17.14286      -  55.7 3990s
 19747927 3247830   18.50000   33   88          -   17.14286      -  55.7 3995s
 19769416 3247976 infeasible   42               -   17.14634      -  55.7 4000s
 19789908 3248540   17.52738   40  179          -   17.15385      -  55.7 4005s
 19809637 3248714     cutoff   43               -   17.16000      -  55.7 4010s
 19829095 3249004   17.25000   38   50          -   17.16667      -  55.7 4015s
 19852867 3248594   17.36364   30  136          -   17.16667      -  55.7 4020s
 19877828 3248063   17.41176   32   96          -   17.16667      -  55.7 4025s
 19901425 3247649     cutoff   30               -   17.16667      -  55.7 4030s
 19917935 3248003 infeasible   44               -   17.17568      -  55.7 4035s
 19924712 3247377     cutoff   56               -   17.17778      -  55.7 4044s
 19931944 3247414   17.37864   38  128          -   17.17978      -  55.8 4045s
 19954147 3247397   18.50000   42   83          -   17.18421      -  55.8 4050s
 19972743 3247600   19.00000   43   29          -   17.18992      -  55.8 4055s
 19991049 3248022 infeasible   35               -   17.19726      -  55.8 4060s
 20014768 3248093     cutoff   57               -   17.20000      -  55.8 4065s
 20038475 3247699   17.53659   39  170          -   17.20000      -  55.8 4070s
 20062034 3246866 infeasible   29               -   17.20000      -  55.8 4075s
 20086691 3246289   18.00000   40   20          -   17.20000      -  55.8 4080s
 20107392 3246202   18.00000   38   74          -   17.20513      -  55.8 4085s
 20125865 3246449   18.44624   46  138          -   17.21212      -  55.8 4090s
 20146421 3246782   18.80000   36   79          -   17.21739      -  55.8 4095s
 20166329 3246967   18.75000   34   72          -   17.22222      -  55.8 4100s
 20186884 3246676   18.00000   50    8          -   17.22500      -  55.8 4105s
 20205425 3246865   17.83333   31   94          -   17.23077      -  55.8 4110s
 20225412 3246802   17.77615   34  219          -   17.23558      -  55.8 4115s
 20243658 3247115   17.39082   40  203          -   17.24272      -  55.8 4120s
 20262007 3247189 infeasible   46               -   17.25000      -  55.8 4125s
 20287380 3246325   18.00000   53   12          -   17.25000      -  55.8 4130s
 20311898 3244785   18.77778   38   70          -   17.25000      -  55.8 4135s
 20336608 3243440   17.80000   40   67          -   17.25000      -  55.8 4140s
 20361182 3242304   18.00000   42    6          -   17.25000      -  55.8 4145s
 20386460 3240874   18.00000   51   57          -   17.25000      -  55.8 4150s
 20410786 3239776     cutoff   40               -   17.25000      -  55.8 4155s
 20435225 3238270   18.32258   31   87          -   17.25000      -  55.8 4160s
 20457871 3237365   17.72414   38  100          -   17.25000      -  55.8 4165s
 20478768 3236866   18.00000   44   52          -   17.25455      -  55.8 4170s
 20496067 3236823   17.78431   27   81          -   17.26193      -  55.8 4175s
 20515238 3236789     cutoff   42               -   17.26731      -  55.8 4180s
 20534481 3236784   17.95455   29   86          -   17.27273      -  55.9 4185s
 20554206 3236800   17.95652   32  178          -   17.27778      -  55.9 4190s
 20570825 3236710   17.37530   50  176          -   17.28514      -  55.9 4195s
 20593495 3235787     cutoff   33               -   17.28571      -  55.9 4200s
 20616170 3234991     cutoff   47               -   17.28571      -  55.9 4205s
 20633981 3234963     cutoff   40               -   17.29167      -  55.9 4210s
 20652267 3235000     cutoff   35               -   17.29730      -  55.9 4215s
 20672951 3234393     cutoff   40               -   17.30000      -  55.9 4220s
 20692789 3234111     cutoff   30               -   17.30496      -  55.9 4225s
 20711428 3234015 infeasible   44               -   17.30952      -  55.9 4230s
 20730633 3233882   18.06400   42  117          -   17.31523      -  55.9 4235s
 20749829 3233884   17.66667   31   87          -   17.32143      -  55.9 4240s
 20767509 3233934   17.66667   32   34          -   17.32940      -  55.9 4245s
 20789097 3233184   18.00000   44   21          -   17.33333      -  56.0 4250s
 20812437 3231953   18.30189   42  103          -   17.33333      -  55.9 4255s
 20834525 3230435     cutoff   41               -   17.33333      -  55.9 4260s
 20860244 3228271 infeasible   33               -   17.33333      -  55.9 4265s
 20884904 3226037   17.66667   33   35          -   17.33333      -  55.9 4270s
 20909646 3224026   18.50000   46   28          -   17.33333      -  55.9 4275s
 20936232 3222039     cutoff   41               -   17.33333      -  55.9 4280s
 20959945 3220277 infeasible   41               -   17.33333      -  55.9 4285s
 20986555 3218015 infeasible   45               -   17.33333      -  55.9 4290s
 21012422 3215764   19.00000   44   33          -   17.33333      -  55.9 4295s
 21037010 3213617   18.00000   37   71          -   17.33333      -  55.9 4300s
 21063478 3211323   19.00000   31   40          -   17.33333      -  55.9 4305s
 21088622 3209187   17.44444   33  103          -   17.33333      -  55.9 4310s
 21113729 3206970   18.00000   37   14          -   17.33333      -  55.9 4315s
 21138751 3205216 infeasible   30               -   17.33333      -  55.9 4320s
 21156814 3204883   17.66667   43   67          -   17.34211      -  55.9 4325s
 21164439 3204404     cutoff   35               -   17.34589      -  55.9 4340s
 21182217 3203635     cutoff   40               -   17.35000      -  55.9 4345s
 21200056 3203326     cutoff   37               -   17.35714      -  55.9 4350s
 21219913 3202997   17.51163   36  123          -   17.36134      -  56.0 4355s
 21239451 3202176     cutoff   42               -   17.36364      -  56.0 4360s
 21257734 3202078   17.55556   42  128          -   17.37037      -  56.0 4365s
 21276425 3201145 infeasible   34               -   17.37500      -  56.0 4370s
 21298828 3199727   17.50000   38   41          -   17.37500      -  56.0 4375s
 21318915 3198968     cutoff   33               -   17.37906      -  56.0 4380s
 21338496 3198514     cutoff   52               -   17.38462      -  56.0 4385s
 21358595 3198060   18.00000   43   80          -   17.38905      -  56.0 4390s
 21375980 3197782   18.20000   41   37          -   17.39583      -  56.0 4395s
 21395457 3197000     cutoff   37               -   17.40000      -  56.0 4400s
 21418970 3195555   18.00000   42   10          -   17.40000      -  56.0 4405s
 21442766 3193652     cutoff   47               -   17.40000      -  56.0 4410s
 21465185 3191783   18.66667   35   63          -   17.40000      -  56.0 4415s
 21489616 3190037   18.50000   42   71          -   17.40000      -  56.0 4420s
 21508499 3189153   19.00000   34   18          -   17.40513      -  56.0 4425s
 21526244 3188826   18.20227   45  167          -   17.41176      -  56.0 4430s
 21545004 3188127   18.63636   36   79          -   17.41667      -  56.1 4435s
 21564059 3187539   17.66667   33   97          -   17.41935      -  56.1 4440s
 21576031 3187222   17.50000   49   50          -   17.42308      -  56.1 4445s
 21594472 3186625   18.00000   34   10          -   17.42857      -  56.1 4450s
 21617636 3185008   18.90000   42  113          -   17.42857      -  56.1 4455s
 21639816 3183363   17.64286   38   95          -   17.42857      -  56.1 4460s
 21655932 3183125   19.00000   30   17          -   17.43590      -  56.1 4465s
 21673383 3182253   18.00000   32   37          -   17.44084      -  56.1 4470s
 21692470 3181306 infeasible   47               -   17.44444      -  56.1 4475s
 21713091 3179974     cutoff   50               -   17.44591      -  56.1 4480s
 21729549 3179384   18.61337   37  118          -   17.45161      -  56.1 4485s
 21750184 3178117   17.57143   40   89          -   17.45455      -  56.1 4490s
 21766621 3177492 infeasible   39               -   17.46063      -  56.1 4495s
 21784994 3176564   17.82609   34   85          -   17.46429      -  56.2 4500s
 21802647 3175846   18.11111   34  157          -   17.46857      -  56.2 4505s
 21819996 3175153   18.00000   36    1          -   17.47368      -  56.2 4510s
 21837788 3174555     cutoff   35               -   17.47826      -  56.2 4515s
 21853820 3174143   18.00000   40   20          -   17.48387      -  56.2 4520s
 21869870 3173408   18.76744   35  186          -   17.49061      -  56.2 4525s
 21886672 3172694     cutoff   56               -   17.50000      -  56.2 4530s
 21907996 3170693     cutoff   30               -   17.50000      -  56.2 4535s
 21929898 3168361     cutoff   44               -   17.50000      -  56.2 4540s
 21952280 3165774   18.33333   47   21          -   17.50000      -  56.2 4545s
 21974977 3162974 infeasible   45               -   17.50000      -  56.2 4550s
 21998416 3159172   17.50000   45   56          -   17.50000      -  56.2 4555s
 22014610 3157085   17.70588   34   70          -   17.50000      -  56.2 4560s
 22020522 3156105   18.00000   42   35          -   17.50000      -  56.2 4565s
 22040028 3153181 infeasible   33               -   17.50000      -  56.2 4570s
 22067142 3149282   18.00000   41   10          -   17.50000      -  56.2 4575s
 22091209 3145512   18.66667   35   46          -   17.50000      -  56.2 4580s
 22116902 3141695   18.00000   34   29          -   17.50000      -  56.2 4585s
 22142411 3138103   18.66667   44   68          -   17.50000      -  56.2 4590s
 22166954 3134384   18.50000   33   28          -   17.50000      -  56.2 4595s
 22192337 3130532   18.00000   37    7          -   17.50000      -  56.2 4600s
 22216299 3126860   18.57143   48  123          -   17.50000      -  56.2 4605s
 22242393 3122922   18.00000   55    8          -   17.50000      -  56.2 4610s
 22268715 3119075   18.42857   39   53          -   17.50000      -  56.2 4615s
 22294325 3115276   18.50000   42   18          -   17.50000      -  56.1 4620s
 22319502 3111725   17.50000   36   25          -   17.50000      -  56.1 4625s
 22343945 3108214 infeasible   52               -   17.50000      -  56.1 4630s
 22370136 3104497   18.00000   36   12          -   17.50000      -  56.1 4635s
 22394812 3100718   18.00000   56    8          -   17.50000      -  56.1 4640s
 22423190 3096580     cutoff   38               -   17.50000      -  56.1 4645s
 22449177 3092857   18.00000   37   12          -   17.50000      -  56.1 4650s
 22476001 3089118     cutoff   47               -   17.50000      -  56.1 4655s
 22499777 3085758   17.50000   56   25          -   17.50000      -  56.1 4660s
 22522651 3082366   19.00000   47    7          -   17.50000      -  56.1 4665s
 22547723 3078689 infeasible   42               -   17.50000      -  56.1 4670s
 22571518 3075203   18.00000   39   21          -   17.50000      -  56.1 4675s
 22596041 3071623 infeasible   49               -   17.50000      -  56.1 4680s
 22620121 3067948     cutoff   36               -   17.50000      -  56.1 4685s
 22647383 3064320   18.00000   41   16          -   17.50000      -  56.1 4690s
 22673783 3060362   17.50000   44   22          -   17.50000      -  56.1 4695s
 22700122 3056356   18.00000   30   12          -   17.50000      -  56.1 4700s
 22725547 3052686     cutoff   33               -   17.50000      -  56.1 4705s
 22750872 3049431   18.18462   38  103          -   17.50000      -  56.1 4710s
 22774141 3046550     cutoff   39               -   17.50000      -  56.1 4715s
 22797518 3043856     cutoff   39               -   17.50000      -  56.0 4720s
 22820343 3041165     cutoff   50               -   17.50000      -  56.0 4725s
 22842410 3038106   18.00000   31   35          -   17.50000      -  56.1 4730s
 22856999 3037503 infeasible   39               -   17.51111      -  56.1 4735s
 22874217 3037059   18.00000   34   20          -   17.51882      -  56.1 4740s
 22890492 3036197     cutoff   46               -   17.52500      -  56.1 4745s
 22907281 3035050   18.57143   36   55          -   17.53081      -  56.1 4750s
 22924032 3033859   18.03327   32  177          -   17.53604      -  56.1 4755s
 22942438 3032528     cutoff   35               -   17.54141      -  56.1 4760s
 22960089 3031110     cutoff   48               -   17.54545      -  56.1 4765s
 22977484 3029975   18.00000   46    8          -   17.55000      -  56.1 4770s
 22994549 3028735     cutoff   35               -   17.55556      -  56.1 4775s
 23014154 3026628   17.66667   40   38          -   17.55568      -  56.1 4780s
 23030442 3025637 infeasible   41               -   17.56250      -  56.2 4785s
 23046977 3024783   18.71429   44   89          -   17.56818      -  56.2 4790s
 23065740 3022979   18.00000   29   18          -   17.57143      -  56.2 4795s
 23085543 3020456   18.37500   48   51          -   17.57143      -  56.2 4800s
 23105045 3018993   18.77778   30   56          -   17.57534      -  56.2 4805s
 23121237 3018061   17.72727   32   73          -   17.58065      -  56.2 4810s
 23138615 3016392 infeasible   34               -   17.58333      -  56.2 4815s
 23154819 3015381 infeasible   48               -   17.58824      -  56.2 4820s
 23170641 3014409 infeasible   38               -   17.59447      -  56.2 4825s
 23188062 3013081 infeasible   39               -   17.60000      -  56.2 4830s
 23209698 3010435   18.00000   38   16          -   17.60000      -  56.2 4835s
 23232321 3007305 infeasible   57               -   17.60000      -  56.2 4840s
 23253793 3004335 infeasible   39               -   17.60000      -  56.2 4845s
 23276081 3001061     cutoff   42               -   17.60000      -  56.2 4850s
 23294708 2999221   18.27624   39  161          -   17.60314      -  56.2 4855s
 23310106 2998060   18.00000   28   58          -   17.60938      -  56.3 4860s
 23325925 2996882     cutoff   35               -   17.61531      -  56.3 4865s
 23343988 2995373     cutoff   33               -   17.61905      -  56.3 4870s
 23359757 2994104     cutoff   44               -   17.62500      -  56.3 4875s
 23380843 2991214   17.62500   36   64          -   17.62500      -  56.3 4880s
 23399345 2988978     cutoff   36               -   17.62648      -  56.3 4885s
 23414934 2987730     cutoff   40               -   17.63258      -  56.3 4890s
 23432052 2986069   18.66667   42   31          -   17.63636      -  56.3 4895s
 23448741 2984518   18.72222   35  104          -   17.64000      -  56.3 4900s
 23464996 2982795   18.37500   40  163          -   17.64390      -  56.3 4905s
 23481171 2981468   18.93750   39   75          -   17.64948      -  56.3 4910s
 23497289 2980022   18.08333   36  118          -   17.65385      -  56.4 4915s
 23511059 2978892   19.00000   40   34          -   17.65981      -  56.4 4920s
 23528294 2977147   18.23077   34   97          -   17.66667      -  56.4 4925s
 23549556 2974056   18.00000   34   56          -   17.66667      -  56.4 4930s
 23571470 2970368 infeasible   35               -   17.66667      -  56.4 4935s
 23593437 2966155 infeasible   37               -   17.66667      -  56.4 4940s
 23614432 2962286 infeasible   41               -   17.66667      -  56.4 4945s
 23636765 2958131 infeasible   45               -   17.66667      -  56.4 4950s
 23659412 2954057     cutoff   41               -   17.66667      -  56.4 4955s
 23682517 2949639   18.66667   32  110          -   17.66667      -  56.4 4960s
 23705757 2945306     cutoff   34               -   17.66667      -  56.4 4965s
 23729314 2940789 infeasible   39               -   17.66667      -  56.4 4970s
 23752939 2936200 infeasible   40               -   17.66667      -  56.4 4975s
 23776145 2931842     cutoff   47               -   17.66667      -  56.4 4980s
 23798609 2927664   18.00000   45   12          -   17.66667      -  56.4 4985s
 23823363 2922989     cutoff   36               -   17.66667      -  56.4 4990s
 23844748 2918955     cutoff   35               -   17.66667      -  56.4 4995s
 23867177 2914868 infeasible   42               -   17.66667      -  56.4 5000s
 23886041 2911868   18.00000   38   12          -   17.66949      -  56.4 5005s
 23899286 2910817     cutoff   41               -   17.67647      -  56.4 5010s
 23914223 2909244     cutoff   41               -   17.68182      -  56.4 5015s
 23929669 2907462     cutoff   40               -   17.68750      -  56.4 5020s
 23939234 2906370     cutoff   28               -   17.68966      -  56.4 5025s
 23955428 2904387     cutoff   27               -   17.69389      -  56.4 5030s
 23969649 2902857     cutoff   43               -   17.70000      -  56.4 5035s
 23989379 2899817 infeasible   35               -   17.70000      -  56.4 5040s
 24003999 2898037 infeasible   30               -   17.70588      -  56.4 5045s
 24019181 2896569   18.86885   34  109          -   17.71053      -  56.4 5050s
 24036188 2894207     cutoff   55               -   17.71429      -  56.5 5055s
 24056925 2890490   18.21429   31   94          -   17.71429      -  56.5 5060s
 24075968 2887641   18.72727   42   70          -   17.71560      -  56.5 5065s
 24090171 2886040 infeasible   44               -   17.72222      -  56.5 5070s
 24105370 2884181   17.99127   34  171          -   17.72725      -  56.5 5075s
 24122801 2881575     cutoff   43               -   17.72826      -  56.5 5080s
 24137587 2879658   18.00000   45   96          -   17.73333      -  56.5 5085s
 24153942 2877662     cutoff   41               -   17.73810      -  56.5 5090s
 24168311 2875874 infeasible   45               -   17.74332      -  56.5 5095s
 24183369 2873632   18.00000   34   18          -   17.75000      -  56.5 5100s
 24205607 2869685   18.00000   37   12          -   17.75000      -  56.5 5105s
 24228479 2865307     cutoff   35               -   17.75000      -  56.5 5110s
 24249410 2861012   17.94737   36   90          -   17.75000      -  56.5 5115s
 24270329 2856559     cutoff   32               -   17.75000      -  56.5 5120s
 24292729 2852058   17.85714   35   63          -   17.75000      -  56.5 5125s
 24315365 2847618   18.50000   36   40          -   17.75000      -  56.5 5130s
 24336791 2843237   18.16667   30   31          -   17.75000      -  56.5 5135s
 24359571 2838607   19.00000   50   37          -   17.75000      -  56.5 5140s
 24381094 2834503   18.00000   50   26          -   17.75000      -  56.5 5145s
 24387785 2833500   17.75000   38   78          -   17.75000      -  56.5 5150s
 24398095 2831706     cutoff   31               -   17.75070      -  56.5 5155s
 24411584 2830076   18.10256   39   90          -   17.75862      -  56.6 5160s
 24426865 2827870   18.28333   41   85          -   17.76471      -  56.6 5165s
 24442371 2825587   19.15000   42   89          -   17.76923      -  56.6 5170s
 24458238 2823045   18.00000   33   10          -   17.77273      -  56.6 5175s
 24473536 2820649   18.00000   45   33          -   17.77778      -  56.6 5180s
 24492612 2817173 infeasible   31               -   17.77778      -  56.6 5185s
 24506748 2815057   18.67857   39  127          -   17.78333      -  56.6 5190s
 24522990 2812319   17.91071   40  173          -   17.78723      -  56.6 5195s
 24538003 2810300     cutoff   35               -   17.79207      -  56.6 5200s
 24551486 2808505   18.00000   39   16          -   17.79845      -  56.6 5205s
 24569907 2805020   18.37500   32   81          -   17.80000      -  56.6 5210s
 24590932 2800716   18.31481   36   78          -   17.80000      -  56.7 5215s
 24611857 2795998 infeasible   44               -   17.80000      -  56.7 5220s
 24632020 2791607   18.33333   37   74          -   17.80000      -  56.7 5225s
 24654068 2786878     cutoff   36               -   17.80000      -  56.7 5230s
 24670142 2784047     cutoff   41               -   17.80363      -  56.7 5235s
 24684206 2781891     cutoff   43               -   17.80952      -  56.7 5240s
 24699565 2779403     cutoff   35               -   17.81304      -  56.7 5245s
 24715369 2776564     cutoff   34               -   17.81818      -  56.7 5250s
 24732214 2773713     cutoff   47               -   17.82143      -  56.7 5255s
 24746094 2771653     cutoff   46               -   17.82539      -  56.7 5260s
 24759805 2769505     cutoff   36               -   17.83117      -  56.7 5265s
 24779426 2765425 infeasible   41               -   17.83333      -  56.7 5270s
 24800819 2760795     cutoff   47               -   17.83333      -  56.7 5275s
 24821560 2756253   18.00000   35   13          -   17.83333      -  56.7 5280s
 24841966 2751439 infeasible   40               -   17.83333      -  56.7 5285s
 24856336 2748946     cutoff   46               -   17.83784      -  56.7 5290s
 24871505 2746669   18.00000   33   24          -   17.84289      -  56.8 5295s
 24887143 2743485     cutoff   43               -   17.84615      -  56.8 5300s
 24901589 2741189     cutoff   33               -   17.85156      -  56.8 5305s
 24914619 2739149 infeasible   51               -   17.85714      -  56.8 5310s
 24935366 2734717   18.83333   44   87          -   17.85714      -  56.8 5315s
 24955692 2729743   18.40184   47  132          -   17.85714      -  56.8 5320s
 24970500 2727014     cutoff   40               -   17.86154      -  56.8 5325s
 24985518 2724099     cutoff   37               -   17.86667      -  56.8 5330s
 24999568 2721391     cutoff   39               -   17.87097      -  56.8 5335s
 25015667 2717712     cutoff   31               -   17.87500      -  56.8 5340s
 25034828 2713291   18.63636   39   95          -   17.87500      -  56.8 5345s
 25052613 2709680     cutoff   35               -   17.87705      -  56.8 5350s
 25065261 2707278     cutoff   39               -   17.88235      -  56.9 5355s
 25080006 2704433     cutoff   34               -   17.88717      -  56.9 5360s
 25099010 2700067     cutoff   45               -   17.88889      -  56.9 5365s
 25114352 2696665     cutoff   31               -   17.89153      -  56.9 5370s
 25128898 2693649     cutoff   42               -   17.89655      -  56.9 5375s
 25144905 2689850     cutoff   45               -   17.90000      -  56.9 5380s
 25161618 2686191 infeasible   36               -   17.90164      -  56.9 5385s
 25175620 2683320     cutoff   47               -   17.90740      -  56.9 5390s
 25193474 2679059   18.00000   37   28          -   17.90909      -  56.9 5395s
 25206883 2676078     cutoff   37               -   17.91500      -  56.9 5400s
 25223562 2671893     cutoff   33               -   17.91667      -  56.9 5405s
 25236515 2669078     cutoff   38               -   17.92260      -  57.0 5410s
 25253110 2665403   18.00000   38   67          -   17.92593      -  57.0 5415s
 25268628 2661789     cutoff   40               -   17.92857      -  57.0 5420s
 25282591 2658469   18.00000   50   20          -   17.93333      -  57.0 5425s
 25298288 2654697     cutoff   46               -   17.93750      -  57.0 5430s
 25312331 2651512   18.04987   44  218          -   17.94199      -  57.0 5435s
 25327045 2647754   18.50000   39   39          -   17.94737      -  57.0 5440s
 25341627 2644437 infeasible   39               -   17.95149      -  57.0 5445s
 25356082 2640883   18.27517   39  148          -   17.95652      -  57.0 5450s
 25369381 2638042 infeasible   37               -   17.96072      -  57.0 5455s
 25383436 2634527     cutoff   34               -   17.96591      -  57.1 5460s
 25396495 2631122     cutoff   43               -   17.97143      -  57.1 5465s
 25409725 2627800     cutoff   41               -   17.97727      -  57.1 5470s
 25422564 2624417     cutoff   38               -   17.98413      -  57.1 5475s
 25435462 2621242     cutoff   47               -   17.99216      -  57.1 5480s
 25443307 2619115     cutoff   31               -   18.00000      -  57.1 5485s
 25454047 2615589   19.00000   30    9          -   18.00000      -  57.1 5490s
 25475374 2609865 infeasible   36               -   18.00000      -  57.1 5495s
 25494897 2604656   19.00000   28   17          -   18.00000      -  57.1 5500s
 25516799 2598451     cutoff   38               -   18.00000      -  57.1 5505s
 25538476 2591814     cutoff   49               -   18.00000      -  57.1 5510s
 25559884 2585566     cutoff   41               -   18.00000      -  57.1 5515s
 25580574 2579499   18.00000   34   42          -   18.00000      -  57.1 5520s
 25602817 2572899   19.00000   41   37          -   18.00000      -  57.1 5525s
 25624605 2566628   18.00000   38   10          -   18.00000      -  57.1 5530s
 25649004 2557414     cutoff   34               -   18.00000      -  57.1 5535s
 25673753 2547432   18.00000   54   12          -   18.00000      -  57.1 5540s
 25696841 2538494     cutoff   49               -   18.00000      -  57.1 5545s
 25721114 2529186     cutoff   47               -   18.00000      -  57.1 5550s
 25746445 2519703     cutoff   33               -   18.00000      -  57.1 5555s
 25773412 2510089     cutoff   61               -   18.00000      -  57.1 5560s
 25800454 2499892   18.00000   43   10          -   18.00000      -  57.1 5565s
 25826405 2490177   18.00000   33    9          -   18.00000      -  57.1 5570s
 25852373 2480593     cutoff   36               -   18.00000      -  57.0 5575s
 25878137 2470817 infeasible   45               -   18.00000      -  57.0 5580s
 25903225 2461033   19.00000   43   31          -   18.00000      -  57.0 5585s
 25926661 2452021     cutoff   56               -   18.00000      -  57.0 5590s
 25951823 2442177     cutoff   47               -   18.00000      -  57.0 5595s
 25976877 2432470 infeasible   35               -   18.00000      -  57.0 5600s
 26001543 2423477 infeasible   35               -   18.00000      -  57.0 5605s
 26026151 2414500 infeasible   44               -   18.00000      -  57.0 5610s
 26050966 2405260 infeasible   44               -   18.00000      -  57.0 5615s
 26075785 2395864 infeasible   49               -   18.00000      -  57.0 5620s
 26100496 2386558     cutoff   37               -   18.00000      -  57.0 5625s
 26125105 2377419     cutoff   46               -   18.00000      -  57.0 5630s
 26150018 2367824     cutoff   41               -   18.00000      -  57.0 5635s
 26173793 2358989     cutoff   49               -   18.00000      -  56.9 5640s
 26201785 2348581     cutoff   43               -   18.00000      -  56.9 5645s
 26229102 2338525     cutoff   50               -   18.00000      -  56.9 5650s
 26255365 2328764   18.00000   38   39          -   18.00000      -  56.9 5655s
 26279841 2319855     cutoff   39               -   18.00000      -  56.9 5660s
 26304778 2310327   18.50000   63   35          -   18.00000      -  56.9 5665s
 26328449 2301568   19.00000   38   21          -   18.00000      -  56.9 5670s
 26353115 2292379 infeasible   41               -   18.00000      -  56.9 5675s
 26378333 2282507   19.00000   49    5          -   18.00000      -  56.9 5680s
 26401388 2273679     cutoff   45               -   18.00000      -  56.9 5685s
 26415786 2267986   18.50000   42   42          -   18.00000      -  56.9 5690s
 26440875 2258422     cutoff   29               -   18.00000      -  56.9 5695s
 26467488 2248457     cutoff   60               -   18.00000      -  56.9 5700s
 26491257 2239363     cutoff   32               -   18.00000      -  56.9 5705s
 26516127 2229755 infeasible   36               -   18.00000      -  56.8 5710s
 26539680 2220837     cutoff   38               -   18.00000      -  56.8 5715s
 26564283 2211344   18.00000   38   13          -   18.00000      -  56.8 5720s
 26588338 2202338   19.00000   42   13          -   18.00000      -  56.8 5725s
 26614038 2192739     cutoff   46               -   18.00000      -  56.8 5730s
 26640156 2183069     cutoff   40               -   18.00000      -  56.8 5735s
 26665896 2173532   18.50000   34   27          -   18.00000      -  56.8 5740s
 26690965 2164149 infeasible   34               -   18.00000      -  56.8 5745s
 26716741 2154382     cutoff   47               -   18.00000      -  56.8 5750s
 26742767 2144409 infeasible   50               -   18.00000      -  56.8 5755s
 26767281 2134846     cutoff   47               -   18.00000      -  56.8 5760s
 26792225 2125209     cutoff   38               -   18.00000      -  56.8 5765s
 26818247 2115311   18.00000   40    8          -   18.00000      -  56.8 5770s
 26844652 2105365   19.00000   35    7          -   18.00000      -  56.7 5775s
 26871056 2095440   18.00000   47    6          -   18.00000      -  56.7 5780s
 26897479 2085827   19.00000   32   20          -   18.00000      -  56.7 5785s
 26923270 2075962     cutoff   36               -   18.00000      -  56.7 5790s
 26948794 2066000   18.00000   36   19          -   18.00000      -  56.7 5795s
 26973540 2056550   18.50000   36   20          -   18.00000      -  56.7 5800s
 26999929 2046690 infeasible   38               -   18.00000      -  56.7 5805s
 27023424 2038177     cutoff   40               -   18.00000      -  56.7 5810s
 27046904 2030358   18.00000   28   18          -   18.00000      -  56.7 5815s
 27068361 2022799   19.00000   35    9          -   18.00000      -  56.7 5820s
 27090773 2015127 infeasible   38               -   18.00000      -  56.7 5825s
 27113097 2007425   18.33333   37   69          -   18.00000      -  56.7 5830s
 27135283 2000040   19.00000   30   23          -   18.00000      -  56.7 5835s
 27145279 1996802   18.00000   34   11          -   18.00000      -  56.7 5840s
 27160927 1991194     cutoff   33               -   18.00000      -  56.7 5845s
 27182623 1983728     cutoff   36               -   18.00000      -  56.7 5850s
 27203518 1976382 infeasible   37               -   18.00000      -  56.7 5855s
 27224171 1968899 infeasible   39               -   18.00000      -  56.7 5860s
 27244063 1961633     cutoff   38               -   18.00000      -  56.7 5865s
 27260535 1956539 infeasible   39               -   18.00495      -  56.7 5870s
 27271769 1953012     cutoff   44               -   18.01807      -  56.7 5875s
 27284955 1949415     cutoff   40               -   18.02955      -  56.7 5880s
 27297470 1946031     cutoff   46               -   18.03846      -  56.7 5885s
 27310803 1942117 infeasible   46               -   18.04762      -  56.7 5890s
 27324740 1938303   18.66667   27   65          -   18.05556      -  56.7 5895s
 27339572 1934196     cutoff   41               -   18.06255      -  56.7 5900s
 27352484 1930336   18.32708   36  182          -   18.07023      -  56.7 5905s
 27365870 1926039     cutoff   44               -   18.07692      -  56.8 5910s
 27381297 1921269     cutoff   38               -   18.08333      -  56.8 5915s
 27394929 1917289     cutoff   37               -   18.09059      -  56.8 5920s
 27408753 1913194 infeasible   39               -   18.09524      -  56.8 5925s
 27424763 1908010     cutoff   30               -   18.10000      -  56.8 5930s
 27437606 1904082   18.26154   38  129          -   18.10714      -  56.8 5935s
 27453642 1898539 infeasible   34               -   18.11111      -  56.8 5940s
 27466464 1894325   19.00000   40   19          -   18.11796      -  56.8 5945s
 27479826 1889437     cutoff   40               -   18.12500      -  56.8 5950s
 27498142 1883224     cutoff   37               -   18.12709      -  56.8 5955s
 27511250 1878689     cutoff   40               -   18.13333      -  56.8 5960s
 27524371 1873899 infeasible   35               -   18.14286      -  56.8 5965s
 27540983 1867713     cutoff   50               -   18.14286      -  56.8 5970s
 27555690 1862517     cutoff   34               -   18.14956      -  56.9 5975s
 27568939 1857580 infeasible   43               -   18.15483      -  56.9 5980s
 27582570 1852755 infeasible   37               -   18.16284      -  56.9 5985s
 27598638 1846365   18.33333   33   87          -   18.16667      -  56.9 5990s
 27617474 1838899     cutoff   38               -   18.16667      -  56.9 5995s
 27633392 1832957     cutoff   53               -   18.17021      -  56.9 6000s
 27646764 1827616   18.33666   41  172          -   18.17808      -  56.9 6005s
 27660430 1822131   18.96875   38   78          -   18.18340      -  56.9 6010s
 27674597 1816654   18.35417   32  104          -   18.19048      -  56.9 6015s
 27686967 1812144 infeasible   50               -   18.20000      -  56.9 6020s
 27687298 1812023 infeasible   28               -   18.20000      -  56.9 6025s
 27687539 1811942     cutoff   48               -   18.20000      -  56.9 6031s
 27687714 1811870   18.50000   46   25          -   18.20000      -  56.9 6035s
 27687965 1811753 infeasible   36               -   18.20000      -  56.9 6040s
 27690529 1810087   18.33333   42  137          -   18.20000      -  56.9 6045s
 27706090 1803252     cutoff   36               -   18.20000      -  56.9 6050s
 27726059 1794854 infeasible   44               -   18.20000      -  56.9 6055s
 27741981 1788772     cutoff   40               -   18.20455      -  56.9 6060s
 27755349 1783747     cutoff   56               -   18.21212      -  56.9 6065s
 27768624 1778026 infeasible   41               -   18.21875      -  56.9 6070s
 27783562 1771122   18.66667   40   59          -   18.22222      -  56.9 6075s
 27796211 1765324 infeasible   41               -   18.23077      -  57.0 6080s
 27810161 1759366     cutoff   44               -   18.23684      -  57.0 6085s
 27814746 1757397 infeasible   34               -   18.23944      -  57.0 6090s
 27825257 1751582 infeasible   56               -   18.24950      -  57.0 6095s
 27843031 1743063     cutoff   51               -   18.25000      -  57.0 6100s
 27863543 1733045     cutoff   41               -   18.25000      -  57.0 6105s
 27882224 1724010 infeasible   32               -   18.25000      -  57.0 6110s
 27903727 1713455     cutoff   42               -   18.25000      -  57.0 6115s
 27923574 1704025     cutoff   36               -   18.25000      -  57.0 6120s
 27936717 1698097     cutoff   37               -   18.25926      -  57.0 6125s
 27949776 1691705   18.40000   40   93          -   18.26667      -  57.0 6130s
 27964620 1684618 infeasible   39               -   18.27322      -  57.0 6135s
 27976333 1678655   19.00000   45    9          -   18.28125      -  57.0 6140s
 27992223 1670357     cutoff   44               -   18.28571      -  57.0 6145s
 28006752 1663192     cutoff   46               -   18.29032      -  57.0 6150s
 28018596 1657166     cutoff   47               -   18.29833      -  57.0 6155s
 28034136 1649201     cutoff   43               -   18.30303      -  57.0 6160s
 28047429 1642223     cutoff   34               -   18.31111      -  57.0 6165s
 28060349 1635685   18.66667   36   41          -   18.31818      -  57.0 6170s
 28072344 1629515     cutoff   44               -   18.32759      -  57.0 6175s
 28087665 1621071     cutoff   38               -   18.33333      -  57.0 6180s
 28107519 1610339   19.00000   35   79          -   18.33333      -  57.0 6185s
 28127107 1599521     cutoff   39               -   18.33333      -  57.0 6190s
 28147718 1587903     cutoff   46               -   18.33333      -  57.0 6195s
 28168375 1576287 infeasible   36               -   18.33333      -  57.0 6200s
 28188231 1564873   18.33333   41   29          -   18.33333      -  57.0 6205s
 28207825 1553695 infeasible   40               -   18.33333      -  57.0 6210s
 28228173 1542216 infeasible   36               -   18.33333      -  57.0 6215s
 28242075 1534555 infeasible   47               -   18.34091      -  57.0 6220s
 28254841 1527445     cutoff   47               -   18.35028      -  57.0 6225s
 28268299 1520064 infeasible   35               -   18.35821      -  57.0 6230s
 28281756 1512690     cutoff   43               -   18.36551      -  57.0 6235s
 28294884 1504484     cutoff   48               -   18.37500      -  57.0 6240s
 28311334 1495638 infeasible   49               -   18.37670      -  57.0 6245s
 28324385 1488177     cutoff   45               -   18.38462      -  57.0 6250s
 28336619 1481128     cutoff   32               -   18.39394      -  57.0 6255s
 28352319 1471633 infeasible   41               -   18.40000      -  57.1 6260s
 28369853 1460958     cutoff   51               -   18.40000      -  57.1 6265s
 28387599 1450464     cutoff   41               -   18.40235      -  57.1 6270s
 28399549 1443117   18.61687   43  178          -   18.41200      -  57.1 6275s
 28412689 1434989   18.61778   40  183          -   18.41989      -  57.1 6280s
 28426253 1426275 infeasible   48               -   18.42857      -  57.1 6285s
 28442116 1416535     cutoff   42               -   18.43033      -  57.1 6290s
 28455964 1407823     cutoff   43               -   18.44118      -  57.1 6295s
 28470187 1398783     cutoff   56               -   18.44643      -  57.1 6300s
 28483211 1390273     cutoff   44               -   18.45455      -  57.1 6305s
 28497393 1381175     cutoff   45               -   18.46429      -  57.1 6310s
 28506241 1375788     cutoff   36               -   18.47059      -  57.1 6315s
 28513395 1370205     cutoff   51               -   18.47561      -  57.1 6320s
 28525861 1361887     cutoff   44               -   18.48819      -  57.1 6325s
 28539250 1352135     cutoff   49               -   18.50000      -  57.1 6330s
 28557274 1340593     cutoff   34               -   18.50000      -  57.1 6335s
 28578723 1326143     cutoff   47               -   18.50000      -  57.1 6340s
 28603304 1309785     cutoff   38               -   18.50000      -  57.1 6345s
 28624980 1295084 infeasible   35               -   18.50000      -  57.1 6350s
 28648100 1279258     cutoff   56               -   18.50000      -  57.1 6355s
 28668815 1265324 infeasible   37               -   18.50000      -  57.0 6360s
 28692165 1249698     cutoff   39               -   18.50000      -  57.0 6365s
 28713680 1235046 infeasible   40               -   18.50000      -  57.0 6370s
 28736745 1219561   19.00000   35    9          -   18.50000      -  57.0 6375s
 28759737 1203931 infeasible   36               -   18.50000      -  57.0 6380s
 28780305 1190141   19.00000   42   10          -   18.50000      -  57.0 6385s
 28803037 1174784     cutoff   44               -   18.50000      -  57.0 6390s
 28825723 1159422   18.75000   49   63          -   18.50000      -  57.0 6395s
 28851085 1142540 infeasible   38               -   18.50000      -  57.0 6400s
 28871765 1128862     cutoff   43               -   18.50000      -  57.0 6405s
 28890823 1116740     cutoff   45               -   18.50000      -  57.0 6410s
 28907247 1106353     cutoff   35               -   18.50865      -  57.0 6415s
 28919500 1097190     cutoff   37               -   18.52455      -  57.0 6420s
 28931390 1087296     cutoff   40               -   18.53788      -  57.0 6425s
 28946504 1076794 infeasible   41               -   18.55110      -  57.0 6430s
 28961281 1065112 infeasible   38               -   18.56250      -  57.0 6435s
 28974245 1051561     cutoff   41               -   18.57143      -  57.0 6440s
 28990725 1041885 infeasible   43               -   18.58333      -  57.0 6445s
 29001549 1029546   19.00000   54   13          -   18.60000      -  57.0 6450s
 29023056 1009918     cutoff   44               -   18.60000      -  57.0 6456s
 29037960 1000155 infeasible   46               -   18.61448      -  57.0 6460s
 29052865 986670     cutoff   31               -   18.62500      -  57.0 6465s
 29069394 973845 infeasible   45               -   18.64151      -  57.0 6470s
 29083890 963131     cutoff   53               -   18.66120      -  57.0 6475s
 29099399 944175     cutoff   44               -   18.66667      -  57.0 6480s
 29125290 920166 infeasible   38               -   18.66667      -  56.9 6485s
 29150241 897647     cutoff   54               -   18.66667      -  56.9 6490s
 29178208 877089     cutoff   50               -   18.66667      -  56.9 6495s
 29192849 863389 infeasible   28               -   18.69167      -  56.9 6500s
 29208776 850844     cutoff   47               -   18.70833      -  56.9 6505s
 29227117 832192 infeasible   37               -   18.72549      -  56.9 6510s
 29242187 816434     cutoff   30               -   18.75000      -  56.9 6515s
 29267549 792398 infeasible   39               -   18.75000      -  56.9 6520s
 29295523 771650 infeasible   41               -   18.76000      -  56.9 6525s
 29312756 755040     cutoff   37               -   18.78519      -  56.8 6530s
 29339061 730079 infeasible   33               -   18.80000      -  56.8 6535s
 29352746 719189     cutoff   33               -   18.82353      -  56.8 6540s
 29364832 702856 infeasible   33               -   18.83333      -  56.8 6546s
 29388394 684951 infeasible   43               -   18.85714      -  56.8 6550s
 29413071 662662     cutoff   36               -   18.89474      -  56.8 6555s
 29439553 637829 infeasible   32               -   18.95000      -  56.8 6560s
 29469023 605455     cutoff   42               -   19.00000      -  56.7 6565s
 29524305 551843 infeasible   37               -   19.00000      -  56.6 6570s
 29578181 499518 infeasible   50               -   19.00000      -  56.6 6575s
 29637727 441338 infeasible   37               -   19.00000      -  56.5 6580s
 29691458 389139 infeasible   45               -   19.00000      -  56.4 6585s
 29750930 331154 infeasible   40               -   19.00000      -  56.3 6590s
 29810898 272780 infeasible   35               -   19.00000      -  56.2 6595s
 29864494 220509 infeasible   37               -   19.00000      -  56.2 6600s
 29915389 171371     cutoff   32               -   19.00000      -  56.1 6605s

Cutting planes:
  Gomory: 22
  Implied bound: 727
  MIR: 165
  Inf proof: 2
  Zero half: 383
  Relax-and-lift: 5

Explored 29931548 nodes (1678686326 simplex iterations) in 6606.47 seconds (16518.04 work units)
Thread count was 12 (of 64 available processors)

Solution count 0

Model objective exceeds cutoff
Best objective -, best bound 1.950000000205e+01, gap -

Gurobi 13.0.3 (linux64) logging started Sat Sep 12 22:45:17 2026

Set parameter LogFile to value "H10_n360k20d20_dX_8-13_gurobi.log"
Set parameter Threads to value 12
Set parameter NodefileStart to value 6
Set parameter NodefileDir to value "."
Set parameter SoftMemLimit to value 20
Set parameter Cutoff to value 19.5
Set parameter MIPFocus to value 3
Set parameter Symmetry to value 2
Gurobi Optimizer version 13.0.3 build v13.0.3rc0 (linux64 - "Ubuntu 24.04.4 LTS")

CPU model: AMD Ryzen Threadripper PRO 9975WX 32-Cores, instruction set [SSE2|AVX|AVX2|AVX512]
Thread count: 32 physical cores, 64 logical processors, using up to 12 threads

Non-default parameters:
Cutoff  19.5
SoftMemLimit  20
MIPFocus  3
NodefileStart  6
Symmetry  2
Threads  12

Optimize a model with 181 rows, 541 columns and 1305 nonzeros (Min)
Model fingerprint: 0xaae50d90
Model has 360 linear objective coefficients
Variable types: 0 continuous, 541 integer (360 binary)
Coefficient statistics:
  Matrix range     [1e+00, 2e+00]
  Objective range  [1e+00, 1e+00]
  Bounds range     [1e+00, 2e+01]
  RHS range        [1e+00, 1e+00]

Presolve time: 0.00s
Presolved: 181 rows, 541 columns, 1305 nonzeros
Variable types: 0 continuous, 541 integer (360 binary)
Root relaxation presolve removed 181 rows and 541 columns
Root relaxation presolve: All rows and columns removed

Root relaxation: objective 1.000000e+00, 0 iterations, 0.00 seconds (0.00 work units)

    Nodes    |    Current Node    |     Objective Bounds      |     Work
 Expl Unexpl |  Obj  Depth IntInf | Incumbent    BestBd   Gap | It/Node Time

     0     0    1.00000    0    3          -    1.00000      -     -    0s
     0     0    1.00000    0    3          -    1.00000      -     -    0s
     0     0    1.00000    0    3          -    1.00000      -     -    0s
     0     0    2.00000    0    3          -    2.00000      -     -    0s
     0     0    2.00000    0    3          -    2.00000      -     -    0s
     0     2    3.00000    0    3          -    3.00000      -     -    0s
 47486 35791    8.39530   28  230          -    7.85657      -  25.2    5s
 68301 47013   16.13934   22  142          -    8.00000      -  35.0   10s
 82708 56961    8.44556   32  241          -    8.33229      -  44.4   15s
 96968 65720   13.42857   35   96          -    8.50655      -  51.3   20s
 111828 75139   11.00000   39   19          -    8.72549      -  56.5   25s
 129466 84660   14.18182   34  161          -    9.00000      -  59.7   30s
 156197 96853   15.35079   38  145          -    9.05017      -  58.8   35s
 175490 107463   10.50000   21   34          -    9.50000      -  59.6   40s
 197977 118351   15.46154   37   65          -   10.00000      -  59.7   45s
 227498 130507   14.28571   35  118          -   10.00000      -  58.8   50s
 248763 141820   12.00000   41   18          -   10.50000      -  58.9   55s
 268178 152350   11.61538   31   65          -   10.88889      -  59.3   60s
 292285 162659   12.73333   32   50          -   11.00000      -  59.2   65s
 316357 172651   14.00000   19    4          -   11.00000      -  59.3   70s
 337664 184430   12.50000   29   28          -   11.25338      -  59.7   75s
 359187 196311     cutoff   58               -   11.45131      -  60.1   80s
 380095 207126   12.31899   55  163          -   11.52441      -  60.7   85s
 398491 217572   13.50000   23   44          -   11.65714      -  61.2   90s
 413233 224975   13.00000   26   44          -   11.71599      -  61.7   95s
 413377 225119   16.42221   26  156          -   11.74130      -  61.7  100s
 418255 228241   15.00000   27    3          -   11.75814      -  61.8  105s
 435648 237807   11.97446   23  183          -   11.83333      -  62.6  110s
 452361 246669   14.50000   35   19          -   11.89767      -  63.3  115s
 467930 254893   15.00000   25   22          -   11.95652      -  64.0  120s
 484226 263639   14.16667   27   58          -   12.00000      -  64.6  125s
 505683 271365 infeasible   48               -   12.00000      -  64.6  130s
 513930 275081   13.38220   21  122          -   12.00000      -  64.7  135s
 533585 282849   16.00000   33   29          -   12.00000      -  64.7  140s
 555158 292943   12.58333   30   83          -   12.00000      -  64.8  145s
 569628 300667   15.00000   24   47          -   12.04722      -  65.4  150s
 586574 309555   16.00000   32    1          -   12.11273      -  65.9  155s
 603424 317954   13.66292   26  150          -   12.16667      -  66.2  160s
 619941 325741   16.00000   37    1          -   12.21277      -  66.6  165s
 637674 334150   14.98810   41  143          -   12.25357      -  67.0  170s
 654039 342177   14.00000   32   16          -   12.30175      -  67.3  175s
 672824 351411   14.26692   26  231          -   12.33333      -  67.5  180s
 690256 359288   16.00000   34   18          -   12.38182      -  67.8  185s
 708176 367416   13.28235   49   90          -   12.42567      -  68.0  190s
 725862 375528   15.00000   37   26          -   12.46639      -  68.3  195s
 743462 383485   13.91288   27  114          -   12.50000      -  68.5  200s
 766720 393253   13.84384   31  103          -   12.50000      -  68.4  205s
 783745 400786   15.00000   39   17          -   12.54545      -  68.6  210s
 802667 409220   14.33333   23   40          -   12.59306      -  68.8  215s
 822531 417664   15.66667   44   41          -   12.63095      -  68.9  220s
 841019 425791   15.14286   30   71          -   12.66667      -  69.0  225s
 861724 435146   15.00000   39   20          -   12.70000      -  69.0  230s
 881224 443727   16.00000   39    1          -   12.74678      -  69.1  235s
 901040 451986   13.00000   25   20          -   12.77778      -  69.1  240s
 919731 460029   13.80000   33   42          -   12.81486      -  69.2  245s
 940041 468836   14.00000   27   31          -   12.85321      -  69.3  250s
 959461 477185   15.00000   54   48          -   12.89340      -  69.3  255s
 978076 485203   16.00000   40   75          -   12.93333      -  69.4  260s
 997392 493574   14.00000   51   28          -   12.98663      -  69.4  265s
 1018024 502239   13.00000   34   55          -   13.00000      -  69.4  270s
 1040775 509908   14.50000   25   36          -   13.00000      -  69.4  275s
 1064964 518071   14.33333   22   39          -   13.00000      -  69.3  280s
 1087671 525744   13.00000   36   17          -   13.00000      -  69.2  285s
 1109496 533480   14.00000   39   18          -   13.00000      -  69.1  290s
 1131417 542144   13.31667   23  148          -   13.00000      -  69.1  295s
 1151771 550937   13.50000   35   31          -   13.07143      -  69.1  300s
 1171742 559667   15.56667   36  115          -   13.12245      -  69.1  305s
 1193643 569207   13.95000   28  108          -   13.16667      -  69.0  310s
 1215406 578341   14.22857   31  113          -   13.20000      -  68.9  315s
 1237337 587546   16.75000   23   55          -   13.24766      -  68.9  320s
 1258529 596607   16.47619   32  109          -   13.26691      -  68.8  325s
 1279833 605690   14.50000   28   53          -   13.30323      -  68.7  330s
 1301572 614649   14.00000   49   31          -   13.33333      -  68.7  335s
 1323295 623278   16.00000   39   20          -   13.34783      -  68.7  340s
 1343776 631679   16.33333   52   26          -   13.37879      -  68.7  345s
 1365438 639905   14.15789   28  140          -   13.40387      -  68.6  350s
 1386055 648456   14.48214   28  142          -   13.43350      -  68.6  355s
 1405793 656663   14.82449   34  130          -   13.46154      -  68.6  360s
 1426625 664980   15.00000   28   19          -   13.49197      -  68.6  365s
 1448272 673257   16.00000   30    1          -   13.50000      -  68.6  370s
 1470420 680937   13.61364   30  108          -   13.50000      -  68.6  375s
 1479071 683797   14.00000   31   73          -   13.50000      -  68.6  380s
 1486525 687062   15.86916   33  106          -   13.50000      -  68.6  385s
 1504099 693693   14.37157   40  186          -   13.50943      -  68.6  390s
 1523251 701476   14.00000   36   12          -   13.53846      -  68.6  395s
 1541991 709171   17.48305   54  168          -   13.56180      -  68.7  400s
 1560044 716708   14.60625   22  181          -   13.58140      -  68.7  405s
 1580046 724623   15.00000   47   11          -   13.60000      -  68.8  410s
 1597677 731749   14.04727   32  234          -   13.61538      -  68.8  415s
 1617560 739840   14.00000   32   16          -   13.63536      -  68.9  420s
 1634208 746506   16.97688   30  120          -   13.65217      -  69.0  425s
 1652640 753430   18.00000   32    6          -   13.66667      -  69.0  430s
 1674606 761081   17.64286   48   67          -   13.66667      -  69.0  435s
 1693567 768706   18.00000   34    1          -   13.68235      -  69.1  440s
 1710080 775189   14.45455   30   99          -   13.69964      -  69.2  445s
 1727917 782072   14.00000   26   63          -   13.71429      -  69.2  450s
 1744249 787819   14.72857   45  150          -   13.72727      -  69.3  455s
 1760514 794172   14.00000   30   16          -   13.74205      -  69.5  460s
 1780755 801237   14.00000   40   12          -   13.75000      -  69.5  465s
 1798767 808008   14.00000   39   16          -   13.75941      -  69.6  470s
 1815933 814422   15.51134   28  171          -   13.77389      -  69.7  475s
 1831742 820408   14.00000   54    6          -   13.78500      -  69.8  480s
 1847422 826156   15.62500   37  122          -   13.79630      -  70.0  485s
 1867157 833203   14.11045   30  253          -   13.80347      -  70.0  490s
 1881832 838853   16.00000   28   16          -   13.81519      -  70.1  495s
 1897823 844618   16.50000   33   49          -   13.82609      -  70.3  500s
 1916654 851435   13.90000   23   66          -   13.83333      -  70.3  505s
 1932113 856827   14.22834   41  204          -   13.84444      -  70.5  510s
 1947089 862133   18.55556   36  118          -   13.85526      -  70.6  515s
 1963765 868021   16.56757   42  108          -   13.86310      -  70.7  520s
 1978351 872975   16.00000   39   66          -   13.87330      -  70.8  525s
 1995065 878351   15.96296   30  106          -   13.88235      -  70.9  530s
 2010929 883962   16.33333   35   61          -   13.89113      -  71.0  535s
 2025520 889213   14.80000   39   89          -   13.90000      -  71.1  540s
 2040412 894282   16.00000   35   22          -   13.90909      -  71.3  545s
 2055923 899060   16.50000   31   22          -   13.91869      -  71.4  550s
 2070799 904000   17.00000   29   17          -   13.92800      -  71.5  555s
 2086785 909265   18.77384   43  183          -   13.93739      -  71.6  560s
 2101548 914036   17.66667   36  108          -   13.94534      -  71.8  565s
 2116004 918606   16.95183   39  126          -   13.95455      -  71.9  570s
 2129245 922907   17.32821   29  129          -   13.96325      -  72.0  575s
 2144264 927409   17.50000   41   49          -   13.97222      -  72.2  580s
 2158940 932297   15.76829   37  133          -   13.98278      -  72.3  585s
 2171891 936560   17.00000   29   62          -   13.99267      -  72.5  590s
 2187878 941487   16.00000   48    1          -   14.00000      -  72.6  595s
 2207918 947680   15.00000   26   52          -   14.00000      -  72.6  600s
 2229597 954282   14.00000   32    8          -   14.00000      -  72.5  605s
 2252570 960850   14.30303   25   96          -   14.00000      -  72.5  610s
 2273907 966844   16.28571   43   56          -   14.00000      -  72.5  615s
 2297504 973318   16.00000   34    8          -   14.00000      -  72.4  620s
 2320080 979860   15.88235   45   82          -   14.00000      -  72.3  625s
 2343688 986796   18.00000   35    1          -   14.00000      -  72.3  630s
 2366097 992744   14.50000   33   28          -   14.00000      -  72.2  635s
 2387707 999015   16.83333   38   83          -   14.00000      -  72.2  640s
 2409983 1005857   14.00000   29   16          -   14.00000      -  72.1  645s
 2431035 1012468   16.00000   40   14          -   14.00000      -  72.1  650s
 2446907 1017872   16.72587   26  114          -   14.00468      -  72.2  655s
 2460437 1021674   17.15420   32  126          -   14.01745      -  72.3  660s
 2475138 1026015   17.41079   35  160          -   14.03077      -  72.4  665s
 2490179 1030540   14.06316   47  145          -   14.04167      -  72.5  670s
 2505434 1034915   14.09677   30  225          -   14.05308      -  72.6  675s
 2521094 1039635   17.75000   39   70          -   14.06328      -  72.7  680s
 2536190 1043985   14.42018   36  235          -   14.07306      -  72.8  685s
 2551164 1048194   18.00000   33  122          -   14.08233      -  72.9  690s
 2567865 1052888   17.50000   35   34          -   14.09121      -  72.9  695s
 2583781 1057694   14.22727   44  113          -   14.10000      -  73.0  700s
 2598552 1061716   17.00000   38   17          -   14.10951      -  73.1  705s
 2613279 1065806   16.00000   41   38          -   14.11765      -  73.2  710s
 2629780 1070409     cutoff   36               -   14.12500      -  73.2  715s
 2644303 1074520   17.00000   36   19          -   14.13462      -  73.3  720s
 2660133 1079100   19.00000   50    7          -   14.14286      -  73.4  725s
 2675434 1083277   15.72917   42  115          -   14.15150      -  73.4  730s
 2691606 1087646   18.00000   37    1          -   14.16011      -  73.5  735s
 2710519 1092944   15.00000   33   49          -   14.16667      -  73.5  740s
 2724702 1096472   15.47170   27  130          -   14.17469      -  73.6  745s
 2741199 1100469   14.66667   35   57          -   14.18421      -  73.7  750s
 2757100 1104294   17.00000   37   19          -   14.19291      -  73.8  755s
 2773998 1109013   14.40000   32   80          -   14.20000      -  73.8  760s
 2791609 1113304   17.28571   37   56          -   14.20650      -  73.9  765s
 2807622 1117159   16.00000   44   16          -   14.21568      -  73.9  770s
 2824242 1121282   17.87500   32   61          -   14.22321      -  74.0  775s
 2838351 1124732   18.00000   39   29          -   14.23221      -  74.1  780s
 2853775 1128506   15.39072   48  186          -   14.24138      -  74.1  785s
 2869492 1132564   18.00000   43    1          -   14.25000      -  74.2  790s
 2887835 1137916   14.50000   32   43          -   14.25000      -  74.1  795s
 2906514 1142783   18.00000   34    1          -   14.25514      -  74.2  800s
 2921580 1146375   17.00000   47   21          -   14.26484      -  74.2  805s
 2938181 1150407   17.66667   40   25          -   14.27381      -  74.3  810s
 2953252 1153842   17.00000   38   17          -   14.28319      -  74.4  815s
 2970745 1158131   17.00000   32    9          -   14.28995      -  74.4  820s
 2985417 1161292   18.00000   46   30          -   14.29842      -  74.4  825s
 3001748 1165549   16.50000   45   38          -   14.30663      -  74.5  830s
 3017980 1169223     cutoff   42               -   14.31494      -  74.5  835s
 3032458 1172546   14.92308   30   99          -   14.32353      -  74.6  840s
 3039282 1173813   18.00000   41   12          -   14.32877      -  74.6  845s
 3055837 1178422   18.80000   43   92          -   14.33333      -  74.7  850s
 3078686 1184551   16.00000   31   10          -   14.33333      -  74.6  855s
 3099812 1190431   14.52982   48  162          -   14.33454      -  74.5  860s
 3113687 1193552   14.60000   26   77          -   14.34470      -  74.6  865s
 3128972 1196882     cutoff   39               -   14.35372      -  74.7  870s
 3144655 1200496   18.00000   39    1          -   14.36364      -  74.7  875s
 3160490 1203529   17.71429   42   80          -   14.37204      -  74.8  880s
 3177531 1207684   18.00000   41   20          -   14.37879      -  74.8  885s
 3192796 1211137   17.00000   39   15          -   14.38842      -  74.9  890s
 3207384 1214084   14.89655   44  117          -   14.39714      -  74.9  895s
 3228198 1219502   16.83333   41   79          -   14.40000      -  74.9  900s
 3243839 1222838   14.94186   41  100          -   14.40909      -  74.9  905s
 3260102 1226363     cutoff   41               -   14.41791      -  75.0  910s
 3274205 1229217   17.47368   37   73          -   14.42683      -  75.0  915s
 3292409 1233706   15.50000   25   41          -   14.43333      -  75.0  920s
 3308101 1237030   16.44578   41   91          -   14.44262      -  75.1  925s
 3324546 1240971 infeasible   45               -   14.45000      -  75.1  930s
 3340183 1244330     cutoff   38               -   14.45827      -  75.1  935s
 3357236 1247860     cutoff   47               -   14.46711      -  75.2  940s
 3372569 1251169   17.86441   35  142          -   14.47619      -  75.2  945s
 3388398 1254445   17.00000   40   17          -   14.48630      -  75.2  950s
 3403679 1257239   17.00000   45    3          -   14.49857      -  75.3  955s
 3423286 1262452   15.16667   28  137          -   14.50000      -  75.3  960s
 3446657 1268360 infeasible   32               -   14.50000      -  75.2  965s
 3469201 1274201   17.50000   27   76          -   14.50000      -  75.2  970s
 3492134 1279963   17.66667   46   30          -   14.50000      -  75.1  975s
 3515583 1286210   18.00000   30   18          -   14.50000      -  75.0  980s
 3538114 1292260   16.00000   32   13          -   14.50000      -  75.0  985s
 3558574 1297318   15.76667   30   89          -   14.50000      -  74.9  990s
 3572531 1299826   18.00000   45    1          -   14.51184      -  75.0  995s
 3589044 1303107   18.00000   47   12          -   14.52381      -  75.0 1000s
 3606229 1306692   17.33929   35  109          -   14.53420      -  75.1 1005s
 3621412 1309920   18.00000   44   36          -   14.54464      -  75.1 1010s
 3638478 1314023     cutoff   50               -   14.55500      -  75.1 1015s
 3656386 1317714     cutoff   46               -   14.56338      -  75.1 1020s
 3674371 1321964   15.30357   30  122          -   14.57143      -  75.1 1025s
 3690790 1325172   17.00000   37   19          -   14.58120      -  75.1 1030s
 3707463 1328742   16.75000   23  111          -   14.59091      -  75.2 1035s
 3724594 1332612   18.52555   47  131          -   14.60000      -  75.2 1040s
 3743009 1336819     cutoff   48               -   14.60274      -  75.1 1045s
 3748170 1338078   18.50000   41   15          -   14.60714      -  75.1 1050s
 3764016 1341233   18.18182   29   92          -   14.61702      -  75.2 1055s
 3782928 1345480   17.00000   43   19          -   14.62500      -  75.2 1060s
 3799364 1349184   16.60736   35  220          -   14.63636      -  75.2 1065s
 3816770 1352906   17.76923   49   73          -   14.64405      -  75.2 1070s
 3833323 1356299     cutoff   46               -   14.65491      -  75.2 1075s
 3849093 1359362   14.99620   48  180          -   14.66667      -  75.2 1080s
 3870833 1364705   19.00000   46   44          -   14.66667      -  75.2 1085s
 3893144 1370449   17.62500   50   63          -   14.66667      -  75.1 1090s
 3915765 1376417   18.00000   39   28          -   14.66667      -  75.1 1095s
 3933047 1380238   18.25152   44  142          -   14.67596      -  75.1 1100s
 3948505 1383308   17.50000   47   45          -   14.68627      -  75.1 1105s
 3965557 1386768   18.00000   44   18          -   14.69649      -  75.1 1110s
 3982420 1390309   17.00000   52   17          -   14.70588      -  75.2 1115s
 3998894 1393747   16.33100   41  151          -   14.71429      -  75.2 1120s
 4016526 1397599     cutoff   49               -   14.72348      -  75.2 1125s
 4032506 1401087   18.44802   44  166          -   14.73333      -  75.2 1130s
 4049749 1404498   17.00000   45   40          -   14.74440      -  75.2 1135s
 4068859 1408769   15.98969   38  137          -   14.75000      -  75.2 1140s
 4091197 1414351   17.50000   43   75          -   14.75000      -  75.1 1145s
 4107797 1418383   18.00000   53    6          -   14.75449      -  75.1 1150s
 4124354 1421538   17.25000   54   30          -   14.76603      -  75.1 1155s
 4140179 1424699   18.00000   44   28          -   14.77663      -  75.2 1160s
 4157378 1428564   18.04045   56  136          -   14.78521      -  75.2 1165s
 4174170 1431768   15.75000   35   59          -   14.79545      -  75.2 1170s
 4191867 1435850   17.50000   34  104          -   14.80000      -  75.2 1175s
 4211948 1440545   17.00000   45   31          -   14.80537      -  75.1 1180s
 4228100 1443863   16.33333   32   53          -   14.81563      -  75.2 1185s
 4244837 1447392   15.00000   56   15          -   14.82416      -  75.2 1190s
 4260641 1450683   15.66667   33   45          -   14.83333      -  75.2 1195s
 4282118 1455595   17.00000   44  119          -   14.83514      -  75.2 1200s
 4297900 1459000   15.72414   36   41          -   14.84615      -  75.2 1205s
 4313890 1462337   17.36000   50  105          -   14.85714      -  75.2 1210s
 4333106 1466540   18.00000   47   35          -   14.86207      -  75.2 1215s
 4348495 1469495   15.94118   31  110          -   14.87273      -  75.2 1220s
 4359380 1471997   18.00000   52    8          -   14.87500      -  75.2 1225s
 4372107 1474377   18.00000   45   22          -   14.88235      -  75.2 1230s
 4390707 1477865     cutoff   54               -   14.89082      -  75.2 1235s
 4407281 1481670   15.42857   34   76          -   14.90000      -  75.2 1240s
 4424981 1485426   16.00000   39    6          -   14.90909      -  75.2 1245s
 4442837 1489028   15.00000   30   16          -   14.91667      -  75.2 1250s
 4459539 1492406   17.00000   33   36          -   14.92697      -  75.2 1255s
 4478013 1496278     cutoff   51               -   14.93727      -  75.2 1260s
 4495070 1499914   16.00000   34    9          -   14.94643      -  75.2 1265s
 4513325 1503699   15.59091   31  126          -   14.95833      -  75.2 1270s
 4530294 1506957   16.50000   34   76          -   14.96906      -  75.2 1275s
 4546129 1510376     cutoff   49               -   14.98019      -  75.3 1280s
 4563138 1513540   15.85194   38  182          -   15.00000      -  75.3 1285s
 4582177 1517367   15.00000   45   15          -   15.00000      -  75.3 1290s
 4602382 1521846   15.00000   32   52          -   15.00000      -  75.2 1295s
 4623560 1526370   15.00000   42   13          -   15.00000      -  75.2 1300s
 4646032 1531248     cutoff   51               -   15.00000      -  75.2 1305s
 4665714 1535022   16.00000   25   18          -   15.00000      -  75.2 1310s
 4686560 1538942     cutoff   44               -   15.00000      -  75.1 1315s
 4707532 1542969   19.00000   26   19          -   15.00000      -  75.1 1320s
 4717302 1544565   17.00000   52   10          -   15.00000      -  75.1 1325s
 4733279 1548020   18.00000   44   26          -   15.00000      -  75.1 1330s
 4754825 1552604   16.72222   41  102          -   15.00000      -  75.1 1335s
 4777297 1557043   16.00000   28   10          -   15.00000      -  75.0 1340s
 4798527 1561305   17.00000   28    7          -   15.00000      -  75.0 1345s
 4819429 1565567   15.64380   29  234          -   15.00000      -  75.0 1350s
 4840926 1570003   16.90000   32   88          -   15.00000      -  75.0 1355s
 4861393 1573912   15.48894   25  141          -   15.00000      -  74.9 1360s
 4882707 1578035   17.17857   32   90          -   15.00000      -  74.9 1365s
 4904147 1582234   17.00000   33   23          -   15.00000      -  74.9 1370s
 4925299 1586485   16.40000   30   62          -   15.00000      -  74.9 1375s
 4946384 1590888   15.50000   26   59          -   15.00000      -  74.9 1380s
 4967078 1595343   17.50000   35   54          -   15.00000      -  74.8 1385s
 4988891 1599652   15.97143   40   88          -   15.00000      -  74.8 1390s
 5010399 1604380   16.00000   32   16          -   15.00000      -  74.8 1395s
 5031684 1608513   19.00000   36   24          -   15.00000      -  74.7 1400s
 5050479 1612213   15.70102   53  186          -   15.00000      -  74.7 1405s
 5070117 1616375   16.50000   37   16          -   15.00000      -  74.7 1410s
 5084911 1618762   16.66265   42  153          -   15.01471      -  74.7 1415s
 5101662 1622312   17.30000   46   96          -   15.03606      -  74.7 1420s
 5120937 1626651   15.22118   54  176          -   15.05463      -  74.7 1425s
 5139562 1630975   18.90909   45   75          -   15.07006      -  74.7 1430s
 5160253 1635687   15.83019   34  153          -   15.08333      -  74.7 1435s
 5179194 1640076   16.64169   31  159          -   15.09756      -  74.6 1440s
 5198758 1644607   17.00000   51   17          -   15.10970      -  74.6 1445s
 5219300 1649269   17.73855   53  174          -   15.12164      -  74.6 1450s
 5238184 1653580 infeasible   49               -   15.13039      -  74.6 1455s
 5257352 1658011   17.00000   52   28          -   15.14286      -  74.5 1460s
 5278562 1662583   17.33333   46   31          -   15.15079      -  74.5 1465s
 5298596 1667105   15.20000   54   56          -   15.16667      -  74.5 1470s
 5320274 1671862   16.71429   35   94          -   15.16667      -  74.4 1475s
 5339634 1676356   18.37664   45  159          -   15.18085      -  74.4 1480s
 5359471 1680922   17.65741   30  127          -   15.19093      -  74.4 1485s
 5378857 1685326   16.13415   35  103          -   15.20000      -  74.4 1490s
 5401379 1690406   16.00000   40   23          -   15.20000      -  74.3 1495s
 5419684 1694309   15.25697   41  230          -   15.21343      -  74.3 1500s
 5439434 1698791   16.50000   36   51          -   15.22222      -  74.3 1505s
 5458845 1703048   17.00000   34    7          -   15.23314      -  74.2 1510s
 5477825 1707325 infeasible   51               -   15.24653      -  74.2 1515s
 5498360 1711513   18.00000   45   10          -   15.25000      -  74.2 1520s
 5520982 1716308   15.50000   51   37          -   15.25000      -  74.2 1525s
 5541431 1720419   16.00000   33   34          -   15.25000      -  74.1 1530s
 5560193 1724429     cutoff   50               -   15.26460      -  74.1 1535s
 5579543 1728823   17.33333   31   38          -   15.27476      -  74.1 1540s
 5597734 1732825   16.82828   48  121          -   15.28571      -  74.1 1545s
 5618287 1737423   16.00000   29   18          -   15.29167      -  74.0 1550s
 5637180 1741475   16.00000   32   28          -   15.30000      -  74.0 1555s
 5655256 1745561   15.57143   24   81          -   15.31222      -  74.0 1560s
 5662141 1747093   16.33231   32  188          -   15.31527      -  74.0 1565s
 5677593 1750718   16.52128   51   51          -   15.32558      -  74.0 1570s
 5696781 1754887     cutoff   54               -   15.33333      -  74.0 1575s
 5717932 1759350   17.00000   33   72          -   15.33333      -  74.0 1580s
 5737693 1763011   16.75000   32   39          -   15.33333      -  73.9 1585s
 5759378 1767088   16.69340   37  227          -   15.33333      -  73.9 1590s
 5780492 1771222   17.43787   32  108          -   15.33333      -  73.9 1595s
 5800153 1775249   19.12500   57  124          -   15.33878      -  73.9 1600s
 5818172 1779096   18.44444   44   98          -   15.35185      -  73.8 1605s
 5837885 1783494   15.50000   39   48          -   15.36364      -  73.8 1610s
 5856241 1787418   15.60000   38   79          -   15.37209      -  73.8 1615s
 5877134 1791687     cutoff   33               -   15.37671      -  73.8 1620s
 5895415 1795386   18.19444   48  163          -   15.38680      -  73.8 1625s
 5913164 1799418   18.26316   33  121          -   15.39889      -  73.8 1630s
 5934397 1803571   16.83333   31   53          -   15.40000      -  73.7 1635s
 5955986 1807734   16.97959   34  148          -   15.40000      -  73.7 1640s
 5973617 1811489   15.52795   31  196          -   15.41199      -  73.7 1645s
 5991516 1815379   16.00000   33   28          -   15.42105      -  73.7 1650s
 6011608 1819424   16.70000   44   95          -   15.42857      -  73.7 1655s
 6029737 1823014   17.28571   36   84          -   15.43528      -  73.7 1660s
 6049257 1827089   17.25000   39  119          -   15.44444      -  73.7 1665s
 6057475 1828439   17.32422   51  131          -   15.44681      -  73.6 1670s
 6057615 1828541   15.63545   30  125          -   15.44828      -  73.7 1675s
 6057985 1828827   17.00000   51    3          -   15.44918      -  73.7 1680s
 6068797 1831262   15.58333   31   83          -   15.45455      -  73.6 1685s
 6089078 1835174   16.77596   33  120          -   15.46154      -  73.6 1690s
 6107326 1838717   18.00000   58    8          -   15.47130      -  73.6 1695s
 6125691 1842641   16.33333   29   78          -   15.48000      -  73.6 1700s
 6142662 1846376   19.00000   39   72          -   15.49174      -  73.6 1705s
 6162904 1850241   17.41667   40   79          -   15.50000      -  73.6 1710s
 6182511 1853916   16.29114   32  128          -   15.50000      -  73.6 1715s
 6204063 1857599   16.50000   49   45          -   15.50000      -  73.6 1720s
 6225454 1861551   15.66667   36   34          -   15.50000      -  73.5 1725s
 6244723 1864824   17.33333   37   65          -   15.50000      -  73.5 1730s
 6265063 1868049   16.00000   33    1          -   15.50000      -  73.5 1735s
 6286640 1871441   16.45000   29   79          -   15.50000      -  73.5 1740s
 6306091 1874928   15.50000   33   27          -   15.50000      -  73.5 1745s
 6326373 1878629   18.54545   30   86          -   15.50000      -  73.5 1750s
 6347946 1882393   17.10000   39   68          -   15.50000      -  73.4 1755s
 6367918 1885929   17.00000   39   37          -   15.50000      -  73.4 1760s
 6388230 1889223   15.90000   39   72          -   15.50000      -  73.4 1765s
 6410468 1892989   17.70505   33  149          -   15.50000      -  73.4 1770s
 6430460 1896759   15.98099   28  171          -   15.50000      -  73.4 1775s
 6450824 1900336     cutoff   56               -   15.50277      -  73.4 1780s
 6468191 1903660   17.29472   30  175          -   15.51720      -  73.4 1785s
 6486791 1907467   16.00000   42   36          -   15.52941      -  73.4 1790s
 6505154 1911137   16.42857   40  111          -   15.53846      -  73.3 1795s
 6524282 1914967   16.66667   53   69          -   15.54619      -  73.3 1800s
 6541894 1918785   16.75000   39   45          -   15.55556      -  73.3 1805s
 6562026 1922785   16.66038   44  114          -   15.56250      -  73.3 1810s
 6580994 1926608   17.50000   34   61          -   15.57143      -  73.3 1815s
 6593553 1928952   17.35050   42  139          -   15.57156      -  73.3 1820s
 6605678 1931807   18.00000   31   20          -   15.57964      -  73.3 1825s
 6624240 1935317 infeasible   39               -   15.58769      -  73.3 1830s
 6642208 1938800   17.00000   32   39          -   15.59867      -  73.3 1835s
 6661847 1942480   16.00000   25   28          -   15.60000      -  73.3 1840s
 6683515 1946438   18.00000   36   35          -   15.60000      -  73.3 1845s
 6700727 1949994   17.99145   60  138          -   15.60864      -  73.3 1850s
 6719327 1953692   16.33333   48  118          -   15.61667      -  73.3 1855s
 6737171 1957185   16.08549   48  159          -   15.62500      -  73.3 1860s
 6756612 1960635   15.80696   50  204          -   15.62902      -  73.2 1865s
 6775129 1964277   18.31481   27   95          -   15.63636      -  73.2 1870s
 6793119 1967599   16.98229   41  173          -   15.64337      -  73.2 1875s
 6811016 1971041   15.70901   33  138          -   15.65217      -  73.2 1880s
 6827795 1974202   16.89231   35  137          -   15.66260      -  73.2 1885s
 6848282 1977625 infeasible   50               -   15.66667      -  73.2 1890s
 6867819 1981151   17.00000   43   55          -   15.66667      -  73.2 1895s
 6887806 1984474   16.00000   34    6          -   15.66667      -  73.2 1900s
 6908592 1987820   16.49180   32  117          -   15.66667      -  73.2 1905s
 6928785 1990766   16.28571   40   56          -   15.66667      -  73.2 1910s
 6949694 1993845   16.00000   32   10          -   15.66667      -  73.2 1915s
 6969872 1997069   17.12500   23   75          -   15.66667      -  73.1 1920s
 6986258 2000255   18.00000   41   23          -   15.67809      -  73.2 1925s
 7003698 2003603   19.00000   58    5          -   15.68750      -  73.2 1930s
 7022770 2006979   18.31507   47  136          -   15.69512      -  73.2 1935s
 7040928 2010372     cutoff   55               -   15.70000      -  73.2 1940s
 7057915 2013457   17.44231   29  110          -   15.70833      -  73.2 1945s
 7077221 2016932   17.00000   56    5          -   15.71429      -  73.2 1950s
 7096082 2020286   16.00000   45    4          -   15.71910      -  73.1 1955s
 7113350 2023553   17.00000   32   10          -   15.72727      -  73.1 1960s
 7130733 2026803   16.09091   44   57          -   15.73333      -  73.1 1965s
 7149069 2029975 infeasible   31               -   15.74074      -  73.1 1970s
 7166442 2033013   17.00000   44   79          -   15.75000      -  73.1 1975s
 7186420 2035944   16.22222   37   66          -   15.75000      -  73.1 1980s
 7205733 2039172     cutoff   37               -   15.75000      -  73.1 1985s
 7225430 2042247   16.00000   37   28          -   15.75000      -  73.1 1990s
 7246424 2045591   15.95455   31  102          -   15.75000      -  73.1 1995s
 7264786 2048515   17.07042   28  126          -   15.75510      -  73.1 2000s
 7281542 2051635   17.60294   43  109          -   15.76344      -  73.1 2005s
 7299210 2054754   18.18988   24  177          -   15.76949      -  73.1 2010s
 7315736 2057695   18.36364   41  115          -   15.77778      -  73.1 2015s
 7333805 2060662   19.00000   52   17          -   15.78125      -  73.1 2020s
 7351546 2063648 infeasible   52               -   15.78846      -  73.1 2025s
 7367920 2066550   16.44444   39  116          -   15.79580      -  73.1 2030s
 7386826 2069698   17.25000   38   37          -   15.80000      -  73.1 2035s
 7406193 2072358   16.67978   54  161          -   15.80000      -  73.1 2040s
 7411750 2073351   16.50000   36   35          -   15.80000      -  73.1 2045s
 7429440 2075995     cutoff   51               -   15.80260      -  73.1 2050s
 7445557 2078785   17.15839   42  165          -   15.81120      -  73.1 2055s
 7461534 2081441   18.10526   35  104          -   15.81818      -  73.1 2060s
 7478975 2084444   17.00000   47   16          -   15.82338      -  73.1 2065s
 7496263 2087264     cutoff   61               -   15.83048      -  73.1 2070s
 7514997 2090456   16.72789   36  108          -   15.83333      -  73.1 2075s
 7534958 2093569   16.33333   41   76          -   15.83333      -  73.1 2080s
 7553200 2096416   16.00000   42    6          -   15.83838      -  73.1 2085s
 7570747 2099531   18.96386   27  124          -   15.84615      -  73.1 2090s
 7587748 2102427   16.00000   41   37          -   15.85173      -  73.1 2095s
 7605930 2105356   16.00000   33    8          -   15.85714      -  73.1 2100s
 7624634 2108061   17.42105   40   88          -   15.85714      -  73.0 2105s
 7642543 2111195     cutoff   32               -   15.86584      -  73.1 2110s
 7659084 2113790   17.58621   29  154          -   15.87207      -  73.1 2115s
 7678353 2116664   16.33333   29   50          -   15.87500      -  73.0 2120s
 7695860 2119318     cutoff   48               -   15.88000      -  73.0 2125s
 7711643 2121882     cutoff   30               -   15.88703      -  73.1 2130s
 7731251 2124878     cutoff   45               -   15.88889      -  73.1 2135s
 7747532 2127449   16.26829   29  136          -   15.89675      -  73.1 2140s
 7765398 2130058   16.00000   28    7          -   15.90000      -  73.1 2145s
 7782817 2133083     cutoff   46               -   15.90909      -  73.1 2150s
 7800765 2136023   19.00000   38   17          -   15.91270      -  73.1 2155s
 7819904 2138891   17.60000   36  105          -   15.91742      -  73.1 2160s
 7838951 2141926   16.82322   36  191          -   15.92339      -  73.1 2165s
 7855243 2144522   16.19171   38  185          -   15.92874      -  73.1 2170s
 7872025 2147015   17.50000   39   43          -   15.93489      -  73.1 2175s
 7889405 2149454   17.32000   26  102          -   15.94118      -  73.1 2180s
 7906914 2152289     cutoff   57               -   15.94737      -  73.1 2185s
 7922916 2154907   17.00000   41   13          -   15.95312      -  73.1 2190s
 7939972 2157400   18.00000   36   18          -   15.96000      -  73.1 2195s
 7956429 2159891   17.47500   37  155          -   15.96703      -  73.1 2200s
 7972986 2162432   19.00000   37    9          -   15.97458      -  73.1 2205s
 7988871 2164994 infeasible   29               -   15.98291      -  73.1 2210s
 8003007 2166883   16.00000   31   41          -   15.99242      -  73.1 2215s
 8017228 2170403   16.50000   36   32          -   16.00000      -  73.1 2220s
 8036494 2172674   17.20588   38   98          -   16.00000      -  73.1 2225s
 8055190 2174950 infeasible   55               -   16.00000      -  73.1 2230s
 8074822 2177314     cutoff   38               -   16.00000      -  73.1 2235s
 8094137 2179490   17.14286   32   74          -   16.00000      -  73.1 2240s
 8112632 2181611   19.00000   39   23          -   16.00000      -  73.1 2245s
 8131005 2183965   17.41176   31   76          -   16.00000      -  73.1 2250s
 8150999 2186424 infeasible   33               -   16.00000      -  73.1 2255s
 8169719 2188467   17.00000   37   17          -   16.00000      -  73.1 2260s
 8190025 2190541   18.00000   34   26          -   16.00000      -  73.1 2265s
 8208569 2192216   17.00000   29   18          -   16.00000      -  73.1 2270s
 8226672 2193950     cutoff   47               -   16.00000      -  73.1 2275s
 8245255 2195818     cutoff   51               -   16.00000      -  73.1 2280s
 8264217 2197791   16.20000   38   65          -   16.00000      -  73.1 2285s
 8283737 2199693   16.33333   57   46          -   16.00000      -  73.1 2290s
 8303634 2201495   17.45055   33  125          -   16.00000      -  73.1 2295s
 8323151 2203407 infeasible   48               -   16.00000      -  73.1 2300s
 8341612 2205065   18.50000   37   28          -   16.00000      -  73.1 2305s
 8356172 2206415     cutoff   43               -   16.00000      -  73.1 2310s
 8362446 2207002   16.00000   30    8          -   16.00000      -  73.1 2315s
 8380755 2208035     cutoff   50               -   16.00000      -  73.1 2320s
 8400131 2209552   17.00000   31   19          -   16.00000      -  73.1 2325s
 8419904 2211292   16.16667   27  143          -   16.00000      -  73.1 2330s
 8439891 2213243 infeasible   41               -   16.00000      -  73.0 2335s
 8459413 2215127   16.57143   34   98          -   16.00000      -  73.0 2340s
 8479963 2217028   18.00000   51   22          -   16.00000      -  73.0 2345s
 8499983 2218920   16.53704   35  125          -   16.00000      -  73.0 2350s
 8518314 2220767   17.88462   35   80          -   16.00000      -  73.0 2355s
 8538647 2222576   16.00000   35   18          -   16.00000      -  73.0 2360s
 8558526 2224427   18.04762   34   91          -   16.00000      -  73.0 2365s
 8578034 2226399   16.50000   32   57          -   16.00000      -  73.0 2370s
 8596791 2228124     cutoff   35               -   16.00000      -  73.0 2375s
 8615289 2229937   17.75000   29   47          -   16.00000      -  73.0 2380s
 8634374 2231677   16.41987   37  180          -   16.00000      -  73.0 2385s
 8654484 2233628 infeasible   30               -   16.00000      -  73.0 2390s
 8676713 2235913   16.33333   29   42          -   16.00000      -  73.0 2395s
 8696445 2237793   17.00000   26   21          -   16.00000      -  73.0 2400s
 8716709 2239479   17.00000   30    9          -   16.00000      -  73.0 2405s
 8735970 2240921   17.00000   48    9          -   16.00000      -  73.0 2410s
 8756864 2243276     cutoff   54               -   16.00000      -  73.0 2415s
 8775573 2245565   16.00000   37   37          -   16.00000      -  73.0 2420s
 8796840 2247944   17.00000   39   17          -   16.00000      -  72.9 2425s
 8817736 2250260 infeasible   51               -   16.00000      -  72.9 2430s
 8838065 2252536   16.00000   35   35          -   16.00000      -  72.9 2435s
 8857536 2254638   16.00000   36   37          -   16.00000      -  72.9 2440s
 8877647 2257124   17.50000   40   48          -   16.00000      -  72.9 2445s
 8893814 2259314 infeasible   40               -   16.00518      -  72.9 2450s
 8909536 2261301   17.74937   41  221          -   16.01976      -  72.9 2455s
 8925702 2263578   17.00000   30   18          -   16.03226      -  72.9 2460s
 8943977 2266262   17.63743   36  203          -   16.04339      -  72.9 2465s
 8960967 2268865 infeasible   38               -   16.05155      -  72.9 2470s
 8978850 2271592   18.55556   49   83          -   16.05932      -  72.9 2475s
 8996263 2274305   18.15789   47  128          -   16.06667      -  72.9 2480s
 9014656 2277041 infeasible   55               -   16.07618      -  72.9 2485s
 9033014 2279592   17.50000   43   54          -   16.08333      -  72.9 2490s
 9050802 2282392   17.51807   45  118          -   16.09035      -  72.9 2495s
 9069665 2284886   18.26667   29   83          -   16.09677      -  72.9 2500s
 9089748 2287725     cutoff   40               -   16.10266      -  72.9 2505s
 9108023 2290422   16.34259   43  177          -   16.11111      -  72.9 2510s
 9128226 2293212   16.50000   40   23          -   16.11538      -  72.9 2515s
 9145198 2295524   16.65881   26  199          -   16.12387      -  72.9 2520s
 9165696 2298401     cutoff   64               -   16.12500      -  72.9 2525s
 9183375 2301124     cutoff   48               -   16.13333      -  72.9 2530s
 9200407 2303310   17.00000   46   19          -   16.14047      -  72.9 2535s
 9220363 2305860   17.13793   36  126          -   16.14286      -  72.9 2540s
 9238863 2308137   16.98380   28  172          -   16.14846      -  72.9 2545s
 9256552 2310279 infeasible   46               -   16.15455      -  72.9 2550s
 9272971 2312504   19.00000   65   19          -   16.16216      -  72.9 2555s
 9292431 2314992   16.50000   43   32          -   16.16667      -  72.9 2560s
 9313391 2317416   17.09091   49  151          -   16.16667      -  72.9 2565s
 9331255 2319563   17.66667   40   73          -   16.17143      -  72.8 2570s
 9348331 2321659 infeasible   44               -   16.17857      -  72.8 2575s
 9366846 2324259   18.75862   33   97          -   16.18391      -  72.8 2580s
 9385141 2326622   19.14286   36   83          -   16.19048      -  72.8 2585s
 9402163 2328958   16.47727   35   95          -   16.19872      -  72.8 2590s
 9421517 2331342   19.00000   32   22          -   16.20000      -  72.8 2595s
 9441585 2333670 infeasible   44               -   16.20000      -  72.8 2600s
 9461655 2336120     cutoff   42               -   16.20192      -  72.8 2605s
 9477488 2338402   16.54995   38  168          -   16.20994      -  72.8 2610s
 9495752 2340508   17.52419   32  174          -   16.21538      -  72.8 2615s
 9513874 2342807   17.64000   36  116          -   16.22222      -  72.8 2620s
 9532303 2345036   17.39759   40  171          -   16.22637      -  72.8 2625s
 9547265 2346862   17.00000   40    7          -   16.23077      -  72.8 2630s
 9553529 2347855   17.50000   36   47          -   16.23355      -  72.8 2635s
 9570192 2349925   16.77419   52  147          -   16.23996      -  72.8 2640s
 9586699 2351870   17.00000   33    9          -   16.24906      -  72.8 2645s
 9606045 2353985   17.00000   35    7          -   16.25000      -  72.8 2650s
 9626036 2356093   17.00000   39    7          -   16.25000      -  72.8 2655s
 9646982 2358306   16.50000   32   28          -   16.25000      -  72.8 2660s
 9666664 2360326   17.00000   30    9          -   16.25000      -  72.8 2665s
 9687975 2362518   17.04898   44  170          -   16.25000      -  72.7 2670s
 9706902 2364829   18.12500   46   88          -   16.25221      -  72.7 2675s
 9723894 2367049 infeasible   28               -   16.26087      -  72.7 2680s
 9741705 2369165   17.00000   33   80          -   16.26667      -  72.7 2685s
 9759082 2371257   16.50000   34   43          -   16.27273      -  72.7 2690s
 9776500 2373384   18.50000   29   25          -   16.27778      -  72.7 2695s
 9793192 2375559   17.70000   56   53          -   16.28571      -  72.7 2700s
 9813148 2377695   18.00000   31   43          -   16.28571      -  72.7 2705s
 9831602 2379671   16.42330   36  187          -   16.29032      -  72.7 2710s
 9849667 2381586   17.81818   35   72          -   16.29730      -  72.7 2715s
 9868403 2383595   17.00000   30   10          -   16.30000      -  72.7 2720s
 9884586 2385577 infeasible   55               -   16.30723      -  72.7 2725s
 9902799 2387655   17.50000   35   54          -   16.31250      -  72.7 2730s
 9920279 2389703   18.67234   43  128          -   16.31818      -  72.7 2735s
 9938036 2391865   18.00000   42   21          -   16.32500      -  72.7 2740s
 9954223 2393684   17.73333   36   96          -   16.33333      -  72.7 2745s
 9974519 2395656   17.55000   48  112          -   16.33333      -  72.7 2750s
 9994218 2397449   17.12903   40  103          -   16.33333      -  72.7 2755s
 10014280 2398891   17.89474   41  120          -   16.33333      -  72.7 2760s
 10035513 2400533   17.87500   40   86          -   16.33333      -  72.7 2765s
 10056523 2402310     cutoff   32               -   16.33333      -  72.7 2770s
 10076100 2403848   18.00000   47   32          -   16.33333      -  72.7 2775s
 10095386 2405215   17.00000   27   39          -   16.33333      -  72.6 2780s
 10116415 2406588   17.57143   35   73          -   16.33333      -  72.6 2785s
 10136421 2407971   16.44444   38  126          -   16.33333      -  72.6 2790s
 10152506 2409468   17.29708   30  191          -   16.34211      -  72.6 2795s
 10168832 2411181   17.11407   35  170          -   16.34862      -  72.6 2800s
 10186125 2413138   18.19048   48   83          -   16.35484      -  72.6 2805s
 10203291 2415164     cutoff   33               -   16.36000      -  72.6 2810s
 10221469 2417174   17.80781   26  129          -   16.36377      -  72.6 2815s
 10238205 2419098     cutoff   48               -   16.37097      -  72.6 2820s
 10256494 2420726   17.17647   59  141          -   16.37500      -  72.6 2825s
 10275192 2422561   17.30481   36  138          -   16.37775      -  72.6 2830s
 10292087 2424561   17.00000   40   40          -   16.38462      -  72.6 2835s
 10309021 2426226   16.95455   27   99          -   16.38889      -  72.6 2840s
 10325804 2428011   18.28205   30  135          -   16.39535      -  72.6 2845s
 10344584 2429874   19.00000   33   52          -   16.40000      -  72.6 2850s
 10365699 2431483   17.75000   30  118          -   16.40000      -  72.6 2855s
 10385489 2432900   16.81148   32  200          -   16.40000      -  72.6 2860s
 10404724 2434530     cutoff   44               -   16.40104      -  72.6 2865s
 10421292 2436381   17.96774   49  104          -   16.40909      -  72.6 2870s
 10438379 2438203   17.54167   28   73          -   16.41441      -  72.6 2875s
 10456360 2439999     cutoff   41               -   16.41818      -  72.6 2880s
 10473361 2441658   18.58252   34  120          -   16.42466      -  72.6 2885s
 10490550 2443296   18.10000   35  141          -   16.42857      -  72.6 2890s
 10510689 2444994   17.38258   38  136          -   16.42857      -  72.6 2895s
 10527933 2446708   17.25000   37   89          -   16.43506      -  72.6 2900s
 10544896 2448397   16.80000   31   61          -   16.44068      -  72.6 2905s
 10562964 2450077   17.35356   29  187          -   16.44444      -  72.6 2910s
 10579745 2451519   16.78313   34  130          -   16.44828      -  72.6 2915s
 10588450 2452521   17.17669   60  192          -   16.45128      -  72.6 2920s
 10606577 2454209   17.60000   25   78          -   16.45455      -  72.6 2925s
 10623953 2456095   16.75000   31   39          -   16.46154      -  72.6 2930s
 10642156 2457956   17.97030   28  125          -   16.46667      -  72.6 2935s
 10660895 2459625   16.80000   32   61          -   16.47086      -  72.6 2940s
 10678926 2461478     cutoff   47               -   16.47742      -  72.6 2945s
 10695417 2463128   16.50000   40   17          -   16.48387      -  72.6 2950s
 10711618 2464983   18.50000   54   15          -   16.49020      -  72.6 2955s
 10726773 2466387   16.85000   32  115          -   16.50000      -  72.6 2960s
 10746943 2467629   17.00000   44   20          -   16.50000      -  72.6 2965s
 10765396 2468824   18.00000   29    8          -   16.50000      -  72.6 2970s
 10785205 2470007   18.83333   48   38          -   16.50000      -  72.6 2975s
 10805764 2470912   17.42857   46   78          -   16.50000      -  72.6 2980s
 10825877 2471504   17.66667   39   56          -   16.50000      -  72.6 2985s
 10844480 2472333   17.00000   47   38          -   16.50000      -  72.6 2990s
 10864342 2473210   17.00000   42   20          -   16.50000      -  72.6 2995s
 10883443 2473968   18.00000   41   12          -   16.50000      -  72.6 3000s
 10904161 2474807   16.50000   42   31          -   16.50000      -  72.6 3005s
 10922997 2475307   18.35577   39  125          -   16.50000      -  72.6 3010s
 10942764 2476112   18.00000   35    6          -   16.50000      -  72.6 3015s
 10962693 2476605     cutoff   31               -   16.50000      -  72.6 3020s
 10982552 2477150   17.40909   34  107          -   16.50000      -  72.6 3025s
 11002239 2478017   19.00000   56   33          -   16.50000      -  72.6 3030s
 11021629 2478600   17.33460   29  173          -   16.50000      -  72.5 3035s
 11041878 2479548   18.00000   33   26          -   16.50000      -  72.5 3040s
 11062399 2480119   18.00000   34   41          -   16.50000      -  72.5 3045s
 11081113 2480638   17.50000   33   42          -   16.50000      -  72.5 3050s
 11100916 2481396   18.00000   33   31          -   16.50000      -  72.5 3055s
 11122305 2482141   17.00000   39   87          -   16.50000      -  72.5 3060s
 11141420 2482888   18.56863   32  182          -   16.50000      -  72.5 3065s
 11162038 2484173   17.29730   37  132          -   16.50000      -  72.5 3070s
 11181582 2485126   16.59622   47  226          -   16.50000      -  72.5 3075s
 11200049 2485934     cutoff   49               -   16.50009      -  72.5 3080s
 11215624 2487529   17.14286   40   87          -   16.51064      -  72.5 3085s
 11227945 2488541   17.00000   32   22          -   16.51724      -  72.5 3090s
 11231195 2488997   18.51570   40  152          -   16.51852      -  72.5 3095s
 11243948 2490164   19.00000   38    7          -   16.52381      -  72.5 3100s
 11260118 2491467     cutoff   45               -   16.52941      -  72.5 3105s
 11277014 2493135   17.50000   33   33          -   16.53571      -  72.5 3110s
 11294808 2494620     cutoff   52               -   16.54167      -  72.5 3115s
 11311892 2495949   17.47887   32  154          -   16.54545      -  72.5 3120s
 11328157 2497474   17.28000   34   96          -   16.55140      -  72.5 3125s
 11346638 2499031   17.31481   54  112          -   16.55556      -  72.5 3130s
 11364865 2500775 infeasible   43               -   16.56000      -  72.5 3135s
 11381891 2502287   18.50000   43   42          -   16.56552      -  72.5 3140s
 11398627 2503652   16.79675   37  120          -   16.57143      -  72.5 3145s
 11418683 2504854   18.00000   34   20          -   16.57143      -  72.5 3150s
 11436804 2506254   16.91546   46  175          -   16.57692      -  72.5 3155s
 11454028 2507928   17.21739   29   99          -   16.58333      -  72.5 3160s
 11470917 2509164     cutoff   39               -   16.58667      -  72.5 3165s
 11488549 2510639 infeasible   43               -   16.59259      -  72.5 3170s
 11504179 2511850     cutoff   38               -   16.60000      -  72.5 3175s
 11523772 2513223   16.66667   41   25          -   16.60000      -  72.5 3180s
 11543226 2514273   18.50000   37   50          -   16.60000      -  72.5 3185s
 11563038 2515026     cutoff   56               -   16.60000      -  72.5 3190s
 11580569 2516190   17.29630   34  114          -   16.60290      -  72.5 3195s
 11596128 2517494     cutoff   51               -   16.60909      -  72.5 3200s
 11613268 2518954     cutoff   41               -   16.61538      -  72.5 3205s
 11630311 2520412   18.38801   26  169          -   16.61947      -  72.5 3210s
 11647560 2521591     cutoff   32               -   16.62500      -  72.5 3215s
 11666459 2522730   18.55814   29  138          -   16.62500      -  72.5 3220s
 11682914 2524074 infeasible   39               -   16.63006      -  72.5 3225s
 11700664 2525328   16.80952   43   77          -   16.63636      -  72.5 3230s
 11718389 2526656   17.74852   39   93          -   16.63957      -  72.5 3235s
 11734575 2527737   17.40051   60  158          -   16.64387      -  72.5 3240s
 11751122 2529039     cutoff   50               -   16.65000      -  72.5 3245s
 11767172 2530362   19.00000   58   19          -   16.65455      -  72.5 3250s
 11783079 2531737 infeasible   40               -   16.66114      -  72.6 3255s
 11800111 2532789   17.21477   33  129          -   16.66667      -  72.6 3260s
 11819062 2533602   18.33333   43   81          -   16.66667      -  72.6 3265s
 11837613 2534107     cutoff   32               -   16.66667      -  72.6 3270s
 11856332 2534768   18.00000   44   10          -   16.66667      -  72.5 3275s
 11875063 2535377   17.93750   36   90          -   16.66667      -  72.5 3280s
 11894384 2536094   18.00000   55    6          -   16.66667      -  72.5 3285s
 11913126 2536526   17.00000   40   13          -   16.66667      -  72.5 3290s
 11932686 2536790     cutoff   41               -   16.66667      -  72.5 3295s
 11951421 2537168   19.00000   32   39          -   16.66667      -  72.5 3300s
 11970103 2537475   18.00000   44    7          -   16.66667      -  72.5 3305s
 11989983 2538126   17.42857   24   86          -   16.66667      -  72.5 3310s
 12008719 2538538     cutoff   34               -   16.66667      -  72.5 3315s
 12023114 2539630   18.27273   38   97          -   16.67486      -  72.5 3320s
 12039708 2540858     cutoff   50               -   16.68132      -  72.5 3325s
 12054845 2541854   17.02469   33  129          -   16.68657      -  72.5 3330s
 12072112 2543263   17.84906   31  137          -   16.69231      -  72.5 3335s
 12088070 2544144     cutoff   37               -   16.69579      -  72.5 3340s
 12104624 2545246   17.51574   25  115          -   16.70000      -  72.5 3345s
 12122238 2546367   18.29412   31   88          -   16.70370      -  72.5 3350s
 12128881 2546764   17.85106   40  156          -   16.70588      -  72.5 3355s
 12129015 2546842 infeasible   53               -   16.70588      -  72.5 3360s
 12129140 2546884   18.50000   32   23          -   16.70624      -  72.5 3365s
 12129847 2547009   18.14908   27  183          -   16.70679      -  72.5 3371s
 12130815 2547125   17.20000   33   49          -   16.70732      -  72.5 3375s
 12132595 2547301   18.00000   41   60          -   16.70787      -  72.5 3381s
 12135429 2547495   18.21429   40  115          -   16.70833      -  72.5 3385s
 12142638 2548024     cutoff   45               -   16.71116      -  72.5 3390s
 12159225 2548760   19.00000   48    9          -   16.71429      -  72.5 3395s
 12178091 2549654   18.00000   34   20          -   16.71429      -  72.5 3400s
 12194808 2550897   17.28125   43  110          -   16.72000      -  72.5 3405s
 12211304 2552055   17.61538   35   82          -   16.72464      -  72.5 3410s
 12228535 2552930 infeasible   34               -   16.72727      -  72.5 3415s
 12244393 2554102   17.25000   27  119          -   16.73333      -  72.6 3420s
 12261143 2555220   17.40000   37   81          -   16.73770      -  72.6 3425s
 12278053 2556660     cutoff   41               -   16.74388      -  72.6 3430s
 12293292 2557439   17.00000   42   47          -   16.75000      -  72.6 3435s
 12312884 2557981   17.00000   47    9          -   16.75000      -  72.6 3440s
 12331197 2558374   18.45283   33  106          -   16.75000      -  72.6 3445s
 12350234 2558691     cutoff   38               -   16.75000      -  72.6 3450s
 12370185 2559153   17.17857   37   74          -   16.75000      -  72.5 3455s
 12388228 2559459   18.11765   40   86          -   16.75000      -  72.5 3460s
 12407827 2560060 infeasible   39               -   16.75000      -  72.5 3465s
 12426263 2560629   17.00000   42   46          -   16.75000      -  72.5 3470s
 12442162 2561501   18.57143   45   66          -   16.75563      -  72.5 3475s
 12458236 2562721     cutoff   51               -   16.76190      -  72.5 3480s
 12475088 2563789   17.95352   33  192          -   16.76667      -  72.5 3485s
 12491159 2564813     cutoff   52               -   16.77003      -  72.5 3490s
 12507771 2565811 infeasible   51               -   16.77632      -  72.6 3495s
 12525487 2566643   19.31707   42  111          -   16.77778      -  72.6 3500s
 12541350 2567322   17.00000   35    7          -   16.78261      -  72.6 3505s
 12558659 2568218     cutoff   50               -   16.78571      -  72.6 3510s
 12574747 2569130 infeasible   35               -   16.79167      -  72.6 3515s
 12590412 2570168   16.96744   36  178          -   16.79762      -  72.6 3520s
 12608612 2570928   17.23158   38  125          -   16.80000      -  72.6 3525s
 12626568 2571307   17.56284   44  194          -   16.80000      -  72.6 3530s
 12645601 2571799   17.62500   33   84          -   16.80000      -  72.6 3535s
 12664450 2572239   19.00000   53   20          -   16.80000      -  72.6 3540s
 12677693 2572481     cutoff   47               -   16.80000      -  72.6 3545s
 12693344 2573403 infeasible   53               -   16.80720      -  72.6 3550s
 12709437 2574182   18.00000   37   83          -   16.81250      -  72.6 3555s
 12725737 2575179 infeasible   50               -   16.81723      -  72.6 3560s
 12743541 2576030   18.12500   30  103          -   16.81928      -  72.6 3565s
 12758950 2576851     cutoff   35               -   16.82407      -  72.6 3570s
 12774358 2577773 infeasible   29               -   16.82979      -  72.6 3575s
 12790857 2578237   18.84615   38  117          -   16.83333      -  72.6 3580s
 12810849 2578468   18.50000   30   80          -   16.83333      -  72.6 3585s
 12828830 2578886   17.50000   45   62          -   16.83333      -  72.6 3590s
 12847134 2579294     cutoff   55               -   16.83333      -  72.6 3595s
 12862149 2580145   18.25000   26   87          -   16.84000      -  72.6 3600s
 12877980 2581020   17.50000   31   30          -   16.84569      -  72.6 3605s
 12895313 2581913   17.50000   30   42          -   16.84997      -  72.6 3610s
 12911026 2582829   18.30556   34  107          -   16.85455      -  72.6 3615s
 12917317 2583114     cutoff   38               -   16.85714      -  72.6 3620s
 12918574 2583245     cutoff   48               -   16.85714      -  72.6 3625s
 12932243 2583422   18.12500   36   95          -   16.85714      -  72.6 3630s
 12950116 2583655   18.07692   38   61          -   16.85714      -  72.6 3635s
 12965782 2584421     cutoff   50               -   16.86264      -  72.6 3640s
 12982336 2585045 infeasible   44               -   16.86667      -  72.6 3645s
 12997059 2585881   16.93902   31  137          -   16.87179      -  72.6 3650s
 13014284 2586363   17.54523   31  189          -   16.87500      -  72.6 3655s
 13032729 2586881     cutoff   36               -   16.87500      -  72.6 3660s
 13049348 2587739     cutoff   34               -   16.88000      -  72.7 3665s
 13064799 2588582   17.72189   49  162          -   16.88393      -  72.7 3670s
 13082264 2589346     cutoff   38               -   16.88889      -  72.7 3675s
 13099273 2589729     cutoff   34               -   16.88889      -  72.7 3680s
 13115040 2590474 infeasible   30               -   16.89474      -  72.7 3685s
 13130642 2591311   18.84431   48  103          -   16.90000      -  72.7 3690s
 13149206 2591492     cutoff   37               -   16.90000      -  72.7 3695s
 13164651 2592217   17.00000   55   19          -   16.90476      -  72.7 3700s
 13181110 2592804   17.91304   31  131          -   16.90909      -  72.7 3705s
 13198148 2593426   17.75000   37   85          -   16.91228      -  72.7 3710s
 13213898 2593959   17.50000   57   58          -   16.91667      -  72.7 3715s
 13231052 2594515   17.89150   40  123          -   16.91905      -  72.7 3720s
 13246638 2595345   17.25000   35   85          -   16.92308      -  72.7 3725s
 13262653 2595982   18.00000   29   33          -   16.92727      -  72.7 3730s
 13279300 2596620   18.33333   29  128          -   16.93023      -  72.7 3735s
 13295158 2597049     cutoff   32               -   16.93333      -  72.7 3740s
 13311483 2597831   17.88235   27   76          -   16.93750      -  72.7 3745s
 13327193 2598365     cutoff   37               -   16.94118      -  72.7 3750s
 13342507 2598861   18.47368   34   99          -   16.94595      -  72.7 3755s
 13358043 2599433   17.00000   33   19          -   16.95000      -  72.8 3760s
 13374224 2600313   18.00000   37   73          -   16.95455      -  72.8 3765s
 13389915 2601118 infeasible   34               -   16.95833      -  72.8 3770s
 13405702 2601807   17.00000   47   19          -   16.96296      -  72.8 3775s
 13421706 2602486   18.22632   41  199          -   16.96738      -  72.8 3780s
 13437426 2603270   17.94258   35  119          -   16.97222      -  72.8 3785s
 13452797 2603957   18.29960   36  152          -   16.97737      -  72.8 3790s
 13468453 2604816   18.32479   39  109          -   16.98352      -  72.8 3795s
 13482722 2605448   17.75000   40   44          -   16.99057      -  72.8 3800s
 13496100 2605869   17.19685   42  134          -   17.00000      -  72.8 3805s
 13513018 2605753   18.33333   33   61          -   17.00000      -  72.8 3810s
 13530879 2605404 infeasible   53               -   17.00000      -  72.8 3815s
 13548055 2604961   18.00000   35   12          -   17.00000      -  72.8 3820s
 13564975 2604501   18.30208   45  133          -   17.00000      -  72.8 3825s
 13582433 2604103   19.00000   33   74          -   17.00000      -  72.8 3830s
 13599305 2603579 infeasible   40               -   17.00000      -  72.8 3835s
 13616433 2603069   19.00000   40   62          -   17.00000      -  72.8 3840s
 13632830 2602718   17.55600   52  164          -   17.00000      -  72.8 3845s
 13651467 2601837   17.75000   53   63          -   17.00000      -  72.8 3850s
 13667239 2601057   17.50000   30   64          -   17.00000      -  72.9 3855s
 13685380 2599992     cutoff   50               -   17.00000      -  72.9 3860s
 13704297 2598803   18.00000   29    8          -   17.00000      -  72.8 3865s
 13722881 2597653   17.00000   35   19          -   17.00000      -  72.8 3870s
 13741590 2596273   18.00000   34   19          -   17.00000      -  72.8 3875s
 13759547 2595110   17.00000   27   28          -   17.00000      -  72.8 3880s
 13776216 2594069   17.83333   37   74          -   17.00000      -  72.8 3885s
 13793174 2592804   18.44444   36   70          -   17.00000      -  72.9 3890s
 13810714 2591507     cutoff   45               -   17.00000      -  72.9 3895s
 13826570 2590289     cutoff   55               -   17.00000      -  72.9 3900s
 13843715 2588973     cutoff   38               -   17.00000      -  72.9 3905s
 13860786 2587420   17.00000   31   19          -   17.00000      -  72.9 3910s
 13878973 2585860     cutoff   39               -   17.00000      -  72.9 3915s
 13896214 2584354   19.00000   58   19          -   17.00000      -  72.9 3920s
 13914653 2582724     cutoff   43               -   17.00000      -  72.9 3925s
 13932344 2581388     cutoff   42               -   17.00000      -  72.9 3930s
 13949702 2579795   18.00000   37   16          -   17.00000      -  72.9 3935s
 13967375 2578396   17.00000   45    9          -   17.00000      -  72.9 3940s
 13985958 2576963   17.50000   40   36          -   17.00000      -  72.9 3945s
 14004221 2575437   18.00000   51   22          -   17.00000      -  72.9 3950s
 14020623 2573995   17.00000   41   11          -   17.00000      -  72.9 3955s
 14038403 2572682   18.00000   39   10          -   17.00000      -  72.9 3960s
 14056425 2571282   18.75000   44   87          -   17.00000      -  72.9 3965s
 14073296 2570138   18.59416   42  147          -   17.00000      -  72.9 3970s
 14089996 2568802     cutoff   50               -   17.00000      -  72.9 3975s
 14108104 2567205 infeasible   33               -   17.00000      -  72.9 3980s
 14125498 2565683     cutoff   32               -   17.00000      -  72.9 3985s
 14143827 2564191 infeasible   41               -   17.00000      -  72.9 3990s
 14161101 2562929   18.00000   42    1          -   17.00000      -  72.9 3995s
 14178422 2561689 infeasible   40               -   17.00000      -  72.9 4000s
 14197882 2560350     cutoff   52               -   17.00000      -  72.9 4005s
 14215079 2559215   19.00000   33   11          -   17.00000      -  72.9 4010s
 14233598 2557932   17.63433   39  149          -   17.00000      -  72.9 4015s
 14249703 2556954   17.28571   39   66          -   17.00000      -  72.9 4020s
 14267168 2555734   18.09231   39  131          -   17.00000      -  72.9 4025s
 14285133 2554604 infeasible   39               -   17.00000      -  72.9 4030s
 14301848 2553518     cutoff   34               -   17.00000      -  72.9 4035s
 14318702 2552163   18.40000   45   41          -   17.00000      -  72.9 4040s
 14335912 2550801   18.60000   44   69          -   17.00000      -  72.9 4045s
 14354204 2549691   17.00000   35   19          -   17.00000      -  72.9 4050s
 14374322 2548476     cutoff   37               -   17.00000      -  72.9 4055s
 14391630 2547458     cutoff   34               -   17.00000      -  72.9 4060s
 14408428 2546481     cutoff   37               -   17.00000      -  72.9 4065s
 14425855 2545421     cutoff   40               -   17.00000      -  72.9 4070s
 14444544 2544676   17.47368   30  138          -   17.00000      -  72.9 4075s
 14461796 2543672     cutoff   48               -   17.00000      -  72.9 4080s
 14479124 2542858   17.50000   38   45          -   17.00000      -  72.9 4085s
 14497674 2542014     cutoff   32               -   17.00000      -  72.9 4090s
 14514895 2541379     cutoff   47               -   17.00000      -  72.9 4095s
 14532193 2540785     cutoff   50               -   17.00000      -  72.9 4100s
 14549096 2540113   17.00000   40   43          -   17.00000      -  72.9 4105s
 14566420 2539470 infeasible   41               -   17.00000      -  72.9 4110s
 14584653 2538654 infeasible   44               -   17.00000      -  72.9 4115s
 14600604 2537826   18.00000   42   25          -   17.00000      -  72.9 4120s
 14617357 2537557     cutoff   39               -   17.00000      -  72.9 4125s
 14631484 2537786 infeasible   46               -   17.01333      -  72.9 4130s
 14646149 2538112   17.08333   33  133          -   17.02439      -  73.0 4135s
 14660912 2538856   17.27103   37  155          -   17.03274      -  73.0 4140s
 14676826 2539533   17.60988   38  192          -   17.04098      -  73.0 4145s
 14693339 2540344     cutoff   56               -   17.04819      -  73.0 4150s
 14709005 2541037   18.50000   49   87          -   17.05517      -  73.0 4155s
 14725911 2541701     cutoff   26               -   17.06126      -  73.0 4160s
 14743200 2542239   17.16000   37  118          -   17.06667      -  73.0 4165s
 14758824 2542672   17.81773   33  201          -   17.07249      -  73.0 4170s
 14775304 2543139     cutoff   52               -   17.07792      -  73.0 4175s
 14791704 2543463   18.53922   44  102          -   17.08333      -  73.0 4180s
 14808335 2544187   17.94737   37  125          -   17.08929      -  73.0 4185s
 14824810 2544466   17.30323   40  229          -   17.09278      -  73.0 4190s
 14840099 2544909   17.50000   31   55          -   17.10000      -  73.0 4195s
 14857085 2544887   18.00000   37   17          -   17.10127      -  73.0 4200s
 14873625 2545504   17.88571   47   92          -   17.10753      -  73.0 4205s
 14890898 2545591 infeasible   41               -   17.11111      -  73.0 4210s
 14903798 2545847   17.56303   38  145          -   17.11486      -  73.0 4215s
 14915020 2546246   17.71429   51   60          -   17.11784      -  73.0 4220s
 14930671 2546851 infeasible   36               -   17.12500      -  73.0 4225s
 14948561 2546420   17.80000   30   80          -   17.12500      -  73.0 4230s
 14964009 2546644   17.25000   45   32          -   17.12903      -  73.0 4235s
 14980145 2546933   17.70000   34  120          -   17.13364      -  73.0 4240s
 14995459 2547427   17.33333   28   78          -   17.14035      -  73.0 4245s
 15012987 2547358   19.00000   40   20          -   17.14286      -  73.0 4250s
 15030927 2547068   17.50000   27   29          -   17.14286      -  73.0 4255s
 15045262 2547509     cutoff   36               -   17.14917      -  73.0 4260s
 15062117 2547474   17.52581   63  154          -   17.15385      -  73.0 4265s
 15077012 2547804   17.33962   43  128          -   17.15842      -  73.0 4270s
 15092823 2548353     cutoff   51               -   17.16529      -  73.0 4275s
 15110309 2548130 infeasible   35               -   17.16667      -  73.0 4280s
 15127170 2547454   17.38095   44   78          -   17.16667      -  73.0 4285s
 15145694 2546803   17.25000   28   73          -   17.16667      -  73.0 4290s
 15160455 2547130   17.93577   65  157          -   17.17241      -  73.0 4295s
 15176199 2547319   19.00000   31   25          -   17.17708      -  73.0 4300s
 15191708 2547513     cutoff   33               -   17.18182      -  73.0 4305s
 15207514 2547759   17.52632   36   84          -   17.18571      -  73.0 4310s
 15222523 2547890   18.15758   55  134          -   17.19008      -  73.0 4315s
 15237908 2548102   17.26766   34  189          -   17.19540      -  73.1 4320s
 15253541 2548013   17.28571   40   79          -   17.20000      -  73.1 4325s
 15271382 2547552   17.63636   34   63          -   17.20000      -  73.1 4330s
 15288563 2546817   18.50000   37   49          -   17.20000      -  73.0 4335s
 15305732 2546169     cutoff   36               -   17.20000      -  73.0 4340s
 15322058 2545992   17.97500   32  140          -   17.20408      -  73.0 4345s
 15336676 2546514   18.41667   34  128          -   17.20930      -  73.1 4350s
 15351661 2546724   18.35714   34   70          -   17.21429      -  73.1 4355s
 15366252 2546744   17.81308   40  142          -   17.21739      -  73.1 4360s
 15381340 2546881     cutoff   37               -   17.22222      -  73.1 4365s
 15399040 2546467   17.46667   36  161          -   17.22290      -  73.1 4370s
 15412631 2546533 infeasible   47               -   17.22807      -  73.1 4375s
 15424994 2546538   18.04386   35   91          -   17.23077      -  73.1 4380s
 15436085 2546830   17.70833   37  104          -   17.23457      -  73.1 4385s
 15451004 2547328   17.75000   41   67          -   17.23839      -  73.1 4390s
 15466326 2547805   17.92667   39  147          -   17.24359      -  73.1 4395s
 15481562 2547888     cutoff   47               -   17.25000      -  73.1 4400s
 15500261 2546845   17.33333   45   53          -   17.25000      -  73.1 4405s
 15517412 2545386     cutoff   53               -   17.25000      -  73.1 4410s
 15534708 2544189 infeasible   57               -   17.25000      -  73.1 4415s
 15553179 2542976   17.65238   30  143          -   17.25000      -  73.1 4420s
 15570481 2541856   18.08750   33  116          -   17.25000      -  73.1 4425s
 15588835 2540874     cutoff   51               -   17.25000      -  73.1 4430s
 15605370 2540102   18.22581   48   95          -   17.25000      -  73.1 4435s
 15620069 2540191     cutoff   39               -   17.25490      -  73.1 4440s
 15634413 2540517   18.05471   34  133          -   17.26082      -  73.1 4445s
 15649268 2540364     cutoff   31               -   17.26522      -  73.1 4450s
 15665773 2540337   17.34483   40  109          -   17.26923      -  73.1 4455s
 15681053 2540324   17.66667   25   68          -   17.27273      -  73.1 4460s
 15695455 2540131   17.73874   47  157          -   17.27692      -  73.1 4465s
 15710384 2540015   17.94118   31   87          -   17.28125      -  73.1 4470s
 15724287 2539895 infeasible   35               -   17.28571      -  73.1 4475s
 15741313 2538881   18.00000   37    1          -   17.28571      -  73.1 4480s
 15757149 2538200   18.73333   45  120          -   17.28571      -  73.1 4485s
 15771073 2538419   18.28125   35   97          -   17.29167      -  73.1 4490s
 15785567 2538307 infeasible   30               -   17.29600      -  73.1 4495s
 15800306 2538175 infeasible   34               -   17.30000      -  73.1 4500s
 15815816 2537568     cutoff   50               -   17.30022      -  73.1 4505s
 15830507 2537770     cutoff   45               -   17.30556      -  73.1 4510s
 15845975 2537587     cutoff   44               -   17.30864      -  73.1 4515s
 15861415 2537224   17.80000   32   63          -   17.31250      -  73.1 4520s
 15875513 2537402     cutoff   39               -   17.31719      -  73.2 4525s
 15890005 2537339 infeasible   37               -   17.32143      -  73.2 4530s
 15902926 2537350 infeasible   42               -   17.32609      -  73.2 4535s
 15917167 2537374   17.76471   53  138          -   17.33333      -  73.2 4540s
 15932565 2536417   17.89600   37  128          -   17.33333      -  73.2 4545s
 15950184 2535164   17.84615   39  113          -   17.33333      -  73.2 4550s
 15953178 2535007 infeasible   28               -   17.33333      -  73.2 4555s
 15961218 2534041   18.22876   29  148          -   17.33333      -  73.2 4560s
