
Gurobi 13.0.3 (linux64) logging started Sat Sep 12 20:55:09 2026

Set parameter LogFile to value "H10_n360k20d20_dX_14-20_gurobi.log"
Set parameter Threads to value 12
Set parameter NodefileStart to value 6
Set parameter NodefileDir to value "."
Set parameter SoftMemLimit to value 20
Set parameter Cutoff to value 19.5
Set parameter MIPFocus to value 3
Set parameter Symmetry to value 2
Gurobi Optimizer version 13.0.3 build v13.0.3rc0 (linux64 - "Ubuntu 24.04.4 LTS")

CPU model: AMD Ryzen Threadripper PRO 9975WX 32-Cores, instruction set [SSE2|AVX|AVX2|AVX512]
Thread count: 32 physical cores, 64 logical processors, using up to 12 threads

Non-default parameters:
Cutoff  19.5
SoftMemLimit  20
MIPFocus  3
NodefileStart  6
Symmetry  2
Threads  12

Optimize a model with 181 rows, 541 columns and 1351 nonzeros (Min)
Model fingerprint: 0xfff5d132
Model has 360 linear objective coefficients
Variable types: 0 continuous, 541 integer (360 binary)
Coefficient statistics:
  Matrix range     [1e+00, 2e+00]
  Objective range  [1e+00, 1e+00]
  Bounds range     [1e+00, 4e+01]
  RHS range        [1e+00, 1e+00]

Presolve time: 0.00s
Presolved: 181 rows, 541 columns, 1351 nonzeros
Variable types: 0 continuous, 541 integer (360 binary)
Root relaxation presolve removed 181 rows and 541 columns
Root relaxation presolve: All rows and columns removed

Root relaxation: objective 1.000000e+00, 0 iterations, 0.00 seconds (0.00 work units)

    Nodes    |    Current Node    |     Objective Bounds      |     Work
 Expl Unexpl |  Obj  Depth IntInf | Incumbent    BestBd   Gap | It/Node Time

     0     0    1.00000    0    3          -    1.00000      -     -    0s
     0     0    1.00000    0    3          -    1.00000      -     -    0s
     0     0    1.00000    0    3          -    1.00000      -     -    0s
     0     0    2.00000    0    3          -    2.00000      -     -    0s
     0     0    2.00000    0    3          -    2.00000      -     -    0s
     0     2    2.00000    0    3          -    2.00000      -     -    0s
 59671 43499   13.71863   52  180          -    7.00000      -  24.3    5s
 71540 52083   12.00000   41   19          -    7.41959      -  34.1   10s
 86075 62193   12.00000   52   24          -    7.67593      -  43.0   15s
 100087 71945   12.00000   37   24          -    7.85185      -  49.7   20s
 116325 82667   14.00000   35   25          -    8.00000      -  55.0   25s
 138097 94274     cutoff   34               -    8.00000      -  57.6   30s
 154477 104741   12.00000   39   23          -    8.12353      -  60.8   35s
 169413 114180   12.10016   44  164          -    8.22917      -  63.3   40s
 186022 123654   13.50350   56  178          -    8.33333      -  65.0   45s
 202511 132472   12.00000   62    1          -    8.46269      -  66.4   50s
 221360 142101   18.92894   65  172          -    8.58782      -  67.3   55s
 241549 150083   14.30102   68  201          -    8.84615      -  67.8   60s
 262199 159158   17.50000   40   82          -    9.00000      -  68.1   65s
 267789 162263   17.00000   49   32          -    9.00000      -  68.2   70s
 286798 169698   16.95455   48  127          -    9.33333      -  68.5   75s
 306670 179122   15.00000   35   35          -   10.00000      -  68.6   80s
 325920 187287   15.46257   34  181          -   10.00000      -  68.8   85s
 345244 197429   13.93846   46  113          -   10.50000      -  69.1   90s
 364771 209796   17.14286   38  114          -   10.90000      -  69.5   95s
 382653 219044   15.70562   30  176          -   11.00000      -  69.9  100s
 401719 227695   12.58824   33   50          -   11.00000      -  70.3  105s
 421132 238153   14.00000   36   28          -   11.09583      -  70.5  110s
 437572 249451     cutoff   50               -   11.22269      -  70.8  115s
 453170 260026   16.00000   38   38          -   11.29935      -  71.4  120s
 468453 270276   16.00000   39    1          -   11.35081      -  71.9  125s
 482593 279904   12.00000   50   16          -   11.40000      -  72.5  130s
 498367 290557   13.00000   37   25          -   11.45455      -  73.0  135s
 512283 300179   16.00000   48    1          -   11.50000      -  73.6  140s
 528893 309743   12.19988   47  199          -   11.51503      -  73.9  145s
 543628 319513   14.00000   34    1          -   11.55556      -  74.5  150s
 556732 328336   16.00000   44    1          -   11.59127      -  74.9  155s
 570969 337835   16.00000   45   23          -   11.62151      -  75.4  160s
 585248 347077   16.25000   39   46          -   11.65671      -  75.8  165s
 598900 355647   16.00000   41   18          -   11.67778      -  76.2  170s
 614062 365230   16.00000   43    1          -   11.71049      -  76.5  175s
 626958 373621   15.00000   51   19          -   11.73585      -  77.0  180s
 642310 383014   16.00000   39   28          -   11.76329      -  77.3  185s
 656627 392034   16.00000   49    1          -   11.79003      -  77.6  190s
 671129 401036   16.00000   55    1          -   11.81631      -  77.9  195s
 684855 409275   14.26667   51   69          -   11.83784      -  78.2  200s
 700760 418722   16.00000   49   28          -   11.86731      -  78.5  205s
 715311 427448   16.00000   48   38          -   11.89359      -  78.7  210s
 729586 436062   15.29231   40  122          -   11.91918      -  79.0  215s
 744235 444717   15.75000   45   57          -   11.94444      -  79.2  220s
 750025 448206   16.00000   53    1          -   11.95550      -  79.3  225s
 764544 456412   15.63333   50  147          -   11.98361      -  79.5  230s
 780995 465801   16.29670   39  132          -   12.00000      -  79.6  235s
 801030 476822 infeasible   87               -   12.00000      -  79.4  240s
 820077 486922   13.00000   44    4          -   12.00000      -  79.4  245s
 838262 496928     cutoff   79               -   12.00000      -  79.3  250s
 856937 506545   16.00000   59   12          -   12.00000      -  79.3  255s
 874558 515942   13.08924   32  208          -   12.00000      -  79.3  260s
 893214 527471   13.01841   39  210          -   12.00000      -  79.3  265s
 910357 538093   15.00000   60   21          -   12.01823      -  79.3  270s
 925283 546249   16.68000   55  122          -   12.04959      -  79.5  275s
 939470 553689   16.47448   62  149          -   12.08000      -  79.7  280s
 954086 561196   15.00000   65   16          -   12.11034      -  79.8  285s
 970076 569042   14.25490   71  127          -   12.14035      -  79.9  290s
 985935 576721   16.00000   69    1          -   12.16945      -  80.0  295s
 1001194 584055   12.65742   68  163          -   12.20000      -  80.1  300s
 1015478 590742   14.80632   59  163          -   12.23197      -  80.2  305s
 1032550 598551   15.50000   59   29          -   12.26475      -  80.3  310s
 1048024 605219     cutoff   65               -   12.29963      -  80.3  315s
 1064099 612513   14.11111   34   90          -   12.33333      -  80.4  320s
 1081260 620121   14.27972   29  169          -   12.36066      -  80.4  325s
 1095135 625575   16.55238   67  156          -   12.39407      -  80.4  330s
 1099762 628178   15.75000   66   51          -   12.40000      -  80.4  335s
 1114029 634358     cutoff   72               -   12.43292      -  80.3  340s
 1130957 641259   18.00000   81   28          -   12.47368      -  80.3  345s
 1149223 649589   13.01053   59  166          -   12.50000      -  80.3  350s
 1167047 657842   12.98226   54  193          -   12.50316      -  80.3  355s
 1184378 665168   16.00000   79   23          -   12.55401      -  80.2  360s
 1203241 673823     cutoff   66               -   12.60000      -  80.1  365s
 1222183 681858   14.66667   29   79          -   12.64899      -  80.0  370s
 1241169 690504   18.40000   83   63          -   12.67390      -  80.0  375s
 1259610 698797   13.26802   47  193          -   12.71866      -  79.9  380s
 1278642 707758   13.00000   38   19          -   12.75087      -  79.8  385s
 1298818 718003   18.00000   74   39          -   12.79456      -  79.6  390s
 1318648 727932   15.74688   30  194          -   12.82882      -  79.5  395s
 1339153 738505   13.74517   35  154          -   12.86667      -  79.3  400s
 1358133 748652   16.00000   90    1          -   12.89815      -  79.2  405s
 1378277 759178   18.00000   66   18          -   12.92754      -  79.1  410s
 1397205 769751   15.34783   38  152          -   12.95381      -  79.0  415s
 1417240 781421   13.28854   38  213          -   12.98071      -  78.8  420s
 1434612 790196   16.00000   72    1          -   13.00000      -  78.8  425s
 1451411 797617   17.00000   69   30          -   13.00000      -  78.8  430s
 1470259 805258   18.78125   53  128          -   13.00000      -  78.8  435s
 1486870 811650   16.69963   78  149          -   13.00000      -  78.9  440s
 1503986 817279   13.74715   37  182          -   13.00000      -  78.9  445s
 1521585 824709   15.72067   36  154          -   13.00000      -  79.0  450s
 1540461 835350   13.05281   34  246          -   13.02994      -  78.9  455s
 1557486 844741   14.13055   46  202          -   13.05482      -  78.9  460s
 1573718 854045   15.15556   30  121          -   13.07317      -  78.9  465s
 1591039 863828   13.83446   30  208          -   13.08953      -  78.9  470s
 1607201 872379   14.88712   36  223          -   13.10362      -  78.9  475s
 1624134 882065   16.00000   40    1          -   13.11706      -  78.9  480s
 1638949 889947   15.75000   38   62          -   13.12783      -  79.0  485s
 1654157 898573   13.43518   35  249          -   13.13953      -  79.1  490s
 1669364 906727   16.27316   82  140          -   13.14815      -  79.1  495s
 1683816 914116   15.54674   31  165          -   13.15876      -  79.2  500s
 1699226 922023   18.00000   39   28          -   13.16697      -  79.3  505s
 1712872 929366   17.00000   39    3          -   13.17647      -  79.4  510s
 1728254 937642   15.86905   45  157          -   13.18644      -  79.5  515s
 1742569 945820   16.00000   29    1          -   13.19527      -  79.6  520s
 1758490 953224   18.00000   34    1          -   13.20179      -  79.6  525s
 1771800 960348   16.00000   39   14          -   13.21021      -  79.8  530s
 1786500 967923   16.00000   37   22          -   13.21809      -  79.9  535s
 1800651 974948   17.91176   32  132          -   13.22535      -  79.9  540s
 1813710 981545   18.00000   48    1          -   13.23256      -  80.1  545s
 1827946 988471     cutoff   71               -   13.24000      -  80.2  550s
 1841643 995332   18.00000   40    1          -   13.24642      -  80.3  555s
 1856930 1001949   18.00000   44    1          -   13.25000      -  80.4  560s
 1869909 1008872   13.57131   42  225          -   13.25625      -  80.5  565s
 1884086 1015920   17.00000   60   25          -   13.26309      -  80.6  570s
 1898352 1023005   15.16206   37  168          -   13.26963      -  80.7  575s
 1912232 1030008   16.66667   37   51          -   13.27578      -  80.8  580s
 1926149 1037323   15.10849   60  190          -   13.28218      -  80.9  585s
 1939274 1043689   16.00000   35    1          -   13.28708      -  81.0  590s
 1952787 1050321   18.00000   40   24          -   13.29383      -  81.1  595s
 1962966 1054622   17.00000   31   29          -   13.29909      -  81.2  600s
 1963105 1054783   18.00000   48    1          -   13.30000      -  81.2  605s
 1972060 1059723   13.49589   38  205          -   13.30374      -  81.3  610s
 1985272 1066018   18.00000   47    1          -   13.30979      -  81.4  615s
 1998646 1072175   16.00000   42    1          -   13.31514      -  81.5  620s
 2011868 1078488   16.61538   41   71          -   13.32135      -  81.6  625s
 2026782 1085970   16.40961   32  181          -   13.32753      -  81.7  630s
 2041131 1092477   18.00000   36   24          -   13.33333      -  81.8  635s
 2056267 1098054   13.54902   40  148          -   13.33333      -  81.9  640s
 2068765 1104076   16.00000   41    1          -   13.33812      -  82.0  645s
 2082201 1110930     cutoff   81               -   13.34432      -  82.1  650s
 2095753 1117138   14.76098   42  183          -   13.35025      -  82.2  655s
 2109221 1123216   16.00000   49    1          -   13.35528      -  82.3  660s
 2123343 1130048   18.00000   47    1          -   13.36078      -  82.4  665s
 2136421 1136110   16.00000   47    1          -   13.36555      -  82.5  670s
 2141500 1138542   17.00000   39    3          -   13.36806      -  82.6  675s
 2152529 1143570   16.00000   42    6          -   13.37313      -  82.7  680s
 2165256 1149032   18.50000   42  105          -   13.37673      -  82.8  685s
 2178527 1155408     cutoff   80               -   13.38179      -  82.9  690s
 2191352 1161066   18.00000   45   22          -   13.38683      -  83.0  695s
 2204707 1167152   19.23183   47  188          -   13.39189      -  83.1  700s
 2217719 1173205   18.00000   36   28          -   13.39692      -  83.2  705s
 2231526 1178745   17.31589   37  154          -   13.40000      -  83.3  710s
 2243518 1184234 infeasible   53               -   13.40397      -  83.4  715s
 2256669 1189939   16.33333   34   25          -   13.40909      -  83.5  720s
 2270127 1195891   15.10058   46  179          -   13.41412      -  83.6  725s
 2282391 1201318   17.00000   43   17          -   13.41811      -  83.7  730s
 2296152 1207472   16.42857   39  159          -   13.42300      -  83.8  735s
 2309134 1213434   17.00000   55    4          -   13.42793      -  83.9  740s
 2322413 1218844   18.00000   43    1          -   13.43137      -  84.0  745s
 2335791 1224715   18.00000   54    1          -   13.43636      -  84.1  750s
 2348684 1230662   18.00000   57    1          -   13.44086      -  84.2  755s
 2361141 1236072   14.97024   49  156          -   13.44447      -  84.3  760s
 2374097 1241760   17.05189   56  180          -   13.44933      -  84.4  765s
 2387504 1247747   16.66667   29   28          -   13.45410      -  84.5  770s
 2400774 1253294   18.00000   38    1          -   13.45833      -  84.6  775s
 2413381 1258463   16.00000   47    1          -   13.46296      -  84.7  780s
 2427306 1264172   18.00000   32    1          -   13.46772      -  84.8  785s
 2440287 1269315   17.19193   39  182          -   13.47169      -  84.9  790s
 2453593 1275332   14.61074   34  156          -   13.47613      -  85.0  795s
 2466394 1280566   18.00000   43    1          -   13.48031      -  85.0  800s
 2480112 1286397   18.00000   46   28          -   13.48485      -  85.1  805s
 2493414 1292027   18.00000   51    1          -   13.48966      -  85.2  810s
 2506397 1297812   17.37500   43   62          -   13.49411      -  85.3  815s
 2520294 1303524   18.00000   52    1          -   13.50000      -  85.4  820s
 2534235 1307732   13.83320   52  239          -   13.50000      -  85.5  825s
 2549480 1312966   18.00000   58    1          -   13.50000      -  85.5  830s
 2565261 1318202   16.79452   50   99          -   13.50000      -  85.6  835s
 2578465 1322666   18.00000   54   37          -   13.50000      -  85.7  840s
 2591239 1328126   16.29412   49   73          -   13.50478      -  85.8  845s
 2603493 1333215   18.00000   44    1          -   13.50939      -  85.9  850s
 2617203 1338905 infeasible   50               -   13.51406      -  85.9  855s
 2630791 1344085   17.00000   49   15          -   13.51852      -  86.0  860s
 2643914 1349701   18.15267   43  141          -   13.52304      -  86.1  865s
 2657161 1354996   18.00000   47    1          -   13.52763      -  86.2  870s
 2670382 1360399   19.21263   42  189          -   13.53215      -  86.2  875s
 2682598 1364896   17.06349   52  133          -   13.53587      -  86.3  880s
 2695908 1370571   18.00000   44    1          -   13.54012      -  86.4  885s
 2708749 1375835   16.80682   44  129          -   13.54412      -  86.5  890s
 2716325 1378231   16.00000   37    1          -   13.54683      -  86.5  895s
 2720431 1380104   15.55688   51  162          -   13.54839      -  86.6  900s
 2733282 1385210   18.00000   51    1          -   13.55268      -  86.6  905s
 2745582 1390207   18.90000   54  106          -   13.55580      -  86.7  910s
 2759556 1395798   18.00000   43    1          -   13.56040      -  86.8  915s
 2772031 1400900   17.25000   49   71          -   13.56416      -  86.9  920s
 2783963 1405588   16.00000   44    1          -   13.56831      -  87.0  925s
 2798043 1410243   18.11206   43  176          -   13.57143      -  87.0  930s
 2809611 1415031   18.00000   54    1          -   13.57561      -  87.1  935s
 2823077 1420056   18.00000   42    1          -   13.57953      -  87.2  940s
 2835124 1424813   18.00000   55    1          -   13.58333      -  87.3  945s
 2847225 1429511   15.33333   37   49          -   13.58683      -  87.3  950s
 2860614 1434291   17.00000   52    4          -   13.59091      -  87.4  955s
 2873414 1439289   17.47368   50  122          -   13.59524      -  87.5  960s
 2885765 1444152   14.00000   58   12          -   13.59917      -  87.5  965s
 2899559 1448440   18.00000   43   22          -   13.60000      -  87.6  970s
 2912547 1453249   18.00000   47    1          -   13.60494      -  87.7  975s
 2925681 1458268   18.00000   52    4          -   13.60908      -  87.7  980s
 2937664 1462753   16.95556   39  159          -   13.61275      -  87.8  985s
 2950253 1467447     cutoff   52               -   13.61621      -  87.9  990s
 2963072 1472269   18.00000   51   46          -   13.62037      -  87.9  995s
 2975206 1476980   18.00000   52    1          -   13.62412      -  88.0 1000s
 2989353 1482278   16.64520   46  150          -   13.62702      -  88.1 1005s
 3001051 1486830   18.00000   52   28          -   13.63088      -  88.1 1010s
 3014380 1491638     cutoff   48               -   13.63492      -  88.2 1015s
 3027405 1496358   16.00000   53   16          -   13.63830      -  88.2 1020s
 3040182 1501019   17.00000   49   15          -   13.64244      -  88.3 1025s
 3053297 1505618   16.92076   45  181          -   13.64609      -  88.4 1030s
 3066127 1510401   18.00000   39    1          -   13.64986      -  88.4 1035s
 3078333 1514744   13.67531   50  214          -   13.65375      -  88.5 1040s
 3090270 1518969   14.00000   68   28          -   13.65728      -  88.6 1045s
 3102790 1523303   16.72727   57   50          -   13.66133      -  88.6 1050s
 3114834 1527618 infeasible   46               -   13.66576      -  88.7 1055s
 3129595 1532000   17.00000   54    4          -   13.66667      -  88.8 1060s
 3142763 1535606   16.92308   54   56          -   13.66667      -  88.8 1065s
 3155967 1540264   18.00000   50   26          -   13.67000      -  88.9 1070s
 3168708 1545089   17.00000   52   15          -   13.67463      -  88.9 1075s
 3180966 1548929   16.00000   47   14          -   13.67874      -  89.0 1080s
 3193151 1553182   17.75000   51   53          -   13.68247      -  89.1 1085s
 3206681 1557688   16.38877   55  149          -   13.68675      -  89.1 1090s
 3218787 1561882   18.00000   58    1          -   13.69004      -  89.2 1095s
 3231017 1565983   16.00000   56   14          -   13.69333      -  89.3 1100s
 3243646 1570153   17.00000   43    5          -   13.69758      -  89.3 1105s
 3256903 1574330   14.48961   36  145          -   13.70115      -  89.4 1110s
 3268831 1578541   18.00000   50   28          -   13.70492      -  89.5 1115s
 3282202 1582968   17.75000   55   38          -   13.70880      -  89.5 1120s
 3294223 1586683   16.53069   40  123          -   13.71237      -  89.6 1125s
 3306805 1590379   18.00000   29   22          -   13.71489      -  89.6 1130s
 3319819 1594402   18.00000   58    1          -   13.71965      -  89.7 1135s
 3332792 1598762   18.00000   45    1          -   13.72358      -  89.8 1140s
 3344936 1602424     cutoff   42               -   13.72727      -  89.8 1145s
 3356537 1606130   18.94737   51  117          -   13.73070      -  89.9 1150s
 3370260 1610233   17.00000   50   15          -   13.73467      -  90.0 1155s
 3382286 1613876   18.00000   48   22          -   13.73841      -  90.0 1160s
 3394826 1617914   17.00000   37   17          -   13.74224      -  90.1 1165s
 3407766 1622062   17.98750   55  153          -   13.74663      -  90.1 1170s
 3420049 1625716   18.00000   55   22          -   13.75000      -  90.2 1175s
 3435609 1629939   16.00000   50    1          -   13.75000      -  90.2 1180s
 3447535 1633554   18.00000   50   26          -   13.75382      -  90.3 1185s
 3459509 1637280   18.00000   59    1          -   13.75758      -  90.3 1190s
 3473231 1641363   18.00000   43    1          -   13.76190      -  90.4 1195s
 3485363 1644990   18.51515   58  125          -   13.76594      -  90.4 1200s
 3497436 1648138   18.00000   59    1          -   13.76947      -  90.5 1205s
 3510560 1652276   16.00000   55    1          -   13.77396      -  90.6 1210s
 3523021 1655877   18.00000   54    1          -   13.77778      -  90.6 1215s
 3534907 1659346   18.00000   52    1          -   13.78125      -  90.7 1220s
 3547085 1662657   16.00000   45   12          -   13.78544      -  90.7 1225s
 3559368 1666223   17.00000   63   17          -   13.78895      -  90.8 1230s
 3571703 1669571   17.00000   56   21          -   13.79310      -  90.9 1235s
 3583694 1672785   18.00000   47    1          -   13.79730      -  90.9 1240s
 3593034 1675339   17.80000   60   49          -   13.80000      -  90.9 1245s
 3606059 1678644   16.62434   45  133          -   13.80180      -  91.0 1250s
 3618888 1682442   18.00000   49    1          -   13.80635      -  91.1 1255s
 3631270 1685886   17.50000   52   49          -   13.81017      -  91.1 1260s
 3643264 1689236   18.00000   55   26          -   13.81395      -  91.2 1265s
 3655185 1692677   18.00000   63    1          -   13.81818      -  91.2 1270s
 3669076 1696454     cutoff   62               -   13.82184      -  91.3 1275s
 3681334 1700057   18.00000   42    1          -   13.82587      -  91.3 1280s
 3693233 1703062   18.29032   62   78          -   13.83007      -  91.4 1285s
 3706642 1706367   18.00000   61   22          -   13.83333      -  91.4 1290s
 3719522 1709567   18.50000   59   41          -   13.83677      -  91.5 1295s
 3732355 1712541   17.00000   82   18          -   13.84155      -  91.5 1300s
 3745565 1715710   18.00000   52    1          -   13.84615      -  91.6 1305s
 3757890 1718667   17.00000   58   16          -   13.85000      -  91.6 1310s
 3772041 1722507   18.00000   54   26          -   13.85484      -  91.7 1315s
 3785536 1725682   18.00000   56    1          -   13.85754      -  91.7 1320s
 3798329 1729317   15.98925   38  142          -   13.86220      -  91.8 1325s
 3811517 1732813 infeasible   61               -   13.86667      -  91.8 1330s
 3824510 1736080   17.00000   57   70          -   13.87130      -  91.9 1335s
 3837005 1739147   17.80811   63  173          -   13.87500      -  91.9 1340s
 3850704 1742667   18.00000   64    1          -   13.87931      -  92.0 1345s
 3863243 1745781   18.05456   58  164          -   13.88333      -  92.0 1350s
 3873706 1748219   15.78472   34  172          -   13.88710      -  92.1 1355s
 3875863 1749178   18.00000   58   28          -   13.88777      -  92.1 1360s
 3886793 1751924   18.00000   66   23          -   13.89041      -  92.1 1365s
 3899852 1755038   18.00000   58    1          -   13.89508      -  92.1 1370s
 3912275 1758268   18.00000   57    1          -   13.90000      -  92.2 1375s
 3925948 1761513   16.00000   54    1          -   13.90395      -  92.2 1380s
 3937850 1764380   18.00000   59    1          -   13.90848      -  92.3 1385s
 3951089 1767550   18.00000   55    1          -   13.91272      -  92.3 1390s
 3963169 1770554   18.61047   57  142          -   13.91667      -  92.4 1395s
 3975493 1773689 infeasible   66               -   13.92135      -  92.4 1400s
 3987927 1776524   18.72406   69  137          -   13.92582      -  92.4 1405s
 4000681 1779149   16.80185   55  159          -   13.92994      -  92.5 1410s
 4013806 1782102   18.00000   54    1          -   13.93454      -  92.5 1415s
 4027021 1785106     cutoff   61               -   13.93939      -  92.6 1420s
 4040581 1788541     cutoff   63               -   13.94444      -  92.6 1425s
 4054350 1791583   16.00000   58   20          -   13.94898      -  92.6 1430s
 4067481 1794414   18.00000   54    1          -   13.95383      -  92.7 1435s
 4079218 1797039   19.14286   71   62          -   13.95833      -  92.7 1440s
 4092477 1799655   17.00000   53   12          -   13.96369      -  92.8 1445s
 4104804 1802334   16.93902   42  195          -   13.96863      -  92.8 1450s
 4116795 1804563   18.00000   62    1          -   13.97386      -  92.8 1455s
 4129271 1807059   18.50000   57   36          -   13.97935      -  92.9 1460s
 4140826 1809218   18.65958   62  172          -   13.98492      -  92.9 1465s
 4152848 1811906   16.00000   58    1          -   13.99093      -  93.0 1470s
 4164863 1814427   18.00000   65   38          -   13.99759      -  93.0 1475s
 4180093 1818928   17.86220   49  200          -   14.00000      -  93.0 1480s
 4193119 1821746   18.00000   70    1          -   14.00000      -  93.0 1485s
 4208112 1825538   17.42314   51  160          -   14.00000      -  93.0 1490s
 4223340 1829258   18.68006   65  169          -   14.00000      -  93.1 1495s
 4237756 1833163     cutoff   67               -   14.00000      -  93.1 1500s
 4252331 1836928   18.00000   57    1          -   14.00000      -  93.1 1505s
 4268188 1841512   14.77778   37  135          -   14.00000      -  93.1 1510s
 4283229 1845882   17.80851   35  114          -   14.00000      -  93.1 1515s
 4299414 1850466   14.40000   29   32          -   14.00000      -  93.1 1520s
 4313564 1853747   18.00000   69    1          -   14.00000      -  93.1 1525s
 4328786 1857488   15.01323   39  157          -   14.00000      -  93.1 1530s
 4343359 1861166   15.00000   35   42          -   14.00000      -  93.1 1535s
 4356756 1864242   16.00000   67   16          -   14.00000      -  93.1 1540s
 4370422 1868375   18.00000   62   28          -   14.00171      -  93.2 1545s
 4383180 1871250   16.50000   62   86          -   14.00917      -  93.2 1550s
 4395054 1873690     cutoff   64               -   14.01586      -  93.2 1555s
 4408587 1876448     cutoff   71               -   14.02247      -  93.2 1560s
 4419926 1878562   17.00000   54    4          -   14.02909      -  93.3 1565s
 4433512 1881185   16.50000   46   21          -   14.03529      -  93.3 1570s
 4445511 1883566   14.17377   67  226          -   14.04082      -  93.3 1575s
 4458383 1885796     cutoff   64               -   14.04706      -  93.3 1580s
 4472089 1888418   17.80000   56   55          -   14.05347      -  93.3 1585s
 4484418 1890517   17.00000   66   25          -   14.05931      -  93.4 1590s
 4496889 1892510   18.00000   56   28          -   14.06543      -  93.4 1595s
 4509074 1894537   18.00000   76    1          -   14.07143      -  93.4 1600s
 4516605 1895726   18.00000   65   22          -   14.07500      -  93.4 1605s
 4516831 1895818   17.95000   64   90          -   14.07558      -  93.4 1610s
 4518329 1896082   18.00000   57    1          -   14.07619      -  93.4 1615s
 4520554 1896639 infeasible   67               -   14.07692      -  93.4 1620s
 4529192 1897759   17.00000   57   15          -   14.08066      -  93.5 1625s
 4541490 1899897 infeasible   72               -   14.08696      -  93.5 1630s
 4554456 1901865   18.79471   57  136          -   14.09328      -  93.5 1635s
 4566640 1903703   18.00000   64    1          -   14.09968      -  93.5 1640s
 4580141 1905680   18.00000   68    1          -   14.10526      -  93.5 1645s
 4593402 1907761   18.00000   78    4          -   14.11111      -  93.5 1650s
 4605916 1909477 infeasible   68               -   14.11777      -  93.6 1655s
 4617955 1911073   16.91304   57   98          -   14.12465      -  93.6 1660s
 4631154 1912658   18.00000   74    1          -   14.12968      -  93.6 1665s
 4644491 1914551   18.75733   60  159          -   14.13636      -  93.6 1670s
 4656589 1916204     cutoff   72               -   14.14286      -  93.7 1675s
 4670016 1917984     cutoff   58               -   14.14868      -  93.7 1680s
 4682522 1919462   14.25612   60  159          -   14.15505      -  93.7 1685s
 4694892 1921102   16.97778   64  124          -   14.16201      -  93.7 1690s
 4708427 1922840 infeasible   61               -   14.16667      -  93.7 1695s
 4721672 1924274   17.00000   64   19          -   14.17450      -  93.8 1700s
 4733642 1925840     cutoff   62               -   14.18182      -  93.8 1705s
 4745891 1926956   18.00000   60    1          -   14.18750      -  93.8 1710s
 4759082 1928474   18.00000   60   22          -   14.19544      -  93.8 1715s
 4773308 1930420     cutoff   70               -   14.20000      -  93.8 1720s
 4786298 1932016   17.50000   69   25          -   14.20690      -  93.8 1725s
 4799007 1933451   15.93117   67  197          -   14.21429      -  93.9 1730s
 4810996 1935018   18.00000   58   22          -   14.22143      -  93.9 1735s
 4824567 1936548   18.00000   55   18          -   14.22840      -  93.9 1740s
 4837637 1938009   18.00000   65   22          -   14.23651      -  93.9 1745s
 4850134 1939667     cutoff   62               -   14.24478      -  93.9 1750s
 4864190 1941670     cutoff   76               -   14.25000      -  93.9 1755s
 4878982 1943568   17.00000   29   21          -   14.25301      -  93.9 1760s
 4891512 1944599     cutoff   67               -   14.26163      -  93.9 1765s
 4905797 1946289 infeasible   65               -   14.27059      -  94.0 1770s
 4919238 1948027   18.00000   63   22          -   14.27810      -  94.0 1775s
 4933384 1949487 infeasible   67               -   14.28571      -  94.0 1780s
 4942922 1950486 infeasible   64               -   14.29093      -  94.0 1785s
 4955925 1951851   18.00000   72    1          -   14.30000      -  94.0 1790s
 4968877 1953233   18.00000   77   29          -   14.30769      -  94.0 1795s
 4982513 1954555     cutoff   66               -   14.31657      -  94.0 1800s
 4994579 1955413   18.45455   64   93          -   14.32569      -  94.0 1805s
 5009137 1957398   18.87442   63  154          -   14.33333      -  94.0 1810s
 5025187 1960363   18.00000   71    1          -   14.33333      -  94.0 1815s
 5038615 1961805     cutoff   68               -   14.33898      -  94.0 1820s
 5051580 1962973     cutoff   67               -   14.34965      -  94.0 1825s
 5065151 1964252   18.00000   74    1          -   14.35897      -  94.0 1830s
 5078458 1965741   18.98278   51  169          -   14.36792      -  94.0 1835s
 5093279 1967172   18.00000   70   28          -   14.37623      -  94.0 1840s
 5107204 1968434   16.66667   74   32          -   14.38675      -  94.0 1845s
 5120521 1969933     cutoff   69               -   14.39745      -  94.0 1850s
 5136259 1971850   15.94726   46  183          -   14.40190      -  94.0 1855s
 5149505 1973128   18.66667   71   33          -   14.41333      -  94.0 1860s
 5162427 1974430   18.00000   83    1          -   14.42308      -  94.0 1865s
 5163849 1974690   18.00000   71    1          -   14.42447      -  94.0 1870s
 5173599 1976304     cutoff   83               -   14.42857      -  94.0 1875s
 5186953 1977874   18.50000   70   64          -   14.43902      -  94.0 1880s
 5201251 1979834     cutoff   78               -   14.44936      -  94.0 1885s
 5215364 1981019     cutoff   69               -   14.46032      -  94.0 1890s
 5230431 1982666   14.65817   40  156          -   14.47092      -  94.0 1895s
 5245241 1984345   19.00000   71   29          -   14.48348      -  94.0 1900s
 5259280 1985879   18.00000   71    1          -   14.49839      -  94.0 1905s
 5274309 1987608 infeasible   70               -   14.50000      -  94.0 1910s
 5292020 1991769     cutoff   80               -   14.50000      -  94.0 1915s
 5308580 1995521   17.66667   73   38          -   14.50000      -  93.9 1920s
 5324902 1998875 infeasible   72               -   14.50000      -  93.9 1925s
 5339524 2000532   16.09420   45  155          -   14.50738      -  93.9 1930s
 5354253 2002241   15.79032   77  107          -   14.52204      -  93.9 1935s
 5368343 2004221   17.00000   80   15          -   14.53443      -  93.9 1940s
 5383556 2006111   19.20690   71  108          -   14.54643      -  93.9 1945s
 5397794 2007817 infeasible   76               -   14.55824      -  93.9 1950s
 5413771 2010144     cutoff   73               -   14.57143      -  93.9 1955s
 5428494 2012329     cutoff   78               -   14.58333      -  93.9 1960s
 5443007 2014691 infeasible   70               -   14.59615      -  93.8 1965s
 5458645 2017136     cutoff   80               -   14.60106      -  93.8 1970s
 5473263 2019391     cutoff   84               -   14.61538      -  93.8 1975s
 5488746 2021412     cutoff   73               -   14.62561      -  93.8 1980s
 5502907 2023412   15.00000   35   25          -   14.63871      -  93.8 1985s
 5518660 2025434     cutoff   72               -   14.65359      -  93.8 1990s
 5532592 2027628     cutoff   76               -   14.66667      -  93.7 1995s
 5549120 2031002   17.34588   90  141          -   14.66667      -  93.7 2000s
 5565026 2034216   18.00000   76    1          -   14.66667      -  93.7 2005s
 5579555 2037056     cutoff   73               -   14.68293      -  93.7 2010s
 5594332 2039801 infeasible   74               -   14.69592      -  93.7 2015s
 5610399 2042726 infeasible   56               -   14.70948      -  93.6 2020s
 5626390 2045475     cutoff   86               -   14.71972      -  93.6 2025s
 5641251 2048452     cutoff   82               -   14.73171      -  93.6 2030s
 5655898 2051091   17.13793   45  146          -   14.74640      -  93.6 2035s
 5672769 2054314     cutoff   58               -   14.75000      -  93.6 2040s
 5687557 2056904   15.58034   33  150          -   14.76000      -  93.5 2045s
 5703507 2060233     cutoff   68               -   14.77419      -  93.5 2050s
 5719816 2063475   19.00000   73   25          -   14.78639      -  93.5 2055s
 5734680 2066255     cutoff   75               -   14.80000      -  93.5 2060s
 5750857 2069578     cutoff   70               -   14.80645      -  93.5 2065s
 5767387 2072883   16.17021   41  169          -   14.81905      -  93.4 2070s
 5782653 2076339   18.20221   35  129          -   14.83333      -  93.4 2075s
 5798694 2079436   17.18695   75  175          -   14.84000      -  93.4 2080s
 5815259 2084000 infeasible   91               -   14.85366      -  93.4 2085s
 5830771 2086993   16.11290   33  184          -   14.86364      -  93.3 2090s
 5846822 2090710     cutoff   80               -   14.87500      -  93.3 2095s
 5861445 2094580   17.00000   44   15          -   14.88660      -  93.3 2100s
 5878115 2098337     cutoff   82               -   14.89847      -  93.3 2105s
 5893130 2102131 infeasible   85               -   14.90909      -  93.3 2110s
 5908943 2106128   16.25926   40  159          -   14.92105      -  93.2 2115s
 5925037 2110127 infeasible   80               -   14.93333      -  93.2 2120s
 5940300 2114283   16.14755   33  202          -   14.94444      -  93.2 2125s
 5955200 2118110   17.72727   39  110          -   14.95689      -  93.2 2130s
 5970557 2122761   16.96795   56  150          -   14.96875      -  93.2 2135s
 5986385 2127176   15.67427   51  200          -   14.98241      -  93.2 2140s
 6000673 2131689   16.81111   37  164          -   14.99808      -  93.2 2145s
 6016209 2134201     cutoff   80               -   15.00000      -  93.1 2150s
 6031604 2137139 infeasible   92               -   15.00000      -  93.1 2155s
 6047464 2140766     cutoff   63               -   15.00000      -  93.1 2160s
 6062018 2144460     cutoff   36               -   15.00000      -  93.1 2165s
 6076777 2148362   15.51033   56  209          -   15.00000      -  93.1 2170s
 6091669 2153149 infeasible   31               -   15.00000      -  93.1 2175s
 6106797 2157371   17.88235   34   88          -   15.00000      -  93.1 2180s
 6121041 2161468   16.00000   36   18          -   15.00000      -  93.1 2185s
 6135530 2165590 infeasible   76               -   15.00000      -  93.1 2190s
 6150400 2169658   18.00000   58    1          -   15.00000      -  93.1 2195s
 6165318 2173778   16.00000   33    1          -   15.00000      -  93.1 2200s
 6181353 2177455 infeasible   70               -   15.00000      -  93.1 2205s
 6195681 2181651     cutoff   87               -   15.00000      -  93.1 2210s
 6210639 2185403   16.00000   33    1          -   15.00000      -  93.1 2215s
 6226747 2189154 infeasible   88               -   15.00000      -  93.1 2220s
 6242966 2192636     cutoff   81               -   15.00000      -  93.1 2225s
 6258052 2196913   17.49643   52  168          -   15.00197      -  93.1 2230s
 6273305 2200980     cutoff   41               -   15.02331      -  93.0 2235s
 6288385 2205418 infeasible   64               -   15.04031      -  93.0 2240s
 6304281 2209715     cutoff   65               -   15.05556      -  93.0 2245s
 6320307 2213882     cutoff   77               -   15.07068      -  93.0 2250s
 6336325 2218326 infeasible   80               -   15.08333      -  92.9 2255s
 6353909 2223538     cutoff   83               -   15.09756      -  92.9 2260s
 6368490 2227461     cutoff   82               -   15.10811      -  92.9 2265s
 6384999 2232144   18.00000   39    1          -   15.11995      -  92.8 2270s
 6400320 2236016   15.51758   48  195          -   15.12821      -  92.8 2275s
 6415285 2240195   16.80000   34  133          -   15.13930      -  92.8 2280s
 6431363 2244272     cutoff   96               -   15.14706      -  92.8 2285s
 6445971 2248183 infeasible   46               -   15.15789      -  92.8 2290s
 6461886 2252353   15.86466   30  128          -   15.16667      -  92.7 2295s
 6477512 2256758   15.93056   34  148          -   15.17534      -  92.7 2300s
 6492514 2261127   17.78571   40  110          -   15.18476      -  92.7 2305s
 6506552 2264736   19.00000   77   29          -   15.19376      -  92.7 2310s
 6523939 2268713     cutoff   87               -   15.20000      -  92.7 2315s
 6538297 2272547 infeasible   72               -   15.20781      -  92.7 2320s
 6553075 2275952   18.90950   33  191          -   15.21739      -  92.6 2325s
 6568355 2280056   15.99829   35  175          -   15.22581      -  92.6 2330s
 6583514 2284168   17.00000   48   14          -   15.23438      -  92.6 2335s
 6597987 2288207 infeasible   71               -   15.24324      -  92.6 2340s
 6613905 2292114   18.00000   68    1          -   15.25000      -  92.6 2345s
 6630187 2295019     cutoff   45               -   15.25000      -  92.6 2350s
 6640868 2297523   16.95831   43  156          -   15.25672      -  92.6 2355s
 6654548 2300867     cutoff   82               -   15.26563      -  92.6 2360s
 6669436 2304491   18.50000   40   16          -   15.27291      -  92.6 2365s
 6682848 2307907   15.94458   49  146          -   15.28125      -  92.5 2370s
 6698072 2311707   16.73333   39  119          -   15.28689      -  92.5 2375s
 6711695 2314827   18.00000   45   55          -   15.29545      -  92.5 2380s
 6727515 2318614   18.62037   41  112          -   15.30328      -  92.5 2385s
 6741717 2322285   18.00000   46    1          -   15.31111      -  92.5 2390s
 6755187 2325204   18.00000   43   16          -   15.31905      -  92.5 2395s
 6768769 2328564 infeasible   53               -   15.32762      -  92.5 2400s
 6784227 2332007   16.16667   51   83          -   15.33333      -  92.5 2405s
 6801648 2335515   17.00000   65   17          -   15.33333      -  92.5 2410s
 6816277 2338572   15.78485   45  171          -   15.33333      -  92.5 2415s
 6830178 2341567   18.00000   54    1          -   15.34043      -  92.5 2420s
 6833459 2342253   15.90027   41  183          -   15.34286      -  92.5 2425s
 6843288 2344324   16.98377   44  205          -   15.34998      -  92.5 2430s
 6857434 2347349   16.79487   49  122          -   15.35813      -  92.5 2435s
 6871250 2350366     cutoff   44               -   15.36544      -  92.5 2440s
 6885385 2354034   15.91509   60  144          -   15.37349      -  92.5 2445s
 6900686 2357181   17.25842   52  188          -   15.37965      -  92.5 2450s
 6914995 2360248   18.43810   37  166          -   15.38714      -  92.5 2455s
 6929106 2363841   15.72727   50  136          -   15.39510      -  92.5 2460s
 6943462 2366657   18.47251   51  189          -   15.40000      -  92.5 2465s
 6959238 2369856     cutoff   52               -   15.40560      -  92.5 2470s
 6971983 2372447     cutoff   50               -   15.41266      -  92.5 2475s
 6985977 2375325 infeasible   50               -   15.42029      -  92.5 2480s
 6999510 2378277 infeasible   95               -   15.42857      -  92.5 2485s
 7015265 2381619   15.79487   43  120          -   15.43333      -  92.5 2490s
 7029240 2384481   15.51826   45  212          -   15.44134      -  92.5 2495s
 7042941 2387230   17.73913   64  137          -   15.44703      -  92.5 2500s
 7056761 2390201   18.00000   58    1          -   15.45455      -  92.5 2505s
 7070815 2393317   16.00000   32    6          -   15.46154      -  92.5 2510s
 7085289 2396205   16.83333   33   88          -   15.46757      -  92.5 2515s
 7099373 2399291   17.49877   35  194          -   15.47552      -  92.5 2520s
 7112850 2401964     cutoff   58               -   15.48276      -  92.5 2525s
 7126256 2404602     cutoff   47               -   15.49091      -  92.5 2530s
 7139182 2407055     cutoff   52               -   15.50000      -  92.5 2535s
 7154296 2409352   18.00000   53   23          -   15.50000      -  92.5 2540s
 7170708 2412803   15.50000   54   35          -   15.50000      -  92.5 2545s
 7186131 2415979   16.00000   70    1          -   15.50000      -  92.5 2550s
 7202149 2419019   18.00000   52    1          -   15.50000      -  92.5 2555s
 7216832 2422123   15.95506   32  120          -   15.50000      -  92.5 2560s
 7231934 2426067   16.00000   44   42          -   15.50000      -  92.5 2565s
 7246786 2428346   16.00000   41   38          -   15.50000      -  92.4 2570s
 7259749 2431152   15.70588   38  172          -   15.50704      -  92.4 2575s
 7273025 2433563     cutoff   51               -   15.51614      -  92.5 2580s
 7286373 2435953     cutoff   72               -   15.52419      -  92.5 2585s
 7299714 2438606     cutoff   57               -   15.53152      -  92.4 2590s
 7311662 2440726     cutoff   51               -   15.53846      -  92.5 2595s
 7326285 2443378     cutoff   66               -   15.54545      -  92.5 2600s
 7338175 2445530 infeasible   64               -   15.55289      -  92.5 2605s
 7351996 2448303   16.90278   47  171          -   15.55882      -  92.5 2610s
 7364651 2450514   18.40000   49   56          -   15.56619      -  92.5 2615s
 7379255 2453068     cutoff   50               -   15.57143      -  92.5 2620s
 7391417 2455384   15.61893   48  234          -   15.57826      -  92.5 2625s
 7405551 2458280 infeasible   70               -   15.58404      -  92.5 2630s
 7419072 2460656     cutoff   79               -   15.59091      -  92.5 2635s
 7430761 2462555     cutoff   74               -   15.59957      -  92.5 2640s
 7445966 2465658   16.00000   37   35          -   15.60000      -  92.5 2645s
 7460327 2467800   16.94737   39  109          -   15.60607      -  92.5 2650s
 7472750 2469951     cutoff   56               -   15.61318      -  92.5 2655s
 7486430 2472261     cutoff   48               -   15.62012      -  92.5 2660s
 7500534 2474696     cutoff   59               -   15.62500      -  92.5 2665s
 7512582 2476619     cutoff   61               -   15.63158      -  92.5 2670s
 7526042 2479119   16.13564   49  177          -   15.63767      -  92.5 2675s
 7539129 2481902   16.17293   37  136          -   15.64444      -  92.5 2680s
 7553057 2484379   17.87755   52  113          -   15.65217      -  92.5 2685s
 7566514 2486906   16.66014   40  205          -   15.65932      -  92.5 2690s
 7578748 2488774   17.66667   51   93          -   15.66667      -  92.5 2695s
 7594518 2491672 infeasible   96               -   15.66667      -  92.5 2700s
 7609145 2493690     cutoff   85               -   15.66667      -  92.5 2705s
 7624341 2496618   16.32453   40  156          -   15.66667      -  92.5 2710s
 7637060 2498911   16.64599   55  188          -   15.67442      -  92.5 2715s
 7650690 2501125   16.82456   46  113          -   15.68217      -  92.5 2720s
 7664954 2503244 infeasible   52               -   15.68981      -  92.5 2725s
 7678735 2505772   19.00000   73   17          -   15.69690      -  92.5 2730s
 7691749 2508064   17.00000   40   31          -   15.70203      -  92.5 2735s
 7704658 2510067   16.00000   31   29          -   15.70914      -  92.5 2740s
 7719112 2512658 infeasible   60               -   15.71429      -  92.5 2745s
 7732428 2514767     cutoff   74               -   15.71984      -  92.5 2750s
 7745308 2517131     cutoff   40               -   15.72727      -  92.5 2755s
 7758486 2518986   18.00000   38   93          -   15.73333      -  92.5 2760s
 7771563 2520927   17.20833   34   95          -   15.74051      -  92.5 2765s
 7775648 2521945   18.70732   52  130          -   15.74181      -  92.5 2770s
 7788203 2523897     cutoff   62               -   15.75000      -  92.5 2775s
 7805062 2527136   18.00000   74    1          -   15.75000      -  92.5 2780s
 7819824 2529768   18.00000   71    1          -   15.75000      -  92.5 2785s
 7833272 2532070 infeasible   59               -   15.75694      -  92.5 2790s
 7846336 2534292     cutoff   54               -   15.76466      -  92.5 2795s
 7859891 2536640   16.67011   48  153          -   15.77083      -  92.5 2800s
 7872544 2539137   18.94118   50  100          -   15.77778      -  92.5 2805s
 7887060 2541304   19.02655   48  181          -   15.78261      -  92.5 2810s
 7900696 2543126   15.94737   28  119          -   15.78947      -  92.5 2815s
 7914577 2545396   18.00000   59    1          -   15.79695      -  92.5 2820s
 7928401 2548145     cutoff   63               -   15.80000      -  92.5 2825s
 7943712 2550824   17.11111   49  150          -   15.80220      -  92.5 2830s
 7956001 2553054 infeasible   61               -   15.80952      -  92.5 2835s
 7969699 2555514 infeasible   50               -   15.81643      -  92.5 2840s
 7983370 2557968   16.00000   36   19          -   15.82192      -  92.5 2845s
 7996678 2560451   16.56880   37  153          -   15.82857      -  92.5 2850s
 8011379 2563084 infeasible   61               -   15.83333      -  92.5 2855s
 8025067 2565043     cutoff   60               -   15.83636      -  92.5 2860s
 8038177 2566963     cutoff   50               -   15.84375      -  92.5 2865s
 8051849 2569493     cutoff   82               -   15.85000      -  92.5 2870s
 8064800 2571136   16.91096   35  159          -   15.85714      -  92.5 2875s
 8079046 2573580   19.00000   62    3          -   15.85946      -  92.5 2880s
 8091861 2575622   18.00000   54    1          -   15.86667      -  92.5 2885s
 8105443 2578085     cutoff   61               -   15.87269      -  92.5 2890s
 8119875 2580429   18.50000   60   16          -   15.87500      -  92.5 2895s
 8133228 2582707     cutoff   75               -   15.88235      -  92.5 2900s
 8147527 2585255     cutoff   66               -   15.88889      -  92.5 2905s
 8160827 2587155   17.41004   51  178          -   15.89394      -  92.5 2910s
 8174506 2589816 infeasible   82               -   15.90000      -  92.5 2915s
 8189702 2592531     cutoff   73               -   15.90576      -  92.5 2920s
 8202277 2594350     cutoff   59               -   15.91107      -  92.5 2925s
 8217112 2596544     cutoff   63               -   15.91667      -  92.5 2930s
 8229872 2598651   18.69388   42  128          -   15.92308      -  92.5 2935s
 8244066 2601355   16.00000   34    1          -   15.92857      -  92.5 2940s
 8258070 2603799   18.60606   61   99          -   15.93525      -  92.5 2945s
 8271477 2606300 infeasible   68               -   15.94118      -  92.5 2950s
 8285013 2608480   16.00000   43    6          -   15.94737      -  92.5 2955s
 8298709 2610588   17.94203   50  137          -   15.95313      -  92.5 2960s
 8311025 2612286   16.12500   37  133          -   15.96000      -  92.5 2965s
 8325078 2614698     cutoff   64               -   15.96667      -  92.5 2970s
 8338667 2616987     cutoff   68               -   15.97368      -  92.5 2975s
 8353081 2619644     cutoff   61               -   15.98130      -  92.5 2980s
 8366238 2621880     cutoff   60               -   15.98925      -  92.5 2985s
 8380449 2625417   17.66724   50  146          -   16.00000      -  92.5 2990s
 8400013 2635775   17.30665   45  235          -   16.00000      -  92.4 2995s
 8418399 2644051   17.06759   35  251          -   16.00000      -  92.3 3000s
 8434245 2646351   16.25000   66   70          -   16.00000      -  92.3 3005s
 8448611 2648026   18.00000   38    1          -   16.00000      -  92.3 3010s
 8463422 2650267   19.00000   66   15          -   16.00000      -  92.3 3015s
 8478139 2652734     cutoff   94               -   16.00000      -  92.3 3020s
 8485555 2654897   18.18750   37  122          -   16.00000      -  92.3 3029s
 8495846 2655316     cutoff   89               -   16.00000      -  92.3 3030s
 8511427 2658414 infeasible   78               -   16.00000      -  92.3 3035s
 8526274 2662251   18.00000   61   22          -   16.00000      -  92.3 3040s
 8540887 2665890   17.18350   47  205          -   16.00000      -  92.3 3045s
 8556258 2670640     cutoff   78               -   16.00000      -  92.3 3050s
 8570095 2675016   18.66667   47   56          -   16.00000      -  92.3 3055s
 8586290 2679794   17.00000   45    9          -   16.00000      -  92.3 3060s
 8600699 2683812     cutoff   75               -   16.00000      -  92.3 3065s
 8615900 2688516   18.00000   69    1          -   16.00000      -  92.3 3070s
 8631471 2693184 infeasible   71               -   16.00000      -  92.3 3075s
 8646321 2697278   18.00000   62    1          -   16.00000      -  92.3 3080s
 8661236 2701565   16.85417   37  122          -   16.00000      -  92.3 3085s
 8676949 2704741   16.25000   42   85          -   16.00000      -  92.3 3090s
 8691815 2708307 infeasible   87               -   16.00000      -  92.3 3095s
 8706111 2711775   16.00000   74   18          -   16.00000      -  92.3 3100s
 8721052 2716278   17.39663   49  223          -   16.00000      -  92.3 3105s
 8735704 2720997   17.00000   42   19          -   16.00000      -  92.3 3110s
 8751861 2726245   18.14561   58  195          -   16.00000      -  92.3 3115s
 8766729 2730411     cutoff   81               -   16.00000      -  92.3 3120s
 8782813 2735592   16.76242   42  152          -   16.00000      -  92.3 3125s
 8800361 2741645   17.78571   39  138          -   16.00000      -  92.3 3130s
 8816401 2747033   17.00000   33   52          -   16.00000      -  92.3 3135s
 8831472 2752337 infeasible   44               -   16.00000      -  92.3 3140s
 8846374 2757021   17.04490   40  181          -   16.00000      -  92.3 3145s
 8861117 2760207     cutoff   90               -   16.00000      -  92.3 3150s
 8877023 2764527   17.80000   37   85          -   16.00000      -  92.3 3155s
 8891388 2767871   16.36321   40  129          -   16.00000      -  92.3 3160s
 8905791 2771797   16.87500   38  109          -   16.00000      -  92.3 3165s
 8920760 2777186   17.19010   63  183          -   16.00000      -  92.3 3170s
 8936470 2783908 infeasible   40               -   16.00214      -  92.2 3175s
 8951385 2786559 infeasible   65               -   16.01481      -  92.2 3180s
 8958824 2787271 infeasible   60               -   16.02192      -  92.2 3185s
 8965230 2788185     cutoff   64               -   16.02586      -  92.2 3190s
 8979043 2790304 infeasible   84               -   16.03670      -  92.2 3195s
 8994132 2792309   19.00000   64    3          -   16.04633      -  92.2 3200s
 9009077 2794113   18.03448   41  143          -   16.05556      -  92.2 3205s
 9024393 2796147 infeasible   64               -   16.06342      -  92.2 3210s
 9037617 2797545   18.50000   60    5          -   16.07143      -  92.2 3215s
 9052310 2799498   17.00000   51    5          -   16.07937      -  92.2 3220s
 9068685 2801803     cutoff   63               -   16.08731      -  92.2 3225s
 9083373 2803947 infeasible   61               -   16.09480      -  92.2 3230s
 9097943 2805847     cutoff   61               -   16.10069      -  92.1 3235s
 9112528 2807860   16.44545   38  132          -   16.11005      -  92.1 3240s
 9127471 2809379     cutoff   68               -   16.11628      -  92.1 3245s
 9141812 2811249   17.87774   40  192          -   16.12486      -  92.1 3250s
 9157414 2813406     cutoff   66               -   16.12857      -  92.1 3255s
 9172840 2815632     cutoff   51               -   16.13636      -  92.1 3260s
 9187413 2817380   17.00000   54   39          -   16.14286      -  92.1 3265s
 9202758 2819474   16.33242   35  182          -   16.14815      -  92.1 3270s
 9217806 2821429     cutoff   51               -   16.15503      -  92.1 3275s
 9232424 2823178     cutoff   77               -   16.16279      -  92.1 3280s
 9247205 2824895   17.28571   38  116          -   16.16667      -  92.1 3285s
 9261992 2826585   16.51923   31  167          -   16.17178      -  92.0 3290s
 9277178 2829478 infeasible   61               -   16.17895      -  92.0 3295s
 9293236 2831594   17.27824   43  146          -   16.18537      -  92.0 3300s
 9308100 2834019 infeasible   64               -   16.19293      -  92.0 3305s
 9322176 2835922     cutoff   37               -   16.20000      -  92.0 3310s
 9337518 2837618   17.00000   42   20          -   16.20000      -  92.0 3315s
 9352767 2839841   17.07684   44  192          -   16.20601      -  92.0 3320s
 9367109 2841796     cutoff   76               -   16.21429      -  92.0 3325s
 9381791 2843692   18.00000   36   18          -   16.22147      -  92.0 3330s
 9396207 2845547   16.90657   38  184          -   16.22581      -  92.0 3335s
 9411287 2847653   17.60714   45  148          -   16.23256      -  92.0 3340s
 9425988 2849582   17.85897   41  190          -   16.23944      -  91.9 3345s
 9440458 2851433 infeasible   66               -   16.24793      -  91.9 3350s
 9455994 2852971   17.00000   50   17          -   16.25000      -  91.9 3355s
 9470841 2854915   16.42066   57  133          -   16.25000      -  91.9 3360s
 9486628 2856972   17.16667   37  118          -   16.25000      -  91.9 3365s
 9500925 2859246     cutoff   82               -   16.25871      -  91.9 3370s
 9515996 2861254   19.00000   71   21          -   16.26623      -  91.9 3375s
 9530234 2862852   18.89700   71  176          -   16.27273      -  91.9 3380s
 9545683 2865126     cutoff   65               -   16.27836      -  91.9 3385s
 9560362 2867178   16.87500   54   79          -   16.28571      -  91.9 3390s
 9575532 2868692     cutoff   71               -   16.28814      -  91.9 3395s
 9589893 2870931   17.69444   42  124          -   16.29479      -  91.9 3400s
 9605113 2873193   19.00000   76   23          -   16.30000      -  91.9 3405s
 9620570 2875568   17.34629   37  161          -   16.30769      -  91.9 3410s
 9636534 2877975     cutoff   69               -   16.31373      -  91.8 3415s
 9651197 2880328 infeasible   67               -   16.32041      -  91.8 3420s
 9664949 2882453     cutoff   46               -   16.32692      -  91.8 3425s
 9672224 2883418 infeasible   68               -   16.33264      -  91.8 3430s
 9672424 2883423 infeasible   82               -   16.33333      -  91.8 3435s
 9672587 2883456     cutoff   54               -   16.33333      -  91.8 3440s
 9672682 2883481     cutoff   81               -   16.33333      -  91.8 3445s
 9673090 2883528     cutoff   74               -   16.33333      -  91.8 3450s
 9674722 2883816   16.83333   40   77          -   16.33333      -  91.8 3455s
 9677095 2884123 infeasible   69               -   16.33333      -  91.8 3460s
 9686174 2885136   17.00974   38  168          -   16.33333      -  91.8 3465s
 9696809 2886514   16.51429   39  128          -   16.33333      -  91.8 3470s
 9713898 2888779   16.92178   34  155          -   16.33333      -  91.8 3475s
 9730643 2890399   16.74419   47  144          -   16.33333      -  91.8 3480s
 9746994 2892139   18.14117   50  194          -   16.33515      -  91.8 3485s
 9761759 2894383   16.57895   67  123          -   16.34375      -  91.8 3490s
 9776660 2896414   17.39517   33  159          -   16.35106      -  91.8 3495s
 9791713 2898621   19.00000   34   29          -   16.35714      -  91.8 3500s
 9806574 2900931     cutoff   76               -   16.36364      -  91.8 3505s
 9822619 2903366     cutoff   70               -   16.36852      -  91.8 3510s
 9838744 2905459   17.50000   42   22          -   16.37500      -  91.7 3515s
 9853435 2907529 infeasible   84               -   16.37931      -  91.7 3520s
 9868353 2909957     cutoff   93               -   16.38462      -  91.7 3525s
 9882979 2912196   16.54167   33  142          -   16.39130      -  91.7 3530s
 9898157 2914544     cutoff   72               -   16.39961      -  91.7 3535s
 9913502 2916504     cutoff   35               -   16.40000      -  91.7 3540s
 9921696 2917222     cutoff   78               -   16.40000      -  91.7 3545s
 9932058 2918544     cutoff   78               -   16.40164      -  91.7 3550s
 9946104 2920691     cutoff   74               -   16.40909      -  91.7 3555s
 9962186 2923681 infeasible   76               -   16.41593      -  91.7 3560s
 9976940 2925582     cutoff   40               -   16.42105      -  91.7 3565s
 9991540 2927797     cutoff   79               -   16.42787      -  91.7 3570s
 10007920 2929850   17.73333   34  124          -   16.42857      -  91.7 3575s
 10021934 2931877     cutoff   80               -   16.43486      -  91.7 3580s
 10036887 2934283     cutoff   83               -   16.44118      -  91.7 3585s
 10052926 2936437     cutoff   72               -   16.44444      -  91.6 3590s
 10067599 2938906   17.90809   46  127          -   16.45098      -  91.6 3595s
 10083571 2941534 infeasible   83               -   16.45562      -  91.6 3600s
 10099033 2943655   17.13333   37   91          -   16.46154      -  91.6 3605s
 10113984 2946204     cutoff   80               -   16.46667      -  91.6 3610s
 10129535 2949070   16.94118   42  159          -   16.47297      -  91.6 3615s
 10144526 2951863   17.39170   43  179          -   16.47826      -  91.6 3620s
 10160822 2954927   17.04442   39  187          -   16.48437      -  91.6 3625s
 10175374 2957523   17.33333   48  111          -   16.49091      -  91.6 3630s
 10190058 2960217     cutoff   71               -   16.49909      -  91.6 3635s
 10204927 2961044   17.35398   50  143          -   16.50000      -  91.6 3640s
 10220884 2962243     cutoff   89               -   16.50000      -  91.6 3645s
 10235869 2963337   18.00000   69   18          -   16.50000      -  91.6 3650s
 10250380 2964632     cutoff   70               -   16.50000      -  91.6 3655s
 10265062 2965990 infeasible   60               -   16.50000      -  91.6 3660s
 10279526 2967435     cutoff   54               -   16.50000      -  91.6 3665s
 10294434 2969169   16.80000   38   54          -   16.50000      -  91.6 3670s
 10308957 2970912   17.50000   40   40          -   16.50000      -  91.6 3675s
 10324757 2972627     cutoff   63               -   16.50000      -  91.6 3680s
 10339792 2974219 infeasible   68               -   16.50000      -  91.6 3685s
 10354298 2976062   17.09454   46  188          -   16.50000      -  91.6 3690s
 10369141 2977498   16.87995   37  234          -   16.50000      -  91.6 3695s
 10385136 2979777     cutoff   34               -   16.50000      -  91.5 3700s
 10399916 2982340   17.87202   67  185          -   16.50943      -  91.5 3705s
 10414796 2984573   18.00000   77   16          -   16.51670      -  91.5 3710s
 10429635 2986718     cutoff   74               -   16.52381      -  91.5 3715s
 10445760 2989190   17.60000   48  100          -   16.52984      -  91.5 3720s
 10461804 2991962     cutoff   79               -   16.53598      -  91.5 3725s
 10476512 2994486 infeasible   76               -   16.54132      -  91.5 3730s
 10492181 2996865   17.54794   46  218          -   16.54573      -  91.5 3735s
 10506619 2998853 infeasible   42               -   16.55263      -  91.5 3740s
 10522093 3001132   18.30427   42  193          -   16.55556      -  91.5 3745s
 10537707 3003724     cutoff   46               -   16.56250      -  91.5 3750s
 10552299 3006086   17.96226   34  130          -   16.56757      -  91.5 3755s
 10568795 3008378   17.88889   34  109          -   16.57143      -  91.5 3760s
 10583548 3010507   17.77143   39  101          -   16.57576      -  91.5 3765s
 10598159 3012958   17.02318   51  176          -   16.58146      -  91.4 3770s
 10614581 3016121   18.41880   66  166          -   16.58621      -  91.4 3775s
 10628515 3018265   17.05884   51  159          -   16.59095      -  91.4 3780s
 10643369 3021306   17.00000   42   25          -   16.59738      -  91.4 3785s
 10658389 3023244   18.00000   39   20          -   16.60000      -  91.4 3790s
 10674492 3024844     cutoff   45               -   16.60000      -  91.4 3795s
 10689139 3027557   19.42857   42   73          -   16.60526      -  91.4 3800s
 10705102 3030537 infeasible   79               -   16.61111      -  91.4 3805s
 10720886 3033227   17.93333   69   97          -   16.61538      -  91.4 3810s
 10737250 3036283     cutoff   40               -   16.62195      -  91.4 3815s
 10748594 3037545 infeasible   79               -   16.62500      -  91.4 3820s
 10756991 3038896   17.76096   47  165          -   16.62500      -  91.4 3825s
 10773663 3042314   17.76962   47  179          -   16.63158      -  91.4 3830s
 10788072 3044554   17.74552   53  148          -   16.63636      -  91.4 3835s
 10802977 3047222   17.66667   38  116          -   16.64103      -  91.3 3840s
 10818629 3050102     cutoff   91               -   16.64583      -  91.3 3845s
 10833719 3052532     cutoff   71               -   16.65025      -  91.3 3850s
 10847858 3054810   17.78996   38  193          -   16.65574      -  91.3 3855s
 10862802 3057774   17.57868   40  146          -   16.66129      -  91.3 3860s
 10877818 3060613     cutoff   37               -   16.66667      -  91.3 3865s
 10892647 3061811     cutoff   40               -   16.66667      -  91.3 3870s
 10907660 3063310   17.00000   53    5          -   16.66667      -  91.3 3875s
 10921936 3064723     cutoff   42               -   16.66667      -  91.3 3880s
 10936623 3065637   18.88889   52  113          -   16.66667      -  91.3 3885s
 10951243 3066297   17.14030   39  175          -   16.66667      -  91.3 3890s
 10965809 3067457     cutoff   39               -   16.66667      -  91.3 3895s
 10980801 3070473   18.03704   34  142          -   16.67391      -  91.3 3900s
 10996836 3073194   17.50000   37   86          -   16.68000      -  91.3 3905s
 11011605 3076457     cutoff   88               -   16.68478      -  91.3 3910s
 11026158 3078846   17.82164   37  194          -   16.68947      -  91.3 3915s
 11041406 3081446     cutoff   72               -   16.69397      -  91.3 3920s
 11057322 3084028     cutoff   44               -   16.70000      -  91.3 3925s
 11071829 3086266 infeasible   47               -   16.70270      -  91.3 3930s
 11087648 3089368   17.02115   49  210          -   16.70755      -  91.3 3935s
 11101927 3092405     cutoff   85               -   16.71307      -  91.2 3940s
 11117257 3094242     cutoff   43               -   16.71429      -  91.2 3945s
 11132173 3096716   18.81022   42  131          -   16.71875      -  91.2 3950s
 11146551 3099249   16.96563   41  212          -   16.72329      -  91.2 3955s
 11161442 3101548   17.62903   35  183          -   16.72727      -  91.2 3960s
 11176519 3104220   16.91921   33  158          -   16.73134      -  91.2 3965s
 11192879 3107978   17.03398   69  153          -   16.73611      -  91.2 3970s
 11207655 3110922   16.76242   34  183          -   16.74021      -  91.2 3975s
 11223570 3114552 infeasible   83               -   16.74483      -  91.2 3980s
 11239179 3117226 infeasible   64               -   16.75000      -  91.2 3985s
 11253898 3118054   17.77942   34  146          -   16.75000      -  91.2 3990s
 11268679 3119311     cutoff   35               -   16.75000      -  91.2 3995s
 11283844 3120878   18.00000   52   56          -   16.75000      -  91.2 4000s
 11298321 3122634   17.88279   37  174          -   16.75124      -  91.2 4005s
 11313110 3125906   17.14876   38  164          -   16.75676      -  91.2 4010s
 11326897 3128580 infeasible   72               -   16.76130      -  91.2 4015s
 11341607 3131148   18.47962   41  202          -   16.76543      -  91.2 4020s
 11356913 3133937     cutoff   88               -   16.76923      -  91.2 4025s
 11365047 3136060   18.63234   38  151          -   16.77174      -  91.1 4030s
 11378414 3138631 infeasible   79               -   16.77645      -  91.1 4035s
 11392257 3139761   17.50000   56   29          -   16.77778      -  91.1 4040s
 11407532 3143361   18.55506   43  182          -   16.78261      -  91.1 4045s
 11423111 3146225   19.00000   34   28          -   16.78641      -  91.1 4050s
 11438027 3149359 infeasible   42               -   16.79070      -  91.1 4055s
 11453408 3152880   18.03571   53   99          -   16.79487      -  91.1 4060s
 11468087 3156421 infeasible   52               -   16.80000      -  91.1 4065s
 11482803 3157519     cutoff   50               -   16.80000      -  91.1 4070s
 11497392 3158333   18.43767   44  171          -   16.80000      -  91.1 4075s
 11511121 3161219     cutoff   41               -   16.80214      -  91.1 4080s
 11525961 3164457   17.14465   37  168          -   16.80702      -  91.1 4085s
 11540616 3167218   18.83408   40  204          -   16.81132      -  91.1 4090s
 11553933 3169510     cutoff   79               -   16.81481      -  91.1 4095s
 11568177 3171824     cutoff   41               -   16.81818      -  91.1 4100s
 11582723 3174922     cutoff   85               -   16.82192      -  91.1 4105s
 11597412 3177217   19.00000   44   17          -   16.82609      -  91.1 4110s
 11612469 3180630   18.23280   45  146          -   16.83031      -  91.1 4115s
 11626040 3182512   17.84520   44  143          -   16.83333      -  91.1 4120s
 11640276 3183290 infeasible   36               -   16.83333      -  91.1 4125s
 11655404 3186165   17.24694   48  138          -   16.83559      -  91.1 4130s
 11669575 3188969   17.33333   50   59          -   16.84000      -  91.1 4135s
 11684576 3192202   18.00000   54   14          -   16.84375      -  91.1 4140s
 11699475 3194972   17.68696   43  199          -   16.84681      -  91.1 4145s
 11713917 3197787     cutoff   41               -   16.85043      -  91.0 4150s
 11728646 3200595   18.59748   63  142          -   16.85475      -  91.0 4155s
 11743234 3202686   17.36653   54  191          -   16.85714      -  91.0 4160s
 11756682 3204179   16.98107   36  198          -   16.85738      -  91.0 4165s
 11771544 3207629     cutoff   51               -   16.86207      -  91.0 4170s
 11786156 3210400   18.00000   50    8          -   16.86607      -  91.0 4175s
 11800953 3212635   18.00000   42   82          -   16.86957      -  91.0 4180s
 11815831 3216170   17.00000   42   20          -   16.87330      -  91.0 4185s
 11829246 3217616 infeasible   87               -   16.87500      -  91.0 4190s
 11842980 3219540   18.00000   48   16          -   16.87668      -  91.0 4195s
 11846795 3220348   17.00000   40   17          -   16.87762      -  91.0 4200s
 11858723 3223119   17.66667   55   48          -   16.88095      -  91.0 4205s
 11873073 3225952 infeasible   72               -   16.88415      -  91.0 4210s
 11888453 3229663   17.00000   45    3          -   16.88808      -  91.0 4215s
 11901853 3230723   18.57143   44   72          -   16.88889      -  91.0 4220s
 11916314 3234230   18.00000   51    1          -   16.89250      -  91.0 4225s
 11930419 3237280   17.25000   43  129          -   16.89552      -  91.0 4230s
 11945332 3240406   17.68987   53  134          -   16.89963      -  91.0 4235s
 11958910 3241613   17.27075   45  199          -   16.90041      -  91.0 4240s
 11973750 3245165   16.93948   39  243          -   16.90459      -  91.0 4245s
 11987295 3248036   17.79167   43  153          -   16.90750      -  91.0 4250s
 12002134 3250343   18.40449   57  125          -   16.90909      -  91.0 4255s
 12017106 3253575   17.71008   37  200          -   16.91304      -  91.0 4260s
 12031705 3256679   18.07216   43  152          -   16.91667      -  91.0 4265s
 12044991 3258794   17.50000   43   43          -   16.91814      -  91.0 4270s
 12059625 3261940   17.32538   52  186          -   16.92166      -  91.0 4275s
 12074057 3264266   17.13070   38  175          -   16.92424      -  91.0 4280s
 12087626 3267073     cutoff   55               -   16.92736      -  91.0 4285s
 12100992 3269040   17.36236   41  188          -   16.92982      -  91.0 4290s
 12115778 3271924   17.37500   33   74          -   16.93333      -  91.0 4295s
 12128812 3274160   18.00000   38   26          -   16.93599      -  91.0 4300s
 12143874 3277193     cutoff   34               -   16.93897      -  91.0 4305s
 12156925 3279353   17.66986   54  176          -   16.94163      -  91.0 4310s
 12170414 3281887     cutoff   35               -   16.94444      -  91.0 4315s
 12185173 3285045 infeasible   41               -   16.94737      -  91.0 4320s
 12198716 3287922   18.00000   55   14          -   16.95000      -  90.9 4325s
 12213210 3291147   18.47994   55  153          -   16.95313      -  90.9 4330s
 12227081 3293839     cutoff   49               -   16.95635      -  90.9 4335s
 12241776 3296680   17.25225   35  123          -   16.95918      -  90.9 4340s
 12254996 3299186   18.46154   33   91          -   16.96193      -  90.9 4345s
 12268844 3302581   17.19698   56  247          -   16.96477      -  90.9 4350s
 12282536 3305341   17.23476   38  182          -   16.96767      -  90.9 4355s
 12296186 3307982     cutoff   48               -   16.97043      -  90.9 4360s
 12310888 3311362     cutoff   74               -   16.97357      -  90.9 4365s
 12325660 3315141   17.25273   53  226          -   16.97653      -  90.9 4370s
 12339496 3317632   17.16729   40  254          -   16.97981      -  90.9 4375s
 12353464 3320725     cutoff   41               -   16.98301      -  90.9 4380s
 12367372 3323970   18.11438   46  186          -   16.98592      -  90.9 4385s
 12381044 3327326   18.24256   43  170          -   16.98936      -  90.9 4390s
 12394560 3330433   17.84946   56  132          -   16.99301      -  90.9 4395s
 12409365 3334305   17.25510   40  140          -   16.99736      -  90.9 4400s
 12421987 3335581 infeasible   40               -   17.00000      -  90.9 4405s
 12436079 3334973   18.12908   46  146          -   17.00000      -  90.9 4410s
 12449475 3334236   17.00000   53    3          -   17.00000      -  90.9 4415s
 12462759 3334273     cutoff   49               -   17.00000      -  90.9 4420s
 12475530 3333854   17.37500   51   79          -   17.00000      -  90.9 4425s
 12489119 3333431   18.60000   41  130          -   17.00000      -  90.9 4430s
 12502827 3332521     cutoff   48               -   17.00000      -  90.9 4435s
 12516612 3331997     cutoff   74               -   17.00000      -  90.9 4440s
 12531166 3330727   17.52280   62  177          -   17.00000      -  90.9 4445s
 12545025 3329290     cutoff   44               -   17.00000      -  90.9 4450s
 12560131 3329135   18.73828   36  164          -   17.00000      -  90.9 4455s
 12574725 3328705   18.00000   69    1          -   17.00000      -  91.0 4460s
 12589335 3328421     cutoff   76               -   17.00000      -  91.0 4465s
 12602468 3327210   17.50000   37   32          -   17.00000      -  91.0 4470s
 12617346 3327191   18.00000   51   16          -   17.00000      -  91.0 4475s
 12631677 3327660     cutoff   80               -   17.00000      -  91.0 4480s
 12645881 3327948   17.57143   39   86          -   17.00000      -  91.0 4485s
 12659241 3328107   19.50000   41   96          -   17.00000      -  91.0 4490s
 12672689 3328484 infeasible   41               -   17.00000      -  91.0 4495s
 12686971 3328856 infeasible   50               -   17.00000      -  91.0 4500s
 12700261 3328418 infeasible   55               -   17.00000      -  91.0 4505s
 12714927 3328326     cutoff   45               -   17.00000      -  91.0 4510s
 12721043 3327510     cutoff   42               -   17.00000      -  91.0 4518s
 12725226 3327394 infeasible   38               -   17.00000      -  91.0 4520s
 12741695 3327476   18.00000   47    1          -   17.00000      -  91.0 4525s
 12755971 3328182   19.00000   52   28          -   17.00000      -  91.0 4530s
 12769913 3328120 infeasible   45               -   17.00000      -  91.0 4535s
 12783355 3328127   17.91892   47  121          -   17.00000      -  91.0 4540s
 12798192 3328054   19.00000   44   17          -   17.00000      -  91.0 4545s
 12812587 3327936   17.75152   35  143          -   17.00000      -  91.0 4550s
 12825962 3327729     cutoff   44               -   17.00000      -  91.0 4555s
 12840339 3327689   18.33333   36   53          -   17.00000      -  91.0 4560s
 12855161 3327127   18.00000   42   20          -   17.00000      -  91.0 4565s
 12870041 3327377 infeasible   34               -   17.00000      -  91.0 4570s
 12882589 3326382     cutoff   86               -   17.00000      -  91.0 4575s
 12897132 3326198   17.00000   38   18          -   17.00000      -  91.1 4580s
 12909380 3325941   17.37915   48  139          -   17.00000      -  91.1 4585s
 12922821 3325227   18.73077   36  134          -   17.00000      -  91.1 4590s
 12936661 3325056   18.00000   66   28          -   17.00000      -  91.1 4595s
 12950086 3325601     cutoff   51               -   17.00000      -  91.1 4600s
 12962954 3327300   17.33333   46   37          -   17.00148      -  91.1 4605s
 12975878 3329987   18.08738   37  150          -   17.00682      -  91.1 4610s
 12991054 3333285   17.31735   39  189          -   17.01243      -  91.1 4615s
 13005280 3335974   17.75000   37  147          -   17.01778      -  91.1 4620s
 13018925 3338652   18.55056   65  113          -   17.02226      -  91.1 4625s
 13033737 3342178   17.75000   46   88          -   17.02693      -  91.1 4630s
 13047347 3345225     cutoff   78               -   17.03087      -  91.0 4635s
 13062083 3348855     cutoff   38               -   17.03478      -  91.0 4640s
 13076112 3351732   18.62500   40  132          -   17.03846      -  91.0 4645s
 13089719 3354521   17.68571   44  120          -   17.04237      -  91.0 4650s
 13103331 3357107   17.39631   41  203          -   17.04586      -  91.0 4655s
 13115191 3359036 infeasible   74               -   17.04938      -  91.0 4660s
 13129760 3362168 infeasible  112               -   17.05263      -  91.0 4665s
 13144289 3365017   18.82222   45  142          -   17.05598      -  91.0 4670s
 13157994 3368099   17.75000   36   74          -   17.05922      -  91.0 4675s
 13170820 3370171     cutoff   46               -   17.06250      -  91.0 4680s
 13184599 3372977 infeasible   32               -   17.06587      -  91.0 4685s
 13197717 3375126   17.78251   46  170          -   17.06862      -  91.0 4690s
 13210760 3377324 infeasible   50               -   17.07143      -  91.0 4695s
 13224121 3380131   18.77647   53  150          -   17.07447      -  90.9 4700s
 13237258 3381727     cutoff   49               -   17.07692      -  90.9 4705s
 13249015 3383778   17.75000   36   84          -   17.08000      -  90.9 4710s
 13262113 3386021   17.65082   40  163          -   17.08326      -  90.9 4715s
 13275352 3387507     cutoff   38               -   17.08543      -  90.9 4720s
 13287662 3389617   17.88549   35  198          -   17.08824      -  90.9 4725s
 13300302 3391465   17.62766   35  170          -   17.09091      -  90.9 4730s
 13312393 3393433   17.22170   39  259          -   17.09331      -  90.9 4735s
 13324741 3395237 infeasible   41               -   17.09598      -  90.9 4740s
 13337107 3397347   18.08385   36  154          -   17.09913      -  90.9 4745s
 13349474 3397697     cutoff   44               -   17.10061      -  90.9 4750s
 13361654 3399318   17.19665   43  161          -   17.10360      -  90.9 4755s
 13373239 3400815   17.60998   47  171          -   17.10619      -  90.9 4760s
 13385226 3402762     cutoff   45               -   17.10890      -  90.9 4765s
 13398043 3403916   18.32212   39  137          -   17.11111      -  90.9 4770s
 13410942 3405457     cutoff   64               -   17.11333      -  90.9 4775s
 13422765 3407171     cutoff   60               -   17.11604      -  90.9 4780s
 13435144 3408659     cutoff   37               -   17.11864      -  90.9 4785s
 13447237 3410531   17.53164   57  218          -   17.12121      -  90.9 4790s
 13458685 3411872 infeasible   40               -   17.12406      -  90.9 4795s
 13472577 3411852     cutoff   48               -   17.12500      -  90.9 4800s
 13485486 3413914 infeasible   46               -   17.12782      -  90.9 4805s
 13496787 3415116   17.25000   34   48          -   17.13043      -  90.9 4810s
 13509547 3417251   18.17155   46  147          -   17.13323      -  90.9 4815s
 13521528 3418473   18.06305   43  202          -   17.13530      -  90.9 4820s
 13532225 3419708     cutoff   46               -   17.13772      -  90.9 4825s
 13544684 3421310     cutoff   47               -   17.14019      -  90.9 4830s
 13556704 3422804   19.09091   40  150          -   17.14286      -  90.9 4835s
 13569330 3422328 infeasible   50               -   17.14286      -  90.9 4840s
 13581340 3423986     cutoff   79               -   17.14563      -  90.9 4845s
 13589774 3423883     cutoff   47               -   17.14755      -  90.9 4853s
 13598644 3424812   17.73000   35  154          -   17.14894      -  90.9 4855s
 13610939 3426310     cutoff   42               -   17.15132      -  90.9 4860s
 13622923 3427530   18.50490   41  139          -   17.15385      -  90.9 4865s
 13634997 3428457     cutoff   51               -   17.15584      -  90.9 4870s
 13647021 3429293 infeasible   50               -   17.15801      -  90.9 4875s
 13659042 3430700   17.43778   42  209          -   17.16071      -  90.9 4880s
 13669745 3431754     cutoff   41               -   17.16292      -  90.9 4885s
 13682398 3433282 infeasible   35               -   17.16584      -  90.9 4890s
 13694714 3432913     cutoff   46               -   17.16667      -  90.9 4895s
 13707086 3432051 infeasible   39               -   17.16667      -  90.9 4900s
 13718388 3433008   17.44791   58  177          -   17.16912      -  90.9 4905s
 13730730 3434764     cutoff   42               -   17.17158      -  90.9 4910s
 13742855 3435947     cutoff   39               -   17.17394      -  90.9 4915s
 13753365 3436429     cutoff   43               -   17.17647      -  90.9 4920s
 13765278 3437423   17.76215   66  228          -   17.17857      -  90.9 4925s
 13777308 3438122   18.00000   56   50          -   17.18131      -  90.9 4930s
 13778937 3438003 infeasible   50               -   17.18182      -  90.9 4935s
 13787222 3438139 infeasible   44               -   17.18251      -  90.9 4940s
 13799360 3439144 infeasible   45               -   17.18519      -  90.9 4945s
 13809838 3439579 infeasible   46               -   17.18742      -  90.9 4950s
 13821292 3440122     cutoff   40               -   17.18926      -  90.9 4955s
 13833460 3441387     cutoff   50               -   17.19149      -  90.9 4960s
 13843574 3441995   18.89051   45  120          -   17.19355      -  90.9 4965s
 13856329 3443073 infeasible   40               -   17.19608      -  90.9 4970s
 13866567 3444022 infeasible   43               -   17.19824      -  90.9 4975s
 13878411 3444046     cutoff   44               -   17.20000      -  90.9 4980s
 13891233 3442410 infeasible   39               -   17.20000      -  90.9 4985s
 13903443 3441984   17.20821   46  219          -   17.20027      -  90.9 4990s
 13913191 3442366     cutoff   42               -   17.20280      -  90.9 4995s
 13925180 3442734 infeasible   43               -   17.20536      -  90.9 5000s
 13936331 3443382     cutoff   45               -   17.20761      -  90.9 5005s
 13946840 3443984     cutoff   47               -   17.20975      -  90.9 5010s
 13957474 3443854     cutoff   42               -   17.21190      -  90.9 5015s
 13968460 3444197 infeasible   45               -   17.21429      -  90.9 5020s
 13979677 3444305   17.96825   45  143          -   17.21596      -  90.9 5025s
 13991959 3444697     cutoff   46               -   17.21824      -  90.9 5030s
 14002559 3445195   18.00000   69   28          -   17.22047      -  90.9 5035s
 14013585 3444493 infeasible   43               -   17.22222      -  90.9 5040s
 14024676 3444147   19.27046   42  180          -   17.22358      -  90.9 5045s
 14035919 3443986     cutoff   44               -   17.22597      -  90.9 5050s
 14046397 3444521 infeasible   53               -   17.22807      -  90.9 5055s
 14057849 3444661     cutoff   45               -   17.23060      -  90.9 5060s
 14068198 3444440   17.28865   42  245          -   17.23188      -  90.9 5065s
 14079486 3444344     cutoff   51               -   17.23423      -  90.9 5070s
 14090693 3444116   17.32037   39  185          -   17.23614      -  90.9 5075s
 14101902 3443712     cutoff   43               -   17.23815      -  90.9 5080s
 14111750 3443431 infeasible   42               -   17.24021      -  90.9 5085s
 14122568 3443357 infeasible   44               -   17.24242      -  90.9 5090s
 14133376 3443221 infeasible   42               -   17.24451      -  90.9 5095s
 14143556 3443035 infeasible   45               -   17.24675      -  90.9 5100s
 14154292 3443092   18.14992   50  116          -   17.24932      -  90.9 5105s
 14165083 3441474     cutoff   45               -   17.25000      -  90.9 5110s
 14178263 3439416   17.50000   43   98          -   17.25000      -  90.9 5115s
 14191057 3437979     cutoff   49               -   17.25000      -  90.9 5120s
 14203279 3436318     cutoff   55               -   17.25000      -  90.9 5125s
 14213271 3435837     cutoff   53               -   17.25141      -  90.9 5130s
 14223507 3436056 infeasible   56               -   17.25383      -  90.9 5135s
 14234142 3435706     cutoff   48               -   17.25612      -  90.9 5140s
 14245596 3435611     cutoff   51               -   17.25843      -  90.9 5145s
 14256325 3435218     cutoff   49               -   17.26071      -  90.9 5150s
 14266938 3434818     cutoff   53               -   17.26291      -  90.9 5155s
 14276980 3434670 infeasible   50               -   17.26471      -  90.9 5160s
 14288925 3434583   18.03117   59  161          -   17.26667      -  90.9 5165s
 14298766 3434209     cutoff   54               -   17.26848      -  90.9 5170s
 14309123 3433499     cutoff   45               -   17.27068      -  91.0 5175s
 14320428 3432426     cutoff   81               -   17.27273      -  91.0 5180s
 14331261 3431655   18.00000   37   26          -   17.27451      -  91.0 5185s
 14341062 3431086 infeasible   44               -   17.27638      -  91.0 5190s
 14351760 3430352     cutoff   48               -   17.27831      -  91.0 5195s
 14362392 3429838     cutoff   59               -   17.28049      -  91.0 5200s
 14372618 3429158     cutoff   50               -   17.28261      -  91.0 5205s
 14382392 3428755     cutoff   48               -   17.28484      -  91.0 5210s
 14393321 3427149 infeasible   53               -   17.28571      -  91.0 5215s
 14405496 3425691   18.24444   37  140          -   17.28671      -  91.0 5220s
 14415384 3424770     cutoff   42               -   17.28906      -  91.0 5225s
 14424922 3424371     cutoff   52               -   17.29104      -  91.0 5230s
 14435851 3423863     cutoff   54               -   17.29302      -  91.0 5235s
 14446449 3422890     cutoff   44               -   17.29480      -  91.0 5240s
 14456528 3421454     cutoff   53               -   17.29710      -  91.0 5245s
 14466435 3420837     cutoff   47               -   17.29927      -  91.0 5250s
 14478659 3419454   18.78571   33  103          -   17.30000      -  91.0 5255s
 14487949 3419387     cutoff   55               -   17.30198      -  91.0 5260s
 14499598 3418613     cutoff   47               -   17.30426      -  91.0 5265s
 14509346 3418291   17.89381   45  153          -   17.30588      -  91.0 5270s
 14520216 3417115     cutoff   50               -   17.30769      -  91.0 5275s
 14526685 3416498     cutoff   46               -   17.30851      -  91.0 5280s
 14537658 3415380 infeasible   50               -   17.31092      -  91.0 5285s
 14548237 3414453   18.11111   37   80          -   17.31250      -  91.0 5290s
 14558523 3413717 infeasible   45               -   17.31455      -  91.0 5295s
 14568278 3413024     cutoff   47               -   17.31618      -  91.0 5300s
 14579040 3411911   17.71512   57  155          -   17.31818      -  91.0 5305s
 14589267 3411205   17.50271   44  233          -   17.32010      -  91.0 5310s
 14599432 3409708 infeasible   54               -   17.32238      -  91.0 5315s
 14610166 3408880     cutoff   33               -   17.32432      -  91.0 5320s
 14619851 3407659 infeasible   57               -   17.32639      -  91.0 5325s
 14630387 3406571 infeasible   52               -   17.32877      -  91.1 5330s
 14640725 3405728   17.45684   39  163          -   17.33107      -  91.1 5335s
 14652048 3405103     cutoff   58               -   17.33333      -  91.1 5340s
 14663913 3403066     cutoff   63               -   17.33333      -  91.1 5345s
 14676665 3400747     cutoff   56               -   17.33333      -  91.1 5350s
 14688796 3398678   17.33333   51   31          -   17.33333      -  91.1 5355s
 14702389 3396005   18.50000   43   57          -   17.33333      -  91.1 5360s
 14714027 3393385     cutoff   65               -   17.33333      -  91.1 5365s
 14726670 3391121 infeasible   54               -   17.33333      -  91.1 5370s
 14737112 3389052     cutoff   42               -   17.33412      -  91.1 5375s
 14746895 3388386     cutoff   42               -   17.33641      -  91.1 5380s
 14751909 3387697     cutoff   58               -   17.33766      -  91.1 5385s
 14754539 3387199   17.84258   41  172          -   17.33803      -  91.1 5390s
 14764843 3385761     cutoff   51               -   17.34063      -  91.1 5395s
 14774556 3384704   19.00000   52   35          -   17.34262      -  91.1 5400s
 14785536 3383158     cutoff   40               -   17.34483      -  91.1 5405s
 14795458 3382119     cutoff   57               -   17.34682      -  91.1 5410s
 14805118 3380995     cutoff   49               -   17.34871      -  91.1 5415s
 14815562 3379991   18.74194   40  114          -   17.35059      -  91.1 5420s
 14825582 3378491     cutoff   52               -   17.35294      -  91.1 5425s
 14835392 3377322     cutoff   55               -   17.35443      -  91.1 5430s
 14845864 3376173 infeasible   48               -   17.35636      -  91.1 5435s
 14856098 3374551 infeasible   40               -   17.35761      -  91.1 5440s
 14866483 3373237     cutoff   44               -   17.35998      -  91.1 5445s
 14876517 3372003     cutoff   55               -   17.36181      -  91.1 5450s
 14886236 3370345     cutoff   47               -   17.36364      -  91.1 5455s
 14897044 3368720     cutoff   53               -   17.36512      -  91.1 5460s
 14906779 3367859     cutoff   55               -   17.36697      -  91.2 5465s
 14917603 3366154     cutoff   49               -   17.36895      -  91.2 5470s
 14926976 3364659     cutoff   48               -   17.37086      -  91.2 5475s
 14936707 3363261     cutoff   48               -   17.37279      -  91.2 5480s
 14945592 3361730 infeasible   32               -   17.37500      -  91.2 5485s
 14957589 3359645   18.62129   58  157          -   17.37500      -  91.2 5490s
 14967858 3357637     cutoff   52               -   17.37681      -  91.2 5495s
 14978090 3356018   18.85714   54   85          -   17.37895      -  91.2 5500s
 14987320 3354232     cutoff   48               -   17.38095      -  91.2 5505s
 14997396 3352821     cutoff   49               -   17.38259      -  91.2 5510s
 15007064 3351158   17.94118   35  154          -   17.38462      -  91.2 5515s
 15017864 3349280 infeasible   53               -   17.38617      -  91.2 5520s
 15027084 3347454 infeasible   54               -   17.38819      -  91.2 5525s
 15037000 3345799 infeasible   41               -   17.38987      -  91.2 5530s
 15046722 3344084     cutoff   40               -   17.39175      -  91.2 5535s
 15057611 3342118   17.66304   36  146          -   17.39394      -  91.2 5540s
 15066995 3340348     cutoff   47               -   17.39589      -  91.2 5545s
 15077209 3339517     cutoff   60               -   17.39792      -  91.2 5550s
 15086530 3338141     cutoff   60               -   17.40000      -  91.2 5555s
 15099494 3335468   18.03979   63  196          -   17.40000      -  91.2 5560s
 15110388 3332788     cutoff   51               -   17.40000      -  91.2 5565s
 15121200 3330261     cutoff   56               -   17.40084      -  91.2 5570s
 15130464 3328196     cutoff   47               -   17.40319      -  91.2 5575s
 15140103 3326542 infeasible   53               -   17.40522      -  91.2 5580s
 15149460 3324740     cutoff   59               -   17.40714      -  91.2 5585s
 15159351 3323124     cutoff   46               -   17.40909      -  91.2 5590s
 15168994 3321120     cutoff   44               -   17.41086      -  91.2 5595s
 15180224 3319070 infeasible   57               -   17.41272      -  91.2 5600s
 15189378 3317149   17.75094   66  193          -   17.41463      -  91.2 5605s
 15199391 3315308     cutoff   52               -   17.41667      -  91.2 5610s
 15209544 3313070 infeasible   59               -   17.41758      -  91.2 5615s
 15218270 3310912   18.55385   54  126          -   17.41955      -  91.2 5620s
 15229472 3308702     cutoff   44               -   17.42155      -  91.2 5625s
 15239240 3306902     cutoff   53               -   17.42335      -  91.3 5630s
 15248947 3305149     cutoff   54               -   17.42546      -  91.3 5635s
 15258473 3303196 infeasible   48               -   17.42759      -  91.3 5640s
 15269205 3300408     cutoff   89               -   17.42857      -  91.3 5645s
 15281324 3297937     cutoff   86               -   17.42857      -  91.3 5650s
 15290561 3296106 infeasible   55               -   17.43089      -  91.3 5655s
 15299860 3294347     cutoff   48               -   17.43290      -  91.3 5660s
 15310789 3291887     cutoff   45               -   17.43485      -  91.3 5665s
 15320092 3289814 infeasible   49               -   17.43699      -  91.3 5670s
 15329982 3287581     cutoff   57               -   17.43846      -  91.3 5675s
 15340218 3286223 infeasible   57               -   17.44026      -  91.3 5680s
 15351545 3284521     cutoff   65               -   17.44232      -  91.3 5685s
 15360604 3282666     cutoff   58               -   17.44444      -  91.3 5690s
 15372616 3279726 infeasible   55               -   17.44469      -  91.3 5695s
 15382596 3277920 infeasible   50               -   17.44684      -  91.3 5700s
 15392364 3276274     cutoff   45               -   17.44865      -  91.3 5705s
 15401902 3274372   19.00000   65   29          -   17.45030      -  91.3 5710s
 15412569 3272034     cutoff   57               -   17.45238      -  91.3 5715s
 15421833 3269557     cutoff   57               -   17.45455      -  91.3 5720s
 15432598 3267510     cutoff   59               -   17.45517      -  91.3 5725s
 15442688 3265093     cutoff   57               -   17.45728      -  91.3 5730s
 15452096 3263438     cutoff   57               -   17.45895      -  91.3 5735s
 15463126 3261950     cutoff   47               -   17.46105      -  91.3 5740s
 15474122 3259412 infeasible   49               -   17.46230      -  91.3 5745s
 15483370 3257500     cutoff   52               -   17.46429      -  91.3 5750s
 15494116 3255211 infeasible   49               -   17.46641      -  91.3 5755s
 15503692 3252627     cutoff   51               -   17.46774      -  91.3 5760s
 15514654 3250394     cutoff   53               -   17.46990      -  91.3 5765s
 15524871 3248447     cutoff   49               -   17.47143      -  91.3 5770s
 15532937 3246745     cutoff   58               -   17.47314      -  91.3 5775s
 15539077 3244906   19.00000   60   39          -   17.47368      -  91.3 5780s
 15549303 3242349   17.76309   52  162          -   17.47619      -  91.3 5785s
 15558647 3240461     cutoff   51               -   17.47785      -  91.3 5790s
 15568622 3238232     cutoff   55               -   17.47962      -  91.3 5795s
 15578445 3235813   18.38388   41  165          -   17.48148      -  91.3 5800s
 15589259 3233323     cutoff   46               -   17.48355      -  91.3 5805s
 15598966 3231029     cutoff   61               -   17.48548      -  91.3 5810s
 15608714 3228748 infeasible   55               -   17.48737      -  91.3 5815s
 15618085 3226038   17.50926   56  180          -   17.48936      -  91.3 5820s
 15629053 3223655     cutoff   57               -   17.49153      -  91.3 5825s
 15638730 3221331 infeasible   62               -   17.49367      -  91.3 5830s
 15648205 3219059 infeasible   44               -   17.49597      -  91.3 5835s
 15657887 3216865     cutoff   56               -   17.49855      -  91.3 5840s
 15668463 3213506     cutoff  104               -   17.50000      -  91.3 5845s
 15679237 3210480     cutoff   42               -   17.50000      -  91.3 5850s
 15690786 3207216     cutoff   47               -   17.50000      -  91.4 5855s
 15702713 3203175 infeasible   48               -   17.50000      -  91.4 5860s
 15714812 3199428   18.40000   47   86          -   17.50000      -  91.4 5865s
 15727217 3195703   17.79299   54  144          -   17.50000      -  91.4 5870s
 15739177 3191874     cutoff   66               -   17.50000      -  91.4 5875s
 15751384 3188526 infeasible   64               -   17.50000      -  91.4 5880s
 15763787 3185300     cutoff   65               -   17.50000      -  91.4 5885s
 15776349 3181985     cutoff   45               -   17.50000      -  91.4 5890s
 15788483 3178722     cutoff   44               -   17.50000      -  91.4 5895s
 15800479 3174989     cutoff   67               -   17.50000      -  91.4 5900s
 15812723 3171341     cutoff   62               -   17.50000      -  91.4 5905s
 15824571 3167912     cutoff   57               -   17.50000      -  91.4 5910s
 15835963 3163857     cutoff   59               -   17.50000      -  91.4 5915s
 15846509 3161062 infeasible   53               -   17.50018      -  91.4 5920s
 15854998 3158089     cutoff   51               -   17.50279      -  91.4 5925s
 15865716 3155578     cutoff   44               -   17.50526      -  91.4 5930s
 15875241 3152944 infeasible   57               -   17.50763      -  91.4 5935s
 15884974 3150161 infeasible   49               -   17.50992      -  91.4 5940s
 15894892 3147607     cutoff   52               -   17.51213      -  91.4 5945s
 15904540 3144815     cutoff   51               -   17.51423      -  91.4 5950s
 15915864 3142537     cutoff   56               -   17.51639      -  91.4 5955s
 15926939 3139856     cutoff   60               -   17.51852      -  91.4 5960s
 15936379 3137331 infeasible   57               -   17.52055      -  91.4 5965s
 15941221 3135933     cutoff   56               -   17.52174      -  91.4 5970s
 15945768 3134609   19.33333   62   88          -   17.52232      -  91.4 5975s
 15955160 3132093 infeasible   51               -   17.52451      -  91.4 5980s
 15966135 3128998     cutoff   53               -   17.52652      -  91.4 5985s
 15976056 3126611     cutoff   48               -   17.52863      -  91.4 5990s
 15986071 3124118   17.73684   38  145          -   17.53030      -  91.4 5995s
 15996721 3121068     cutoff   65               -   17.53267      -  91.4 6000s
 16006777 3118477 infeasible   54               -   17.53417      -  91.4 6005s
 16017517 3115608     cutoff   49               -   17.53645      -  91.4 6010s
 16027142 3112971     cutoff   62               -   17.53846      -  91.4 6015s
 16037992 3109613     cutoff   74               -   17.54000      -  91.4 6020s
 16048835 3106565     cutoff   62               -   17.54217      -  91.4 6025s
 16058738 3104207   18.16842   45  141          -   17.54425      -  91.4 6030s
 16070618 3100968   18.59654   54  157          -   17.54545      -  91.4 6035s
 16080795 3098340     cutoff   50               -   17.54766      -  91.4 6040s
 16091206 3095044 infeasible   54               -   17.55000      -  91.4 6045s
 16101954 3091854   19.00000   55   13          -   17.55204      -  91.4 6050s
 16111704 3089067     cutoff   68               -   17.55412      -  91.4 6055s
 16122300 3086154 infeasible   69               -   17.55556      -  91.4 6060s
 16133430 3083118 infeasible   57               -   17.55655      -  91.4 6065s
 16143330 3079929 infeasible   56               -   17.55882      -  91.4 6070s
 16153907 3076455     cutoff   53               -   17.56094      -  91.4 6075s
 16164186 3073496     cutoff   77               -   17.56250      -  91.4 6080s
 16174506 3070266     cutoff   68               -   17.56486      -  91.4 6085s
 16184764 3067539 infeasible   52               -   17.56667      -  91.4 6090s
 16195204 3064257     cutoff   53               -   17.56890      -  91.4 6095s
 16202811 3062318     cutoff   59               -   17.57067      -  91.4 6100s
 16203636 3061598     cutoff   49               -   17.57128      -  91.4 6105s
 16203911 3061514   18.00918   49  159          -   17.57143      -  91.4 6110s
 16204100 3061417     cutoff   36               -   17.57143      -  91.4 6116s
 16204177 3061359     cutoff   60               -   17.57143      -  91.4 6121s
 16204344 3061249   17.96462   51  183          -   17.57143      -  91.4 6127s
 16204744 3061005     cutoff   54               -   17.57143      -  91.4 6131s
 16208324 3059287     cutoff   69               -   17.57143      -  91.4 6135s
 16218229 3056123 infeasible   68               -   17.57143      -  91.4 6140s
 16228577 3052401     cutoff   60               -   17.57341      -  91.4 6145s
 16238855 3049529 infeasible   56               -   17.57562      -  91.4 6150s
 16250160 3046286     cutoff   52               -   17.57782      -  91.4 6155s
 16259832 3043285 infeasible   60               -   17.57963      -  91.4 6160s
 16269243 3039889 infeasible   55               -   17.58178      -  91.4 6165s
 16279761 3036516     cutoff   65               -   17.58333      -  91.4 6170s
 16290276 3033366     cutoff   46               -   17.58528      -  91.4 6175s
 16301035 3030262   17.65358   51  221          -   17.58746      -  91.4 6180s
 16310600 3026843     cutoff   45               -   17.58917      -  91.4 6185s
 16321706 3023436 infeasible   58               -   17.59135      -  91.4 6190s
 16331579 3020688 infeasible   51               -   17.59323      -  91.4 6195s
 16342119 3016930   19.22691   47  188          -   17.59551      -  91.4 6200s
 16351614 3013594     cutoff   57               -   17.59770      -  91.4 6205s
 16361588 3010810     cutoff   55               -   17.60000      -  91.4 6210s
 16374155 3006723   18.50000   41   63          -   17.60000      -  91.4 6215s
 16385305 3002717     cutoff   62               -   17.60000      -  91.4 6220s
 16396642 2999090 infeasible   52               -   17.60000      -  91.4 6225s
 16406821 2995741     cutoff   54               -   17.60280      -  91.4 6230s
 16415850 2992601     cutoff   52               -   17.60492      -  91.4 6235s
 16426941 2989195 infeasible   62               -   17.60714      -  91.4 6240s
 16436614 2986000     cutoff   59               -   17.60892      -  91.4 6245s
 16446148 2982470 infeasible   50               -   17.61111      -  91.4 6250s
 16457020 2978460     cutoff   61               -   17.61290      -  91.4 6255s
 16466542 2975347 infeasible   68               -   17.61511      -  91.4 6260s
 16476777 2972121   18.10400   43  136          -   17.61628      -  91.4 6265s
 16487570 2968818     cutoff   55               -   17.61861      -  91.4 6270s
 16498713 2965292 infeasible   53               -   17.62069      -  91.4 6275s
 16507841 2962097     cutoff   51               -   17.62264      -  91.4 6280s
 16517585 2958679   19.00000   42   19          -   17.62500      -  91.4 6285s
 16530070 2954293     cutoff   93               -   17.62500      -  91.4 6290s
 16539890 2950933     cutoff   65               -   17.62696      -  91.4 6295s
 16550522 2947331     cutoff   55               -   17.62922      -  91.4 6300s
 16559551 2943481     cutoff   53               -   17.63126      -  91.4 6305s
 16569318 2940246     cutoff   52               -   17.63319      -  91.4 6310s
 16574421 2938005 infeasible   57               -   17.63406      -  91.4 6315s
 16585515 2933939     cutoff   47               -   17.63636      -  91.4 6320s
 16595540 2930413     cutoff   62               -   17.63764      -  91.5 6325s
 16606399 2926801     cutoff   71               -   17.64000      -  91.5 6330s
 16615884 2923420 infeasible   55               -   17.64194      -  91.5 6335s
 16627099 2919066     cutoff   55               -   17.64359      -  91.5 6340s
 16637406 2915274     cutoff   63               -   17.64586      -  91.5 6345s
 16647455 2911276     cutoff   58               -   17.64762      -  91.5 6350s
 16656749 2907709     cutoff   72               -   17.64992      -  91.5 6355s
 16667675 2903475     cutoff   64               -   17.65201      -  91.5 6360s
 16677646 2900003   19.00000   45   51          -   17.65385      -  91.5 6365s
 16688515 2896072     cutoff   51               -   17.65605      -  91.5 6370s
 16698155 2892806   17.89875   48  133          -   17.65801      -  91.5 6375s
 16709210 2888907     cutoff   49               -   17.66034      -  91.4 6380s
 16718686 2885224     cutoff   55               -   17.66256      -  91.4 6385s
 16727879 2881671     cutoff   52               -   17.66518      -  91.4 6390s
 16738752 2877707 infeasible   59               -   17.66667      -  91.4 6395s
 16749885 2873546     cutoff   60               -   17.66667      -  91.4 6400s
 16762036 2868314     cutoff   76               -   17.66667      -  91.5 6405s
 16773294 2863821 infeasible   77               -   17.66667      -  91.5 6410s
 16785813 2858715   17.75000   35   64          -   17.66667      -  91.5 6415s
 16797418 2854150     cutoff   48               -   17.66667      -  91.5 6420s
 16808432 2848880     cutoff   62               -   17.66667      -  91.5 6425s
 16819602 2844363 infeasible   54               -   17.66754      -  91.5 6430s
 16828088 2841060     cutoff   64               -   17.67002      -  91.5 6435s
 16838316 2836600 infeasible   74               -   17.67273      -  91.5 6440s
 16847893 2832809     cutoff   65               -   17.67500      -  91.5 6445s
 16855863 2830119 infeasible   58               -   17.67662      -  91.5 6450s
 16857646 2828953     cutoff   53               -   17.67706      -  91.5 6455s
 16864743 2825665     cutoff   56               -   17.67869      -  91.5 6460s
 16873598 2822342     cutoff   58               -   17.68081      -  91.5 6465s
 16884555 2818234 infeasible   55               -   17.68299      -  91.5 6470s
 16894349 2814217     cutoff   71               -   17.68493      -  91.5 6475s
 16905232 2809693     cutoff   65               -   17.68750      -  91.5 6480s
 16915129 2805933     cutoff   61               -   17.68909      -  91.5 6485s
 16924801 2802137     cutoff   65               -   17.69134      -  91.5 6490s
 16936249 2797463 infeasible   59               -   17.69286      -  91.5 6495s
 16945426 2793599     cutoff   67               -   17.69512      -  91.5 6500s
 16956059 2788943 infeasible   68               -   17.69753      -  91.4 6505s
 16965724 2785481     cutoff   64               -   17.69992      -  91.4 6510s
 16976513 2780659     cutoff   66               -   17.70008      -  91.4 6515s
 16986838 2776556 infeasible   58               -   17.70270      -  91.4 6520s
 16996197 2772576     cutoff   65               -   17.70482      -  91.4 6525s
 17005932 2768480 infeasible   52               -   17.70667      -  91.4 6530s
 17016828 2764231     cutoff   68               -   17.70896      -  91.4 6535s
 17026343 2760088     cutoff   69               -   17.71111      -  91.4 6540s
 17036932 2755630     cutoff   65               -   17.71395      -  91.4 6545s
 17048305 2751017     cutoff   60               -   17.71429      -  91.4 6550s
 17059782 2746938     cutoff   59               -   17.71466      -  91.4 6555s
 17070171 2742058 infeasible   70               -   17.71770      -  91.4 6560s
 17079538 2737810     cutoff   59               -   17.72000      -  91.4 6565s
 17090415 2733088 infeasible   68               -   17.72222      -  91.4 6570s
 17100184 2728964   18.10279   41  158          -   17.72414      -  91.4 6575s
 17109807 2724938     cutoff   55               -   17.72663      -  91.4 6580s
 17121413 2719770     cutoff   69               -   17.72781      -  91.4 6585s
 17130555 2715810     cutoff   54               -   17.73010      -  91.4 6590s
 17141365 2711189     cutoff   56               -   17.73251      -  91.4 6595s
 17151393 2706978   18.37358   41  169          -   17.73409      -  91.4 6600s
 17161831 2702245 infeasible   54               -   17.73670      -  91.4 6605s
 17171681 2697999 infeasible   49               -   17.73861      -  91.4 6610s
 17182653 2693071     cutoff   65               -   17.74074      -  91.4 6615s
 17192133 2688676     cutoff   65               -   17.74286      -  91.4 6620s
 17201679 2684482     cutoff   62               -   17.74531      -  91.4 6625s
 17212651 2679949     cutoff   59               -   17.74808      -  91.4 6630s
 17223012 2675148     cutoff   68               -   17.75000      -  91.4 6635s
 17234253 2670431     cutoff   76               -   17.75000      -  91.4 6640s
 17246523 2664771     cutoff   44               -   17.75000      -  91.4 6645s
 17257633 2659919 infeasible   62               -   17.75000      -  91.4 6650s
 17269659 2654105     cutoff   51               -   17.75000      -  91.4 6655s
 17280376 2649199   19.05195   45  143          -   17.75221      -  91.4 6660s
 17290729 2644930 infeasible   55               -   17.75492      -  91.4 6665s
 17300025 2640882 infeasible   60               -   17.75715      -  91.4 6670s
 17310861 2635802     cutoff   62               -   17.75965      -  91.4 6675s
 17320694 2631246 infeasible   65               -   17.76190      -  91.4 6680s
 17331661 2626848     cutoff   68               -   17.76440      -  91.4 6685s
 17342520 2621445     cutoff   51               -   17.76649      -  91.4 6690s
 17351973 2617154 infeasible   54               -   17.76887      -  91.4 6695s
 17363619 2612016     cutoff   62               -   17.77060      -  91.4 6700s
 17373006 2607686 infeasible   60               -   17.77273      -  91.4 6705s
 17383797 2602931 infeasible   60               -   17.77510      -  91.4 6710s
 17394839 2598086   18.00000   34   88          -   17.77778      -  91.4 6715s
 17405503 2593163     cutoff   58               -   17.77778      -  91.4 6720s
 17415442 2588597 infeasible   79               -   17.78070      -  91.4 6725s
 17426107 2583565     cutoff   53               -   17.78299      -  91.4 6730s
 17435619 2579129     cutoff   60               -   17.78551      -  91.4 6735s
 17446881 2573685     cutoff   65               -   17.78720      -  91.4 6740s
 17456825 2569450   18.41538   53  149          -   17.78947      -  91.4 6745s
 17467178 2564142     cutoff   61               -   17.79167      -  91.4 6750s
 17478295 2558996 infeasible   68               -   17.79412      -  91.4 6755s
 17488126 2554761   18.54327   66  136          -   17.79636      -  91.4 6760s
 17498544 2549892     cutoff   62               -   17.79950      -  91.4 6765s
 17509501 2544925     cutoff   66               -   17.80000      -  91.4 6770s
 17521426 2539118     cutoff   65               -   17.80000      -  91.4 6775s
 17533433 2532633 infeasible   78               -   17.80000      -  91.4 6780s
 17543255 2528676     cutoff   53               -   17.80255      -  91.4 6785s
 17553501 2523698   18.77778   40  137          -   17.80519      -  91.4 6790s
 17564610 2518561     cutoff   63               -   17.80769      -  91.4 6795s
 17575474 2513581     cutoff   62               -   17.81008      -  91.4 6800s
 17586393 2508426   18.88040   39  219          -   17.81250      -  91.4 6805s
 17595876 2503951     cutoff   69               -   17.81464      -  91.4 6810s
 17606555 2498809 infeasible   69               -   17.81720      -  91.4 6815s
 17617350 2494010 infeasible   54               -   17.81818      -  91.4 6820s
 17628667 2488406   18.78641   43  182          -   17.82102      -  91.4 6825s
 17639636 2483018     cutoff   76               -   17.82353      -  91.4 6830s
 17649350 2478700     cutoff   64               -   17.82540      -  91.4 6835s
 17660130 2473919 infeasible   57               -   17.82773      -  91.4 6840s
 17665655 2470552   18.00000   61    4          -   17.82927      -  91.4 6845s
 17675857 2465564     cutoff   50               -   17.83211      -  91.4 6850s
 17686854 2459664   18.58824   42  126          -   17.83333      -  91.4 6855s
 17700097 2452984     cutoff   65               -   17.83333      -  91.4 6860s
 17710406 2448232 infeasible   50               -   17.83461      -  91.4 6865s
 17720461 2443332     cutoff   78               -   17.83736      -  91.4 6870s
 17731233 2437908 infeasible   63               -   17.84000      -  91.4 6875s
 17742372 2432689     cutoff   70               -   17.84227      -  91.4 6880s
 17752968 2427486     cutoff   61               -   17.84491      -  91.4 6885s
 17763288 2422509     cutoff   72               -   17.84615      -  91.4 6890s
 17773737 2417439 infeasible   62               -   17.84906      -  91.4 6895s
 17784877 2412353 infeasible   54               -   17.85142      -  91.4 6900s
 17795709 2407219     cutoff   63               -   17.85393      -  91.4 6905s
 17806212 2401882     cutoff   62               -   17.85714      -  91.3 6910s
 17818760 2395836   18.09231   51  155          -   17.85714      -  91.3 6915s
 17829031 2390317 infeasible   60               -   17.85825      -  91.3 6920s
 17840547 2384727     cutoff   45               -   17.86131      -  91.3 6925s
 17850206 2380109     cutoff   68               -   17.86364      -  91.3 6930s
 17861985 2374191     cutoff   62               -   17.86655      -  91.3 6935s
 17871978 2369213 infeasible   71               -   17.86813      -  91.3 6940s
 17883110 2364130 infeasible   58               -   17.87061      -  91.3 6945s
 17887175 2362259     cutoff   65               -   17.87179      -  91.3 6950s
 17888834 2360767     cutoff   61               -   17.87214      -  91.3 6955s
 17897246 2355917 infeasible   61               -   17.87491      -  91.3 6960s
 17909639 2349508   18.00000   48   22          -   17.87500      -  91.3 6965s
 17920455 2343683 infeasible   49               -   17.87731      -  91.3 6970s
 17929733 2338234     cutoff   79               -   17.88000      -  91.3 6975s
 17940862 2332738   18.76102   34  147          -   17.88235      -  91.3 6980s
 17951544 2327021 infeasible   74               -   17.88462      -  91.3 6985s
 17961922 2321419 infeasible   75               -   17.88761      -  91.3 6990s
 17973605 2315105     cutoff   39               -   17.88889      -  91.3 6995s
 17985018 2309516   18.49359   48  122          -   17.89116      -  91.3 7000s
 17995187 2304086 infeasible   71               -   17.89370      -  91.3 7005s
 18005638 2298554     cutoff   59               -   17.89602      -  91.3 7010s
 18015936 2293435     cutoff   47               -   17.89865      -  91.3 7015s
 18026923 2287803     cutoff   45               -   17.90000      -  91.3 7020s
 18037816 2282107     cutoff   71               -   17.90216      -  91.3 7025s
 18048835 2276234     cutoff   60               -   17.90476      -  91.3 7030s
 18059762 2270227 infeasible   70               -   17.90764      -  91.3 7035s
 18070257 2264374   18.55085   54  187          -   17.90909      -  91.3 7040s
 18081004 2259051     cutoff   59               -   17.91172      -  91.3 7045s
 18091686 2253151     cutoff   57               -   17.91429      -  91.3 7050s
 18102808 2246808 infeasible   69               -   17.91667      -  91.3 7055s
 18113510 2241128     cutoff   61               -   17.91870      -  91.3 7060s
 18124243 2235192   18.82798   41  166          -   17.92138      -  91.3 7065s
 18134687 2229672     cutoff   40               -   17.92308      -  91.3 7070s
 18146523 2223577 infeasible   72               -   17.92609      -  91.3 7075s
 18157125 2217168 infeasible   67               -   17.92857      -  91.3 7080s
 18168074 2211363     cutoff   59               -   17.93103      -  91.3 7085s
 18177787 2205964 infeasible   71               -   17.93333      -  91.3 7090s
 18188644 2199960     cutoff   68               -   17.93588      -  91.3 7095s
 18199982 2193976 infeasible   77               -   17.93806      -  91.3 7100s
 18210397 2188237     cutoff   69               -   17.94118      -  91.3 7105s
 18221381 2182338     cutoff   69               -   17.94340      -  91.3 7110s
 18232279 2176036     cutoff   81               -   17.94595      -  91.3 7115s
 18241964 2170513     cutoff   63               -   17.94828      -  91.3 7120s
 18252844 2164246     cutoff   54               -   17.95097      -  91.3 7125s
 18263910 2158319     cutoff   72               -   17.95349      -  91.3 7130s
 18274967 2152404     cutoff   69               -   17.95646      -  91.2 7135s
 18285789 2146432     cutoff   68               -   17.95882      -  91.2 7140s
 18296655 2140420     cutoff   63               -   17.96154      -  91.2 7145s
 18307483 2134570     cutoff   53               -   17.96429      -  91.2 7150s
 18318637 2128690     cutoff   60               -   17.96715      -  91.2 7155s
 18329265 2122429     cutoff   63               -   17.96996      -  91.2 7160s
 18340082 2116087     cutoff   71               -   17.97297      -  91.2 7165s
 18350855 2109707   18.00000   59    1          -   17.97600      -  91.2 7170s
 18360651 2104316 infeasible   69               -   17.97872      -  91.2 7175s
 18371471 2097939     cutoff   75               -   17.98198      -  91.2 7180s
 18382337 2091583     cutoff   63               -   17.98537      -  91.2 7185s
 18391895 2086146     cutoff   65               -   17.98851      -  91.2 7190s
 18402946 2079877     cutoff   67               -   17.99231      -  91.2 7195s
 18412675 2074731 infeasible   89               -   17.99625      -  91.2 7200s
 18423582 2068668   18.00000   45   22          -   18.00000      -  91.2 7205s
 18432953 2064776     cutoff   67               -   18.00000      -  91.2 7210s
 18443386 2059357     cutoff   72               -   18.00000      -  91.2 7215s
 18455219 2052411     cutoff   41               -   18.00000      -  91.2 7220s
 18466516 2045751     cutoff   44               -   18.00000      -  91.2 7225s
 18478152 2038777     cutoff   82               -   18.00000      -  91.2 7230s
 18490705 2031435   18.50000   43   45          -   18.00000      -  91.2 7235s
 18502944 2024485     cutoff   74               -   18.00000      -  91.2 7240s
 18514706 2017571     cutoff   42               -   18.00000      -  91.2 7245s
 18528628 2009515     cutoff   40               -   18.00000      -  91.2 7250s
 18540843 2002233 infeasible   51               -   18.00000      -  91.2 7255s
 18554835 1993839 infeasible   43               -   18.00000      -  91.2 7260s
 18568504 1985746 infeasible   37               -   18.00000      -  91.2 7265s
 18582410 1977853     cutoff   64               -   18.00000      -  91.2 7270s
 18595200 1970965     cutoff   58               -   18.00000      -  91.2 7275s
 18607156 1964203 infeasible   67               -   18.00000      -  91.2 7280s
 18620516 1956510     cutoff   69               -   18.00000      -  91.2 7285s
 18632815 1949726     cutoff   43               -   18.00000      -  91.2 7290s
 18644906 1943120     cutoff   70               -   18.00000      -  91.2 7295s
 18656916 1936270     cutoff   87               -   18.00000      -  91.2 7300s
 18670512 1928648     cutoff   93               -   18.00000      -  91.2 7305s
 18683243 1921522     cutoff   47               -   18.00000      -  91.2 7310s
 18695922 1914027     cutoff   68               -   18.00000      -  91.2 7315s
 18708715 1906944     cutoff   49               -   18.00000      -  91.2 7320s
 18721387 1899655     cutoff   42               -   18.00000      -  91.2 7325s
 18733792 1892575 infeasible   41               -   18.00000      -  91.2 7330s
 18746096 1885620     cutoff   47               -   18.00000      -  91.2 7335s
 18758432 1878857   18.37500   52   89          -   18.00000      -  91.2 7340s
 18771963 1871161     cutoff   56               -   18.00000      -  91.2 7345s
 18784060 1864209     cutoff   66               -   18.00000      -  91.2 7350s
 18797503 1856526   18.80000   39   60          -   18.00000      -  91.2 7355s
 18809510 1848806 infeasible   53               -   18.00000      -  91.2 7360s
 18822192 1840749     cutoff   45               -   18.00000      -  91.2 7365s
 18834374 1833139     cutoff   70               -   18.00000      -  91.2 7370s
 18847160 1825527     cutoff   51               -   18.00000      -  91.2 7375s
 18860437 1817084 infeasible   39               -   18.00000      -  91.2 7380s
 18872318 1809629     cutoff   70               -   18.00000      -  91.2 7385s
 18884216 1803155     cutoff   46               -   18.00000      -  91.2 7390s
 18894755 1797951     cutoff   63               -   18.00276      -  91.2 7395s
 18905114 1791316     cutoff   59               -   18.00808      -  91.2 7400s
 18915824 1785608     cutoff   48               -   18.01266      -  91.2 7405s
 18926316 1779863 infeasible   62               -   18.01716      -  91.2 7410s
 18937974 1773402     cutoff   76               -   18.02174      -  91.2 7415s
 18949407 1766929   18.82738   42  124          -   18.02632      -  91.2 7420s
 18959662 1761280 infeasible   58               -   18.02996      -  91.2 7425s
 18971044 1754858 infeasible   70               -   18.03409      -  91.2 7430s
 18982335 1748250     cutoff   39               -   18.03817      -  91.2 7435s
 18993314 1741592     cutoff   66               -   18.04198      -  91.1 7440s
 19005905 1734471     cutoff   60               -   18.04611      -  91.1 7445s
 19016666 1728108     cutoff   73               -   18.04990      -  91.1 7450s
 19028807 1720438 infeasible   66               -   18.05380      -  91.1 7455s
 19039852 1713699     cutoff   67               -   18.05742      -  91.1 7460s
 19051917 1706171   18.15116   65  209          -   18.06148      -  91.1 7465s
 19064308 1698684 infeasible   64               -   18.06524      -  91.1 7470s
 19075507 1691835     cutoff   58               -   18.06870      -  91.1 7475s
 19088201 1684411     cutoff   70               -   18.07216      -  91.1 7480s
 19095419 1679608 infeasible   65               -   18.07488      -  91.1 7485s
 19107863 1671641   19.00000   36   21          -   18.07843      -  91.1 7490s
 19119912 1663812   18.44931   40  190          -   18.08296      -  91.1 7495s
 19132153 1655758     cutoff   79               -   18.08605      -  91.0 7500s
 19142770 1649121     cutoff   64               -   18.08961      -  91.0 7505s
 19156044 1640660     cutoff   65               -   18.09308      -  91.0 7510s
 19167587 1633256     cutoff   74               -   18.09692      -  91.0 7515s
 19179588 1624986     cutoff   59               -   18.10000      -  91.0 7520s
 19190852 1617809 infeasible   80               -   18.10345      -  91.0 7525s
 19203355 1609572 infeasible   80               -   18.10753      -  91.0 7530s
 19215270 1601267 infeasible   82               -   18.11111      -  91.0 7535s
 19228736 1592617 infeasible   83               -   18.11466      -  91.0 7540s
 19240513 1584677   19.00000   42   25          -   18.11832      -  91.0 7545s
 19252158 1576989 infeasible   75               -   18.12243      -  90.9 7550s
 19264571 1568222 infeasible   95               -   18.12500      -  90.9 7555s
 19271665 1564003 infeasible   73               -   18.12646      -  90.9 7560s
 19278533 1559342     cutoff   64               -   18.12821      -  90.9 7565s
 19288237 1551515     cutoff   69               -   18.13263      -  90.9 7570s
 19302542 1542220 infeasible   72               -   18.13673      -  90.9 7575s
 19313290 1534992     cutoff   66               -   18.14069      -  90.9 7580s
 19327550 1524748     cutoff   80               -   18.14286      -  90.9 7585s
 19338533 1517430     cutoff   43               -   18.14634      -  90.9 7590s
 19352206 1508242 infeasible   79               -   18.15094      -  90.9 7595s
 19364005 1500134     cutoff   83               -   18.15408      -  90.9 7600s
 19375170 1492096     cutoff   75               -   18.15836      -  90.8 7605s
 19388781 1482927     cutoff   71               -   18.16351      -  90.8 7610s
 19400975 1473811     cutoff   45               -   18.16667      -  90.8 7615s
 19414259 1464723 infeasible   81               -   18.16667      -  90.8 7620s
 19425647 1456637     cutoff   82               -   18.17143      -  90.8 7625s
 19437951 1448027     cutoff   65               -   18.17593      -  90.8 7630s
 19450404 1439500     cutoff   81               -   18.18000      -  90.8 7635s
 19462956 1430607 infeasible   82               -   18.18333      -  90.8 7640s
 19475425 1422133 infeasible   36               -   18.18750      -  90.8 7645s
 19487673 1413879     cutoff   67               -   18.19169      -  90.8 7650s
 19499612 1405476     cutoff   63               -   18.19642      -  90.7 7655s
 19512444 1395690     cutoff   84               -   18.20000      -  90.7 7660s
 19527934 1384294     cutoff   82               -   18.20000      -  90.7 7665s
 19540457 1375673 infeasible   46               -   18.20488      -  90.7 7670s
 19554825 1365142 infeasible   36               -   18.21053      -  90.7 7675s
 19566259 1356902 infeasible   83               -   18.21429      -  90.7 7680s
 19580697 1347029     cutoff   67               -   18.21883      -  90.7 7685s
 19592284 1337692     cutoff   83               -   18.22222      -  90.7 7690s
 19606732 1327652     cutoff   83               -   18.22727      -  90.6 7696s
 19615701 1320717     cutoff   71               -   18.23077      -  90.6 7700s
 19630936 1310185     cutoff   81               -   18.23529      -  90.6 7706s
 19640546 1303099     cutoff   70               -   18.23885      -  90.6 7710s
 19655494 1292901     cutoff   82               -   18.24485      -  90.6 7715s
 19666198 1283778     cutoff   86               -   18.25000      -  90.6 7720s
 19678857 1273612     cutoff   85               -   18.25000      -  90.6 7725s
 19696292 1260268     cutoff   81               -   18.25000      -  90.6 7731s
 19708660 1251900     cutoff   72               -   18.25350      -  90.6 7735s
 19719505 1243510   18.28062   41  191          -   18.25832      -  90.5 7740s
 19732457 1234438     cutoff   41               -   18.26316      -  90.5 7745s
 19745367 1224892     cutoff   51               -   18.26786      -  90.5 7750s
 19758298 1214429     cutoff   46               -   18.27273      -  90.5 7755s
 19771915 1205041     cutoff   39               -   18.27778      -  90.5 7760s
 19783857 1197091 infeasible   56               -   18.28258      -  90.5 7765s
 19797732 1184539     cutoff   83               -   18.28571      -  90.5 7771s
 19812114 1175477     cutoff   39               -   18.29036      -  90.5 7775s
 19824298 1166592 infeasible   74               -   18.29519      -  90.4 7780s
 19837015 1155310     cutoff   82               -   18.30000      -  90.4 7786s
 19849710 1147465     cutoff   80               -   18.30435      -  90.4 7790s
 19862354 1138227     cutoff   67               -   18.30881      -  90.4 7795s
 19877226 1126538   19.19677   39  180          -   18.31507      -  90.4 7801s
 19889733 1117754   18.56104   45  160          -   18.32000      -  90.4 7805s
 19901705 1109796 infeasible   72               -   18.32507      -  90.4 7810s
 19914304 1098059 infeasible   77               -   18.33249      -  90.4 7816s
 19925322 1088522     cutoff   44               -   18.33333      -  90.4 7820s
 19943446 1073664     cutoff   66               -   18.33333      -  90.3 7826s
 19949532 1071978     cutoff   76               -   18.33333      -  90.3 7830s
 19956134 1062210     cutoff   53               -   18.33333      -  90.3 7835s
 19974469 1051917   19.01502   47  196          -   18.33565      -  90.3 7840s
 19985628 1042624     cutoff   71               -   18.34211      -  90.3 7845s
 20000433 1031119     cutoff   76               -   18.34884      -  90.3 7851s
 20012583 1022388     cutoff   49               -   18.35417      -  90.3 7856s
 20023488 1014025     cutoff   78               -   18.35849      -  90.3 7860s
 20037521 1003785 infeasible   82               -   18.36364      -  90.2 7865s
 20049748 994196     cutoff   66               -   18.36957      -  90.2 7870s
 20057862 984064   18.60000   41  160          -   18.37429      -  90.2 7875s
 20076465 973082     cutoff   83               -   18.37939      -  90.2 7880s
 20089097 963674     cutoff   41               -   18.38462      -  90.2 7885s
 20100089 954796     cutoff   80               -   18.39022      -  90.2 7890s
 20114546 945015 infeasible   41               -   18.39776      -  90.2 7895s
 20123017 933531     cutoff   42               -   18.40000      -  90.2 7900s
 20141146 922738     cutoff   74               -   18.40196      -  90.1 7905s
 20154230 912397     cutoff   62               -   18.40909      -  90.1 7910s
 20166345 899971 infeasible   38               -   18.41553      -  90.1 7916s
 20177958 893155     cutoff   72               -   18.42029      -  90.1 7920s
 20189794 880774     cutoff   75               -   18.42685      -  90.1 7926s
 20204467 872930     cutoff   46               -   18.42956      -  90.1 7930s
 20215041 862656     cutoff   70               -   18.43600      -  90.1 7935s
 20228905 849103 infeasible   78               -   18.44335      -  90.0 7941s
 20242341 841280 infeasible   37               -   18.44828      -  90.0 7945s
 20256220 830726     cutoff   40               -   18.45455      -  90.0 7950s
 20266403 820459 infeasible   71               -   18.46082      -  90.0 7955s
 20280285 812175     cutoff   44               -   18.46667      -  90.0 7960s
 20292617 801469 infeasible   37               -   18.47368      -  90.0 7965s
 20306037 791096     cutoff   34               -   18.48148      -  90.0 7970s
 20318411 781256     cutoff   64               -   18.48936      -  90.0 7975s
 20329180 773318     cutoff   73               -   18.49815      -  90.0 7980s
 20344246 755919     cutoff   42               -   18.50000      -  89.9 7986s
 20357385 744305   18.75000   33   49          -   18.50000      -  89.9 7991s
 20370230 733777     cutoff   43               -   18.50000      -  89.9 7995s
 20388470 717736 infeasible   51               -   18.50000      -  89.9 8001s
 20400359 707459     cutoff   59               -   18.50000      -  89.9 8005s
 20418749 691939     cutoff   86               -   18.50000      -  89.8 8010s
 20435572 681328 infeasible   64               -   18.50210      -  89.8 8015s
 20447501 671037     cutoff   75               -   18.51278      -  89.8 8020s
 20460772 659995     cutoff   90               -   18.52294      -  89.8 8025s
 20473102 649138     cutoff   94               -   18.53191      -  89.8 8030s
 20485083 640729   19.02899   47  144          -   18.53978      -  89.8 8035s
 20498064 629696     cutoff   72               -   18.54896      -  89.8 8040s
 20511140 619350     cutoff   48               -   18.55691      -  89.8 8045s
 20523252 609519     cutoff   75               -   18.56667      -  89.7 8050s
 20535928 599107     cutoff   45               -   18.57220      -  89.7 8055s
 20546150 588512     cutoff   49               -   18.58182      -  89.7 8060s
 20560526 578515 infeasible   70               -   18.59259      -  89.7 8065s
 20573682 562616     cutoff   54               -   18.60000      -  89.7 8071s
 20581611 560903 infeasible   62               -   18.60005      -  89.7 8075s
 20593806 550698     cutoff   46               -   18.61290      -  89.7 8080s
 20605770 536008     cutoff   40               -   18.62362      -  89.7 8086s
 20618662 529930     cutoff   49               -   18.63208      -  89.7 8090s
 20631963 518918 infeasible   37               -   18.64286      -  89.6 8095s
 20643048 509847 infeasible   38               -   18.65373      -  89.6 8100s
 20652650 497172     cutoff   75               -   18.66558      -  89.6 8105s
 20672375 479168     cutoff   45               -   18.66667      -  89.6 8111s
 20688377 469772     cutoff   51               -   18.66667      -  89.6 8115s
 20700742 459113 infeasible   98               -   18.68293      -  89.6 8120s
 20712882 449190     cutoff   70               -   18.69565      -  89.5 8125s
 20726135 438023     cutoff   41               -   18.70886      -  89.5 8130s
 20739427 426560 infeasible   47               -   18.72030      -  89.5 8135s
 20753396 414844     cutoff   70               -   18.73544      -  89.5 8140s
 20762601 402357 infeasible   33               -   18.74854      -  89.5 8145s
 20783625 388066 infeasible   42               -   18.75310      -  89.5 8150s
 20796141 377603     cutoff   41               -   18.76923      -  89.5 8155s
 20810363 365584     cutoff   65               -   18.78659      -  89.4 8160s
 20824905 350176     cutoff   56               -   18.80000      -  89.4 8165s
 20838302 339920     cutoff   73               -   18.81658      -  89.4 8170s
 20855134 325629     cutoff   38               -   18.83333      -  89.4 8175s
 20869481 309929     cutoff   39               -   18.85561      -  89.4 8181s
 20883059 299158 infeasible   41               -   18.87322      -  89.3 8185s
 20901550 285416     cutoff   57               -   18.90000      -  89.3 8190s
 20908999 280408 infeasible   52               -   18.91026      -  89.3 8195s
 20917406 272148     cutoff   47               -   18.92308      -  89.3 8200s
 20934398 257388     cutoff   44               -   18.96073      -  89.3 8205s
 20947279 241300 infeasible   48               -   19.00000      -  89.2 8210s
 20984102 205363 infeasible   40               -   19.00000      -  89.1 8215s
 21025930 164330     cutoff   39               -   19.00000      -  89.0 8220s
 21067297 123865     cutoff   46               -   19.00000      -  88.9 8225s

Cutting planes:
  Gomory: 29
  Implied bound: 937
  MIR: 83
  Inf proof: 14
  Zero half: 221
  Relax-and-lift: 2

Explored 21091510 nodes (1872650224 simplex iterations) in 8228.67 seconds (23832.24 work units)
Thread count was 12 (of 64 available processors)

Solution count 0

Model objective exceeds cutoff
Best objective -, best bound 1.950000000205e+01, gap -

Gurobi 13.0.3 (linux64) logging started Sat Sep 12 23:12:18 2026

Set parameter LogFile to value "H10_n360k20d20_dX_14-20_gurobi.log"
Set parameter Threads to value 12
Set parameter NodefileStart to value 6
Set parameter NodefileDir to value "."
Set parameter SoftMemLimit to value 20
Set parameter Cutoff to value 19.5
Set parameter MIPFocus to value 3
Set parameter Symmetry to value 2
Gurobi Optimizer version 13.0.3 build v13.0.3rc0 (linux64 - "Ubuntu 24.04.4 LTS")

CPU model: AMD Ryzen Threadripper PRO 9975WX 32-Cores, instruction set [SSE2|AVX|AVX2|AVX512]
Thread count: 32 physical cores, 64 logical processors, using up to 12 threads

Non-default parameters:
Cutoff  19.5
SoftMemLimit  20
MIPFocus  3
NodefileStart  6
Symmetry  2
Threads  12

Optimize a model with 181 rows, 541 columns and 1349 nonzeros (Min)
Model fingerprint: 0xad7f1f90
Model has 360 linear objective coefficients
Variable types: 0 continuous, 541 integer (360 binary)
Coefficient statistics:
  Matrix range     [1e+00, 2e+00]
  Objective range  [1e+00, 1e+00]
  Bounds range     [1e+00, 4e+01]
  RHS range        [1e+00, 1e+00]

Presolve time: 0.00s
Presolved: 181 rows, 541 columns, 1349 nonzeros
Variable types: 0 continuous, 541 integer (360 binary)
Root relaxation presolve removed 181 rows and 541 columns
Root relaxation presolve: All rows and columns removed

Root relaxation: objective 1.000000e+00, 0 iterations, 0.00 seconds (0.00 work units)

    Nodes    |    Current Node    |     Objective Bounds      |     Work
 Expl Unexpl |  Obj  Depth IntInf | Incumbent    BestBd   Gap | It/Node Time

     0     0    1.00000    0    3          -    1.00000      -     -    0s
     0     0    1.00000    0    3          -    1.00000      -     -    0s
     0     0    1.00000    0    3          -    1.00000      -     -    0s
     0     0    2.00000    0    3          -    2.00000      -     -    0s
     0     0    2.00000    0    3          -    2.00000      -     -    0s
     0     2    2.00000    0    3          -    2.00000      -     -    0s
 44117 32259   11.25000   34   55          -    7.00000      -  27.4    5s
 58888 42632   12.00000   31    1          -    7.28889      -  38.0   10s
 73439 52683   12.38235   36  141          -    7.50000      -  48.3   15s
 87167 62380   12.00000   46   23          -    7.70308      -  54.9   20s
 100992 71983   12.00000   54   28          -    7.85703      -  60.1   25s
 113540 80250   12.00000   48   39          -    7.96764      -  64.1   30s
 132141 90487   12.28767   27  116          -    8.00000      -  65.9   35s
 146958 99590   14.61983   56  163          -    8.07094      -  67.8   40s
 160155 107858   12.00000   46    1          -    8.16654      -  69.7   45s
 175150 116434   12.00000   48   22          -    8.27734      -  71.1   50s
 192998 125361   16.33217   55  146          -    8.41293      -  72.0   55s
 193750 126139   16.00000   73   77          -    8.46168      -  72.2   60s
 210706 134496   12.50000   48   30          -    8.62162      -  72.6   65s
 213010 135106   11.50000   60   25          -    8.68639      -  72.7   70s
 216977 137088   13.97832   56  210          -    8.76299      -  72.8   75s
 233508 144407   17.00000   30   58          -    9.00000      -  72.8   80s
 251933 153103   14.00000   34   26          -    9.00000      -  73.1   85s
 271976 160714   13.25000   72   26          -    9.69149      -  72.5   90s
 290292 169117   16.00000   40    1          -   10.00000      -  72.9   95s
 307795 176991   12.83065   63  140          -   10.14286      -  73.2  100s
 325875 186830   15.00000   75   15          -   10.61143      -  73.4  105s
 342724 197020   11.65328   27  168          -   10.91892      -  73.6  110s
 358504 205082   13.87500   80  145          -   11.00000      -  74.0  115s
 375843 213116   17.42857   32  102          -   11.00000      -  74.4  120s
 393043 222529   11.73469   30  128          -   11.06667      -  74.7  125s
 407967 232517   12.50000   37   47          -   11.19540      -  74.9  130s
 420988 240895   12.95685   31  191          -   11.25000      -  75.4  135s
 433821 249924   14.85714   38  102          -   11.30120      -  75.9  140s
 447217 258741   11.68899   37  173          -   11.33949      -  76.4  145s
 459953 267613   12.76301   37  138          -   11.38226      -  76.9  150s
 472615 275852   16.00000   39   24          -   11.41860      -  77.3  155s
 486452 284647   16.00000   48   28          -   11.45455      -  77.7  160s
 499463 293068   16.00000   40    1          -   11.48576      -  78.1  165s
 513288 301278   12.00000   37    1          -   11.50000      -  78.5  170s
 525788 309522   11.64027   43  216          -   11.52000      -  78.9  175s
 538823 318076   16.00000   49    1          -   11.55302      -  79.2  180s
 553248 326927   14.00000   52    1          -   11.58505      -  79.5  185s
 565224 334251   15.00000   45   15          -   11.60802      -  79.9  190s
 578239 342295   16.00000   43    1          -   11.63601      -  80.2  195s
 591245 350563   16.00000   51    1          -   11.66667      -  80.6  200s
 605180 358552   13.61633   49  204          -   11.68479      -  80.8  205s
 617726 366335   16.00000   48   29          -   11.71001      -  81.1  210s
 630846 374274   15.00000   50   25          -   11.73510      -  81.3  215s
 645903 382971   15.93251   49  203          -   11.75708      -  81.5  220s
 657996 389940   16.00000   44   12          -   11.78182      -  81.8  225s
 671456 397673   18.84727   53  163          -   11.80645      -  82.0  230s
 684487 405049     cutoff   65               -   11.83333      -  82.2  235s
 697255 412314   12.00000   33   76          -   11.85714      -  82.5  240s
 710914 419624   14.17647   33  119          -   11.88535      -  82.7  245s
 723897 426596   17.00000   59   18          -   11.91119      -  82.9  250s
 737141 433537   15.00000   63   21          -   11.93939      -  83.1  255s
 751941 441404   16.00000   54    1          -   11.97312      -  83.3  260s
 766029 448801   12.00000   45   17          -   12.00000      -  83.4  265s
 781633 457321     cutoff   57               -   12.00000      -  83.4  270s
 798042 466415   12.66667   65   14          -   12.00000      -  83.3  275s
 815325 476442   14.28571   32   79          -   12.00000      -  83.3  280s
 832045 485680   15.45009   38  177          -   12.00000      -  83.2  285s
 849801 495713     cutoff   38               -   12.00000      -  83.0  290s
 867373 505005   16.00000   55   28          -   12.00000      -  83.0  295s
 883880 515100   14.25000   30   78          -   12.00000      -  82.9  300s
 900338 524901   16.79313   52  188          -   12.01111      -  82.8  305s
 913182 531307   18.30275   50  136          -   12.05113      -  82.9  310s
 928134 538301   16.00000   61    1          -   12.09091      -  83.0  315s
 941588 544402 infeasible   77               -   12.12500      -  83.1  320s
 957996 551650   12.71011   26  189          -   12.16667      -  83.1  325s
 972992 558197   16.00000   54   22          -   12.20450      -  83.1  330s
 987234 564255   17.19149   59  123          -   12.24806      -  83.1  335s
 1003773 571589   16.00000   58   28          -   12.28571      -  83.1  340s
 1018972 577781   17.79202   67  184          -   12.33012      -  83.1  345s
 1033968 584092   16.00000   69    1          -   12.35983      -  83.1  350s
 1049762 590620   12.88567   42  182          -   12.40472      -  83.1  355s
 1066865 597711   17.84189   72  212          -   12.45591      -  83.0  360s
 1083332 604840   14.50000   22   59          -   12.50000      -  82.9  365s
 1101053 612984   16.03725   29  142          -   12.50000      -  82.9  370s
 1116737 619570   16.00000   71   28          -   12.54680      -  82.9  375s
 1135526 627923   15.00000   25   21          -   12.60000      -  82.7  380s
 1153353 636293   14.45164   36  153          -   12.64457      -  82.6  385s
 1170463 644234   16.00000   66    1          -   12.66667      -  82.5  390s
 1187671 652310   14.71868   45  152          -   12.71233      -  82.4  395s
 1204911 660342   13.00000   47   54          -   12.75000      -  82.3  400s
 1223544 669438   15.00000   30   33          -   12.78774      -  82.2  405s
 1242517 678487   16.00000   65    1          -   12.82391      -  82.1  410s
 1261808 688184     cutoff   77               -   12.85714      -  81.9  415s
 1280103 697440   13.20000   28   62          -   12.88889      -  81.8  420s
 1297164 706010   14.00000   23   22          -   12.91482      -  81.7  425s
 1315213 715910   13.16292   43  204          -   12.94423      -  81.6  430s
 1332288 724851   16.76261   64  175          -   12.96953      -  81.5  435s
 1350375 734932   13.50000   33   48          -   12.99838      -  81.4  440s
 1365322 741490   16.50000   38   58          -   13.00000      -  81.5  445s
 1380790 748372   13.42895   43  222          -   13.00000      -  81.6  450s
 1395678 754829   16.00000   68   22          -   13.00000      -  81.7  455s
 1412969 761966     cutoff   45               -   13.00000      -  81.7  460s
 1428828 768196   14.62500   33  122          -   13.00000      -  81.7  465s
 1443747 774660   13.60000   37  191          -   13.00000      -  81.8  470s
 1461639 784289   17.18182   77   98          -   13.03636      -  81.7  475s
 1478805 793663   15.90488   41  162          -   13.06140      -  81.7  480s
 1494931 802404   17.83333   49   90          -   13.07892      -  81.6  485s
 1510770 810968   13.21038   28  228          -   13.09524      -  81.6  490s
 1525378 818689   16.63169   42  186          -   13.10797      -  81.6  495s
 1540216 826934   17.00000   38   18          -   13.11957      -  81.7  500s
 1553555 833854   14.88202   51  181          -   13.13155      -  81.7  505s
 1568496 841547   18.00000   54    1          -   13.14286      -  81.8  510s
 1582039 848895   16.00000   57    1          -   13.15278      -  81.8  515s
 1595204 855872   16.00000   30   22          -   13.16279      -  81.9  520s
 1609938 863211   16.00000   33    1          -   13.17115      -  81.9  525s
 1624363 870821   18.00000   35   27          -   13.18071      -  82.0  530s
 1638358 878105   18.00000   34    1          -   13.18973      -  82.1  535s
 1652905 885582   14.09954   38  200          -   13.19938      -  82.2  540s
 1666754 892009   16.00000   32   17          -   13.20455      -  82.3  545s
 1679900 898530   16.58980   40  171          -   13.21189      -  82.4  550s
 1693247 905439   18.00000   41   22          -   13.21907      -  82.4  555s
 1705423 911464   17.00000   40   15          -   13.22530      -  82.6  560s
 1718450 917743   16.00000   33    1          -   13.23232      -  82.7  565s
 1732628 925228   17.11752   34  173          -   13.23942      -  82.8  570s
 1744097 931302   16.30096   37  193          -   13.24511      -  82.9  575s
 1756905 937098   13.50000   58   48          -   13.25000      -  83.0  580s
 1769847 943117   17.85572   35  154          -   13.25342      -  83.1  585s
 1783058 949539   18.00000   42    1          -   13.26084      -  83.2  590s
 1795803 956077   14.61763   45  181          -   13.26667      -  83.3  595s
 1808134 962389   14.45370   48  103          -   13.27273      -  83.4  600s
 1818403 967233   16.66667   36   43          -   13.27778      -  83.5  605s
 1830173 972728   15.00000   52   23          -   13.28340      -  83.6  610s
 1843218 978570   13.41602   29  252          -   13.28846      -  83.7  615s
 1855663 984790   16.96899   40  121          -   13.29405      -  83.9  620s
 1868110 990648 infeasible   65               -   13.30000      -  84.0  625s
 1880711 996487   14.50000   33   76          -   13.30508      -  84.1  630s
 1892286 1001874   14.59806   45  203          -   13.30996      -  84.2  635s
 1903299 1006620   17.77778   36   92          -   13.31510      -  84.3  640s
 1915271 1012213   18.00000   44   28          -   13.32000      -  84.5  645s
 1927425 1017860   15.95000   44   67          -   13.32558      -  84.6  650s
 1939828 1023803     cutoff   40               -   13.33148      -  84.7  655s
 1944829 1025396   14.00000   48    6          -   13.33333      -  84.7  660s
 1945608 1026071   18.00000   54   26          -   13.33333      -  84.8  665s
 1953361 1029274   13.33333   50   47          -   13.33333      -  84.8  670s
 1967489 1035020   18.00000   41   22          -   13.33608      -  84.9  675s
 1979970 1040798   15.32268   39  226          -   13.34146      -  85.0  680s
 1992000 1046231   16.00000   39    1          -   13.34667      -  85.1  685s
 2003949 1051660   17.00000   39   56          -   13.35155      -  85.2  690s
 2016163 1057382   13.36786   57  179          -   13.35634      -  85.3  695s
 2027807 1061972   18.00000   41    1          -   13.36069      -  85.5  700s
 2040101 1067578   14.00000   42    4          -   13.36516      -  85.6  705s
 2052206 1073143   16.00000   36    1          -   13.36957      -  85.7  710s
 2064217 1078518   16.00000   42    1          -   13.37458      -  85.8  715s
 2076765 1083525     cutoff   41               -   13.37849      -  85.9  720s
 2088616 1089148   18.00000   40   24          -   13.38323      -  86.0  725s
 2100225 1093992   15.00000   32   35          -   13.38712      -  86.1  730s
 2112183 1099205   18.00000   46    1          -   13.39130      -  86.2  735s
 2125682 1105144   18.00000   38   28          -   13.39645      -  86.3  740s
 2137818 1110125   17.00000   46   17          -   13.40000      -  86.4  745s
 2150546 1115182   16.00000   46   14          -   13.40254      -  86.4  750s
 2162550 1119971   18.00000   46    1          -   13.40722      -  86.5  755s
 2174971 1125328   17.24881   48  218          -   13.41176      -  86.6  760s
 2186051 1129792   16.00000   40   22          -   13.41575      -  86.7  765s
 2198561 1134905   14.00000   39   39          -   13.42000      -  86.8  770s
 2210105 1139699   17.75000   45  110          -   13.42401      -  86.9  775s
 2216100 1141549   18.00000   41    1          -   13.42697      -  87.0  780s
 2216584 1141981   16.00000   44    1          -   13.42805      -  87.0  785s
 2226879 1146065   17.00000   39    5          -   13.43019      -  87.0  790s
 2238096 1150705   16.29928   35  165          -   13.43450      -  87.1  795s
 2250624 1155976   16.64873   43  159          -   13.43855      -  87.2  800s
 2262471 1160733   17.33333   44   44          -   13.44280      -  87.3  805s
 2274642 1165724   18.00000   44    1          -   13.44651      -  87.4  810s
 2286435 1170723     cutoff   73               -   13.45090      -  87.5  815s
 2298587 1175724   16.00000   54   17          -   13.45455      -  87.6  820s
 2310333 1180727   16.00000   44    1          -   13.45876      -  87.7  825s
 2322308 1185417   16.50000   40   30          -   13.46292      -  87.8  830s
 2334542 1190631   18.51081   50  169          -   13.46689      -  87.9  835s
 2345525 1194933   16.39231   42  150          -   13.47068      -  87.9  840s
 2357355 1199557   18.00000   42    1          -   13.47498      -  88.0  845s
 2369161 1204822   13.53445   42  238          -   13.47912      -  88.1  850s
 2381376 1209687   18.00000   45   22          -   13.48347      -  88.2  855s
 2393572 1214914 infeasible   48               -   13.48740      -  88.3  860s
 2405301 1219698   17.30233   50  146          -   13.49153      -  88.4  865s
 2417718 1224973   18.52282   45  153          -   13.49635      -  88.4  870s
 2428786 1229265   19.00000   84   15          -   13.50000      -  88.5  875s
 2443107 1233808   14.58494   44  175          -   13.50000      -  88.6  880s
 2456386 1237712   15.15108   53  200          -   13.50000      -  88.7  885s
 2471187 1242494   14.33333   27   77          -   13.50000      -  88.8  890s
 2484273 1246505   18.00000   59   23          -   13.50000      -  88.9  895s
 2495413 1249746   18.00000   44   18          -   13.50065      -  89.0  900s
 2506972 1253827   18.66667   43  147          -   13.50441      -  89.1  905s
 2519052 1258362   15.00000   52   13          -   13.50909      -  89.2  910s
 2530941 1262639   16.07669   41  172          -   13.51386      -  89.3  915s
 2543319 1267405   16.99224   36  193          -   13.51899      -  89.3  920s
 2555324 1272277   14.42652   32  179          -   13.52363      -  89.4  925s
 2568393 1277220 infeasible   43               -   13.52821      -  89.5  930s
 2580671 1281877   18.52599   50  153          -   13.53258      -  89.5  935s
 2591808 1285947     cutoff   52               -   13.53636      -  89.6  940s
 2604074 1290613   18.00000   46   22          -   13.54054      -  89.7  945s
 2617214 1295337   16.94962   52  156          -   13.54545      -  89.7  950s
 2629375 1299916   18.00000   51    1          -   13.54886      -  89.8  955s
 2641541 1304449   18.00000   48    1          -   13.55345      -  89.9  960s
 2653526 1308795   17.85714   41   50          -   13.55661      -  89.9  965s
 2666509 1313704   18.00000   49    1          -   13.56131      -  90.0  970s
 2677266 1317424   18.00000   51    1          -   13.56486      -  90.1  975s
 2689305 1322005   19.46988   48  155          -   13.56910      -  90.1  980s
 2701858 1326193   16.00000   40   22          -   13.57188      -  90.2  985s
 2713398 1330274   18.55908   46  186          -   13.57647      -  90.3  990s
 2725640 1334356   18.00000   41   38          -   13.58051      -  90.3  995s
 2736979 1337985   16.00000   50    1          -   13.58390      -  90.4 1000s
 2748636 1341866   16.66667   40   35          -   13.58807      -  90.5 1005s
 2761155 1346367   16.33333   37   40          -   13.59211      -  90.5 1010s
 2773080 1350669   18.00000   64   16          -   13.59618      -  90.6 1015s
 2785045 1354666   18.00000   48    1          -   13.60000      -  90.7 1020s
 2797512 1358895 infeasible   52               -   13.60179      -  90.7 1025s
 2809133 1363052   14.90470   28  167          -   13.60606      -  90.8 1030s
 2820862 1367100   13.67946   53  205          -   13.60989      -  90.8 1035s
 2832768 1371394   18.00000   35   24          -   13.61390      -  90.9 1040s
 2844817 1375476   18.40023   46  148          -   13.61749      -  91.0 1045s
 2856800 1379682     cutoff   47               -   13.62129      -  91.0 1050s
 2869082 1383810 infeasible   58               -   13.62500      -  91.1 1055s
 2881268 1387706 infeasible   51               -   13.62862      -  91.2 1060s
 2893273 1391840     cutoff   75               -   13.63265      -  91.2 1065s
 2905590 1395989   18.00000   49    1          -   13.63636      -  91.3 1070s
 2917711 1399959   18.00000   62    1          -   13.64036      -  91.3 1075s
 2929760 1403649   18.00000   51    1          -   13.64417      -  91.4 1080s
 2940628 1407070     cutoff   60               -   13.64787      -  91.5 1085s
 2952698 1410865   18.00000   48    1          -   13.65196      -  91.5 1090s
 2964872 1414571 infeasible   52               -   13.65605      -  91.6 1095s
 2976014 1417736   18.00000   57    1          -   13.66021      -  91.7 1100s
 2988219 1421992   18.00000   56    1          -   13.66489      -  91.7 1105s
 3001412 1425420   15.97059   60   87          -   13.66667      -  91.8 1110s
 3013561 1428604   16.00000   54   22          -   13.66667      -  91.8 1115s
 3026400 1432851   17.00000   51   19          -   13.67040      -  91.9 1120s
 3037238 1436114   18.00000   47   22          -   13.67471      -  91.9 1125s
 3049149 1439680   17.00000   57   28          -   13.67929      -  92.0 1130s
 3060816 1443085   18.00000   39   38          -   13.68383      -  92.1 1135s
 3072934 1446341   18.00000   37   55          -   13.68753      -  92.1 1140s
 3085061 1449941     cutoff   50               -   13.69231      -  92.2 1145s
 3096924 1453747   18.00000   52    1          -   13.69622      -  92.2 1150s
 3107845 1456677   18.00000   63   22          -   13.70000      -  92.3 1155s
 3120111 1460382     cutoff   38               -   13.70371      -  92.4 1160s
 3132207 1464091   15.50467   48  168          -   13.70819      -  92.4 1165s
 3144129 1467611   18.00000   48   22          -   13.71254      -  92.5 1170s
 3157748 1471272   18.00000   54   22          -   13.71554      -  92.5 1175s
 3169269 1474362   16.00000   51    6          -   13.72000      -  92.6 1180s
 3180320 1477531   17.55753   50  204          -   13.72414      -  92.6 1185s
 3192764 1481245   14.86179   40  131          -   13.72809      -  92.7 1190s
 3204433 1484335   18.00000   45    1          -   13.73277      -  92.8 1195s
 3216688 1487580   17.00000   58   15          -   13.73684      -  92.8 1200s
 3228813 1490885   18.00000   45    1          -   13.74130      -  92.9 1205s
 3239966 1494089   16.00000   44    1          -   13.74542      -  92.9 1210s
 3253558 1497660   18.00000   53   26          -   13.75000      -  93.0 1215s
 3264581 1500147   18.00000   50   28          -   13.75000      -  93.0 1220s
 3274998 1502809   17.49758   51  159          -   13.75285      -  93.1 1225s
 3287935 1506580   18.00000   53    1          -   13.75770      -  93.1 1230s
 3300148 1509979   18.63672   58  145          -   13.76193      -  93.2 1235s
 3311150 1512773   16.48804   51  162          -   13.76641      -  93.2 1240s
 3324174 1516306   18.08259   51  147          -   13.77071      -  93.3 1245s
 3336382 1519537   17.00000   46   17          -   13.77510      -  93.3 1250s
 3348655 1522675   13.97905   59  177          -   13.77913      -  93.3 1255s
 3359218 1525088   18.00000   53    1          -   13.78355      -  93.4 1260s
 3372201 1528233     cutoff   52               -   13.78808      -  93.5 1265s
 3384313 1531447     cutoff   45               -   13.79254      -  93.5 1270s
 3396536 1534506   17.00000   55    6          -   13.79757      -  93.6 1275s
 3408712 1536958   18.00000   53    1          -   13.80000      -  93.6 1280s
 3411782 1537475   18.00000   48    1          -   13.80038      -  93.6 1285s
 3414845 1538406   18.46656   50  159          -   13.80180      -  93.6 1290s
 3425891 1541424   16.00000   57    1          -   13.80648      -  93.7 1295s
 3437867 1544372   18.00000   62   23          -   13.81152      -  93.7 1300s
 3450009 1547166   14.01123   63  214          -   13.81633      -  93.8 1305s
 3463333 1550625   14.00000   46    1          -   13.82070      -  93.8 1310s
 3475070 1553703   16.00000   43    1          -   13.82503      -  93.8 1315s
 3489009 1556916   17.00000   57    5          -   13.83060      -  93.9 1320s
 3502176 1559787   18.00000   55    1          -   13.83333      -  93.9 1325s
 3513807 1562166   18.20000   54   66          -   13.83768      -  94.0 1330s
 3525255 1564920   18.00000   55   28          -   13.84211      -  94.0 1335s
 3537450 1567540   18.00000   53   42          -   13.84674      -  94.1 1340s
 3548328 1569994   18.00000   50    1          -   13.85169      -  94.1 1345s
 3560866 1572974   16.43197   42  175          -   13.85714      -  94.1 1350s
 3572842 1575719   17.00000   52   19          -   13.85976      -  94.2 1355s
 3584506 1578122   18.00000   48   22          -   13.86510      -  94.2 1360s
 3595380 1580356   18.00000   45    1          -   13.86983      -  94.3 1365s
 3606167 1582829   17.00000   37   41          -   13.87500      -  94.3 1370s
 3618909 1585579   17.37211   58  197          -   13.87879      -  94.4 1375s
 3629778 1587718   19.50000   56   16          -   13.88333      -  94.4 1380s
 3641996 1590623   18.00000   57    1          -   13.88889      -  94.4 1385s
 3654107 1592921   18.00000   51    1          -   13.89299      -  94.5 1390s
 3666041 1595714     cutoff   67               -   13.89796      -  94.5 1395s
 3678517 1598399   18.00000   59    1          -   13.90260      -  94.5 1400s
 3689741 1600679   18.00000   46   23          -   13.90749      -  94.6 1405s
 3701448 1603045   18.00000   56   22          -   13.91200      -  94.6 1410s
 3713901 1605645   18.00000   56   22          -   13.91667      -  94.6 1415s
 3725640 1608296     cutoff   53               -   13.92219      -  94.7 1420s
 3737363 1610974 infeasible   64               -   13.92665      -  94.7 1425s
 3749383 1613317   19.42647   58  127          -   13.93151      -  94.7 1430s
 3761149 1615768   17.99747   60  181          -   13.93663      -  94.7 1435s
 3773044 1618393   18.00000   58   28          -   13.94152      -  94.8 1440s
 3785179 1620709   18.00000   62   22          -   13.94703      -  94.8 1445s
 3797302 1623027   17.54395   53  196          -   13.95259      -  94.9 1450s
 3808234 1625089   18.00000   62   22          -   13.95766      -  94.9 1455s
 3819882 1627261 infeasible   47               -   13.96317      -  94.9 1460s
 3831007 1629155   16.50000   66   21          -   13.96875      -  95.0 1465s
 3843082 1631443   14.00000   67   34          -   13.97501      -  95.0 1470s
 3855193 1633709     cutoff   59               -   13.98138      -  95.0 1475s
 3866557 1635814   18.00000   62    1          -   13.98812      -  95.1 1480s
 3877447 1637746   18.73559   60  138          -   13.99498      -  95.1 1485s
 3890604 1641619   18.00000   51    1          -   14.00000      -  95.1 1490s
 3904380 1644050   16.26316   30   81          -   14.00000      -  95.1 1495s
 3917779 1646807   16.00000   58    1          -   14.00000      -  95.1 1500s
 3931209 1650494   16.27103   34  179          -   14.00000      -  95.1 1505s
 3946061 1654682   14.00000   49   16          -   14.00000      -  95.1 1510s
 3961041 1658694     cutoff   45               -   14.00000      -  95.1 1515s
 3974295 1662208     cutoff   37               -   14.00000      -  95.1 1520s
 3988894 1666374   14.00000   50   31          -   14.00000      -  95.1 1525s
 4002251 1670352 infeasible   37               -   14.00000      -  95.1 1530s
 4015810 1674023   16.00000   53    4          -   14.00000      -  95.1 1535s
 4030773 1677424   19.02134   62  160          -   14.00000      -  95.2 1540s
 4043764 1680436   15.40779   45  157          -   14.00000      -  95.2 1545s
 4056998 1683653   16.00000   66   16          -   14.00000      -  95.2 1550s
 4069930 1687570   17.00000   52    4          -   14.00296      -  95.2 1555s
 4081745 1690044   15.50000   44   70          -   14.01124      -  95.2 1560s
 4094234 1692334     cutoff   62               -   14.02012      -  95.2 1565s
 4106430 1694619   19.00000   59   12          -   14.02890      -  95.2 1570s
 4118667 1696873     cutoff   66               -   14.03666      -  95.2 1575s
 4130291 1698588   17.63474   53  146          -   14.04429      -  95.3 1580s
 4142672 1700331   18.00000   71    1          -   14.05199      -  95.3 1585s
 4154933 1702426   18.00000   63    1          -   14.05939      -  95.3 1590s
 4165909 1703925   18.00000   57   22          -   14.06596      -  95.3 1595s
 4178660 1705475 infeasible   63               -   14.07364      -  95.3 1600s
 4191025 1707177     cutoff   55               -   14.08125      -  95.3 1605s
 4203304 1708883   18.00000   59   23          -   14.08840      -  95.3 1610s
 4215436 1710506   18.00000   58   28          -   14.09580      -  95.4 1615s
 4227664 1712053 infeasible   68               -   14.10285      -  95.4 1620s
 4241334 1714254     cutoff   62               -   14.11111      -  95.4 1625s
 4253692 1715876 infeasible   56               -   14.11810      -  95.4 1630s
 4266298 1717584   14.69218   73  166          -   14.12500      -  95.4 1635s
 4279085 1719276   18.00000   73    1          -   14.13333      -  95.4 1640s
 4291367 1720920   18.00000   70   22          -   14.14063      -  95.4 1645s
 4304068 1722680   18.00000   63    1          -   14.14671      -  95.4 1650s
 4316806 1724303     cutoff   59               -   14.15441      -  95.4 1655s
 4329962 1725886   18.00000   62    1          -   14.16393      -  95.4 1660s
 4342819 1727780   15.95457   33  176          -   14.16863      -  95.4 1665s
 4354753 1729141   18.00000   69    1          -   14.17647      -  95.4 1670s
 4367824 1730637   17.00000   47    3          -   14.18543      -  95.4 1675s
 4379903 1732200   18.00000   60   23          -   14.19338      -  95.4 1680s
 4393603 1734019 infeasible   58               -   14.20000      -  95.4 1685s
 4406391 1735316   17.81934   65  202          -   14.20755      -  95.4 1690s
 4418720 1736776   18.00000   68   26          -   14.21543      -  95.4 1695s
 4431051 1738133   18.00000   62    1          -   14.22342      -  95.4 1700s
 4444265 1739512   17.00000   59    3          -   14.23297      -  95.5 1705s
 4456232 1740791   18.00000   58    1          -   14.24208      -  95.5 1710s
 4468810 1742183   17.75000   64   41          -   14.25000      -  95.5 1715s
 4482593 1743672   14.60426   32  150          -   14.25290      -  95.5 1720s
 4495615 1744932     cutoff   64               -   14.26344      -  95.5 1725s
 4508276 1746252     cutoff   70               -   14.27273      -  95.5 1730s
 4520055 1747543     cutoff   67               -   14.28261      -  95.5 1735s
 4533929 1749194   15.93427   38  174          -   14.29114      -  95.5 1740s
 4546269 1750403   17.50000   72   28          -   14.30000      -  95.5 1745s
 4559335 1751875 infeasible   66               -   14.30952      -  95.5 1750s
 4572388 1753148   15.01626   37  172          -   14.32000      -  95.5 1755s
 4584825 1754709   19.00000   61   29          -   14.33123      -  95.5 1760s
 4599888 1757224   18.00000   70    1          -   14.33333      -  95.5 1765s
 4614348 1759647     cutoff   58               -   14.33466      -  95.5 1770s
 4626447 1760712     cutoff   61               -   14.34634      -  95.5 1775s
 4638929 1761822   18.00000   72    1          -   14.35714      -  95.5 1780s
 4651270 1763184   17.50000   31   52          -   14.36726      -  95.5 1785s
 4665448 1764845   14.87160   36  157          -   14.37739      -  95.4 1790s
 4678202 1766291   18.12664   69  211          -   14.38854      -  95.4 1795s
 4690543 1767720   18.00000   73   22          -   14.40000      -  95.4 1800s
 4704156 1769393   16.00000   33  141          -   14.40541      -  95.4 1805s
 4717669 1770421 infeasible   79               -   14.41667      -  95.4 1810s
 4731452 1772190     cutoff   75               -   14.42857      -  95.4 1815s
 4744558 1773677   15.85117   46  162          -   14.43793      -  95.4 1820s
 4756502 1774975   15.60870   44  104          -   14.44800      -  95.4 1825s
 4767503 1776270     cutoff   68               -   14.45690      -  95.4 1830s
 4780161 1777593     cutoff   74               -   14.46875      -  95.4 1835s
 4794014 1779290     cutoff   69               -   14.48135      -  95.4 1840s
 4807166 1781053   15.39387   64  165          -   14.49599      -  95.4 1845s
 4822043 1782838 infeasible   67               -   14.50000      -  95.4 1850s
 4836070 1786448     cutoff   78               -   14.50000      -  95.4 1855s
 4851265 1790246   17.00000   50   21          -   14.50000      -  95.3 1860s
 4865769 1793703     cutoff   86               -   14.50000      -  95.3 1865s
 4876214 1794831   19.00000   62   27          -   14.50025      -  95.3 1870s
 4879572 1795493   18.00000   60   24          -   14.50466      -  95.3 1875s
 4888754 1796340   19.50000   61   52          -   14.51597      -  95.3 1880s
 4901091 1797848     cutoff   69               -   14.53193      -  95.3 1885s
 4914516 1799486   18.42857   66   40          -   14.54545      -  95.3 1890s
 4915710 1800512     cutoff   65               -   14.54715      -  95.3 1901s
 4935274 1801752     cutoff   76               -   14.55803      -  95.3 1905s
 4949000 1803725   18.69655   48  156          -   14.57143      -  95.3 1910s
 4962929 1805546   17.29568   35  168          -   14.58333      -  95.3 1915s
 4975397 1807310   17.00000   68    3          -   14.59753      -  95.3 1920s
 4990756 1809487 infeasible   76               -   14.60465      -  95.2 1925s
 5004488 1811610     cutoff   69               -   14.61792      -  95.2 1930s
 5017838 1813216   18.00000   71   28          -   14.63031      -  95.2 1935s
 5031489 1815345   16.00000   34   20          -   14.64286      -  95.2 1940s
 5044902 1817737   18.01917   75  158          -   14.65734      -  95.2 1945s
 5058838 1819978   19.00000   73   25          -   14.66667      -  95.1 1950s
 5073935 1823184 infeasible   75               -   14.66667      -  95.1 1955s
 5087828 1825705   17.50000   43   30          -   14.67442      -  95.1 1960s
 5101766 1827947   16.51626   42  136          -   14.68882      -  95.1 1965s
 5115900 1830318   18.00000   69   22          -   14.70130      -  95.1 1970s
 5130025 1832647   16.60384   39  168          -   14.71429      -  95.1 1975s
 5144997 1835119   15.00000   43   61          -   14.72655      -  95.0 1980s
 5158119 1837188 infeasible   73               -   14.73907      -  95.0 1985s
 5172559 1839779   16.00000   32   24          -   14.75000      -  95.0 1990s
 5188129 1842534 infeasible   73               -   14.75424      -  95.0 1995s
 5201391 1845000     cutoff   69               -   14.76820      -  95.0 2000s
 5216318 1847796   18.00000   80   22          -   14.78049      -  95.0 2005s
 5230878 1851102     cutoff   59               -   14.79360      -  94.9 2010s
 5244773 1853526   16.00000   31    1          -   14.80000      -  94.9 2015s
 5259785 1856502   17.13255   36  176          -   14.81250      -  94.9 2020s
 5274121 1859590   15.24828   30  149          -   14.82558      -  94.9 2025s
 5289745 1862470     cutoff   68               -   14.83421      -  94.9 2030s
 5304464 1865567   18.00000   64   22          -   14.84892      -  94.9 2035s
 5319250 1868362     cutoff   70               -   14.85965      -  94.8 2040s
 5334263 1871440   17.79449   51  188          -   14.87500      -  94.8 2045s
 5347961 1874220   16.33333   41   75          -   14.88310      -  94.8 2050s
 5363025 1877368   18.00000   71    1          -   14.89553      -  94.8 2055s
 5377779 1880548   15.65101   39  137          -   14.90809      -  94.8 2060s
 5392757 1884125     cutoff   73               -   14.91934      -  94.8 2065s
 5406537 1887486   18.00000   69   12          -   14.92911      -  94.8 2070s
 5421457 1890904   15.00000   77   15          -   14.94118      -  94.7 2075s
 5435167 1893919     cutoff   34               -   14.95397      -  94.7 2080s
 5448935 1897543   18.00000   76    1          -   14.96552      -  94.7 2085s
 5464258 1901689   19.00000   67   17          -   14.97902      -  94.7 2090s
 5478022 1905485   15.00000   59    3          -   14.99312      -  94.7 2095s
 5493088 1907685 infeasible   75               -   15.00000      -  94.7 2100s
 5507975 1910268     cutoff   82               -   15.00000      -  94.7 2105s
 5522067 1913006   17.00000   73   21          -   15.00000      -  94.7 2110s
 5536752 1917093   17.83473   39  155          -   15.00000      -  94.7 2115s
 5551199 1920921   18.66667   63    8          -   15.00000      -  94.7 2120s
 5565079 1924317   17.50000   44   36          -   15.00000      -  94.7 2125s
 5579974 1928501   15.75000   36   70          -   15.00000      -  94.7 2130s
 5594757 1932917   17.85235   56  135          -   15.00000      -  94.7 2135s
 5609774 1937145     cutoff   87               -   15.00000      -  94.7 2140s
 5623809 1941393   15.00000   38   15          -   15.00000      -  94.7 2145s
 5637099 1944965     cutoff   43               -   15.00000      -  94.7 2150s
 5652290 1948623   17.72917   49  138          -   15.00000      -  94.7 2155s
 5665952 1952933   18.50000   69   45          -   15.00000      -  94.7 2160s
 5680883 1956565   16.90496   52  181          -   15.00000      -  94.7 2165s
 5695782 1959030     cutoff   61               -   15.00000      -  94.7 2170s
 5709189 1961442   16.00000   35   36          -   15.00000      -  94.7 2175s
 5723794 1964979   15.25000   45   71          -   15.00000      -  94.7 2180s
 5738095 1968696     cutoff   72               -   15.01786      -  94.7 2185s
 5754618 1972500 infeasible   69               -   15.04032      -  94.6 2190s
 5769412 1976156   15.30769   31   97          -   15.05882      -  94.6 2195s
 5784548 1980307     cutoff   34               -   15.07407      -  94.6 2200s
 5799338 1984312   15.90476   26  120          -   15.08747      -  94.5 2205s
 5814864 1988234   19.00000   64   41          -   15.10032      -  94.5 2210s
 5829339 1992013   15.20658   69  186          -   15.11236      -  94.5 2215s
 5844599 1995580   18.00000   34   31          -   15.12500      -  94.5 2220s
 5860398 1999742     cutoff   85               -   15.13636      -  94.4 2225s
 5875687 2003708     cutoff   80               -   15.14381      -  94.4 2230s
 5891294 2008145   18.13559   41  132          -   15.15625      -  94.4 2235s
 5906201 2011720   16.62500   57   82          -   15.16667      -  94.3 2240s
 5920388 2015178   18.23741   55  166          -   15.17488      -  94.3 2245s
 5934948 2018708   16.11111   75   86          -   15.18519      -  94.3 2250s
 5949854 2022133   16.28571   33   80          -   15.19608      -  94.3 2255s
 5964932 2025081   18.00000   32    1          -   15.20000      -  94.3 2260s
 5979606 2028835   16.90498   64  118          -   15.21212      -  94.2 2265s
 5993111 2032762 infeasible   73               -   15.22100      -  94.2 2270s
 6006848 2035823   16.87023   37  177          -   15.22927      -  94.2 2275s
 6021195 2039572   16.00000   40   26          -   15.23948      -  94.2 2280s
 6033437 2042080 infeasible   87               -   15.25000      -  94.2 2285s
 6048097 2044717   17.62000   36  157          -   15.25000      -  94.2 2290s
 6062067 2048140   16.00000   37   93          -   15.25627      -  94.2 2295s
 6075702 2051439   15.97287   47  209          -   15.26606      -  94.2 2300s
 6089634 2054713   18.00000   37    5          -   15.27351      -  94.2 2305s
 6103053 2058280   15.28302   64  136          -   15.28302      -  94.2 2310s
 6116481 2060975     cutoff   38               -   15.28866      -  94.1 2315s
 6129821 2063995   16.90878   55  136          -   15.29764      -  94.1 2320s
 6143385 2066952     cutoff   46               -   15.30657      -  94.1 2325s
 6155934 2069699 infeasible   42               -   15.31429      -  94.1 2330s
 6169090 2072477   16.86632   50  128          -   15.32292      -  94.1 2335s
 6181120 2075300   18.00000   46   30          -   15.33277      -  94.1 2340s
 6195946 2078145 infeasible   59               -   15.33333      -  94.1 2345s
 6210844 2081132     cutoff   84               -   15.33333      -  94.1 2350s
 6223972 2083961     cutoff   50               -   15.33696      -  94.1 2355s
 6236263 2086535   16.11111   30  107          -   15.34615      -  94.1 2360s
 6249042 2089682   19.24476   35  164          -   15.35484      -  94.1 2365s
 6262186 2092320   18.00000   73   18          -   15.36364      -  94.1 2370s
 6270745 2093980   19.00000   40   15          -   15.36862      -  94.1 2375s
 6282331 2096312   17.70000   40   96          -   15.37500      -  94.1 2380s
 6295322 2098910   18.30769   53  125          -   15.38333      -  94.1 2385s
 6308691 2102029   15.61538   74   69          -   15.39024      -  94.1 2390s
 6321740 2105117     cutoff   50               -   15.39950      -  94.1 2395s
 6335237 2106980   18.48148   38  137          -   15.40000      -  94.1 2400s
 6347081 2109197     cutoff   82               -   15.40921      -  94.1 2405s
 6359634 2111477   18.21181   32  170          -   15.41667      -  94.1 2410s
 6372046 2113987   16.77647   71  131          -   15.42465      -  94.1 2415s
 6386349 2116788   16.84769   50  153          -   15.42945      -  94.1 2420s
 6398477 2118992   17.00000   36   49          -   15.43750      -  94.1 2425s
 6410367 2121235     cutoff   37               -   15.44444      -  94.1 2430s
 6422302 2123497     cutoff   50               -   15.45000      -  94.1 2435s
 6435875 2126041     cutoff   55               -   15.45833      -  94.1 2440s
 6448488 2128416     cutoff   43               -   15.46538      -  94.1 2445s
 6460676 2130960   15.68421   49  101          -   15.47259      -  94.1 2450s
 6474273 2133818 infeasible   74               -   15.48000      -  94.1 2455s
 6485849 2135991   16.00000   48   61          -   15.48780      -  94.1 2460s
 6497627 2137854 infeasible   56               -   15.49683      -  94.1 2465s
 6511280 2139598   18.76471   65  100          -   15.50000      -  94.1 2470s
 6525705 2142288     cutoff   86               -   15.50000      -  94.1 2475s
 6539166 2144343   18.38889   29  127          -   15.50000      -  94.1 2480s
 6552396 2146593     cutoff   95               -   15.50000      -  94.1 2485s
 6567120 2149365   16.23529   34  113          -   15.50000      -  94.1 2490s
 6580240 2152053   17.05882   87  128          -   15.50000      -  94.1 2495s
 6594331 2154531     cutoff   59               -   15.50000      -  94.1 2500s
 6601809 2155631   19.00000   48   15          -   15.50027      -  94.1 2509s
 6609956 2155879   18.50000   50   25          -   15.50292      -  94.1 2510s
 6622805 2158092   19.00000   79   27          -   15.51429      -  94.1 2515s
 6634834 2159847   18.00000   43   22          -   15.52327      -  94.2 2520s
 6647008 2162156   16.78090   36  152          -   15.53187      -  94.2 2525s
 6660233 2164923   17.94118   32  129          -   15.53947      -  94.2 2530s
 6673490 2167361     cutoff   54               -   15.54730      -  94.2 2535s
 6685397 2169686   18.00000   72    1          -   15.55556      -  94.2 2540s
 6699153 2172236     cutoff   60               -   15.56250      -  94.2 2545s
 6711125 2173977     cutoff   47               -   15.57099      -  94.2 2550s
 6724634 2175948   17.66978   48  133          -   15.57576      -  94.2 2555s
 6737172 2178224     cutoff   54               -   15.58333      -  94.2 2560s
 6747589 2179731   16.80098   70  163          -   15.58929      -  94.2 2565s
 6760531 2181823   18.60387   50  184          -   15.59828      -  94.2 2570s
 6774379 2184202   18.00000   58    1          -   15.60000      -  94.2 2575s
 6786547 2186173     cutoff   55               -   15.60707      -  94.2 2580s
 6798948 2188278   16.12396   53  195          -   15.61538      -  94.2 2585s
 6812475 2190573     cutoff   52               -   15.62308      -  94.2 2590s
 6824188 2192546   16.77876   35  139          -   15.62755      -  94.2 2595s
 6836688 2194385   17.59511   44  196          -   15.63590      -  94.2 2600s
 6850551 2196846     cutoff   48               -   15.64286      -  94.2 2605s
 6862380 2199039   17.73173   58  201          -   15.64904      -  94.2 2610s
 6875905 2201229 infeasible   70               -   15.65707      -  94.2 2615s
 6886806 2202761     cutoff   51               -   15.66603      -  94.2 2620s
 6900704 2205269   17.00000   67    3          -   15.66667      -  94.2 2625s
 6913778 2207351     cutoff   56               -   15.66667      -  94.2 2630s
 6928239 2209326     cutoff   60               -   15.66667      -  94.2 2635s
 6940140 2211326   18.25000   50   21          -   15.67356      -  94.2 2640s
 6952254 2213259     cutoff   54               -   15.68085      -  94.2 2645s
 6964303 2215113 infeasible   64               -   15.68772      -  94.2 2650s
 6964993 2215203   18.00000   59    1          -   15.68924      -  94.2 2655s
 6966356 2215313   16.91123   48  176          -   15.69025      -  94.2 2660s
 6971874 2216204   18.00000   37   22          -   15.69136      -  94.2 2666s
 6981179 2217853     cutoff   53               -   15.69751      -  94.2 2670s
 6994729 2220041 infeasible   56               -   15.70455      -  94.2 2675s
 7006512 2221843   17.80863   39  188          -   15.71146      -  94.2 2680s
 7019823 2224144   16.41818   73  140          -   15.71429      -  94.2 2685s
 7030969 2225866   17.40488   35  142          -   15.72222      -  94.2 2690s
 7044588 2228092   18.64865   48  157          -   15.72971      -  94.2 2695s
 7056364 2229782   17.08791   41  116          -   15.73612      -  94.2 2700s
 7056911 2230158   18.00000   73    1          -   15.73684      -  94.2 2706s
 7065061 2231334   16.28378   42  113          -   15.73930      -  94.3 2710s
 7076978 2232756   16.39443   40  182          -   15.75000      -  94.3 2715s
 7091290 2235065   17.00000   34   21          -   15.75000      -  94.2 2720s
 7105336 2237340     cutoff   69               -   15.75000      -  94.3 2725s
 7116759 2239420   17.48179   55  160          -   15.75737      -  94.3 2730s
 7129574 2241484   16.41935   35  172          -   15.76471      -  94.2 2735s
 7142140 2243470   17.00000   47   23          -   15.77193      -  94.2 2740s
 7153726 2245551   16.00000   45    4          -   15.77778      -  94.2 2745s
 7166859 2247749   17.00000   55   13          -   15.78363      -  94.2 2750s
 7179264 2249764 infeasible   70               -   15.78997      -  94.2 2755s
 7191980 2251847 infeasible   76               -   15.79840      -  94.2 2760s
 7204897 2254258     cutoff   43               -   15.80000      -  94.2 2765s
 7218035 2256000   18.00000   52    7          -   15.80505      -  94.2 2770s
 7231441 2258360   18.71068   69  185          -   15.81250      -  94.3 2775s
 7243350 2260196     cutoff   67               -   15.81818      -  94.3 2780s
 7256285 2262515     cutoff   57               -   15.82469      -  94.3 2785s
 7269809 2265042   17.00000   75    3          -   15.83333      -  94.2 2790s
 7282744 2267234   17.79748   52  159          -   15.83333      -  94.3 2795s
 7294799 2269079     cutoff   55               -   15.84058      -  94.3 2800s
 7308167 2271160     cutoff   63               -   15.84746      -  94.3 2805s
 7320306 2272879   17.00000   60   25          -   15.85527      -  94.3 2810s
 7334796 2275546     cutoff   35               -   15.85772      -  94.3 2815s
 7347371 2277725   19.00000   58   21          -   15.86585      -  94.3 2820s
 7360553 2279561   17.69076   45  188          -   15.87324      -  94.3 2825s
 7374007 2281816   19.00000   48   17          -   15.87611      -  94.3 2830s
 7387017 2284353 infeasible   65               -   15.88302      -  94.3 2835s
 7400674 2286458   16.00000   61    6          -   15.88889      -  94.3 2840s
 7413838 2288577 infeasible   63               -   15.89546      -  94.3 2845s
 7426759 2290478   16.18854   44  154          -   15.90062      -  94.3 2850s
 7438393 2292398   16.00000   35   30          -   15.90769      -  94.3 2855s
 7451367 2294918   17.00000   70   22          -   15.91304      -  94.3 2860s
 7463193 2296567     cutoff   63               -   15.91837      -  94.3 2865s
 7477056 2299210     cutoff   69               -   15.92453      -  94.3 2870s
 7489352 2300995   16.33333   39   80          -   15.93111      -  94.3 2875s
 7502920 2303054     cutoff   60               -   15.93750      -  94.3 2880s
 7516265 2305604   16.79138   33  181          -   15.94444      -  94.3 2885s
 7529255 2307977   16.63158   34  100          -   15.95056      -  94.3 2890s
 7541680 2310227   17.17963   56  198          -   15.95711      -  94.3 2895s
 7555228 2312513   16.40260   32  171          -   15.96429      -  94.3 2900s
 7567823 2314893     cutoff   57               -   15.97107      -  94.3 2905s
 7580229 2316988   18.00000   66    1          -   15.97808      -  94.3 2910s
 7593597 2319615     cutoff   60               -   15.98543      -  94.3 2915s
 7605033 2321343     cutoff   73               -   15.99485      -  94.3 2920s
 7621805 2328445   17.00000   58    3          -   16.00000      -  94.2 2925s
 7639558 2337358   17.00000   48   19          -   16.00000      -  94.2 2930s
 7655773 2343742     cutoff   59               -   16.00000      -  94.2 2935s

Gurobi 13.0.3 (linux64) logging started Sun Sep 13 00:01:28 2026

Set parameter LogFile to value "H10_n360k20d20_dX_14-20_gurobi.log"
Set parameter Threads to value 12
Set parameter NodefileStart to value 30
Set parameter NodefileDir to value "."
Set parameter SoftMemLimit to value 30
Set parameter Cutoff to value 19.5
Set parameter MIPFocus to value 3
Set parameter Symmetry to value 2
Gurobi Optimizer version 13.0.3 build v13.0.3rc0 (linux64 - "Ubuntu 24.04.4 LTS")

CPU model: AMD Ryzen Threadripper PRO 9975WX 32-Cores, instruction set [SSE2|AVX|AVX2|AVX512]
Thread count: 32 physical cores, 64 logical processors, using up to 12 threads

Non-default parameters:
Cutoff  19.5
SoftMemLimit  30
MIPFocus  3
NodefileStart  30
Symmetry  2
Threads  12

Optimize a model with 181 rows, 541 columns and 1349 nonzeros (Min)
Model fingerprint: 0xad7f1f90
Model has 360 linear objective coefficients
Variable types: 0 continuous, 541 integer (360 binary)
Coefficient statistics:
  Matrix range     [1e+00, 2e+00]
  Objective range  [1e+00, 1e+00]
  Bounds range     [1e+00, 4e+01]
  RHS range        [1e+00, 1e+00]

Presolve time: 0.00s
Presolved: 181 rows, 541 columns, 1349 nonzeros
Variable types: 0 continuous, 541 integer (360 binary)
Root relaxation presolve removed 181 rows and 541 columns
Root relaxation presolve: All rows and columns removed

Root relaxation: objective 1.000000e+00, 0 iterations, 0.00 seconds (0.00 work units)

    Nodes    |    Current Node    |     Objective Bounds      |     Work
 Expl Unexpl |  Obj  Depth IntInf | Incumbent    BestBd   Gap | It/Node Time

     0     0    1.00000    0    3          -    1.00000      -     -    0s
     0     0    1.00000    0    3          -    1.00000      -     -    0s
     0     0    1.00000    0    3          -    1.00000      -     -    0s
     0     0    2.00000    0    3          -    2.00000      -     -    0s
     0     0    2.00000    0    3          -    2.00000      -     -    0s
     0     2    2.00000    0    3          -    2.00000      -     -    0s
 44117 32259   11.25000   34   55          -    7.00000      -  27.4    5s
 58888 42632   12.00000   31    1          -    7.28889      -  38.0   10s
 72653 52038   10.63902   36  150          -    7.50000      -  47.9   15s
 86093 61560   11.41597   34  196          -    7.68868      -  54.5   20s
 99882 71281   11.65952   52  214          -    7.84157      -  59.6   25s
 112280 79433   12.00000   50    1          -    7.95778      -  63.7   30s
 130992 89999   16.67707   65  215          -    8.00000      -  65.8   35s
 145675 98933   16.42857   49  142          -    8.06053      -  67.7   40s
 160155 107858   12.00000   46    1          -    8.16654      -  69.7   45s
 175150 116434   12.00000   48   22          -    8.27734      -  71.1   50s
 191589 125349   16.41772   70  149          -    8.40000      -  72.0   55s
 193483 125775   13.03263   68  175          -    8.45798      -  72.2   60s
 208184 133317   12.80000   57   39          -    8.58974      -  72.6   65s
 212828 135005   18.27715   66  169          -    8.68031      -  72.7   70s
 216016 136691   14.00000   85   12          -    8.75000      -  72.8   75s
 232196 143764     cutoff   55               -    9.00000      -  72.9   80s
 250888 152628   15.04545   35  175          -    9.00000      -  73.1   85s
 271137 160207   14.00000   25    1          -    9.66667      -  72.5   90s
 288044 168128   15.90588   46  148          -   10.00000      -  72.8   95s
 306784 176373   13.00000   29   55          -   10.00000      -  73.1  100s
 324740 186012   10.91045   34  122          -   10.58742      -  73.4  105s
 341645 196352   11.69697   26  104          -   10.90459      -  73.6  110s
 357309 204595   17.67284   45  134          -   11.00000      -  74.0  115s
 374493 212520   12.00000   39    1          -   11.00000      -  74.4  120s
 390660 221073   13.00000   63    9          -   11.01554      -  74.6  125s
 405733 230904   12.75379   27  173          -   11.17647      -  74.9  130s
 419742 240303     cutoff   71               -   11.25000      -  75.3  135s
 432654 249069   16.00000   34    1          -   11.29981      -  75.9  140s
 445920 257915   15.00000   31    3          -   11.33573      -  76.3  145s
 458608 266575   13.95455   38  124          -   11.37838      -  76.8  150s
 472615 275852   16.00000   39   24          -   11.41860      -  77.3  155s
 485159 283946   15.39535   33  131          -   11.45161      -  77.7  160s
 499463 293068   16.00000   40    1          -   11.48576      -  78.1  165s
 512071 300616   12.90434   63  150          -   11.50000      -  78.5  170s
 525788 309522   11.64027   43  216          -   11.52000      -  78.9  175s
 540468 318784   14.50000   48   33          -   11.55556      -  79.2  180s
 553248 326927   14.00000   52    1          -   11.58505      -  79.5  185s
 566557 334977   14.00000   52    1          -   11.61106      -  79.9  190s
 580679 343819   16.00000   49    4          -   11.64138      -  80.3  195s
 594427 352196   15.00000   43   17          -   11.66667      -  80.6  200s
 607303 359984   16.00000   38    1          -   11.68966      -  80.9  205s
 621588 368602     cutoff   56               -   11.71643      -  81.1  210s
 634487 376426   16.00000   51   28          -   11.74167      -  81.4  215s
 649937 385380   16.00000   62    1          -   11.76542      -  81.6  220s
 662449 392792   12.00000   39    1          -   11.79054      -  81.9  225s
 675976 400488   13.06250   47  125          -   11.81675      -  82.1  230s
 690128 408145   16.00000   48   23          -   11.84284      -  82.4  235s
 703386 415570   16.00000   55   22          -   11.86861      -  82.6  240s
 716735 422790   14.00000   51    1          -   11.89685      -  82.8  245s
 731288 430469   16.34161   67  142          -   11.92793      -  83.0  250s
 744538 437375   16.00000   54    1          -   11.95546      -  83.2  255s
 758050 444432   15.00000   50   15          -   11.98816      -  83.3  260s
 773745 453081   13.15211   37  220          -   12.00000      -  83.5  265s
 790656 462292   15.00000   38   69          -   12.00000      -  83.4  270s
 807099 471704   17.00000   32   54          -   12.00000      -  83.3  275s
 824468 481426   15.22368   36  126          -   12.00000      -  83.2  280s
 843765 492199   16.00000   53   28          -   12.00000      -  83.0  285s
 860079 501464   14.00000   53   34          -   12.00000      -  83.0  290s
 877758 511365   12.71308   42  157          -   12.00000      -  82.9  295s
 895572 522499   13.02474   36  219          -   12.00000      -  82.8  300s
 909777 529623 infeasible   71               -   12.03977      -  82.9  305s
 924284 536737   15.00000   60   21          -   12.08243      -  83.0  310s
 939149 543201   16.00000   61    1          -   12.11917      -  83.0  315s
 954178 549935   15.00000   53   21          -   12.16015      -  83.1  320s
 970385 557103   13.11111   27  135          -   12.20000      -  83.1  325s
 984792 563118   13.93333   38   93          -   12.24013      -  83.1  330s
 1001562 570518   16.00000   69   16          -   12.27778      -  83.1  335s
 1017522 577312   16.00000   63   28          -   12.32500      -  83.1  340s
 1032710 583650   15.00000   64   17          -   12.35626      -  83.1  345s
 1048762 590280   15.50000   66   41          -   12.40103      -  83.1  350s
 1064242 596654   13.03524   37  160          -   12.45016      -  83.0  355s
 1081988 604366   12.75000   23   49          -   12.50000      -  82.9  360s
 1098259 611971     cutoff   69               -   12.50000      -  82.9  365s
 1115497 618990     cutoff   75               -   12.54286      -  82.9  370s
 1132998 626852     cutoff   64               -   12.59302      -  82.7  375s
 1151006 635123   16.00000   68    1          -   12.63636      -  82.6  380s
 1169035 643701 infeasible   72               -   12.66667      -  82.5  385s
 1186480 651839   13.40711   35  153          -   12.70769      -  82.4  390s
 1204911 660342   13.00000   47   54          -   12.75000      -  82.3  395s
 1222410 668838 infeasible   64               -   12.78439      -  82.2  400s
 1241531 677736   15.00000   38   29          -   12.82156      -  82.1  405s
 1259321 687118   13.74093   38  227          -   12.85374      -  82.0  410s
 1277852 696595   18.63218   55  161          -   12.88399      -  81.8  415s
 1295848 705545   15.00000   60    3          -   12.91239      -  81.8  420s
 1312765 714376   13.14751   35  212          -   12.94047      -  81.6  425s
 1330837 724074   13.22413   32  196          -   12.96673      -  81.5  430s
 1347557 733717   13.05755   36  168          -   12.99338      -  81.4  435s
 1364040 741028   14.02669   32  188          -   13.00000      -  81.5  440s
 1379704 747800     cutoff   47               -   13.00000      -  81.6  445s
 1394602 754273   13.63462   28  140          -   13.00000      -  81.6  450s
 1411997 761503     cutoff   60               -   13.00000      -  81.7  455s
 1427635 767753   13.50000   36   56          -   13.00000      -  81.7  460s
 1442362 774050   14.00000   31   17          -   13.00000      -  81.8  465s
 1460423 783618   16.00000   41   22          -   13.03436      -  81.7  470s
 1477598 793019   13.19213   30  228          -   13.05972      -  81.7  475s
 1494004 801645   13.78208   51  203          -   13.07780      -  81.6  480s
 1509496 810181   15.28049   43  136          -   13.09384      -  81.6  485s
 1524385 818235   14.00000   28   16          -   13.10695      -  81.6  490s
 1539326 826242   14.00000   42  124          -   13.11888      -  81.6  495s
 1553555 833854   14.88202   51  181          -   13.13155      -  81.7  500s
 1568496 841547   18.00000   54    1          -   13.14286      -  81.8  505s
 1582039 848895   16.00000   57    1          -   13.15278      -  81.8  510s
 1595204 855872   16.00000   30   22          -   13.16279      -  81.9  515s
 1609938 863211   16.00000   33    1          -   13.17115      -  81.9  520s
 1624363 870821   18.00000   35   27          -   13.18071      -  82.0  525s
 1637237 877392   13.28904   42  197          -   13.18919      -  82.1  530s
 1650916 884631   13.30862   49  211          -   13.19780      -  82.2  535s
 1664477 890944   16.46895   51  173          -   13.20312      -  82.3  540s
 1678598 897884   18.00000   48    1          -   13.21126      -  82.4  545s
 1691999 904819   15.75551   36  161          -   13.21826      -  82.4  550s
 1705423 911464   17.00000   40   15          -   13.22530      -  82.6  555s
 1718450 917743   16.00000   33    1          -   13.23232      -  82.7  560s
 1731681 924651   15.00000   41   13          -   13.23878      -  82.7  565s
 1744097 931302   16.30096   37  193          -   13.24511      -  82.9  570s
 1756905 937098   13.50000   58   48          -   13.25000      -  83.0  575s
 1769847 943117   17.85572   35  154          -   13.25342      -  83.1  580s
 1783058 949539   18.00000   42    1          -   13.26084      -  83.2  585s
 1795803 956077   14.61763   45  181          -   13.26667      -  83.3  590s
 1808134 962389   14.45370   48  103          -   13.27273      -  83.4  595s
 1818403 967233   16.66667   36   43          -   13.27778      -  83.5  600s
 1831368 973158   13.49468   52  204          -   13.28424      -  83.6  605s
 1843218 978570   13.41602   29  252          -   13.28846      -  83.7  610s
 1855663 984790   16.96899   40  121          -   13.29405      -  83.9  615s
 1868110 990648 infeasible   65               -   13.30000      -  84.0  620s
 1880711 996487   14.50000   33   76          -   13.30508      -  84.1  625s
 1892286 1001874   14.59806   45  203          -   13.30996      -  84.2  630s
 1904428 1007235   13.58086   45  222          -   13.31579      -  84.4  635s
 1916436 1012772   18.00000   35   18          -   13.32059      -  84.5  640s
 1928619 1018390     cutoff   55               -   13.32609      -  84.6  645s
 1941119 1024446   18.00000   44    1          -   13.33212      -  84.7  650s
 1944854 1025447   13.84739   31  159          -   13.33333      -  84.7  655s
 1946233 1026348   18.00000   45    1          -   13.33333      -  84.8  660s
 1955500 1030100   16.97834   42  166          -   13.33333      -  84.8  665s
 1968817 1035601   16.00000   41    1          -   13.33669      -  84.9  670s
 1980910 1041348   16.00000   46    1          -   13.34194      -  85.0  675s
 1992994 1046747   18.00000   32    1          -   13.34698      -  85.1  680s
 2005108 1052323   16.00000   37   18          -   13.35202      -  85.2  685s
 2017698 1057930   18.00000   40    1          -   13.35714      -  85.4  690s
 2028865 1062499   18.00000   40    1          -   13.36122      -  85.5  695s
 2041277 1068152   15.00000   37   14          -   13.36577      -  85.6  700s
 2053175 1073646   16.50000   38   21          -   13.37005      -  85.7  705s
 2065356 1079104     cutoff   56               -   13.37500      -  85.8  710s
 2077222 1083977   16.88889   37  121          -   13.37879      -  85.9  715s
 2089682 1089699   14.98463   33  202          -   13.38372      -  86.0  720s
 2102477 1094906   18.39623   38  130          -   13.38801      -  86.1  725s
 2115891 1100813   16.88782   50  179          -   13.39286      -  86.2  730s
 2129399 1106848   17.26354   38  166          -   13.39790      -  86.3  735s
 2143338 1112236   17.50000   59   34          -   13.40000      -  86.4  740s
 2156536 1117607   18.00000   49    1          -   13.40504      -  86.5  745s
 2168587 1122541   18.00000   48    1          -   13.40929      -  86.6  750s
 2181423 1127655   18.00000   44    1          -   13.41383      -  86.7  755s
 2193840 1133029   17.45765   37  173          -   13.41818      -  86.8  760s
 2206518 1138208   17.00000   40   21          -   13.42276      -  86.9  765s
 2216063 1141514   18.00000   43    1          -   13.42676      -  87.0  770s
 2216200 1141644   15.50000   41   16          -   13.42780      -  87.0  775s
 2224166 1145050   18.00000   44    1          -   13.42918      -  87.0  780s
 2235917 1149704   17.00000   38    3          -   13.43359      -  87.1  785s
 2249419 1155407   15.56250   41   51          -   13.43810      -  87.2  790s
 2261073 1160215   16.98592   48  170          -   13.44231      -  87.3  795s
 2273351 1165296   18.00000   42    1          -   13.44613      -  87.4  800s
 2285190 1170299   17.00000   45   45          -   13.45033      -  87.5  805s
 2298587 1175724   16.00000   54   17          -   13.45455      -  87.6  810s
 2310333 1180727   16.00000   44    1          -   13.45876      -  87.7  815s
 2322308 1185417   16.50000   40   30          -   13.46292      -  87.8  820s
 2334542 1190631   18.51081   50  169          -   13.46689      -  87.9  825s
 2347731 1195955   18.00000   47    1          -   13.47160      -  87.9  830s
 2359616 1200540     cutoff   40               -   13.47586      -  88.0  835s
 2371642 1205835   16.00000   50    1          -   13.48000      -  88.1  840s
 2383658 1210756   17.31818   33  128          -   13.48413      -  88.2  845s
 2397207 1216410   18.00000   47   38          -   13.48858      -  88.3  850s
 2408913 1221460   16.00000   36    1          -   13.49286      -  88.4  855s
 2421351 1226655   17.00000   49   25          -   13.49769      -  88.5  860s
 2432803 1230558   16.50000   39   19          -   13.50000      -  88.6  865s
 2446552 1234814   16.50000   38   39          -   13.50000      -  88.7  870s
 2460932 1239348 infeasible   42               -   13.50000      -  88.7  875s
 2474766 1243605   16.00000   47   34          -   13.50000      -  88.8  880s
 2487837 1247668   16.00000   51    1          -   13.50000      -  88.9  885s
 2498979 1251091   13.55919   41  245          -   13.50171      -  89.0  890s
 2510615 1254972   18.00000   43    1          -   13.50598      -  89.1  895s
 2523892 1260033   13.88983   33  175          -   13.51092      -  89.2  900s
 2536066 1264569   18.00000   39    4          -   13.51608      -  89.3  905s
 2547630 1269227   19.00000   45   92          -   13.52083      -  89.4  910s
 2561337 1274585   15.58333   44   85          -   13.52575      -  89.4  915s
 2573514 1279188   18.00000   53   22          -   13.52965      -  89.5  920s
 2585222 1283519   18.00000   44    1          -   13.53393      -  89.6  925s
 2597887 1288300   18.07574   59  181          -   13.53846      -  89.6  930s
 2609889 1292543 infeasible   45               -   13.54281      -  89.7  935s
 2623189 1297421   16.00000   50   24          -   13.54667      -  89.8  940s
 2635577 1302200   16.16000   41   82          -   13.55102      -  89.8  945s
 2648222 1306891   14.69231   32   99          -   13.55556      -  89.9  950s
 2660359 1311338   15.30426   38  213          -   13.55918      -  90.0  955s
 2672547 1315712   13.64405   50  240          -   13.56327      -  90.0  960s
 2684295 1320101     cutoff   47               -   13.56725      -  90.1  965s
 2696732 1324553   14.23529   33  115          -   13.57143      -  90.2  970s
 2708674 1328649   16.00000   41   20          -   13.57471      -  90.2  975s
 2720966 1332944   18.00000   42    1          -   13.57895      -  90.3  980s
 2732937 1336629   15.09722   47  121          -   13.58333      -  90.4  985s
 2744128 1340433   16.00000   32   14          -   13.58644      -  90.4  990s
 2756243 1344552     cutoff   52               -   13.59060      -  90.5  995s
 2769457 1349477   18.00000   48    1          -   13.59501      -  90.6 1000s
 2781245 1353572   17.68889   49  125          -   13.59936      -  90.7 1005s
 2793236 1357266   16.79359   50  168          -   13.60000      -  90.7 1010s
 2805613 1361880 infeasible   54               -   13.60475      -  90.8 1015s
 2817334 1365889   17.00000   50    3          -   13.60870      -  90.8 1020s
 2830431 1370375   18.00000   73   28          -   13.61311      -  90.9 1025s
 2842628 1374489   16.30883   48  164          -   13.61668      -  91.0 1030s
 2854489 1378840   18.00000   43   24          -   13.62054      -  91.0 1035s
 2866208 1382792   15.60000   50   27          -   13.62477      -  91.1 1040s
 2880166 1387426   17.00000   50   27          -   13.62813      -  91.1 1045s
 2892165 1391536   16.27828   43  143          -   13.63235      -  91.2 1050s
 2904280 1395654   14.29933   36  167          -   13.63636      -  91.3 1055s
 2916401 1399539   16.00000   51    1          -   13.64000      -  91.3 1060s
 2928479 1403247   18.00000   50    1          -   13.64365      -  91.4 1065s
 2940628 1407070     cutoff   60               -   13.64787      -  91.5 1070s
 2952698 1410865   18.00000   48    1          -   13.65196      -  91.5 1075s
 2964872 1414571 infeasible   52               -   13.65605      -  91.6 1080s
 2976014 1417736   18.00000   57    1          -   13.66021      -  91.7 1085s
 2988219 1421992   18.00000   56    1          -   13.66489      -  91.7 1090s
 3001412 1425420   15.97059   60   87          -   13.66667      -  91.8 1095s
 3014632 1428954   18.00000   45    1          -   13.66667      -  91.8 1100s
 3027627 1433301   18.00000   46    1          -   13.67073      -  91.9 1105s
 3039442 1436717   16.85714   50   56          -   13.67566      -  92.0 1110s
 3051641 1440337   17.00000   66   17          -   13.68003      -  92.0 1115s
 3063285 1443821   18.00000   57    1          -   13.68434      -  92.1 1120s
 3076409 1447437   18.00000   46   22          -   13.68897      -  92.1 1125s
 3088728 1451090   17.00000   56    3          -   13.69306      -  92.2 1130s
 3100669 1454596   17.50000   57   36          -   13.69767      -  92.3 1135s
 3111623 1457855     cutoff   57               -   13.70078      -  92.3 1140s
 3123623 1461447   17.00000   56   30          -   13.70527      -  92.4 1145s
 3135629 1465159   16.00000   46   14          -   13.70946      -  92.4 1150s
 3147664 1468703   18.00000   49    1          -   13.71426      -  92.5 1155s
 3161128 1472230     cutoff   48               -   13.71698      -  92.5 1160s
 3172948 1475464   16.98163   58  160          -   13.72146      -  92.6 1165s
 3183736 1478619   16.90158   50  163          -   13.72566      -  92.7 1170s
 3196190 1482077   18.00000   43   36          -   13.72960      -  92.7 1175s
 3208406 1485271   18.00000   55   22          -   13.73372      -  92.8 1180s
 3220034 1488458   18.83333   44   78          -   13.73795      -  92.8 1185s
 3231164 1491587 infeasible   48               -   13.74208      -  92.9 1190s
 3243834 1495004   16.66667   63   70          -   13.74688      -  92.9 1195s
 3257466 1498511   15.12575   37  138          -   13.75000      -  93.0 1200s
 3266796 1500647     cutoff   65               -   13.75000      -  93.0 1205s
 3278961 1503958   16.00000   43    1          -   13.75456      -  93.1 1210s
 3291639 1507535   17.00000   53   33          -   13.75915      -  93.1 1215s
 3303830 1510876   16.00000   53    1          -   13.76367      -  93.2 1220s
 3315880 1514081   18.00000   50   28          -   13.76804      -  93.2 1225s
 3329074 1517648   18.00000   58    1          -   13.77232      -  93.3 1230s
 3339981 1520541   17.00000   58   15          -   13.77679      -  93.3 1235s
 3353249 1523720     cutoff   48               -   13.78109      -  93.4 1240s
 3365346 1526471   18.00000   48   37          -   13.78571      -  93.4 1245s
 3377113 1529477   18.00000   47    1          -   13.78977      -  93.5 1250s
 3389326 1532707   18.33047   55  128          -   13.79439      -  93.5 1255s
 3400913 1535537   17.00000   48   32          -   13.79944      -  93.6 1260s
 3411443 1537321   16.00000   63    1          -   13.80000      -  93.6 1265s
 3412611 1537646   17.00000   53   15          -   13.80087      -  93.6 1270s
 3417794 1539253   18.00000   55    1          -   13.80328      -  93.6 1275s
 3430796 1542576   18.00000   58    1          -   13.80851      -  93.7 1280s
 3442708 1545318   17.78249   48  172          -   13.81333      -  93.7 1285s
 3453788 1548055   18.00000   50    1          -   13.81789      -  93.8 1290s
 3466931 1551665   16.74725   57  159          -   13.82182      -  93.8 1295s
 3478972 1554527     cutoff   61               -   13.82643      -  93.9 1300s
 3491160 1557514   18.00000   62    1          -   13.83146      -  93.9 1305s
 3504658 1560288   18.00000   62   28          -   13.83336      -  93.9 1310s
 3516230 1562745   16.00000   48   29          -   13.83871      -  94.0 1315s
 3528974 1565750   17.00000   57   25          -   13.84337      -  94.0 1320s
 3540912 1568304   18.55840   66  170          -   13.84848      -  94.1 1325s
 3551912 1570768   17.00000   50   35          -   13.85310      -  94.1 1330s
 3566018 1574171   18.00000   58   40          -   13.85714      -  94.1 1335s
 3577262 1576622   18.00000   41   26          -   13.86207      -  94.2 1340s
 3589386 1579080   14.64246   29  170          -   13.86686      -  94.2 1345s
 3601232 1581694   18.55556   59   75          -   13.87273      -  94.3 1350s
 3612757 1584009   18.00000   57    1          -   13.87604      -  94.3 1355s
 3624812 1586666   16.00000   64   16          -   13.88136      -  94.4 1360s
 3637223 1589472   18.00000   53    1          -   13.88660      -  94.4 1365s
 3650485 1592318   17.47222   52  162          -   13.89149      -  94.4 1370s
 3662754 1594966   18.00000   61   26          -   13.89645      -  94.5 1375s
 3674439 1597401   18.00000   55   34          -   13.90055      -  94.5 1380s
 3687276 1600149   14.21621   60  221          -   13.90625      -  94.6 1385s
 3699128 1602684     cutoff   54               -   13.91086      -  94.6 1390s
 3710842 1605094   14.12626   63  219          -   13.91635      -  94.6 1395s
 3723058 1607765   14.02909   51  207          -   13.92091      -  94.7 1400s
 3736183 1610732   18.27716   62  180          -   13.92609      -  94.7 1405s
 3748057 1613115   14.02460   58  186          -   13.93103      -  94.7 1410s
 3761149 1615768   17.99747   60  181          -   13.93663      -  94.7 1415s
 3773044 1618393   18.00000   58   28          -   13.94152      -  94.8 1420s
 3785179 1620709   18.00000   62   22          -   13.94703      -  94.8 1425s
 3797302 1623027   17.54395   53  196          -   13.95259      -  94.9 1430s
 3809346 1625317     cutoff   65               -   13.95833      -  94.9 1435s
 3821082 1627472   16.00000   54    4          -   13.96383      -  94.9 1440s
 3833544 1629654   14.80769   34  109          -   13.96989      -  95.0 1445s
 3845521 1631916   18.64257   53  142          -   13.97627      -  95.0 1450s
 3857645 1634138   16.00000   57    1          -   13.98276      -  95.0 1455s
 3868983 1636198   15.00000   55    5          -   13.98939      -  95.1 1460s
 3882293 1638763 infeasible   62               -   13.99864      -  95.1 1465s
 3895356 1642253     cutoff   60               -   14.00000      -  95.1 1470s
 3909349 1645129   18.00000   66    1          -   14.00000      -  95.1 1475s
 3924039 1648568   14.79272   28  165          -   14.00000      -  95.1 1480s
 3938834 1652611     cutoff   47               -   14.00000      -  95.1 1485s
 3953367 1656732   16.00000   49    4          -   14.00000      -  95.1 1490s
 3967195 1660335   15.33333   60   52          -   14.00000      -  95.1 1495s
 3981391 1664342 infeasible   67               -   14.00000      -  95.1 1500s
 3995957 1668549   18.40000   71   39          -   14.00000      -  95.1 1505s
 4010996 1672944 infeasible   38               -   14.00000      -  95.1 1510s
 4024543 1675967   14.22222   41   58          -   14.00000      -  95.1 1515s
 4038915 1679311   18.00000   60    1          -   14.00000      -  95.2 1520s
 4052977 1682510   18.00000   67    1          -   14.00000      -  95.2 1525s
 4066658 1686812   18.00000   61   26          -   14.00090      -  95.2 1530s
 4077893 1689222   17.00000   61   22          -   14.00862      -  95.2 1535s
 4090814 1691686   14.16537   54  220          -   14.01782      -  95.2 1540s
 4104092 1694254   17.00000   59   17          -   14.02734      -  95.2 1545s
 4116115 1696357   19.11111   59   84          -   14.03503      -  95.2 1550s
 4129157 1698384   18.57245   56  179          -   14.04348      -  95.3 1555s
